<?xml version="1.0"?>
<cloggerExcheatZoogeog>
  <cesureWaviataWhosis myitis="sememesEntriesHalf" twinesWoldesIndign="addaxes32" marqueSlags="85357">
    <forex>
      <erato>bonnnes</erato>
    </forex>
    <porisms>
      <effectUnbankInbent>somataBaclava</effectUnbankInbent>
      <haggingSoohong gaatchGlozePaughty="24949002">
        <anurousRefitVerist>rennin</anurousRefitVerist>
      </haggingSoohong>
      <fetcherBathmicEspanol defoamsFree="unwayedUmbeled79">
        <kythesReplies>59386</kythesReplies>
      </fetcherBathmicEspanol>
      <minchenTagaurGresil>
        <uncrudeCurite>troopThoriumWrabill5</uncrudeCurite>
      </minchenTagaurGresil>
      <pox>
        <kiotomeSome>vulvasIdolsEuglena470</kiotomeSome>
      </pox>
      <hatcherGrammelInspans>
        <jog>glady</jog>
      </hatcherGrammelInspans>
      <sotterStor>
        <sheaveImperf>rallier</sheaveImperf>
      </sotterStor>
      <tack>
        <horah>66770830</horah>
      </tack>
      <heftyJibi gutteMajos="craniad" sabziAnvil="sockedGaplessGargety">
        <melangeFanlike>fontBoysCunette</melangeFanlike>
      </heftyJibi>
      <malaxedRiglingHaars fiendsGagakuWeirs="enniaMode" recueilAchiote="diorite">
        <vomitoSummate>oldenedGuiledRemblai</vomitoSummate>
      </malaxedRiglingHaars>
    </porisms>
    <sculped>
      <hts>9</hts>
    </sculped>
    <maghiTaintorHoidens>
      <kelpy>74</kelpy>
    </maghiTaintorHoidens>
    <puppiesAmpulNessus snafuedDeda="brittIntentLemuel8127" seraw="7345">
      <polackChairer>949073</polackChairer>
      <cowfish>
        <motlierBalaenaZaxes>crowedKuba</motlierBalaenaZaxes>
      </cowfish>
      <fossaneWankConduit wassailAlvina="cardGaffersSluffs" vaunterCarrat="74">
        <venduesForche>besom</venduesForche>
      </fossaneWankConduit>
      <thats culled="arabaOcypode" crabsWaved="resizeImbondo">
        <recarvePortalSocotri>unbodyConches</recarvePortalSocotri>
      </thats>
      <opeRehash tictacHexylic="brashes37" tungahHonkedReps="bagindaConidiaApama6251">
        <chabotFamed>4812327</chabotFamed>
      </opeRehash>
      <ascelli weewawRehVespers="yogicImpair">
        <bookful>titmenAvanti</bookful>
      </ascelli>
    </puppiesAmpulNessus>
    <ovens joggleThivel="melts9">
      <xylariaSilanesDetrect>ingeny</xylariaSilanesDetrect>
      <rialtoHaptera gradateStoperEyer="gliding237">
        <sinhMassierLibers>pinylKlavier98</sinhMassierLibers>
      </rialtoHaptera>
      <slacken tanburArboret="ecumeneLiaisonAnnule">
        <osmotic>ligandsCoredPoogye</osmotic>
      </slacken>
      <lebanonNertz>
        <alwModer>vesanicGolaFoll</alwModer>
      </lebanonNertz>
      <twireGlidder yperiteGryphPillet="franionMuillaAsunder">
        <homogenChamite>topmastFarcist7287</homogenChamite>
      </twireGlidder>
      <babyism devs="smirchGratify947">
        <oilersProc>70937413</oilersProc>
      </babyism>
      <aeneanDandled campodyLoangePenned="877049" cobaea="boldineErvilAlongst">
        <chafesVaults>57673549</chafesVaults>
      </aeneanDandled>
      <iridineVirionDivulse arustle="53">
        <guseridTskingSassier>sambarsKibei</guseridTskingSassier>
      </iridineVirionDivulse>
    </ovens>
    <pesanteFurrowCwt adaptor="406" moarian="74650" ryania="hangbyExcurse">
      <visitee>nepetaAladaCoaxal</visitee>
    </pesanteFurrowCwt>
    <morduViperid woolfHilum="twiceCahot" khuzi="viewerTepa">
      <delian>curbRab</delian>
      <eucrasyKylite dieticKnaggedJapans="kerneOlp">
        <epees>girshes</epees>
      </eucrasyKylite>
      <kongoni>
        <hawksDeesis>afforceDoodabSarcine</hawksDeesis>
      </kongoni>
      <headlyAreekChaule>
        <tylotusTsuma>589214606</tylotusTsuma>
      </headlyAreekChaule>
      <boraniCumenylFuligo abroad="niding52" twiningShannon="kantarCalusaSphalm">
        <foreribLymCaum>cadette</foreribLymCaum>
      </boraniCumenylFuligo>
      <ayne>
        <hulverMyomere>raceme</hulverMyomere>
      </ayne>
      <loud chincofBini="anadesmImpalm" aphakicAgadeOutfits="trees">
        <twanaSeducedCuller>agathisMueddin</twanaSeducedCuller>
      </loud>
      <padded>
        <guanaTomosis>371750588</guanaTomosis>
      </padded>
    </morduViperid>
    <cyc toffsScudlerLiable="38047276" leafdomKevinStrike="jammingDhoteeAbsence" quaichs="delator">
      <chaumerEnsiles>caveaGainly</chaumerEnsiles>
    </cyc>
    <fedoras>
      <spurtedColaWhaup>cigar</spurtedColaWhaup>
      <errandUnherdGmelina>
        <spoilWaybird>rapicHabe</spoilWaybird>
      </errandUnherdGmelina>
      <aloddia ecbatic="tchuSkieghYern">
        <hunchedTarafMumsy>1</hunchedTarafMumsy>
      </aloddia>
      <sleepsCarinas albasMoronry="mussickInshoreShinner" chicsSwept="pietosoMayhapKursch">
        <costsSlogPalmy>snubPinkeny</costsSlogPalmy>
      </sleepsCarinas>
      <beardyMaidie clergyZinciteTund="453828027" honeysCourida="guaza">
        <buzzed>stodgerTruly</buzzed>
      </beardyMaidie>
      <daboya merligo="110795" bedeafIndict="wields">
        <arcsineGriskin>8306445</arcsineGriskin>
      </daboya>
    </fedoras>
  </cesureWaviataWhosis>
  <noveletDiquat>
    <biverbTerreByways debateArccosSkelf="endureHepGlycins" enfort="9372422" bororo="hymnicSenopia3720">
      <tapetisToroAguglia>acrididCarboys</tapetisToroAguglia>
    </biverbTerreByways>
    <sexlyHeiredGanja>
      <albifyGuised>173718814</albifyGuised>
    </sexlyHeiredGanja>
    <coelin>
      <atmansPussier>knightsDoffed</atmansPussier>
      <cliversBalsa navety="rectumsWincey" dungingAvoy="tochSyeSciapod">
        <vesselsGorily>vouster96</vesselsGorily>
      </cliversBalsa>
      <unhangs flatsViggle="edental">
        <sunbowsNoilsJinnies>aeneous</sunbowsNoilsJinnies>
      </unhangs>
    </coelin>
    <burgulWakwafi>
      <chimars>pulexLytic</chimars>
    </burgulWakwafi>
    <tampurXmasMiauw>
      <murkilyEbons>delead946</murkilyEbons>
      <jumfruBumbles>
        <telomic>capuletThumpsHeeded</telomic>
      </jumfruBumbles>
      <miaouOctoonBower cadoukWister="zaqqum" zanzasIsrael="embow">
        <yowing>moondog</yowing>
      </miaouOctoonBower>
      <milletsSelinaMutuate follyCambaloPandean="sey" bryumAffable="renninsGambistGemotes">
        <leath>empoverComalesNashgob</leath>
      </milletsSelinaMutuate>
      <calvityMelchSilex pastourRunted="repute" trommelScrauchDaric="seizers">
        <varecLadeTendent>1</varecLadeTendent>
      </calvityMelchSilex>
    </tampurXmasMiauw>
    <spungTheft>
      <beknotsJurantsAllotee>410579</beknotsJurantsAllotee>
    </spungTheft>
    <sourcePilfreSpawler honed="maremmaEnoplan" topers="candledRacloir">
      <semidryJarvis>27022</semidryJarvis>
    </sourcePilfreSpawler>
    <parelleManuresDemal>
      <okieCymbiumDjerib>titmenSonsierReload</okieCymbiumDjerib>
      <vauntedYeraverBenote bevilFannell="ryepeckGasanMedalet">
        <hittiteTrowane>warishIsms</hittiteTrowane>
      </vauntedYeraverBenote>
      <domical eucgiaVinculaAlary="isologEctypes" quahogsAffront="norieFribbyCuttail">
        <misput>impactsAgst3147</misput>
      </domical>
    </parelleManuresDemal>
    <wordmanPelecanBonged louch="buriedKnishes" vernant="syrPurdon" tarapinRedowaFirked="hallion">
      <puisnyRetrueMays>judgedPodium87</puisnyRetrueMays>
      <theave amakosaEctopyStygian="gugliaUpwhirl" hexylicSheolicSherd="appastMallein">
        <sundaesAbaft>fewmetsAllonym7</sundaesAbaft>
      </theave>
      <ouncesGleirTunful habenaCansFossule="mahsirKronion" spermicHalloosDetract="gazeful81">
        <babusTestacy>dyinglyBovidae6</babusTestacy>
      </ouncesGleirTunful>
      <amatiHing hissyCynoid="cowgateYeardayAgalma">
        <perhTonnerBrakie>alarmEspanol</perhTonnerBrakie>
      </amatiHing>
      <riveterHyrcan>
        <zoopery>focoids68</zoopery>
      </riveterHyrcan>
      <sallKalong breekStoringRethrow="5028" samhain="predarkGluers">
        <encomiaSquushBrails>amolishMoasAries</encomiaSquushBrails>
      </sallKalong>
      <toufic>
        <felledAbaseCliack>sloking68</felledAbaseCliack>
      </toufic>
      <bifteck>
        <couthsIncurseGybe>emporte</couthsIncurseGybe>
      </bifteck>
    </wordmanPelecanBonged>
    <handsRobalos>
      <telexesQuintinTinnock>elcheeEctadBoxman</telexesQuintinTinnock>
    </handsRobalos>
    <dewsTiger karyonReysonRuffly="notedCoziest" hcfAcetum="shuckerRoadersRepot">
      <molgulaEmprize>pursierPlotch</molgulaEmprize>
    </dewsTiger>
    <abime sextuorAground="toasts" leersUnwitch="neepsAngas" kolsunYay="urundayCaestus">
      <sennite>lawsAmbatchJokier</sennite>
    </abime>
    <paviesTaotaiThermel wishedPaltock="7862065" bothSuzette="aymaran">
      <zimoccaJab>chammyFeculae</zimoccaJab>
      <sortesGorfly mating="coryzaMarionZoocarp">
        <cupolar>ectirisToiledLinings</cupolar>
      </sortesGorfly>
      <ffa upsets="99931">
        <tassetsBockey>54144689</tassetsBockey>
      </ffa>
      <shyer dalemanLaccaicCapias="becky">
        <mahbub>endowedSkivePre253</mahbub>
      </shyer>
      <woodine>
        <ahchoo>scrayTrygonLeprid</ahchoo>
      </woodine>
      <foxship amalgam="vitrum" hunchyInglu="warisonOariticExports68">
        <grumblyAlumnaeWrong>rapinesOkes</grumblyAlumnaeWrong>
      </foxship>
      <hedgier>
        <ciboryDedaAzimech>604122189</ciboryDedaAzimech>
      </hedgier>
    </paviesTaotaiThermel>
  </noveletDiquat>
  <garbsHangout luluShoringJunior="malterBonnne" acriderUncalk="soaves" betisLunulaeSchool="913884">
    <aromas>
      <corrodyJittersGata>turnoffPalaic</corrodyJittersGata>
    </aromas>
    <begarieFoxlyRchauff>
      <dioecy>80214</dioecy>
      <luxusTyrosUpwhir tarteCalina="bailorRepurge" entoireGore="hishManhole">
        <cymraegMonasTjaele>lootingPureayn</cymraegMonasTjaele>
      </luxusTyrosUpwhir>
      <rekeys menthaGlumoseSangars="hexoseDoubles" unsleptSlurbs="gangingHedgersTidyism">
        <huskedAdread>upcryPoss</huskedAdread>
      </rekeys>
      <pitmenCambaye tateJolt="ailieYockingRefont" acardia="encauma">
        <toughieTinnier>weveCaunter</toughieTinnier>
      </pitmenCambaye>
      <redive>
        <zealfulLarkish>42330690</zealfulLarkish>
      </redive>
    </begarieFoxlyRchauff>
    <alpacasLensesHebamic>
      <kavassVentilCps>hottedEarlier</kavassVentilCps>
      <alsike blowups="filaria6" juwiseHexagyn="natures">
        <disedgeTurnupsWaywort>metesNibbed</disedgeTurnupsWaywort>
      </alsike>
      <cardonaStupids kafkaRabbled="marm">
        <sarafanFomes>nicely</sarafanFomes>
      </cardonaStupids>
      <dudesOffhandFrilal bdellid="egreLieverMetate" sina="wenlock286">
        <stacc>caimitoLvalue2</stacc>
      </dudesOffhandFrilal>
      <fraisesLyrated tendril="6769" perhapsFiledCrunch="496252">
        <meatyJerquer>gerentsZig</meatyJerquer>
      </fraisesLyrated>
    </alpacasLensesHebamic>
    <frettenSwaddleRoar digitsSolidum="144">
      <ataxite>orleWallabyGawkish</ataxite>
      <valeric>
        <bahayTngLeviner>beamingQuartinExtras</bahayTngLeviner>
      </valeric>
      <azofierWayaka aglint="381114383">
        <khatHacks>darkeyDrapesDumpty7492</khatHacks>
      </azofierWayaka>
      <daiseeArided educiveReflingDkg="kamesCutwal">
        <trotted>aigretYearnsMee31</trotted>
      </daiseeArided>
      <envaporKnoppedTaeniae erosNatrKlaxons="scaling">
        <tankersAppro>trionym</tankersAppro>
      </envaporKnoppedTaeniae>
      <loriusGrossScumble haceksEvinceNielled="3453">
        <frizerDiplomaRuffs>packwaxMuskets1</frizerDiplomaRuffs>
      </loriusGrossScumble>
      <pleioneLanson misfareBuglet="strettoDrusesSaeter">
        <pluries>seoulUnsafe697</pluries>
      </pleioneLanson>
    </frettenSwaddleRoar>
    <parrierDilutes heuchsMirishSestia="shoutsLunt">
      <zoccoJanapaCocoas>48530357</zoccoJanapaCocoas>
    </parrierDilutes>
    <shamus>
      <overuseBraceWetted>fletaPengun</overuseBraceWetted>
      <thundHummersQuos mulleysFelting="tidesTogt">
        <tanzebIsiacalEryopid>hernaniHamzasHaltere</tanzebIsiacalEryopid>
      </thundHummersQuos>
      <piddledExtraitInly etheriaOpeletBaaed="lunacy81" flote="bepen">
        <wealful>byreLuxus</wealful>
      </piddledExtraitInly>
      <evinceCalmDomino reactedValvedJouster="646">
        <unplaidUrogramHoyles>zeuxite</unplaidUrogramHoyles>
      </evinceCalmDomino>
      <arrouseAzulejo>
        <agoutiLophine>housesKetonicLaevo</agoutiLophine>
      </arrouseAzulejo>
      <sedatedCoenobeRebinds sooloosStigmat="maskersSwannedCruth" goldcup="staired">
        <acriteRussell>47774301</acriteRussell>
      </sedatedCoenobeRebinds>
      <lindy>
        <bakerAbuleiaRemanet>governs</bakerAbuleiaRemanet>
      </lindy>
      <verrayCense jaddingLamdan="rebopNogal7" tevissGenear="decusHygeia">
        <palatia>agamousAmmines</palatia>
      </verrayCense>
      <pecifyCeboid grimingVena="reviewHurrah" abetOrgiastSklents="chaver27">
        <noyousGrecize>4936348</noyousGrecize>
      </pecifyCeboid>
    </shamus>
    <skasely>
      <menisci>chuting414</menisci>
      <doddMettar pinulusYerbas="vernSocCangy">
        <kuruma>cosshenBrownedNickel</kuruma>
      </doddMettar>
      <strengZygosesRatchet>
        <pile>cancionTenentRetiary</pile>
      </strengZygosesRatchet>
      <insnareRickeys icingGrimmiaQueres="jennaMorceau" toledosCulliedPolecat="4210">
        <mobedPolisOlivil>pricks</mobedPolisOlivil>
      </insnareRickeys>
    </skasely>
    <stoushEntombs>
      <tappersRusted>kotow</tappersRusted>
      <figless elbuckFoggier="ligge">
        <disdeinPatter>2</disdeinPatter>
      </figless>
      <saxaulScab warblerMythoiEmbowl="stotterOralize">
        <uplaidMeak>blurted</uplaidMeak>
      </saxaulScab>
      <waur>
        <kromeHorrah>fyces</kromeHorrah>
      </waur>
      <menthaNuraghiPlatted couvadePashOat="privado">
        <mumper>deedfulFlakierOctuor</mumper>
      </menthaNuraghiPlatted>
    </stoushEntombs>
    <motmots>
      <ranksGorevanLeetman>remoteShegets</ranksGorevanLeetman>
      <porkoltErwinia gainsLoathed="rayletPietose" shuba="bes">
        <levi>77</levi>
      </porkoltErwinia>
      <dolina casketIsotere="lasty" hethenDecodedHam="6663">
        <karvar>sfoot</karvar>
      </dolina>
      <pleurae eleveErgs="insoleMela">
        <pci>recanedElliottVendues</pci>
      </pleurae>
    </motmots>
    <lotase yawlerCrigSulked="7069955" bagwashSlunken="evasion" views="vizirPlashed">
      <psoaiIodisms>scuffyCoomPituite</psoaiIodisms>
    </lotase>
    <beath>
      <hideoutEnate>unkedMnemSpecif</hideoutEnate>
      <sluffSeeress aptoticMadiaSfoot="dyeline" ondingBaobab="ndodermBoweled">
        <joshBrise>damasksMonauliLaus</joshBrise>
      </sluffSeeress>
      <punicaTsere undigne="196081" bothersHovelerHairdo="westers">
        <taelsEbbMining>328623</taelsEbbMining>
      </punicaTsere>
      <forby outrayMahouts="textletHettyPetalia" bulbils="1727">
        <scalmaFeccheBamalip>tetelMoolah47</scalmaFeccheBamalip>
      </forby>
      <vinewPreally>
        <tenfoldTheetAlange>59</tenfoldTheetAlange>
      </vinewPreally>
      <brokenOsculeElks>
        <zainAoristsWasir>bodachTrijetsBls</zainAoristsWasir>
      </brokenOsculeElks>
      <braxiesTassooRetinic>
        <nixiesAmel>pusslyBlowjob9</nixiesAmel>
      </braxiesTassooRetinic>
      <amucks diluter="poppingBulak24">
        <renegueYawweed>6247865</renegueYawweed>
      </amucks>
    </beath>
  </garbsHangout>
  <nectriaPoxRomance poles="57" todaysDevised="advisalSoakenBimalar" deductMellerDazedly="awhir" fasciaeZealotsNuggety="nullahOuttalk" />
  <begatsTeacupsCoypous fewmandOscars="gollyChoragy" spermy="overedPapularGauming1008">
    <koeri>
      <cormels>alumnaCalzoneBeerish66</cormels>
      <uphroe acestes="armfulAkhara">
        <diseuseCepeCrusher>cripesBurweedYelping</diseuseCepeCrusher>
      </uphroe>
      <osmols buckpotEebree="fiord" lecternColeus="51363127">
        <dourestFecesCarapax>niffersShanks</dourestFecesCarapax>
      </osmols>
    </koeri>
    <gaius joisted="cly976">
      <algine>oeuvresOxland</algine>
      <thesialSulphinSheughs>
        <hijraSheers>pollyMowchtTypeout1</hijraSheers>
      </thesialSulphinSheughs>
      <bechaseXylidic>
        <huurderFeeble>rubbed</huurderFeeble>
      </bechaseXylidic>
      <impugnsBronzed>
        <palabraWeighedAimee>defleas</palabraWeighedAimee>
      </impugnsBronzed>
      <stretch>
        <phasesCan>5940065</phasesCan>
      </stretch>
    </gaius>
    <bootiesPsalmed>
      <squashAgrief>spurdieYoungWesty</squashAgrief>
      <frizingGuttide stidTalishiJoltily="negoce" harnpan="longus">
        <vestiniJahveQuints>10</vestiniJahveQuints>
      </frizingGuttide>
    </bootiesPsalmed>
    <yankingLoafs>
      <ladenHerdmanCaecum>meissaSag</ladenHerdmanCaecum>
      <plurifyElevons aglets="solpugaMurre">
        <amobyrWhupGiga>diurn241</amobyrWhupGiga>
      </plurifyElevons>
      <beearnFlidge>
        <killockBufonid>wetted</killockBufonid>
      </beearnFlidge>
      <reevesAmorpha trait="2123742" fastiParodyEphapse="48062988">
        <forsookYugadaAchier>unfightVenefic</forsookYugadaAchier>
      </reevesAmorpha>
      <cranklyGeneura enfiefWarchLovepot="pangamyZecchinTutela8" scutchs="stipateTroysSpites">
        <fiestaUnstopOsseins>komatikWese</fiestaUnstopOsseins>
      </cranklyGeneura>
      <chivMouch perseus="trishaSumoDimmest" crommelRethaw="240680">
        <groomed>cuminal9</groomed>
      </chivMouch>
      <lytic>
        <dorminStopeAhs>unjoin</dorminStopeAhs>
      </lytic>
      <virgulaMarxismUndazed>
        <dhakResiderGujar>283</dhakResiderGujar>
      </virgulaMarxismUndazed>
      <bariteTermage nutcase="aulos" kyatRoke="adoxyPloukySneerer">
        <morioriScreigh>21451</morioriScreigh>
      </bariteTermage>
    </yankingLoafs>
    <quaichsBuntedSculpt spidersPrankedIsotope="xxv" lunchesSectileChiefry="birchedCrup" flawingBryce="chullpaQuinismFlicky">
      <argots>waifsSepiary</argots>
      <ahindPlungerMoray unwrungOffcomeRedrive="phebeBayRetiary">
        <kineses>fichesMoyenneUglily</kineses>
      </ahindPlungerMoray>
      <odibleUnjuicy grafferBunked="wanyasaSubra" unrollNaidGuttier="damns">
        <papingoOnymy>palter378</papingoOnymy>
      </odibleUnjuicy>
      <gillion sicariiAlertedKerne="acockGuniter">
        <cowhidePiceous>waggles</cowhidePiceous>
      </gillion>
      <rear chirrJosie="lupulicAtomize9873">
        <apnoealUnrivedLockups>juratsStemple</apnoealUnrivedLockups>
      </rear>
      <kylMescalTorquer resorbs="railingBustledNervous">
        <pulayaWelsShally>beantGlisten</pulayaWelsShally>
      </kylMescalTorquer>
    </quaichsBuntedSculpt>
    <swangyHearersLabret>
      <bewreak>urinalLeakage3873</bewreak>
    </swangyHearersLabret>
    <crevice>
      <alochia>engaudOmphacy</alochia>
    </crevice>
    <resailLauding>
      <beseemLikes>reheelHellierDavies</beseemLikes>
    </resailLauding>
    <jetsamsEclairCanaler liniyaSaviorsFactor="chassYurts6">
      <deboshSuing>foutreToiledClamp</deboshSuing>
    </jetsamsEclairCanaler>
    <smarmyIndividTabetic lobsKilotonMym="sammier" patrix="satara">
      <tlingitLiberalAbray>stauterArchaicAnareta</tlingitLiberalAbray>
      <flagletGothics crumbyHumphs="98">
        <bonnne>773</bonnne>
      </flagletGothics>
    </smarmyIndividTabetic>
  </begatsTeacupsCoypous>
  <cumicPintoesEnopla captate="brawlysSpoken" deisealMinbuGraving="jennets" hominidMoneraPuckrel="7756340" ecoles="casings" />
  <chandui midlegStarts="wailersInheritPuton8" judgeKrimmerWindles="hypnaleLonger" procyonDissueYauping="circuliForane" owhere="999" />
</cloggerExcheatZoogeog>