<?xml version="1.0"?>
<hassledQuarleSines>
  <grumblyWherritKneads oily="widener">
    <varix crimpleCapeletBasoid="briming" coiners="cavum">
      <pronounOvertBegad>damnify1447</pronounOvertBegad>
      <mataxAushar chordaStupend="edessan">
        <sagasMurther>dupersSlat</sagasMurther>
      </mataxAushar>
      <funnilyLettrinTrended>
        <purifySaffior>gheraoKneecap</purifySaffior>
      </funnilyLettrinTrended>
      <unsetsRotgutFaence>
        <dhaCherup>mide4044</dhaCherup>
      </unsetsRotgutFaence>
    </varix>
    <feazingFrittsVenulae>
      <logoutTarsusBoaster>uneye</logoutTarsusBoaster>
      <redfootChirms>
        <inchaseRosser>67</inchaseRosser>
      </redfootChirms>
      <boozersSpandex blazer="ripieniPeck" hazzanHalfwit="620962586">
        <mole>rubiconTattoosAclemon</mole>
      </boozersSpandex>
      <beleaptWispierDeus roripaGossard="tuesdayKismet">
        <urn>823236</urn>
      </beleaptWispierDeus>
    </feazingFrittsVenulae>
    <caca>
      <sparry>sekhwanMaralWeighin</sparry>
    </caca>
    <athanorUphungMina>
      <bunsenArundo>vergingMausoleUntilt</bunsenArundo>
      <genitalNitriry>
        <unruledIncogsBalau>erotize</unruledIncogsBalau>
      </genitalNitriry>
      <scalpedEcorch awl="sloushHulwort">
        <yowieRazzerSyce>dustsRiderCobalt4</yowieRazzerSyce>
      </scalpedEcorch>
      <scrawls troca="weeweedJarana81">
        <humifyAxonalDizzier>207022</humifyAxonalDizzier>
      </scrawls>
      <jarveys dimesPulsedRhebok="mucopus29">
        <drawerRedding>sagraSheenieHumph</drawerRedding>
      </jarveys>
      <mazumas>
        <jitneyHansardForhooy>soniou</jitneyHansardForhooy>
      </mazumas>
      <buckpot assayerAnahau="libral99">
        <anagepJagheerWhase>gurusBloaterLilied</anagepJagheerWhase>
      </buckpot>
      <grungyUnhornyPennon selamin="474">
        <ardencySidledEnrolle>glue</ardencySidledEnrolle>
      </grungyUnhornyPennon>
      <mikael>
        <vacuitDaynetLackers>hcb</vacuitDaynetLackers>
      </mikael>
      <forfendJello>
        <obiism>oesogiFads</obiism>
      </forfendJello>
    </athanorUphungMina>
  </grumblyWherritKneads>
  <megafogUnsour yautias="tenrecs" whollyVictualBasics="shoalRegardsNapless">
    <rulesCottage>
      <farleuOnagriSinned>podosPureeTarges</farleuOnagriSinned>
      <tuchunSwasherLoy manner="tineanPurled" indebt="strassFatso5">
        <marantaConatusLancets>kinkilyFondacoGunge</marantaConatusLancets>
      </tuchunSwasherLoy>
      <tylariHagia boatmenLobefin="nopalRetrodStickle" fervorRewarm="7180646">
        <spirantProcarp>sewagesSuddle6166</spirantProcarp>
      </tylariHagia>
      <cusser>
        <fanniesVolumedBilboes>reechoReenjoyLeptome</fanniesVolumedBilboes>
      </cusser>
      <ugli>
        <rhizopiObdure>slumpy</rhizopiObdure>
      </ugli>
      <embosksTownerBronk chawsHypha="talipot" tyneGracy="tabberSloanea1">
        <vestiniPlaning>solodNiftier</vestiniPlaning>
      </embosksTownerBronk>
      <untimidInunct dragonsLentile="chindiCirqueLays">
        <exradio>151</exradio>
      </untimidInunct>
      <catjang reviled="spaverOthers">
        <refusal>wuff</refusal>
      </catjang>
      <glairCoost>
        <burrowsKnackerWattis>sarsarJodhpurBambos</burrowsKnackerWattis>
      </glairCoost>
      <eosateOzonify slotterAppliesCapite="savouryQuatrinGallery468" coesiteRococosSowan="konaFifing9">
        <maniniKhakham>spathesTutuBuchite</maniniKhakham>
      </eosateOzonify>
    </rulesCottage>
    <erosiveBoccieCollins>
      <throe>kolo</throe>
      <elohimTrisect freebie="auanticOutcantSteven" radulasAllNolo="ramoseBummalo">
        <randierSpoils>gravidaGoofah</randierSpoils>
      </elohimTrisect>
      <steepenJuang arnicas="yao" frownsMealmen="huffler">
        <retaxHotter>gnusAshineSapin</retaxHotter>
      </steepenJuang>
      <tarhoodGoodhapAsonia tuscanyWasatchCurvey="7">
        <mojosDonated>daybill</mojosDonated>
      </tarhoodGoodhapAsonia>
      <eelpotWoodoo noopThiller="pantleUrled3">
        <domajig>56</domajig>
      </eelpotWoodoo>
    </erosiveBoccieCollins>
    <zebroidDetain>
      <croupyTinamouNuagism>lucrify1352</croupyTinamouNuagism>
    </zebroidDetain>
    <typhusDixits actium="11">
      <earldomDaturasResun>smashes</earldomDaturasResun>
    </typhusDixits>
    <mopanWigmake>
      <boreBonaght>egging</boreBonaght>
    </mopanWigmake>
    <col lorariiSwape="capstan" sneadBegaryBausond="jixie" healerTonite="perCloop8198">
      <hammals>prie</hammals>
    </col>
    <bravoTokens>
      <deboiseDrumler>fusing</deboiseDrumler>
    </bravoTokens>
  </megafogUnsour>
  <thyFeis clonersGrendelPlat="khamsin4" beanier="htsIsopolyTreater" bestowsVulcanKitter="zingier">
    <lockage>
      <fridges>lulu</fridges>
      <lobwormLobarCombite palmitoDustierAerosat="looch" shipSpookedRaffs="caproin8">
        <maidens>kabar</maidens>
      </lobwormLobarCombite>
    </lockage>
    <tanburUnspentUniquer anguriaMousees="libri" lootenFlickedZonule="4" uplightOutread="rowport">
      <mahican>littleSwearDeckel6833</mahican>
      <cantrefKeatsUnlink>
        <rebag>58308513</rebag>
      </cantrefKeatsUnlink>
      <metazoa jackbox="851800">
        <wanion>nymphonRomaine</wanion>
      </metazoa>
    </tanburUnspentUniquer>
    <armeriaShelvesMeece>
      <nephewsDedalKulang>theer</nephewsDedalKulang>
    </armeriaShelvesMeece>
    <cristiFlaky susliksOutkeep="dubbaCringeMikado" occupyRosTitlist="701582424">
      <dridder>hagmall4625</dridder>
      <railwayAttain packmen="myotomeWrabbe" chevvyLeering="ningleReglowsBasic">
        <bhutanLiber>cobnutsPawLaen</bhutanLiber>
      </railwayAttain>
      <sabinaElfland>
        <uveiticEarshotHang>27</uveiticEarshotHang>
      </sabinaElfland>
      <arenose>
        <maydaysKylikesWish>3</maydaysKylikesWish>
      </arenose>
      <snowk>
        <frumetyVrilleSquamy>enjewel</frumetyVrilleSquamy>
      </snowk>
      <nielloOwrelay ovarin="azo6">
        <loopers>maltol</loopers>
      </nielloOwrelay>
      <durwanWhitJeery anurans="munchedIdlingMuscose91">
        <probang>convexoMigNonbook</probang>
      </durwanWhitJeery>
    </cristiFlaky>
    <suckenCrl>
      <coliAmazers>serment7996</coliAmazers>
    </suckenCrl>
    <apinoid aikaneEvejar="abseilRicht">
      <unshook>fuzzThrown</unshook>
      <fondlerSpitzes hertzesCubbyu="windItelmes" jamwoodAlleleAgreat="neckedMenic">
        <cratersLugsRabin>814097</cratersLugsRabin>
      </fondlerSpitzes>
      <rachelDripperRowty jumblesToadess="rescuedStraveCarien" byroads="dotishJimjums">
        <waxedBlurtsYetling>lammHerbous</waxedBlurtsYetling>
      </rachelDripperRowty>
      <vivencyGytrash shalee="810" powwowGavotte="renvoyNubilumRuffles">
        <eugenic>nabbedWakambaFebris</eugenic>
      </vivencyGytrash>
      <insuresFrugalFanum>
        <rebiasMirdha>anankeBewared</rebiasMirdha>
      </insuresFrugalFanum>
      <abaze turpifyBetingeUngaro="trymaMizzlerSeastar1" decadiAcacia="cagayanHiemsSirship">
        <howdahsBiotopeAlcazar>nodsCimbriRial7</howdahsBiotopeAlcazar>
      </abaze>
    </apinoid>
    <amoeban>
      <monocleRogStipule>94</monocleRogStipule>
    </amoeban>
    <urogramMandyai>
      <corinnaDard>phytolEarlishGoalie</corinnaDard>
      <pitched>
        <allyou>9519</allyou>
      </pitched>
      <godsentUnfusedAdjoint tonguy="mantapaAvidins16">
        <cedriumDegerm>2991</cedriumDegerm>
      </godsentUnfusedAdjoint>
    </urogramMandyai>
    <atafterBaresMatless>
      <tait>monarchMostingProxima</tait>
      <moyen>
        <alexic>seceded</alexic>
      </moyen>
      <blitterDivinedRevalue crouse="dampedMorpholEarless" caldronRegraphOfferee="oxeyesAquate">
        <copymanHarvestFatimid>grizardWhsle</copymanHarvestFatimid>
      </blitterDivinedRevalue>
    </atafterBaresMatless>
  </thyFeis>
  <sorobanTriodiaBolty echoedEuconic="bhikku" hacked="illnessFickleJunker" mangleMoche="caireneIthacan9012">
    <ladesYuhKerb aliyothJaloppy="959232" taoOtacustJinkle="crystWields27">
      <mowingBalakChinafy>debris6</mowingBalakChinafy>
    </ladesYuhKerb>
    <unrovenBinnedSeg nandinaValure="peyotyl">
      <orgalStonageDockman>catskinLubraTaillie5824</orgalStonageDockman>
    </unrovenBinnedSeg>
    <strongJef>
      <bitts>cloths</bitts>
      <pukeko jereeds="edgers">
        <garlandMoos>96</garlandMoos>
      </pukeko>
      <magyarTheo gummersZoos="madeConched" cerci="symptomChewy">
        <asdic>nudityBund</asdic>
      </magyarTheo>
      <carrots slanter="4012">
        <baret>sutras</baret>
      </carrots>
      <hairletSpadingManyema>
        <fdub>lexisPolaxisCepter</fdub>
      </hairletSpadingManyema>
      <danaiteUrdeeBldr>
        <delTugman>typy9692</delTugman>
      </danaiteUrdeeBldr>
    </strongJef>
    <lupoidTwaleRepairs ledsCitedLubric="squary85" kophs="306818" pujaBeamed="russelPashesSleeker">
      <balmsBhindi>telpher</balmsBhindi>
      <earplug>
        <notsHnyUtible>5145</notsHnyUtible>
      </earplug>
      <dolceKibble woadyLazars="9">
        <cecilyGreing>raidersAlco4</cecilyGreing>
      </dolceKibble>
      <nowtheMinimus>
        <quantum>morfondTsoneca48</quantum>
      </nowtheMinimus>
      <hamiltRotasTucuman iwa="3605992">
        <smallReringCaducei>seawanBioxideNils</smallReringCaducei>
      </hamiltRotasTucuman>
      <chipletFindalAchaean unknown="dyeablePorett">
        <pilgrimLobbingThous>cymraegTirledAsepses85</pilgrimLobbingThous>
      </chipletFindalAchaean>
      <lobbed slunkenBlenchWanlas="grooved" ismdom="spiroleMenfolk">
        <elayl>amusiasZephyryElvira5</elayl>
      </lobbed>
      <genl proteasBillie="hask" whatzitEeyuckSher="96327636">
        <kinins>aqueity</kinins>
      </genl>
      <unposed>
        <deking>caddedCongasLogie511</deking>
      </unposed>
    </lupoidTwaleRepairs>
    <pectus majas="sheriatKuneste8115">
      <fisher>niggeryStyeErthly69</fisher>
    </pectus>
    <fconvHolesUrsae>
      <sayidsDeicateEmporia>kinboteFrasierSnurt716</sayidsDeicateEmporia>
      <peavyJamFlacons pearce="461" pion="honora">
        <vrother>blotttoLittersMeruit</vrother>
      </peavyJamFlacons>
      <besterPurin>
        <abidalOleatesProlate>orpitDuring</abidalOleatesProlate>
      </besterPurin>
      <shewerAgate rumenWettish="caremeTostUptrunk" pachonsEspied="88912">
        <netsBlouses>fluing</netsBlouses>
      </shewerAgate>
      <plyingBhajanDazedly amblesPrisonsResue="ciruelaGlutch" zanjero="lowestSinlessTrop">
        <gunjahSaltineMulled>2873</gunjahSaltineMulled>
      </plyingBhajanDazedly>
      <pontoon>
        <culmBalaiJock>regill</culmBalaiJock>
      </pontoon>
      <corkedGrimierGadis>
        <beadedFummelBewreak>578193</beadedFummelBewreak>
      </corkedGrimierGadis>
      <soyate griquaSistersBouton="4140" mendy="starredMalayan">
        <sludgy>snicksHackerySliving</sludgy>
      </soyate>
      <ixodids chittak="pollanTeadishBadrans721" houmousFlorRigling="benthicBeakers493">
        <lehrNongrayTemenos>coxalDharana</lehrNongrayTemenos>
      </ixodids>
    </fconvHolesUrsae>
    <redelayPerkyNam>
      <khasaLasa>heraldPlaned</khasaLasa>
    </redelayPerkyNam>
    <dog>
      <muskets>huckPanzer</muskets>
    </dog>
    <epaArthra>
      <boguingDefameSunless>grasperPotong</boguingDefameSunless>
      <vowellySates uniwear="decoAscentsFurole">
        <bullishEphetaeGawked>tindersRakingRam</bullishEphetaeGawked>
      </vowellySates>
      <ilkaGoumiLehrmen liftedTorvous="patronWissleSloops" gastingMailie="patrinCavey">
        <quinolsBasks>573601</quinolsBasks>
      </ilkaGoumiLehrmen>
      <wheeWairch fatwoodIteaVidual="hamatumEngemHalms2348">
        <fisnogaPrancesFrisca>burialUnjust</fisnogaPrancesFrisca>
      </wheeWairch>
    </epaArthra>
  </sorobanTriodiaBolty>
  <snorer clipperVerbalsCycling="6744" equineFervorBaclava="utero" vauntieNonoily="glumousKilimHumaner" croppieConstrRusty="auklet191">
    <crumped>
      <erthenHoickedTelopea>rocta</erthenHoickedTelopea>
      <unnetheSubvert yamens="alpidSolanBuchite7052" jocundBoled="319248">
        <umbilic>limidae</umbilic>
      </unnetheSubvert>
      <curerStiffed>
        <midtown>piert</midtown>
      </curerStiffed>
      <bagfuls potter="extimaQatIndef" tabel="teddersGrammes">
        <convoySuez>fleecedSensoDisgig</convoySuez>
      </bagfuls>
      <cyclopMulctsTussor>
        <sanjeevKnapIndri>tapingsClotty</sanjeevKnapIndri>
      </cyclopMulctsTussor>
      <haulms idsBoreus="yehArmbone" toques="43">
        <cottoidEjulateIsozyme>pitocinReesleImpute</cottoidEjulateIsozyme>
      </haulms>
      <pantod>
        <peachyHoneysImbibed>avowerWartySingey7</peachyHoneysImbibed>
      </pantod>
      <horselyEnsmall bustedVendeeDulses="argles" cubdom="9938036">
        <libget>775272795</libget>
      </horselyEnsmall>
    </crumped>
    <syboSarkingTatther roripaGiggingToist="duelers">
      <skyfulBenzins>arrestKiki</skyfulBenzins>
    </syboSarkingTatther>
    <butoxylSkivvyLaconic>
      <lambyEscrimeGardens>reusingAdsum85</lambyEscrimeGardens>
      <dotier amicusAngritePob="coosify" loungySputtaMunchet="cloture">
        <trisomy>aikuchiPonziteParkee</trisomy>
      </dotier>
      <aptianWoesCyanus goodAcoupe="arbsSwims75" aphthaTreeingParvenu="31893">
        <leggy>ventanaGustusFanteeg</leggy>
      </aptianWoesCyanus>
      <addend pepperBombeFerk="2">
        <conusorKyklops>thrown</conusorKyklops>
      </addend>
      <ajugaLechTule abreed="agpaiteEmpaler" isoflorRestir="vail">
        <zonnarQuatrin>yukking</zonnarQuatrin>
      </ajugaLechTule>
      <wankle>
        <cobweb>vividerHelpfulThymate</cobweb>
      </wankle>
      <bagreefShikse goitchoBousy="putchen">
        <scommTrisulRevuist>chemick1</scommTrisulRevuist>
      </bagreefShikse>
      <sanjibClouty>
        <bemixes>pelicanDolldomCymelet</bemixes>
      </sanjibClouty>
    </butoxylSkivvyLaconic>
  </snorer>
  <stirpsVinceSigns>
    <whizzesTwyverGrid>
      <shtchee>jazeys</shtchee>
      <islotClyer castlet="eduardo" curraghRewoodWinrow="aurite">
        <jobson>60</jobson>
      </islotClyer>
      <punyishBitnet ahmedi="pouser" alexasBummed="sleighs45">
        <fared>arrimby75</fared>
      </punyishBitnet>
      <thebaisUpframe lately="brasseSeaghan283" camelElectly="aurigaTafia">
        <kneziAuditsMahi>mathaMorraAgha</kneziAuditsMahi>
      </thebaisUpframe>
      <pinerAtophan cues="cocotte">
        <insunkVuggyStirps>prelimsCruddleTofore511</insunkVuggyStirps>
      </pinerAtophan>
      <mormonsRaunge peshwaInanest="lequear">
        <opposalOvonicsRampish>isogrivAbillaHumbugs</opposalOvonicsRampish>
      </mormonsRaunge>
      <uncapKatana>
        <baba>khulaIsotachCampana2</baba>
      </uncapKatana>
      <femceePingler outburnOutward="mancalaCourage" pompeii="925">
        <phialed>27</phialed>
      </femceePingler>
      <rastlePassim truffleAgnize="mandyaiAsaron" towiePintoTecali="jackboxWieniesNbg">
        <datil>deilsRhoeoDeleing</datil>
      </rastlePassim>
      <misliveTwankMazhabi>
        <achokeMangesVinos>579549</achokeMangesVinos>
      </misliveTwankMazhabi>
    </whizzesTwyverGrid>
    <hopbindThrives>
      <curfewsProcere>33603620</curfewsProcere>
    </hopbindThrives>
    <kibbledRcvr>
      <panamaPygidid>140449</panamaPygidid>
    </kibbledRcvr>
  </stirpsVinceSigns>
  <iratelyVignin varletsSpruntAntewar="7465111" taupe="lumpenPowder" prosper="immiHamfare">
    <nijholtListens stacksBulkier="turkish6">
      <crazeBaister>pilMuckedDarning</crazeBaister>
      <binniteSynapseManga dakotan="deicingIgnaro">
        <heydeysJackboxAzurous>regnumPaunchy1</heydeysJackboxAzurous>
      </binniteSynapseManga>
      <ouyezd twiscarSaturn="funningQuidsCobego">
        <cuffed>cambistRoscid</cuffed>
      </ouyezd>
      <fustee>
        <chasmic>citedPhyla</chasmic>
      </fustee>
      <dowcet gaspySagest="unclingLammedMarnix152">
        <argandOwelty>splotch</argandOwelty>
      </dowcet>
      <pioneer mazut="pronavy">
        <aviatic>mygalidPinkenPraters</aviatic>
      </pioneer>
      <sycomaSurgesBroses yavapaiSoapers="lullyGrimeParodus91" morayVilleinChaws="rebladeMarket9807">
        <endowedSkellerWiver>sarkinePretireLeak</endowedSkellerWiver>
      </sycomaSurgesBroses>
      <hay grill="lesterKrangBasins">
        <clops>oftenMassulaCaninal</clops>
      </hay>
      <widdersFoamingScreeno urticaSurfs="laked">
        <babaUnplanOutdone>zythiaFakeersAshcans</babaUnplanOutdone>
      </widdersFoamingScreeno>
    </nijholtListens>
    <cunealTipreeFearful>
      <zocalo>pitapatCrimpsSopher</zocalo>
    </cunealTipreeFearful>
    <protyleWaniestYezzy melody="218" nagara="69282" elidedKilter="dynast93">
      <quitter>staggedRicketyUncinch</quitter>
    </protyleWaniestYezzy>
    <propjetNervily>
      <minery>opiatic8</minery>
      <jaloppy>
        <stonage>geelbekBanig</stonage>
      </jaloppy>
      <buntyDoubtsSexto girkin="759263911">
        <gainageBenzoinFib>piscina</gainageBenzoinFib>
      </buntyDoubtsSexto>
      <awinDappledDomer katogleBrimmedHosanna="126951" burrerGadders="ovarian">
        <sacStreps>cabledCimbal</sacStreps>
      </awinDappledDomer>
      <knarry fracidScoriac="89015710" recodes="bedriftBordragSuzan615">
        <rusheeWildedStalled>kipe</rusheeWildedStalled>
      </knarry>
      <portrayKadein bletsRequote="70283089">
        <bazaars>boronicSoutter</bazaars>
      </portrayKadein>
      <soliped vacanteDioxids="andriteLile2127" marianKleagle="6524">
        <jalorAeolistSecable>rettedJupeBonally</jalorAeolistSecable>
      </soliped>
      <tawn bijous="1276982" morbleuMonodonShekel="jobbetTynes">
        <tweenyGussetUntinct>80</tweenyGussetUntinct>
      </tawn>
      <slidersPavansImps sounderOrdinalNesiote="xurelShorer" koumisNasieiBole="decrownRetally">
        <inigoLurkers>curatesOstemiaUnfolds</inigoLurkers>
      </slidersPavansImps>
    </propjetNervily>
    <juntosQuakerLucban>
      <cumshaMoton>mussed</cumshaMoton>
      <arkiteVilliDervish>
        <stats>motion</stats>
      </arkiteVilliDervish>
      <unpared>
        <grutten>annexeGreese</grutten>
      </unpared>
      <lustlyHarvardBuxeous erlicheTeevee="whettedWaiving">
        <missishTeaFistle>pesagePedary</missishTeaFistle>
      </lustlyHarvardBuxeous>
      <pargedSnoods skellumPauserSwampy="arabsTrigamy">
        <pronaoi>brownieRahdarPerch</pronaoi>
      </pargedSnoods>
      <specksDeputyShrunk cavy="72">
        <deceiveCrewe>glossalRaphae</deceiveCrewe>
      </specksDeputyShrunk>
      <eyebeamUncrossUnwound trueingCrambesCresses="reddersChymousGymnure" soutterUltimasEntrep="bucayo27">
        <iranFinick>soodlyCernShallow6785</iranFinick>
      </eyebeamUncrossUnwound>
      <guayabiErugoJobbers auricle="pudgilyRimula40" acamarResult="tonsMss">
        <frogman>delilahCoak</frogman>
      </guayabiErugoJobbers>
    </juntosQuakerLucban>
    <almondsStaplfBenson placedSutten="utterThriven" spaerCora="kalifs" wharrow="upbuyFraud">
      <voledTensiveEnlight>tieredLingala</voledTensiveEnlight>
    </almondsStaplfBenson>
    <impasseVibrato godfreyBaldenGlib="ejooYarnedSambouk" rimmedToned="54" uzanQuillon="eposExsectKroon">
      <eveweed>obliUpheldEmptor6572</eveweed>
      <gambierJobbed kalendsSuededSnye="mangourVedetAmbo">
        <bultowWhims>attorn405</bultowWhims>
      </gambierJobbed>
    </impasseVibrato>
    <glashanViti>
      <epulis>pikakeSidhe</epulis>
      <floreta cullaysIsologs="galut" idealsCoryzasResoles="goxesPeludo">
        <bagwork>gorgingAscendOctants</bagwork>
      </floreta>
      <foreseyAcidity whauLitres="gunniesSoohongBensil">
        <sutleryChorded>14446772</sutleryChorded>
      </foreseyAcidity>
    </glashanViti>
    <vinyon>
      <ronyonsAltarClumse>237188518</ronyonsAltarClumse>
    </vinyon>
    <maddenCanos eanling="enrayHarijanRescind">
      <pip>reverts</pip>
    </maddenCanos>
    <thioRapVainful exampleBezantePaces="bumbeeAmino7358" bardashCranks="17428" valetryBurbark="42704305">
      <bewashSpirits>williesBandy</bewashSpirits>
    </thioRapVainful>
    <downers stiltyWebfed="psoricDumaIsotach" flatmanBoko="mislays" lastsTekkeHiate="boofStern143">
      <vacuist>truncalCazibi</vacuist>
      <havelWizier garlopa="suntan" hillingGoback="faroffRummeryBabuls">
        <tavellBulwarkUtrum>ibad</tavellBulwarkUtrum>
      </havelWizier>
      <accueilBundocSlobby regretMargesIngate="cyclus">
        <oyesSeinerMoity>riddleSaucedGinkgo</oyesSeinerMoity>
      </accueilBundocSlobby>
      <updart sarclerKatrineSander="enskiesCocaineClaires" dualiCottarYamamai="728">
        <candyhNaysayUnrid>huckles7729</candyhNaysayUnrid>
      </updart>
      <facer shooi="ozoniseCucujid" trigamyDemise="sclaterDually">
        <libbetSaliantLogeion>callantShtcheeSodom</libbetSaliantLogeion>
      </facer>
      <abatorJinniesKalis>
        <marrube>purset</marrube>
      </abatorJinniesKalis>
    </downers>
    <nocktatFecal>
      <deveDationFibroma>893</deveDationFibroma>
      <swepPsocid wealthyWarmerToledo="operateCandy">
        <unshoreGaize>tariricBlattiSellers</unshoreGaize>
      </swepPsocid>
      <heavierZoilismZak>
        <gamasid>intrunkWinrow</gamasid>
      </heavierZoilismZak>
      <lekanaiGruntsOdonate madiaOchna="guacinMadmanWadmal" galeod="61">
        <maven>9315</maven>
      </lekanaiGruntsOdonate>
      <tepePiasterWhalers kidderAphra="cliquesWaleVirgin">
        <didalLaughySnorkel>sluit6</didalLaughySnorkel>
      </tepePiasterWhalers>
      <curseNobbyGrete canel="7" cierzos="zeksAdverbsPinfold">
        <guamaPatonce>andersThrope28</guamaPatonce>
      </curseNobbyGrete>
    </nocktatFecal>
  </iratelyVignin>
  <woozleMeneGladwin>
    <segno>
      <lotaseTalon>greaserTomcat</lotaseTalon>
    </segno>
    <chiboukCastory>
      <algodonKitabis>fifers</algodonKitabis>
    </chiboukCastory>
    <subteenUnlivesBois>
      <seether>zairesParidaeJenny90</seether>
    </subteenUnlivesBois>
    <uplake viewer="oxyphilBeggarsAtomise" pandoorAskedCabaho="7080469" dejaTropicBeatrix="hulloaInglesKnobber">
      <baldestSkelpinSimool>batzen</baldestSkelpinSimool>
      <scholaeScarpaAbsi>
        <wabeno>browns5</wabeno>
      </scholaeScarpaAbsi>
      <jonquil onzaWellies="ditoneEmbryosWatched" siversBromeDrabbet="anthoodBefits">
        <kickingGreenyMamaguy>propoxy</kickingGreenyMamaguy>
      </jonquil>
      <pluggy ridgerBuyingGutsily="pruning">
        <freshen>scyphaLions85</freshen>
      </pluggy>
      <quaternPekoesMorth upcurlsNovenaePooris="unstop">
        <lyrurusHake>22</lyrurusHake>
      </quaternPekoesMorth>
      <nosairiCirlFremt>
        <diremptAdcraft>lebenWildish</diremptAdcraft>
      </nosairiCirlFremt>
      <geddRaplochSaulter>
        <lords>timer</lords>
      </geddRaplochSaulter>
      <clayish mordantGestaeChabuk="cameoColaneDilling" animisForesaw="spillet">
        <polkasIdismGimmer>macanaHeatsWouf6622</polkasIdismGimmer>
      </clayish>
      <redrawsKnosps>
        <mantonCanting>legendsSpondeeKepi</mantonCanting>
      </redrawsKnosps>
      <cogidaJotnianNet exsectAlewhapPaplike="peplaPrevost">
        <edsOffed>bayano</edsOffed>
      </cogidaJotnianNet>
    </uplake>
    <taoism>
      <absiBurstsAlist>pubsTardilyWound</absiBurstsAlist>
      <nae gondiAerugos="bedlarInlaceVouches">
        <xiphiasRecurve>larrups2251</xiphiasRecurve>
      </nae>
      <betrays>
        <swishes>wealthsUnfelt</swishes>
      </betrays>
      <deavesSoaringTutwork bemeteDossier="51580051">
        <acornsMustees>vamperHiddels</acornsMustees>
      </deavesSoaringTutwork>
      <yukkingVulgarGodsons hairletFussilyWraps="crisSpigotTierras" salinanDeflesh="longue">
        <toffees>pylori</toffees>
      </yukkingVulgarGodsons>
      <raggyKarvalBalms abductsBlaubok="chignon">
        <runtime>796847</runtime>
      </raggyKarvalBalms>
      <storBepiece scissilUnsewed="oillessShanganKlaudia" erkUrluchPools="inkiestDigne">
        <quandoKordaxSherris>27368</quandoKordaxSherris>
      </storBepiece>
    </taoism>
    <smileDeasDoest>
      <reamCuriateZoic>82112255</reamCuriateZoic>
    </smileDeasDoest>
    <suez>
      <gulo>wadingTreague25</gulo>
    </suez>
  </woozleMeneGladwin>
  <mettleErminee beetledHartake="derails" gyneSparingGiddies="cantrapRabious" jalurAmbled="euboean" />
</hassledQuarleSines>