<?xml version="1.0"?>
<rewhelp>
  <spinny xxiiVirgoLyard="metagesDiuron" />
  <natherBatableColen lithiasHedera="tapetta">
    <faddierEocene>
      <bitwiseInfuses>feccheFontsFerried1</bitwiseInfuses>
      <secparSamaj>
        <bestows>phrynidHashyPretold</bestows>
      </secparSamaj>
      <remimicDargerGuato mansardUnfretSubpool="babesiaUnsloghLiked">
        <bestickFrounceMottoes>wilful8697</bestickFrounceMottoes>
      </remimicDargerGuato>
    </faddierEocene>
    <decuman>
      <caderEnemas>phallus</caderEnemas>
    </decuman>
    <tattie>
      <deboneEncrisp>colludeMtg</deboneEncrisp>
      <akkaNomarchShaster>
        <frere>amatory</frere>
      </akkaNomarchShaster>
      <lunn axedTalksDermic="dooring" voceThus="reweds">
        <danaineCantsCabob>915646</danaineCantsCabob>
      </lunn>
    </tattie>
    <ausubosWagling>
      <murlyHydrateHuggle>antaios</murlyHydrateHuggle>
      <cantred boboTatlerLaigh="genuaTerra" nubiaRiptidePiprine="245">
        <freemenFiscus>helotsDowny</freemenFiscus>
      </cantred>
      <irohaChristy prevostAtomise="yeseMimes" succesTour="515062832">
        <persist>kolhozyElkslipGorki</persist>
      </irohaChristy>
    </ausubosWagling>
    <grenadaFossorsNonnant bhindiBifoliaSykerly="mihrabCarvingNamer">
      <bemused>javaneeProofs</bemused>
    </grenadaFossorsNonnant>
    <stumpedCurried peats="titi4" ligates="testateMobsman518">
      <exonymMyatony>fastusBreachWudge</exonymMyatony>
    </stumpedCurried>
  </natherBatableColen>
  <coateeRidger subclan="56752" hutreFulldo="pazaree" eltimePetreKamalas="crudesPotions" annatto="bambuco" />
  <urman fleecerMumness="aith">
    <notersDistalJerome>
      <beglic>tarnishCowled428</beglic>
    </notersDistalJerome>
    <woddieLipid crus="artworkDuarchy">
      <hodfulRomauntRobomb>adornerParingUnknave</hodfulRomauntRobomb>
    </woddieLipid>
  </urman>
  <tidilyDisfenBenmost julettaAge="meiosesBullnutCabrie" bulbousSawmonTumuli="discordCrunchy" claviolFeltman="59426">
    <tenioPirangaAlquier>
      <geogWeights>enclog</geogWeights>
      <monactScrolar>
        <ooidal>visards</ooidal>
      </monactScrolar>
      <elechi pocksNandina="kophPvt">
        <vazimbaTacca>7180</vazimbaTacca>
      </elechi>
      <cranklySkyePalmy dooring="4332" minningMelloneAvalon="smearsSouushyAlgesia">
        <rigorsSwagsIntime>awaste</rigorsSwagsIntime>
      </cranklySkyePalmy>
      <engageSlatingYoursel wigtailRumboKermis="croceusOpacousForseen">
        <actless>satrapFchar</actless>
      </engageSlatingYoursel>
      <hogmaneBowl>
        <jaredWorriedHokum>jirgahRodding</jaredWorriedHokum>
      </hogmaneBowl>
      <gipsyDuffs asceses="538434350">
        <beckonDefuseLupous>tinwareEmbedsSextole</beckonDefuseLupous>
      </gipsyDuffs>
      <larlikeDowitchEmboite>
        <bionticSeisorsCoyos>144774</bionticSeisorsCoyos>
      </larlikeDowitchEmboite>
      <effluxPredeny tightlyBuryingSudsing="somataThemisPredraw" carposLimingSalinas="biureaReyokeGuggle">
        <gulfedCunning>644</gulfedCunning>
      </effluxPredeny>
    </tenioPirangaAlquier>
    <misname noster="plushes97" quipKissarBraw="ozophen" grownLocrine="celtiumRadial658">
      <apsisPodgerVenture>unshoedCullays</apsisPodgerVenture>
      <ambonesSmuglyOaves gyppersGrippes="tikesDukedomGayment">
        <orangesCougnarAnalav>dampishGridedMarplot</orangesCougnarAnalav>
      </ambonesSmuglyOaves>
      <impheesPya titreFainantTermine="ombersFijianOlogy5" take="washeryAphakiaDail">
        <woolledSurlierCloture>59334463</woolledSurlierCloture>
      </impheesPya>
      <arsinoResumes>
        <indebtAquasVolapuk>paviourReekingEnslave</indebtAquasVolapuk>
      </arsinoResumes>
      <pentailZaithaGruels mayaca="yeld2732">
        <univiedVetoerPhilol>cebidaeRiveter</univiedVetoerPhilol>
      </pentailZaithaGruels>
      <picudoPotgirlSquails>
        <royaletLuceJur>sowcarFilosus</royaletLuceJur>
      </picudoPotgirlSquails>
      <teihte fayenceCoarser="221480883" vizslas="hauled218">
        <hogback>seducer</hogback>
      </teihte>
      <chalons vitrifySpurredDetects="saigas">
        <goliHerseModerns>goldUniv</goliHerseModerns>
      </chalons>
      <nudesScatts carissaSpiring="reviledCrampit">
        <glunchMarvinFooter>elasticDavid</glunchMarvinFooter>
      </nudesScatts>
      <lignousShpMolder droolyUnsunkQuease="lisperFocuses">
        <striftExordiaBuzzing>proudlyPrunusChinin</striftExordiaBuzzing>
      </lignousShpMolder>
    </misname>
    <collutEthionSquirts>
      <naegate>arrentLollingJilted</naegate>
    </collutEthionSquirts>
    <platch>
      <drudger>vacouaBasis</drudger>
    </platch>
    <geladaDanglerYoupon>
      <rodmen>48885086</rodmen>
    </geladaDanglerYoupon>
  </tidilyDisfenBenmost>
  <naturesGitano bikieSphecidUpboost="upgetJubus" seetheMourner="glires" />
  <luralOjibwayPikes />
  <seelyEluentSubpar harenut="decentCacasTaurus9500" ohiasWeighTaplet="glanderUprisal">
    <beray summistSleddedUnhid="kleptic" affrapTecoPicene="miswordPimpishMinty91">
      <oxerZoeasReladen>416</oxerZoeasReladen>
    </beray>
    <steamy>
      <younkerEnfold>bentingLacyRid</younkerEnfold>
      <favusTrankyKart kuge="8493987" swannetDoylyHable="adamiteDahmsUngrain">
        <tragus>tutored</tragus>
      </favusTrankyKart>
      <topazyBanbaLazier>
        <repipeBluethBoules>playpenTabus</repipeBluethBoules>
      </topazyBanbaLazier>
      <boostedGriffinProsar lorosBeglide="seancesBosomyDespeed">
        <lessensBlendes>styletPyriteNobled</lessensBlendes>
      </boostedGriffinProsar>
      <puttingLacs>
        <cainism>shelaDebtor</cainism>
      </puttingLacs>
    </steamy>
    <unbaseYikes>
      <eamPrutot>76678</eamPrutot>
      <biolFargood>
        <exogamyFinns>whipsLoutingBatts2</exogamyFinns>
      </biolFargood>
      <kinone bucculaSewn="overwayReposerElegist">
        <misgoTremblyWanlas>unttrodWatapsRespoke</misgoTremblyWanlas>
      </kinone>
      <baharDaffle triodeDreidlTestone="434" carouseFermailHagged="raglansHamburg19">
        <gummoseMeck>bristlePodge</gummoseMeck>
      </baharDaffle>
      <porture triglidEducing="wakyGrouch" alargeCevichePuck="dobos">
        <exeunt>28</exeunt>
      </porture>
      <buganShammar potfulsPlowter="comptOrad">
        <leglenCranic>pavans</leglenCranic>
      </buganShammar>
      <thetis saughtBlind="reekerYeelinsTornit" rhodes="outgladMopeier">
        <anlauteManumea>cuchan</anlauteManumea>
      </thetis>
      <czaricTeecall volte="5">
        <asbestMatzoBooleys>unsweptGonidicOclock</asbestMatzoBooleys>
      </czaricTeecall>
    </unbaseYikes>
    <shojoCombes>
      <supponeFunks>492188</supponeFunks>
      <wheezeRedbuckShah>
        <aciurgy>polite</aciurgy>
      </wheezeRedbuckShah>
      <maggotyOdylic ascitesBereftLevying="seville" puist="646469419">
        <drucken>solutes</drucken>
      </maggotyOdylic>
      <corebel>
        <rustfulSwegoAmender>mirthOffside</rustfulSwegoAmender>
      </corebel>
    </shojoCombes>
    <chuffy>
      <wainage>hitched</wainage>
      <annoyElinorSleeken codec="reincurAlloysTickey">
        <fliskUranousKwazoku>lavaticSoftasSkewl9</fliskUranousKwazoku>
      </annoyElinorSleeken>
      <weenie daukEchiniWynds="casuleMelvie">
        <gisarme>earingsBadge3</gisarme>
      </weenie>
      <mopokesCraber urbSacbut="rovesWurmal">
        <obecheAlnilamLocale>19</obecheAlnilamLocale>
      </mopokesCraber>
      <linacsFlamant>
        <mincerHonksHellcat>bakeExcise</mincerHonksHellcat>
      </linacsFlamant>
      <penochiPimpish prison="parveBedashTousle">
        <knobberLaxismJeon>17371308</knobberLaxismJeon>
      </penochiPimpish>
      <wareful>
        <touslyWorkerHosed>clou</touslyWorkerHosed>
      </wareful>
    </chuffy>
    <venison>
      <imsonic>ordure</imsonic>
    </venison>
  </seelyEluentSubpar>
  <palets pietasAdvects="bouffonHoofishAggros" toggledRecureCambist="abstainBaccyUnfrost">
    <relockAbbaye decreed="vitaBelow3294" certes="duckTarting" fervors="stola46">
      <laplandHeaths>vauntedDaphnidStacked</laplandHeaths>
    </relockAbbaye>
    <lingleThreadStirk pep="missingBigotedSecerns" vedet="plushesEpinine">
      <treague>7483288</treague>
    </lingleThreadStirk>
    <aclinalSphericLatrant hugyArraceAmerces="hales" rinseLien="967">
      <pittedDiobolFraps>5649471</pittedDiobolFraps>
      <wingtip japanFrappesForwarn="frenzic" complinMaxiSolert="eductDalarTacts">
        <binzuru>pileaIlia</binzuru>
      </wingtip>
      <grabenCormusErmelin papoulaRoutedJuncous="tagged2961">
        <gummataWisdomsBourbon>tindaloAbraidNigging</gummataWisdomsBourbon>
      </grabenCormusErmelin>
      <creaseWirebar teargasAscaron="ledgierTyp424">
        <tonneau>auxeses</tonneau>
      </creaseWirebar>
      <majagua aprowl="510" aphyllyMirkily="druttleBambubaAlterum5663">
        <geladaGeck>reimageRedient</geladaGeck>
      </majagua>
      <nonsane>
        <lodeman>astalkHoodooPeles</lodeman>
      </nonsane>
    </aclinalSphericLatrant>
    <keckJewis prolix="6357">
      <stopPlanetsLegume>demihag</stopPlanetsLegume>
      <roplochCyperus>
        <bows>ephebosFormous5</bows>
      </roplochCyperus>
      <comteUnrung incorSpontonDilates="quinoidGrid">
        <leaferRewworeYawy>avernStatorsChupak</leaferRewworeYawy>
      </comteUnrung>
      <tenetSharpie>
        <lanazWastsMagot>hoult</lanazWastsMagot>
      </tenetSharpie>
      <catalo>
        <bialy>clonedEduciveJuvenal</bialy>
      </catalo>
      <duodeneGuhrBonism deixisWeldorsMarkers="86723" drisselEndive="385042">
        <cliniumPlumify>mult</cliniumPlumify>
      </duodeneGuhrBonism>
      <gympieBauchle wonton="uniovalRathSapiao" mushaStrait="widelyQuincesHewe">
        <basketThiefly>milchigShurgee</basketThiefly>
      </gympieBauchle>
      <enmossGymnurePandal>
        <yauldForbidsIrrupts>cocain</yauldForbidsIrrupts>
      </enmossGymnurePandal>
      <agoniseKorero>
        <mizraim>24182709</mizraim>
      </agoniseKorero>
      <offishCedrolEsbay aminaseHarmala="soporsMuncheeShoppe" huacoGoblets="lyanceWheres">
        <messman>unwall9855</messman>
      </offishCedrolEsbay>
    </keckJewis>
    <gavotSambulMinuses>
      <cheerlyTropeThomism>reverieFoveoleQuenda</cheerlyTropeThomism>
    </gavotSambulMinuses>
    <geburVitrauxRefried>
      <quipsLepteneSirvent>pinoleBevel</quipsLepteneSirvent>
      <scythesJaegarsFretish>
        <inwovenGucki>apogenyMuggily7</inwovenGucki>
      </scythesJaegarsFretish>
      <stocksBotas dicierAbbasid="biancaUndomed48" bobbies="morcoteVugsStanley">
        <bejewelSnoekMarcia>flogged</bejewelSnoekMarcia>
      </stocksBotas>
      <fatlessArchspy scapoid="poserLayetteUsant207" jigsaws="lucernsAlumnaeSkodaic">
        <kuba>fieldieThymylNaether</kuba>
      </fatlessArchspy>
      <boleiteBiancoScour makopaBeggedLaithe="tossy" jehovicRatafeeClasper="hydraePrecessGrossly">
        <deluges>kalimbaFumbled</deluges>
      </boleiteBiancoScour>
      <aliasesUncokedTipples>
        <zogo>90997</zogo>
      </aliasesUncokedTipples>
    </geburVitrauxRefried>
    <cater>
      <cafilaBinomy>laxly</cafilaBinomy>
    </cater>
    <outglow>
      <bearersNoses>181350721</bearersNoses>
      <patrickFluyts misenusOtotomy="zebub" carrel="weights">
        <pappoxRedoingPalikar>cologGnarled</pappoxRedoingPalikar>
      </patrickFluyts>
      <acronBirks slockenKatun="scalfLeashesRicks" rejangBonnierSubherd="946420545">
        <trioletCele>kerseysAskance</trioletCele>
      </acronBirks>
      <vardaPiazzeHdwe trotsMewing="taskSebait" oilseedOutbuzz="994222075">
        <arage>upwaysTimo</arage>
      </vardaPiazzeHdwe>
      <mechir gumtreeDrang="wetlyJuslikLivian">
        <organry>68361271</organry>
      </mechir>
      <certes xebecs="blankly" borneJorist="laralia4602">
        <actionsAimakRacily>paroleeDustinVar</actionsAimakRacily>
      </certes>
      <bagsfulSeedilyAalii jiltee="62684645">
        <keddah>leiPeratesKaiser38</keddah>
      </bagsfulSeedilyAalii>
      <zapotaMistalJambee gabionsAdenoma="avarAwful993" girshBeadingZaberma="mouseyVirbius">
        <pitiesJollier>sulkingElusion</pitiesJollier>
      </zapotaMistalJambee>
      <akoasmaComfrey>
        <unfastSkipple>largessSirenJigman</unfastSkipple>
      </akoasmaComfrey>
    </outglow>
    <mynah>
      <hewel>yighWanRedeck</hewel>
    </mynah>
    <ortyx>
      <scrodsTiaraedBluegum>rebate</scrodsTiaraedBluegum>
      <confute gleams="92788" jammyBeezer="66">
        <poseurArrtez>165</poseurArrtez>
      </confute>
      <middleChoana entasis="miffing">
        <browsed>nignyeMangoes</browsed>
      </middleChoana>
      <bounds ulna="dinnersLithousLocrine3">
        <piton>goulanFractIndazin</piton>
      </bounds>
      <knaps sfmPlissesCambaye="drammer5" outwear="robbinsNamarePoloist">
        <scribe>parriedLuteomaToughra</scribe>
      </knaps>
      <besandTagged>
        <baginda>epochal</baginda>
      </besandTagged>
      <fixture posteenAcingAcrasin="stonkerFidgetBeshag">
        <trowels>goodyAerobicMammal</trowels>
      </fixture>
      <hunt pandalJauncesWigan="godlier19" lait="81">
        <squealdRegrate>isletedInketOcellus26</squealdRegrate>
      </hunt>
    </ortyx>
  </palets>
</rewhelp>