<?xml version="1.0"?>
<estrus>
  <gerara babbitHaroset="xylosesRatcher9355" roomlet="57409" seax="nests941">
    <schnapsElvanDiscede>
      <tapirDieties>gilliedWaspierOccurs</tapirDieties>
      <leyden attachePheninSammel="enstampDanaidAirboat">
        <funnier>dragglyCatfall</funnier>
      </leyden>
      <accusesMelanic genieBalsaOstrea="conite" faceoff="hedgebe">
        <congeonExited>puppily83</congeonExited>
      </accusesMelanic>
    </schnapsElvanDiscede>
    <lowellCholeic>
      <turcois>yarely</turcois>
      <cajavaMisfall onyxisCorkierEthize="frugCoats" crazierTsarsLogchip="maghiPectenRobotic">
        <evelina>arikiAgatizeHenrys</evelina>
      </cajavaMisfall>
      <quedlyEloineWatap ambFidsSkiffs="3481" zygoseTyes="mortice">
        <saradaKokra>expects</saradaKokra>
      </quedlyEloineWatap>
      <kimmerSquamySnuggle vage="fissle" warder="cobbler33">
        <glyoxalFearedZoysia>carbideLeerish</glyoxalFearedZoysia>
      </kimmerSquamySnuggle>
      <hastateMoistenChiopin rebatosPalmsClitia="galax" luffsHostly="atwin">
        <besingSylvin>cardonaPrevailCarotid5</besingSylvin>
      </hastateMoistenChiopin>
      <acastusYengees>
        <mutuels>61</mutuels>
      </acastusYengees>
      <eudemon>
        <subcellMinoize>queetGaywingPer</subcellMinoize>
      </eudemon>
      <mahoutsEnactor hermo="616594460">
        <slangDehornPluvial>2929</slangDehornPluvial>
      </mahoutsEnactor>
      <haithalCistori beardyRushing="faster">
        <reclama>pouchyFutileUnfool</reclama>
      </haithalCistori>
    </lowellCholeic>
    <undoMiazine>
      <owenDistilCaserne>gradus</owenDistilCaserne>
      <acrockKeid unspin="decenylRecuse" trioecsMestome="malgreBrucineKetosis">
        <grahamBeezersSyph>cheson</grahamBeezersSyph>
      </acrockKeid>
    </undoMiazine>
    <calledYelp>
      <bridle>bergama</bridle>
    </calledYelp>
    <earheadLuckfulTrad unbow="deftLogres19" choes="tour1430">
      <joulean>amit</joulean>
      <undownyTheodyAmphib>
        <awakeUglilyMorth>boleticHeroinsGlaver</awakeUglilyMorth>
      </undownyTheodyAmphib>
      <sumpage neperRedbugsRyot="surlyKylixSwaying273" obsequyStellarFeeding="educt">
        <fixKerosHamites>kyabukaGarbler</fixKerosHamites>
      </sumpage>
    </earheadLuckfulTrad>
    <sayingsChasty loggierEaselsLeukons="rockabyVirtuCharlet9" osmond="606">
      <contortChiefsPrezone>143</contortChiefsPrezone>
      <oathedPythios clapperDiesis="wyrock" derhamSobererSenopia="7206">
        <pintaAlexicHecate>646752</pintaAlexicHecate>
      </oathedPythios>
      <eremian>
        <spaces>8328</spaces>
      </eremian>
      <birnyGluiestMikrkra>
        <strych>9566844</strych>
      </birnyGluiestMikrkra>
      <serio snool="reeshleKrypsis">
        <sextoleWhins>33184</sextoleWhins>
      </serio>
      <dulosisCitStire gonakePeba="thoBokoGazing">
        <repaveRoddGabbers>27</repaveRoddGabbers>
      </dulosisCitStire>
    </sayingsChasty>
    <arctanPouting>
      <greffeNabbukPitau>fujiPriorlyIsoneph</greffeNabbukPitau>
      <roupyDamianaAleft busilyCafilaScf="brasqueKotylosStevan" claps="etenFlrieLemogra">
        <methody>unmatedAwl</methody>
      </roupyDamianaAleft>
    </arctanPouting>
    <teemerWafers decoder="9199136" jamsCarlage="amenuseBegowkLichi" thumbedHumbles="inwraptAgralWarmer">
      <straticNoir>nymphaeForger</straticNoir>
      <noerrorAmphora beylicSlotedSavssat="1">
        <pilules>357355686</pilules>
      </noerrorAmphora>
      <stapple boranaBrettMeum="enwheelMazucaVaward">
        <biggestDisjoinFlary>4730</biggestDisjoinFlary>
      </stapple>
    </teemerWafers>
    <pidginsPrill alcTirretMatico="abote" thumbleScope="chestsIdylliaModif3573">
      <ismalBiverb>ungoredDouse</ismalBiverb>
      <crowlArchfoeSanious regrowDarnex="falange">
        <illyric>feriaeAselliFlingy</illyric>
      </crowlArchfoeSanious>
      <netwise mediad="surreys" epizoalMedioSapors="orologyCoalsEulogic">
        <tritoloChem>lierre</tritoloChem>
      </netwise>
      <sootish strives="pratedQtoEgos">
        <nosairiBasyl>autoingBlotttoKhepesh</nosairiBasyl>
      </sootish>
      <portentThulrHawkins maut="klippenWaylaysRuledom">
        <devotaCadenzaDustup>usually</devotaCadenzaDustup>
      </portentThulrHawkins>
      <midleg>
        <premissFlutina>clasherWearily</premissFlutina>
      </midleg>
      <palmeryTanwoodMassive>
        <ipecacs>452683367</ipecacs>
      </palmeryTanwoodMassive>
      <melonsJargons basquesLabours="phobic">
        <opencutKeta>agregesKiting</opencutKeta>
      </melonsJargons>
      <myrtolLdinfoOblate>
        <cancers>ginningBap</cancers>
      </myrtolLdinfoOblate>
    </pidginsPrill>
  </gerara>
  <unspit rediptExcreteMise="86686" creolesBeulahBoast="potages" psovieBetrail="39" />
  <boxen tinworkKelvinsRhizoma="taggingBehowls" wergildSwarfsSavors="222" />
  <scowlBoggardSumi indwell="machs" />
  <subersAmania brisqueGhiziteFuroid="kodak260" toletanFondled="babydomNeocyte" pacos="gras4" hornieCloughsQuarte="acridly">
    <benjyCodingHussy>
      <nybbles>wheinGershomPirot</nybbles>
    </benjyCodingHussy>
    <temperCeilers>
      <numpsBayboltSoupon>shuntsConcernUnlaid</numpsBayboltSoupon>
      <sofaneBulbedBowker>
        <assahyTalerHookeys>plainly</assahyTalerHookeys>
      </sofaneBulbedBowker>
      <satron>
        <sluggerLoaners>radidiiHemicRemould</sluggerLoaners>
      </satron>
      <byous kuchensShiksasDelates="theolPhrensyUnpegs" twaddleWefty="redroopRefuelRellyan110">
        <popping>398384109</popping>
      </byous>
      <juno>
        <spiculeGrypeDhikr>sanka</spiculeGrypeDhikr>
      </juno>
    </temperCeilers>
    <evejarDoughty>
      <erika>trumphMutts</erika>
      <smokySculkTeemers dodmanTucuman="malusServalResumer">
        <doctrixBirched>simpsCerasinMasquer9</doctrixBirched>
      </smokySculkTeemers>
    </evejarDoughty>
  </subersAmania>
</estrus>