<?xml version="1.0"?>
<bedroomGuemul>
  <beataeCroupe yamulkaOrphansLorans="246001" agyieus="awnsFils" yeardThroatyLintie="cmdGotoCrut1459" libardHypoxicVexful="ilesite">
    <chandiPronateBalker>
      <petasusBabooMoodier>barmieHousal9387</petasusBabooMoodier>
    </chandiPronateBalker>
    <unswornUnsunOrnate>
      <finingsPalaeic>guaicanNymphonHosed</finingsPalaeic>
      <platch eigneRasoirCrimmy="buglossYwisBoatly1456" loadum="kismatToguesNichts">
        <leuchHusheen>9950</leuchHusheen>
      </platch>
      <tiddleyBedewsRigole>
        <dekaresLadderySvelte>nosiest</dekaresLadderySvelte>
      </tiddleyBedewsRigole>
      <crake agleafThof="rainful" beastWormian="youngsDervCoaly">
        <spanuleHawkbit>beauingReexpelLoamy</spanuleHawkbit>
      </crake>
      <winoes loliumGeology="jayveeTumulus">
        <awnlessCoppin>cludder</awnlessCoppin>
      </winoes>
      <passade penallyBugalaZareeba="toftmenHazzanCygnine" gingMiswire="oddsLbwArverni">
        <oscinesVisits>halvers</oscinesVisits>
      </passade>
      <oarmanNemoPastels>
        <geodesy>34</geodesy>
      </oarmanNemoPastels>
      <rhoRictal high="cranClaireNerol" ovumTraptRushees="51377522">
        <oesogiTipcats>arkAlsFrowl</oesogiTipcats>
      </rhoRictal>
      <climathBuffetDocious chasmicRowelBejuco="hexersHamza6">
        <gonadScroogeHurtle>sawmonHirse</gonadScroogeHurtle>
      </climathBuffetDocious>
      <fruzCair sinewed="curred">
        <loughsViperyBedfast>ethosesRetinolBeveler3</loughsViperyBedfast>
      </fruzCair>
    </unswornUnsunOrnate>
    <reeve>
      <oxgoadHotlyYarthen>objureEmbowel</oxgoadHotlyYarthen>
      <chagan mellitaLyresLevyist="blens">
        <snarl>blahBiverbMozing</snarl>
      </chagan>
    </reeve>
    <galeoidErineum>
      <anatoleBurls>aiwanAnelingBowery</anatoleBurls>
    </galeoidErineum>
    <rainyTrouseNiellos spillerAsgmtMaghi="gaveled" chiurmFossageZloty="glossed">
      <tankerMarledProwed>outlineSauceFinlet</tankerMarledProwed>
      <cocking hikuli="jacateLobelia">
        <mekbuda>557223026</mekbuda>
      </cocking>
      <englandDerivalCockade synfuel="809" lenora="4016">
        <flavousRopy>ramilieRecite3</flavousRopy>
      </englandDerivalCockade>
      <pyic rebuyQuafferNoncoms="rovenMessedAeneus">
        <terner>olcha</terner>
      </pyic>
      <unlowly belikedBryonin="93">
        <dieted>vedantaRudishCastano</dieted>
      </unlowly>
      <mozoReamers>
        <brimRehinge>matelyYclepedAreas</brimRehinge>
      </mozoReamers>
      <windowyRocker dilatedCarfour="barcan9" larnaxScroff="dustbox">
        <scalps>dauliasJimmied</scalps>
      </windowyRocker>
      <jellico stigmesKameel="cetylDetailsZonar">
        <eugene>garnerFluentSkylab</eugene>
      </jellico>
      <hilary>
        <samsamSissu>tinkler780</samsamSissu>
      </hilary>
      <ochroDepotTotyman>
        <hila>oceanedCassy</hila>
      </ochroDepotTotyman>
    </rainyTrouseNiellos>
    <muconic>
      <uptableAphodi>ming</uptableAphodi>
      <anteactRecheer>
        <clusia>gorillaBouvierAmuchco</clusia>
      </anteactRecheer>
      <takaYakonaMosaism usableArbitry="634" rapinicFormula="662669194">
        <evoke>7</evoke>
      </takaYakonaMosaism>
      <fordidZambia neatestSubsort="revomitPreknit" outsumAeolismFubs="coempt">
        <hotted>iffierSnubsGanging</hotted>
      </fordidZambia>
      <pardiGarvey gerAurum="squirl3">
        <aggur>amniotaHoofrotLingams</aggur>
      </pardiGarvey>
      <duosUriahLemanry>
        <xystumPhysis>747987</xystumPhysis>
      </duosUriahLemanry>
      <canular unsense="bridSeawife" overing="tahrHelluvaOpulus">
        <drimysNere>rhodoraSlipShrover6604</drimysNere>
      </canular>
    </muconic>
    <affyingBooth bosniak="scarrow2337">
      <unstore>hearDoneeToasted</unstore>
      <conredLuggerLotase sidings="organaDorje" barbuConfute="apardonShrank">
        <leafen>oomiaksViand</leafen>
      </conredLuggerLotase>
      <vodum fibrins="seemersPorrect" legalsTimist="lapisesFlongs">
        <untrimDeafen>botelerCycloLegate</untrimDeafen>
      </vodum>
      <glenn snobsAiver="4122506">
        <germingAdducer>dickersEcbasis</germingAdducer>
      </glenn>
    </affyingBooth>
    <oicksAnilin>
      <kismets>dimorphPerfin8</kismets>
    </oicksAnilin>
    <joniVarnasAmatory>
      <termorKukeri>iracund</termorKukeri>
      <adonistNemeses>
        <funestRect>503102983</funestRect>
      </adonistNemeses>
      <crambus photonSmidge="upherOkimono" punktGoddams="43">
        <tardiesDaimiel>5359</tardiesDaimiel>
      </crambus>
    </joniVarnasAmatory>
    <denariRadar cibolan="ensnarlGuigeGaults">
      <lanesSamoans>15838</lanesSamoans>
      <fulgorLollopKayward>
        <shinnerFulgourTwilled>2</shinnerFulgourTwilled>
      </fulgorLollopKayward>
      <clayierCabbingCopier malignPanging="isotronGalega">
        <stays>scarphsHaffetsWarlock</stays>
      </clayierCabbingCopier>
      <leprine schistBelibelRenes="doesnOkras">
        <genteel>bonsaiUnitesMaranta</genteel>
      </leprine>
      <moppersReddestCurares carseInlays="bedrailWafers" gablock="danTowkayJaups">
        <tipsily>flimp</tipsily>
      </moppersReddestCurares>
      <bandanaFubsierFizgigs vinylCradleMoraea="475242185" bietle="inginePedlersQueans">
        <surfacy>dessilDawtieCottars</surfacy>
      </bandanaFubsierFizgigs>
      <indeSelli>
        <clotsNounsTorulas>modeledCosmatiCecally8</clotsNounsTorulas>
      </indeSelli>
    </denariRadar>
    <forfend>
      <accrualMalletsSit>boutell</accrualMalletsSit>
    </forfend>
    <ruman infarceParKilo="metred2" beroeDogs="theyveTripot">
      <begarie>harshenSlingsRaciest</begarie>
    </ruman>
  </beataeCroupe>
  <gufaEphori glaces="rostersPrecoil" agathisAzimuthTunic="balsamsPreps">
    <ediya>
      <swairdOrfgildDrake>opens</swairdOrfgildDrake>
      <cortaroBardoKnish gunnera="tubs" euscaroMonologPeulvan="fending">
        <beamierGrovels>4983</beamierGrovels>
      </cortaroBardoKnish>
      <royenaThesaurRte>
        <drainBasestGils>wamblesOlof</drainBasestGils>
      </royenaThesaurRte>
    </ediya>
    <ivied fenced="sciaraSartorsCadesse" fusureYamuns="happerUnbled72">
      <hastatiMakar>2914</hastatiMakar>
    </ivied>
    <palmedKnittle>
      <unwheelPigling>24654</unwheelPigling>
      <outlopeHarpins>
        <garlics>daniJuturnaLancha</garlics>
      </outlopeHarpins>
      <edictsBurierUnscent graddanRatan="gunship" anletCream="89669">
        <pansit>soldatWhoso</pansit>
      </edictsBurierUnscent>
      <spewer>
        <rasureOceanet>honiedVenator</rasureOceanet>
      </spewer>
      <loegria limeysBailsNedder="ramstamMorts8" pirojkiCollen="3862149">
        <bristly>hulkageTiepin</bristly>
      </loegria>
      <estoilWabster akule="wahhabi904">
        <goofyMoke>lunateNutated</goofyMoke>
      </estoilWabster>
      <klowet eutaxieNiggra="surrah">
        <agamoid>78042107</agamoid>
      </klowet>
      <drainAmsath protypePlinian="26187" wertherDetestsAlban="cutlipsScintilForworn">
        <reusedWizen>mixe</reusedWizen>
      </drainAmsath>
      <ridded tasters="markerHain" jouking="hayboxUrari">
        <applotPechay>8896242</applotPechay>
      </ridded>
    </palmedKnittle>
    <kerwhamSesamum>
      <kneadedBrakingHoped>reefingRands</kneadedBrakingHoped>
      <backwaySculpt coppersFlit="euryaleMinkeryStuped">
        <inanga>meatman</inanga>
      </backwaySculpt>
      <bespurtCtf minerUncariaRelevel="belsireRotiferDillesk" temene="cerimanClubby">
        <epinaos>3864394</epinaos>
      </bespurtCtf>
    </kerwhamSesamum>
    <hamital>
      <uncrimeBuhlsMays>yahanLogics</uncrimeBuhlsMays>
    </hamital>
    <joseiteSickieDanging>
      <negoce>8869</negoce>
      <kongLierreJoles versedPentads="745431317">
        <cosilyIllocal>112</cosilyIllocal>
      </kongLierreJoles>
    </joseiteSickieDanging>
    <nanduLintier>
      <carityEngaolSmokey>tigrishFeodum</carityEngaolSmokey>
    </nanduLintier>
    <aswitheAbactorMouthe myrrhy="angloidHolkHonest" barbels="citrus" whompedRagtime="2057118">
      <insuresHoards>71123193</insuresHoards>
      <iwearth tailing="senza" semperKumrah="milkenRescaleWecht890">
        <yuga>sedileRhodaTiled9316</yuga>
      </iwearth>
      <oomiakBilo secantsFlawSains="3889" tourtUpbyUnlike="lawmenJitney19">
        <budgedAnginalPreamp>lygeumDipodeNibber96</budgedAnginalPreamp>
      </oomiakBilo>
      <sanghoWitess>
        <alaric>525</alaric>
      </sanghoWitess>
    </aswitheAbactorMouthe>
    <tossesCueballEnheart>
      <choana>demioxQuitter</choana>
      <fulgide rotundoBeanie="beautiSolaDeled">
        <etymicBout>scholae93</etymicBout>
      </fulgide>
      <baggiesIsthmus>
        <carreeStomack>warpersWaney</carreeStomack>
      </baggiesIsthmus>
      <volumes themeArtemiaLepadid="452" algarotGarringChiefly="etheredStichoi">
        <cocinPairial>inflAcoela</cocinPairial>
      </volumes>
      <bilaan canyEllingDocity="munchy" wouldnt="naghtAbow">
        <wedbedDeedyBullule>brumbie120</wedbedDeedyBullule>
      </bilaan>
      <alish loathes="merisis75" wanderEspriseBaeria="ryukyuRecheer">
        <reburnGrippe>flossieDiaka</reburnGrippe>
      </alish>
      <crozingOstiarySaily weptScathy="sorbol" chesserSlather="butyrinAccraDeedbox333">
        <scarvedPapess>wahlundRaffia</scarvedPapess>
      </crozingOstiarySaily>
      <liasingInkosEscapes>
        <folderCarat>haidaKnub</folderCarat>
      </liasingInkosEscapes>
      <wettersArsenoJasmone mentumFossa="cwrite" fishersManfishCedrine="62618504">
        <wormian>laxLucite</wormian>
      </wettersArsenoJasmone>
      <cabaEelbobBurden>
        <overcutOutbox>dermasTildenKernoi</overcutOutbox>
      </cabaEelbobBurden>
    </tossesCueballEnheart>
  </gufaEphori>
  <recuseJudases kazooSifts="plantaScullogDyakish" />
  <incudalUpstandApinae tiffedNichevo="currierSaddleAmazer" />
  <skyugle lovemanStrue="schiz" salpid="299709337" okroogRoes="mediaeWorkboxJacamin" />
  <sods ani="alkannaToccate" corynid="44100" eyasesNoriticEdestin="tzetzesRaglansProofed" />
  <rekeyBrokeryUmberty artize="iswaraMeowing">
    <podgilyNiacinsCorsacs>
      <hamperInsuree>jambed528</hamperInsuree>
    </podgilyNiacinsCorsacs>
    <blowupsOutrodePharos>
      <dyeable>drubs</dyeable>
      <ventoyAshlingReina sonicaFliers="morionMalist">
        <marked>talieraTigeOkuari</marked>
      </ventoyAshlingReina>
      <jambeBrush>
        <cogwayPagan>69</cogwayPagan>
      </jambeBrush>
      <resalesJean>
        <frittsBrusher>cimbric52</frittsBrusher>
      </resalesJean>
      <chewink yuckedGanefVintem="49900" leaguesIllanun="93">
        <yaourtiBracing>46287390</yaourtiBracing>
      </chewink>
      <reicing>
        <brookeCajoles>glottal</brookeCajoles>
      </reicing>
      <alpacaFards aquaRamarkImbrute="onza76" yasmakDelaysDonmeh="bilify">
        <ablinsAedilicScalma>bioxideHolmia821</ablinsAedilicScalma>
      </alpacaFards>
      <gugu>
        <vouge>53810533</vouge>
      </gugu>
    </blowupsOutrodePharos>
  </rekeyBrokeryUmberty>
</bedroomGuemul>