<?xml version="1.0"?>
<suralTippetPillbox>
  <magotSedent wist="skelp" chromo="5094" relique="edna" />
  <abroadTreblesHepper palloneAylet="ethnal" />
  <kenningMajosArcite youveLuba="dessous">
    <numblyPetty>
      <evequeCurledDementi>94360</evequeCurledDementi>
    </numblyPetty>
    <birr>
      <resailEmerDilo>slushyBlayneGis65</resailEmerDilo>
    </birr>
    <dumbcowHateful>
      <cull>natRollick</cull>
      <reclame>
        <syeniteFurlers>khaddar879</syeniteFurlers>
      </reclame>
      <delistSangersCrapwa quoadDiscaseEpiderm="camberGaurian" armsfulTownie="lakeRimland">
        <liardsWacsImbark>abantesAortalNasua3143</liardsWacsImbark>
      </delistSangersCrapwa>
    </dumbcowHateful>
    <skies tahsils="71">
      <batulePuberty>butlesUnsaved</batulePuberty>
    </skies>
    <beelbow>
      <bowser>unshift</bowser>
    </beelbow>
    <yojuane toredImprevuAcus="boredPiecing20" lyartSnaffleUpborne="roxieNudgedChoosey" rua="852">
      <subringCayuganWashita>gnomish</subringCayuganWashita>
      <priaOfficeDewar coprahNebulyPastel="goarRefaceChg">
        <throbs>talloel</throbs>
      </priaOfficeDewar>
      <colatFreshenAvoutry frescos="showmenSwipperStage24" wingateUnpiped="glaked">
        <argoanGantang>geckos</argoanGantang>
      </colatFreshenAvoutry>
      <camorra>
        <bulimyStroilLochage>luminedPaves</bulimyStroilLochage>
      </camorra>
      <versusLogie fumoseTidbit="biggenLethal" dosa="moultTiphead">
        <unfeel>rivuletBettineDeigns67</unfeel>
      </versusLogie>
      <spoilGaslitHurroo>
        <orthose>tulsaUnhelmsHoping</orthose>
      </spoilGaslitHurroo>
      <shrieks marmotaTappallCamacey="80">
        <tandemsVacatur>chark</tandemsVacatur>
      </shrieks>
    </yojuane>
  </kenningMajosArcite>
  <abuserBajreeOxime caraipaMowersDeigns="timbalsAdvertErogate" donaryYarkandLap="balche" assaryAbramTermor="puntsIacchusChumble" />
</suralTippetPillbox>