<?xml version="1.0"?>
<drives>
  <kaddishNoncomDaphni vomito="484469401" feezesZags="48" gledeNiyanda="62">
    <tsardomEdgers>
      <secondiCavyDallop>polje</secondiCavyDallop>
      <scroyleBagels adapted="57">
        <torenia>unsheaf</torenia>
      </scroyleBagels>
      <eland aloysiaGuisingOmni="calkinFungalsUndelve" raashFerio="uncededAlgosisBeleed">
        <pilula>989787</pilula>
      </eland>
      <exponePacoLichee>
        <atef>consign2216</atef>
      </exponePacoLichee>
      <tumblyPrefers blowjob="kiefsWebsAywhere">
        <coehornGenoeseNatrix>exmoorPenbardSkene</coehornGenoeseNatrix>
      </tumblyPrefers>
      <vatterBanco stagionMfrJagless="90152627" oculinaRuddy="bardash">
        <ampulla>panowie3</ampulla>
      </vatterBanco>
      <rainesGaviaeHolder>
        <theorum>prio</theorum>
      </rainesGaviaeHolder>
      <unai limitorWarierRobinia="reeder">
        <toryishEnodeSlews>outgiveUviticGrinner</toryishEnodeSlews>
      </unai>
    </tsardomEdgers>
    <plottonTennisySnug>
      <replowBrosotBolling>pocosinEelboat</replowBrosotBolling>
    </plottonTennisySnug>
    <systemTricarJointed>
      <rented>abirPanside</rented>
    </systemTricarJointed>
    <tipmostPistons>
      <buttony>9816212</buttony>
    </tipmostPistons>
  </kaddishNoncomDaphni>
  <faro albaniaAlmach="daira" unroyal="emergedBagassEldin" />
  <dominee voivode="feveret5" filagoZooglerOutvier="esodicCausers" />
  <dolabraGrowly tyrianBed="woodlyCirquesHastile" marishDunlinPhat="360689237" showerQuitWeaken="mocChaggaKorari" />
  <caffre mojarra="41436" hylids="ichnite" />
  <sturts slipper="proteiCabulla">
    <vaireSexticOtaries lintol="3737" embayed="22182" carrier="wangheeScald">
      <bliaut>387611804</bliaut>
    </vaireSexticOtaries>
    <pericuSapsOryza eggarSidleForel="vaginaSealess" aediles="oftenerPredine">
      <asrama>thronoiHurr</asrama>
    </pericuSapsOryza>
    <drunklyFrancsVoicing sarges="gallatePeckle3">
      <nozzles>defi</nozzles>
      <solitonResay bedtickBaobabsWrist="merop9">
        <initioFulfils>cordis</initioFulfils>
      </solitonResay>
      <unsteep kenos="499558" perukerBescour="cagScull">
        <raurici>aworry</raurici>
      </unsteep>
      <taros>
        <redcaps>fairyGemmate</redcaps>
      </taros>
      <nixesFlubbedTypees tiepinsAftosa="kohlan5">
        <kalpakUveal>planar</kalpakUveal>
      </nixesFlubbedTypees>
      <minder>
        <bizKochia>weakish337</bizKochia>
      </minder>
      <stereumLactify>
        <bedpan>youngsBedunce164</bedpan>
      </stereumLactify>
      <peltastToadess>
        <swelly>sisiBitlessCoontah</swelly>
      </peltastToadess>
      <subanal>
        <nardooGriffon>mandilQueens</nardooGriffon>
      </subanal>
    </drunklyFrancsVoicing>
    <natus>
      <butomusRivagesGrundy>edeitisPlanar</butomusRivagesGrundy>
      <surdityLochlin briosYuzluk="clopped5">
        <lanific>miggsWhorledMould</lanific>
      </surdityLochlin>
      <paltersTabelHisted>
        <tunedAerated>act</tunedAerated>
      </paltersTabelHisted>
      <burkeDimoutsWithtee>
        <gaurianCamaile>forlain</gaurianCamaile>
      </burkeDimoutsWithtee>
      <mortarsBonagh probalJitneyConceit="elbowyMin">
        <czardas>unbale297</czardas>
      </mortarsBonagh>
      <cajouPodge flappyMagadhiWagged="epimyth1" intuent="caftanCrowned">
        <scillasCaraipi>54280465</scillasCaraipi>
      </cajouPodge>
      <plotchArgilsGhostly vefryBoghole="caddiceOhioans" finew="6139121">
        <achigan>ignorerMetaGalcha9129</achigan>
      </plotchArgilsGhostly>
    </natus>
    <gavallThusly>
      <causeys>62371976</causeys>
      <carapaxSpinode ataxiteScaringBunts="recaged">
        <bluntlyCuifs>taguaHanting6</bluntlyCuifs>
      </carapaxSpinode>
    </gavallThusly>
    <diaxial>
      <unbowedMailed>2440</unbowedMailed>
    </diaxial>
    <yapocks asstDisnewKansa="boshbokSassiesFacy">
      <cogglyEucosia>beltirLiesh</cogglyEucosia>
    </yapocks>
    <preshowJapingShudna>
      <lenWigdomLonely>glissCreels9</lenWigdomLonely>
    </preshowJapingShudna>
    <ruddily>
      <parkingBirodoMocock>88203777</parkingBirodoMocock>
      <sanjaksConeHelotry>
        <holdingLassieScuft>paganryWalsh12</holdingLassieScuft>
      </sanjaksConeHelotry>
      <smetheSubclan bickernGertie="cutestDayakEmplane">
        <evictee>aerosatUremias</evictee>
      </smetheSubclan>
      <thurioCanulae coudeNauntle="color">
        <overhie>condors</overhie>
      </thurioCanulae>
      <lunges negrita="qualm" wigtail="resweepWrasse">
        <remixedSalfern>534065179</remixedSalfern>
      </lunges>
      <asherahBourlawCress blueingCisingMutuary="161772394">
        <pullerNeuterUpla>gary</pullerNeuterUpla>
      </asherahBourlawCress>
    </ruddily>
  </sturts>
</drives>