<?xml version="1.0"?>
<cossetsInsuperLoobily>
  <niminyShelverIngot hurdlerScrims="admiredJejunal" creelerTellin="peyotlPanzerGagee">
    <amebidChurns>
      <cebidCtge>trogsToga</cebidCtge>
      <isatineAmueixaMisaims>
        <pianolaSeerQuannet>focus71</pianolaSeerQuannet>
      </isatineAmueixaMisaims>
    </amebidChurns>
    <kopecHandelRheumed>
      <descry>inviousAffront</descry>
      <pegwoodWribleMizzen agenRepieceShot="reekingBorism">
        <antisag>terces</antisag>
      </pegwoodWribleMizzen>
      <pusleysHarkedBimahs prompt="4651512">
        <casaqueSqueamUnpaced>atwirlReap</casaqueSqueamUnpaced>
      </pusleysHarkedBimahs>
      <coronadSstor>
        <ibisesPitmanYegg>braccaeFitness297</ibisesPitmanYegg>
      </coronadSstor>
      <lits mantalHerein="949718">
        <gesanAramusBecuiba>gerlandStemmerLater</gesanAramusBecuiba>
      </lits>
      <testacyGrithDyers>
        <natusKbar>coupingDurwaun</natusKbar>
      </testacyGrithDyers>
      <unbendCornelsEustacy asthmas="epicyteConsyAppaume">
        <rasalasBafflesAgnoite>cretin438</rasalasBafflesAgnoite>
      </unbendCornelsEustacy>
      <spaedLodgerChorus>
        <falloffMiskillUnbound>snigger</falloffMiskillUnbound>
      </spaedLodgerChorus>
      <pirnyJambee genipap="387" elator="auntersOaritis">
        <laniardMisread>felwortAncylus</laniardMisread>
      </pirnyJambee>
      <fierierCackMordva>
        <wysonCouleeBarbed>sowt</wysonCouleeBarbed>
      </fierierCackMordva>
    </kopecHandelRheumed>
    <sabaPleionFunge uropodsOtotomy="sumak7732" jocastaGoldarnMagnale="flaskerJundies1">
      <lazarusJogger>agneauHuskersUnclay</lazarusJogger>
    </sabaPleionFunge>
    <drukpaDisused>
      <dudmanLahRumina>104058796</dudmanLahRumina>
    </drukpaDisused>
    <laxist>
      <exquireCaducei>6198554</exquireCaducei>
    </laxist>
  </niminyShelverIngot>
  <critism reproofLocoedYelping="93" muleyTereusBebay="bagnut" joys="ranpike" />
  <twigsWaivodAstoned winnardMoisterOuster="volencyCoseism">
    <cablishFlitingTrag>
      <owesBlooeyRattel>karatsAswash</owesBlooeyRattel>
      <mehtar heezesCohorn="chebogFaultedComae">
        <titiEdemic>anc</titiEdemic>
      </mehtar>
      <enceliaFautAnilla>
        <birring>chorizoGetic501</birring>
      </enceliaFautAnilla>
    </cablishFlitingTrag>
    <vastLunks>
      <sepiaTamisesElemong>fidged</sepiaTamisesElemong>
    </vastLunks>
    <skiffsCadentKanoon>
      <estrinTumionSubget>90214</estrinTumionSubget>
    </skiffsCadentKanoon>
    <blab fritOary="dereismQuilateBittie199" exiles="prawnerCasten">
      <realmHairif>ejectorVistoFarris</realmHairif>
    </blab>
    <happenCryptos>
      <heuvel>tecon</heuvel>
    </happenCryptos>
    <lakings penuche="bayletGlottalAftosas" drungBlastidEngrave="oceanedPigwashWaldorf1">
      <quantiChinlesMohair>9118</quantiChinlesMohair>
      <hello misaims="14401" crop="piteiraNuclear">
        <amoraimFrancs>ananter</amoraimFrancs>
      </hello>
      <revenueOhias ungiantGotos="dogfall6" futuralSargo="kehayaKulanCottons">
        <naotoBisalt>triagePullBrummer3</naotoBisalt>
      </revenueOhias>
      <icasm beemanPaxwax="maziestTektos3">
        <parfumBennis>rubying</parfumBennis>
      </icasm>
      <citoyenKaraokeEcklein ragger="bouser">
        <deliskEssexShinny>shrape</deliskEssexShinny>
      </citoyenKaraokeEcklein>
    </lakings>
    <sivaiteRifiBuffone>
      <coacted>701136407</coacted>
      <juratsJouster>
        <embrailSsuErgodic>51062451</embrailSsuErgodic>
      </juratsJouster>
      <sext>
        <fley>amirBilges</fley>
      </sext>
      <cahiersSwalingMisfire>
        <civismFoaly>sridharOleary</civismFoaly>
      </cahiersSwalingMisfire>
      <pixMinoraCulbert wreathsBalor="casketBleezy">
        <scolded>91410</scolded>
      </pixMinoraCulbert>
      <priceyDrainer>
        <soaper>rustler</soaper>
      </priceyDrainer>
      <susceptMegaronProbity sarins="pogies31" heraDghaisa="imposal20">
        <ethideWakas>lenisTadsLipoma</ethideWakas>
      </susceptMegaronProbity>
      <mincyWhupPtereal loggish="coplotSayingPeshwa" heraldsFucoid="feuille">
        <chancedOctofidFurls>65906</chancedOctofidFurls>
      </mincyWhupPtereal>
      <chakramDirkShunt>
        <limnite>51851893</limnite>
      </chakramDirkShunt>
    </sivaiteRifiBuffone>
    <dozzle>
      <mythusRebuiltAccent>581888</mythusRebuiltAccent>
    </dozzle>
    <spriestBonze dipolarPileata="sorghoZeroing" iononePuggree="107" glimpse="41">
      <bardelGemmate>fidesIsiac</bardelGemmate>
    </spriestBonze>
    <pattyNaulum>
      <stemletChid>quilletDicktyBrinjal</stemletChid>
    </pattyNaulum>
  </twigsWaivodAstoned>
  <aonachSkelpedGroucho sipapuSvabiteNodding="clatchOswego4475" pipitDrawingIpil="telegasCicerOrtalis" />
  <heroifyTea speckly="amatolNucula" bureleLevantPrese="parsicBurbot" spaedomCanzoniTollmen="cagotEmpasmaStop">
    <trassSenaah hiatusCardiacMirabel="ankleAuxesis" mopaneFolies="alternClon">
      <belayKyoto>pureTreeingEpiky</belayKyoto>
      <mangaHestherSomet>
        <primineGreablyIncross>sandalSordoMatreed98</primineGreablyIncross>
      </mangaHestherSomet>
      <dolerinWoodooRadding sero="260450" houdahTroutsRiserva="laicism">
        <approEnolFugit>retrodCleans3234</approEnolFugit>
      </dolerinWoodooRadding>
      <bowableGadfly yolkTuneful="173" pastlerIkon="aidesMoneth">
        <besighSestian>69564279</besighSestian>
      </bowableGadfly>
    </trassSenaah>
    <hyaenas>
      <vandals>azumbreArtlyJasey</vandals>
    </hyaenas>
    <jinjili>
      <snasteStompedBathool>moperIdeas</snasteStompedBathool>
      <cardiod>
        <cruentWudge>13365</cruentWudge>
      </cardiod>
      <zabeta>
        <pyosesNoosedPacos>299886</pyosesNoosedPacos>
      </zabeta>
      <ski>
        <fungi>nursers4</fungi>
      </ski>
      <cobossHuskier griege="soarsWedgy" pawnie="decoctsSoakedParpend">
        <kinkled>nosig1691</kinkled>
      </cobossHuskier>
      <unnerveAnimousChocho>
        <storeyRangedCongest>deaner7657</storeyRangedCongest>
      </unnerveAnimousChocho>
      <lamiidCadentTinct plumier="81108">
        <murzimDayworkHumean>showd755</murzimDayworkHumean>
      </lamiidCadentTinct>
      <entitle sirpeaAgla="mohaveOralsCodon" infernoIntrigo="muted">
        <fanleaf>khuSagy</fanleaf>
      </entitle>
      <tcheCrozle>
        <curdNitwitsAdolph>4167</curdNitwitsAdolph>
      </tcheCrozle>
    </jinjili>
    <aladdinUllucuCorral>
      <pargeDrawsArenoid>deekDecayerCarvels</pargeDrawsArenoid>
    </aladdinUllucuCorral>
    <tahuaHexacidLigable>
      <amboRosetumCiboule>dowelGhoulsPerry</amboRosetumCiboule>
      <pactShik cerasus="839796088" zeedUnsoreRecency="abrasaxPetto">
        <pawk>39838841</pawk>
      </pactShik>
      <chape beblood="gomboTallerApinch" scrieve="materOblige3989">
        <cobbraBehearYair>ballanMotty</cobbraBehearYair>
      </chape>
    </tahuaHexacidLigable>
    <tagelDiploes>
      <afflueRespeak>sedangLucknowSouse</afflueRespeak>
    </tagelDiploes>
    <sampleBanlieuLuri>
      <bedare>544</bedare>
      <halifaxCazimiChanger vauntMaskmvTheek="chained6" goffer="dirt">
        <renoir>wendeWinkerWidener</renoir>
      </halifaxCazimiChanger>
      <laniardEstChorial puruAcesPhren="calais">
        <kea>265218447</kea>
      </laniardEstChorial>
      <jodelr secant="vage" hoopoesTachyonOobit="wambles">
        <boranaUnhold>stube</boranaUnhold>
      </jodelr>
      <yaruroAppealsGilling>
        <arank>petre</arank>
      </yaruroAppealsGilling>
      <gondiChamite>
        <impelLikkerElves>383</impelLikkerElves>
      </gondiChamite>
      <tristLimnic dykageCrinum="provostCorbelFlinch">
        <gerardLocator>1</gerardLocator>
      </tristLimnic>
      <moorhen alipata="96516">
        <malachi>crambeMotet</malachi>
      </moorhen>
      <pacchaAudaceAmbrain turiSaurelsTainui="damesUnsadRustled3" leban="425">
        <taffiesRebreedSokes>onkosPinwaleDoe</taffiesRebreedSokes>
      </pacchaAudaceAmbrain>
      <saveryToeshoeDenaro>
        <levite>mulita3</levite>
      </saveryToeshoeDenaro>
    </sampleBanlieuLuri>
    <beardieTrinity>
      <rustsFleech>juglansEyeable</rustsFleech>
    </beardieTrinity>
    <subsignThrawCarped>
      <relinesAnychiaSnobber>movedApods</relinesAnychiaSnobber>
    </subsignThrawCarped>
    <copprasChickerSagier>
      <anendLollyPrecess>cattail</anendLollyPrecess>
    </copprasChickerSagier>
    <trovers horyTanghan="681" oakletCeduous="yaupSaucily" jockosIchor="debussyFatback">
      <polish>766441127</polish>
      <laved>
        <caninalPhooka>luffas</caninalPhooka>
      </laved>
      <bromusExcussScudded striaVarechSpreng="alecupAkeSwarfs">
        <pettersKabyle>asarotaRawing</pettersKabyle>
      </bromusExcussScudded>
      <quibThongedShindig>
        <equiaxe>zoismRodney76</equiaxe>
      </quibThongedShindig>
    </trovers>
  </heroifyTea>
  <wpm />
  <stealed titanicDopster="fiddly" achaeanMelia="coquita" strey="snuffyCyrilla" altaid="furlerSpirems" />
</cossetsInsuperLoobily>