<?xml version="1.0"?>
<pcm>
  <tailles dwarfsMarital="leelangTouldDicotyl73" />
  <culrageSolaceCarneys makes="ajowanFreebieEvodia" meddles="thoreOppleteHardock" mahajanThumps="arecasCyclase" />
  <rotterSolute suitesDingo="piaristApinaCausers" unpay="reejectTiaras" />
  <sailageForward bulliedDartars="sairveBoldly" />
  <ptinidNaveledKildee geladaNodose="ageistReqCedis1740" meechForeseeDasht="vesigiaBiset" />
  <hoovenAlleges cuitleEluateLocked="6742" couac="81685780" saltingTidife="25154" monists="savouryBeliingOenolin">
    <sipping>
      <gunkCaunchBroody>botchesDynodes4528</gunkCaunchBroody>
    </sipping>
    <enjamb>
      <etyma>paut</etyma>
      <oraclePerkishPaumari padrinoBirgand="tariqatUnakin">
        <ardoiseSissu>axonemeSnogWanny467</ardoiseSissu>
      </oraclePerkishPaumari>
      <probedBeatersLina>
        <budding>stoolsHakims</budding>
      </probedBeatersLina>
      <befoulReeSquawl cypriaCausers="chiaoScorza2">
        <cateChukkasMaws>shopharUnflead</cateChukkasMaws>
      </befoulReeSquawl>
      <lum>
        <sapote>breakax</sapote>
      </lum>
      <assesReerectSetbolt hushoEluvia="thirdsVade" turfiteEquableFlotsan="erastusSpectreViewed6">
        <tanlingHarianaToasty>vichies</tanlingHarianaToasty>
      </assesReerectSetbolt>
    </enjamb>
    <proemsFris quaeresMonadArchgod="mucidGenu" guianaJumpers="3355">
      <ceiba>tertialMikirEllen</ceiba>
      <rowelsCollege unbakedHadada="cushCalusarTyping" cleanMyodesPapery="sensateSaite">
        <oakletSemimat>dapPatgiaStrette</oakletSemimat>
      </rowelsCollege>
      <recoded>
        <insets>nisanDib</insets>
      </recoded>
      <keyedSharesDeisms forages="shiftsAmus">
        <yarder>61822070</yarder>
      </keyedSharesDeisms>
    </proemsFris>
    <arielLatitat>
      <falutinFelineCurvity>renin</falutinFelineCurvity>
      <beamersCasson dammit="entrToupDynamic" damnersHaleruPinacol="487279">
        <patentSafer>equalsCrumena</patentSafer>
      </beamersCasson>
      <wrossleOutprayScathy disroof="970965">
        <twirpsWarrerHueless>galyakCurtaxe</twirpsWarrerHueless>
      </wrossleOutprayScathy>
    </arielLatitat>
  </hoovenAlleges>
</pcm>