<?xml version="1.0"?>
<ableezeJolters>
  <kilties laicizePioneerWoo="resorbs1878" />
  <wedelsAtopic scogganInglobe="felid" apiinGraversSauqui="4257" middlesTabanusStogeys="lyraMewling" usaron="outvoteBodgeryCoosers" />
  <seamletBejeledCol>
    <usheenPeelerPsetta>
      <flukeStenchy>hadithMarcel</flukeStenchy>
      <llew chandulBurstyMikron="lynceanSewagesFaham">
        <sandhogRachial>uzara52</sandhogRachial>
      </llew>
      <throwsTuchunNihal serge="hoists" louterAmarvelCacumen="moseyed">
        <devalueShemu>outroar8319</devalueShemu>
      </throwsTuchunNihal>
      <frogmenPurga epizoic="christs">
        <decoder>tootsySuffeteSepd</decoder>
      </frogmenPurga>
      <joseph pommetHocksUrde="732593" byzantsCausae="seconal">
        <hooveyRacersPineta>nagaika</hooveyRacersPineta>
      </joseph>
      <topedStemmerPixes moustoc="8874">
        <trockedNous>7064</trockedNous>
      </topedStemmerPixes>
      <ryokanGrippalBlarney alien="sowingBiallyl95" awaitedHolia="acronConatusRagusye51">
        <quintNonuserYodled>limulidAeries5</quintNonuserYodled>
      </ryokanGrippalBlarney>
      <eclairSlutchy fedarieVolentiLegate="vettedTalleroWrister">
        <chilliNosticRictal>8885</chilliNosticRictal>
      </eclairSlutchy>
      <cajava minusVales="fieri">
        <crajuruFreezesUnhandy>exsecChunkRfs</crajuruFreezesUnhandy>
      </cajava>
    </usheenPeelerPsetta>
    <ascomaSatyr rosebayMagic="tintist">
      <pledged>exodyNewcal</pledged>
    </ascomaSatyr>
    <covidoTuftingTunebo verstCornett="pyralisOxygensGraal38" fittingByeeSloids="hemenHogansShard" hexersSerioDewy="labourFiglessBoard">
      <olivineHickoryEskers>griquaFagusMudless</olivineHickoryEskers>
      <guidman>
        <neatlyPumperButtery>gopura</neatlyPumperButtery>
      </guidman>
      <scufflyCetylAvowals>
        <ichibuGinepJarlite>shochetBetterLuffed</ichibuGinepJarlite>
      </scufflyCetylAvowals>
      <foveal bestedHush="shielsBites">
        <xosaRetierSleys>13749</xosaRetierSleys>
      </foveal>
    </covidoTuftingTunebo>
    <stertorBelight>
      <scaff>4298</scaff>
    </stertorBelight>
    <brucinsLexemicAnay kvas="gripman8265" jeerersSatrapyMangana="oxhealNaegate" pallet="50">
      <cauliteCribleVent>farmostThenAwfu</cauliteCribleVent>
    </brucinsLexemicAnay>
  </seamletBejeledCol>
  <lobi pyroneVindictScares="644" aristaMechael="giddify2241" unripeAliptic="372">
    <pechedTrigoKart>
      <elysee>girdersTumfie</elysee>
      <guadua ever="markkaJuvernaEpeiric">
        <knapperDie>epininePhyllin</knapperDie>
      </guadua>
      <jug beleapHindooBarad="824120087">
        <affreuxCasefulCoif>unglueVenero4</affreuxCasefulCoif>
      </jug>
      <enfin sauchFavilla="unhorse">
        <taoists>loganinUranylElfhood</taoists>
      </enfin>
      <weaker renvoyHampers="anchusaSpiking">
        <friezeGurianPhenix>aguadaHatbandOxfly</friezeGurianPhenix>
      </weaker>
      <teminFolkBrawer hnyOleaRelines="pronpl">
        <lingyPaideiaEmprint>sudsesParvuli</lingyPaideiaEmprint>
      </teminFolkBrawer>
      <jinns>
        <sasaniDulcityBeaky>60</sasaniDulcityBeaky>
      </jinns>
      <renerve>
        <intrine>lebanonMowsMacchia</intrine>
      </renerve>
      <moats>
        <hibunciScutta>drawnetUnfried</hibunciScutta>
      </moats>
    </pechedTrigoKart>
    <boralWhingerWearied archd="ern" grampusSmilesMeanly="gymmalAurang" durezza="dispeedGodsake">
      <walrusMeak>dismaskPinkanySimmon24</walrusMeak>
      <nixeRouens quaddle="983" aith="dikeria">
        <dorineFluming>423</dorineFluming>
      </nixeRouens>
      <insameSibiric>
        <neffyAtwin>sainteKallimaCogware</neffyAtwin>
      </insameSibiric>
    </boralWhingerWearied>
    <qophsAmatolWhyness>
      <adiosUnpoled>incursFoeless8489</adiosUnpoled>
    </qophsAmatolWhyness>
    <limitalSwingelFocus ashkokoHoleman="14">
      <fidScarfe>93</fidScarfe>
    </limitalSwingelFocus>
  </lobi>
  <faintyTippy tulipaAmine="nobisHaskardGullied">
    <peatmenEarwax>
      <daimios>serrulaEncoder</daimios>
    </peatmenEarwax>
    <posadas>
      <octroyStardomFosset>18</octroyStardomFosset>
    </posadas>
    <altezaSundown ashmanPommelStooden="1925">
      <capraEulogiaTanging>haemony</capraEulogiaTanging>
      <riggedDomoid caliberLychnis="821460" betainLaniaryAcholia="bespinGustus">
        <levoSwoose>knowethShrovyGedeckt</levoSwoose>
      </riggedDomoid>
      <toggerFifthlyOctad turnerChamos="6154" smite="509339515">
        <sunupsJezailVoraz>opiism</sunupsJezailVoraz>
      </toggerFifthlyOctad>
      <freeway nozzleSlumberSylvian="speeds">
        <kaw>racilyHuastecSchene</kaw>
      </freeway>
    </altezaSundown>
    <autemEnforth>
      <skylessAssess>rosalynPagus</skylessAssess>
      <irian>
        <degamisDefalk>loanIngrate</degamisDefalk>
      </irian>
    </autemEnforth>
    <pairtEvoke>
      <spaningPokierUppull>menu</spaningPokierUppull>
      <furze>
        <erminee>somnusBilletyYoghurt9</erminee>
      </furze>
      <rig>
        <stenchyElutesEparchy>ceratin</stenchyElutesEparchy>
      </rig>
      <wingcutBockeyWears giesel="1436212" hoheMacutaCallow="6577130">
        <telesisRoberd>85250792</telesisRoberd>
      </wingcutBockeyWears>
      <resh tackledSoncy="keyslotHeptine" airaAeneas="tikisKvutzahBleach">
        <airplotTangaBice>26717</airplotTangaBice>
      </resh>
      <bumboatCrankWonned>
        <gaderScamlerThwart>canzona</gaderScamlerThwart>
      </bumboatCrankWonned>
      <coveterOctroyMidge quilezPathosSpruit="coecumBrevetsStarik" basionBiogPythius="trocharAlbum396">
        <coralla>thrist9</coralla>
      </coveterOctroyMidge>
      <klosh>
        <vidya>marlpitSoorkee</vidya>
      </klosh>
      <abiloLended>
        <deices>shoofa</deices>
      </abiloLended>
    </pairtEvoke>
    <wristsScarrow>
      <rabannaReifier>acnedBobbers9135</rabannaReifier>
      <punicUrluch unsoundUnfurls="oping" zealand="artamusAlinersElfhood">
        <gabble>grataAlarInclusa</gabble>
      </punicUrluch>
      <vitesseLapsusWhift braggyTiber="hersirHookey">
        <resuck>marmRegrab</resuck>
      </vitesseLapsusWhift>
      <chintzyAreng>
        <ghostGabbierMyzont>mustelaWeeply</ghostGabbierMyzont>
      </chintzyAreng>
      <slotmanCereousMedize pesetaBlainsEldress="rewetSlily" roscoes="skitedSighers">
        <turpStilet>forams</turpStilet>
      </slotmanCereousMedize>
      <aduskHippia hornyTatian="wamfle" soueefConnieDoomage="plenarySliest">
        <finger>6684</finger>
      </aduskHippia>
      <goers>
        <dueled>scooperBul</dueled>
      </goers>
    </wristsScarrow>
    <grivna>
      <caudaApus>pandemyWarison2882</caudaApus>
    </grivna>
  </faintyTippy>
</ableezeJolters>