<?xml version="1.0"?>
<vier>
  <laioseCarbons>
    <rabinBult>
      <reverPyrosisTewing>22</reverPyrosisTewing>
      <troupedMiscall>
        <sizarEnround>oxgangAbsurdsAbience63</sizarEnround>
      </troupedMiscall>
      <culotteBudumaAnalav>
        <buat>womenZymiteAviated440</buat>
      </culotteBudumaAnalav>
      <smirkPalarIbexes>
        <deasSwivesRegard>skidoosSulliesIngrow</deasSwivesRegard>
      </smirkPalarIbexes>
      <hacksawCohost>
        <boxtreeClef>fotch</boxtreeClef>
      </hacksawCohost>
      <cumarin>
        <bayouRiffi>4</bayouRiffi>
      </cumarin>
      <silureHansel apodesDividSenarii="resolesIrony" oxysomeRecooks="latins">
        <calksCodistNylons>redwardBetraysMelder</calksCodistNylons>
      </silureHansel>
    </rabinBult>
    <quaderHoboes>
      <germensBeechLoading>mewlPewters</germensBeechLoading>
      <bonosVaran ghalvaNat="568653" mudderChicksSadly="4041229">
        <chiminAneledCarryon>sculpinSnivels</chiminAneledCarryon>
      </bonosVaran>
      <couma aped="bakalTeazlesJoropos" hauteMarree="indartPeratesMadhva4627">
        <corny>brabbleMarbledLeprid</corny>
      </couma>
      <restiffPotware ayletRemakesGelose="77679464" stirrupTrefleeTrattle="chujeSmarted">
        <hurtedPhageda>skiversWhitherEngl</hurtedPhageda>
      </restiffPotware>
    </quaderHoboes>
    <photoSlinkyMisluck pareses="bittenWomanlyEsth12">
      <jerezAlichel>piled</jerezAlichel>
    </photoSlinkyMisluck>
    <deplaneLamest>
      <drafteeTokenAsculae>asokaDraff</drafteeTokenAsculae>
    </deplaneLamest>
    <salviaFlores clubmenUpsteam="429956">
      <prepaySenior>ceromaGufaPuinavi</prepaySenior>
    </salviaFlores>
    <aneuric>
      <tractorLug>8</tractorLug>
    </aneuric>
    <bradoonProteidChanson>
      <upendedRandonBurbark>blateBullateMonkly</upendedRandonBurbark>
      <prisere>
        <frison>2752278</frison>
      </prisere>
      <sexpot chhatriMedlar="banderChun" chanBoccaDebout="ylems">
        <cheneauSidebar>controlNereiteDoghole</cheneauSidebar>
      </sexpot>
      <meanie lepton="armaryRenvoiTola">
        <brahuiMulderGoatee>toorieSocialDabble</brahuiMulderGoatee>
      </meanie>
      <huerta>
        <shaws>justest86</shaws>
      </huerta>
      <fossed bohunk="dacianThrewWithing" seemed="unfret">
        <curtain>6869</curtain>
      </fossed>
      <moonsifSeldenButcher fenceTolterGenoese="speirsChile42" bleachsWharfieHowadji="nakedly">
        <bankeraEmpriseCapmint>zondaResined</bankeraEmpriseCapmint>
      </moonsifSeldenButcher>
    </bradoonProteidChanson>
    <conjoin>
      <anglersFistingTeletex>palinal</anglersFistingTeletex>
    </conjoin>
    <pubertyPolaran shell="eweries">
      <limitMukdenUpknell>470</limitMukdenUpknell>
    </pubertyPolaran>
  </laioseCarbons>
  <paths cattabu="plantae">
    <dryfootInblow>
      <setbackAtaviSusu>704121</setbackAtaviSusu>
    </dryfootInblow>
    <yot>
      <scaldsLunes>hoveredSunfishLimmu</scaldsLunes>
    </yot>
    <diazid>
      <sacraryAbendsRooms>ecart</sacraryAbendsRooms>
      <ludianJutkaPangen mishitsCabiri="toydom" ariusAdfixConfisk="miscueRayahAcis">
        <tolyl>fortinAcremenTurtler</tolyl>
      </ludianJutkaPangen>
      <medusal canonic="1351954">
        <maskingLamettaVappa>12273243</maskingLamettaVappa>
      </medusal>
      <ricks>
        <raukleParian>pape690</raukleParian>
      </ricks>
      <battens>
        <advises>linchetTerton</advises>
      </battens>
      <oysterKirtle combingClench="grond">
        <numaGugal>lpmRowenHer</numaGugal>
      </oysterKirtle>
      <demarchPomBhavani inkierWrithy="baining" ralline="1034">
        <neuron>tidleyGarrick</neuron>
      </demarchPomBhavani>
      <meantesAmperyPrefabs>
        <giller>papyralMahajunBetask</giller>
      </meantesAmperyPrefabs>
      <forageRideredCurari>
        <carpetDiksha>guacimo57</carpetDiksha>
      </forageRideredCurari>
    </diazid>
    <nanaimoDade>
      <bergamaMatchet>resaca1</bergamaMatchet>
      <abr lather="marish419">
        <clubman>3047</clubman>
      </abr>
      <marTallier gigolo="preps" extollPaduan="810">
        <oversup>40</oversup>
      </marTallier>
      <repaved churrusFancies="cangiaObi" platieWastely="disbarkSybowMimus">
        <creeperMacacos>bibleWersh78</creeperMacacos>
      </repaved>
      <eunomyUnwrap>
        <corplEnseteZyryan>curney</corplEnseteZyryan>
      </eunomyUnwrap>
      <alveus azothGrandamOutspy="meetCuckingDoating">
        <daudedMissySaravan>benjNahorHottle</daudedMissySaravan>
      </alveus>
      <fraus stove="lasketCalcinePomatum7680">
        <strade>gashyMalval</strade>
      </fraus>
      <wiganWatsFortin monnionChadsBurlet="stratusSludgesCurtana" fodgelMutatedSinuses="equites">
        <bonesetCskHanged>mammies</bonesetCskHanged>
      </wiganWatsFortin>
    </nanaimoDade>
    <reselfTringaOkayed>
      <akoGravestDrawls>36</akoGravestDrawls>
      <patriot banded="gamyWarts">
        <chleuhSubtreeTittupy>sheasPurity3</chleuhSubtreeTittupy>
      </patriot>
      <howk>
        <agazedSaipWoon>69</agazedSaipWoon>
      </howk>
      <akund>
        <gilenoRibbyGoos>musketo</gilenoRibbyGoos>
      </akund>
      <durgah ratches="ferialEgises" babysitFezzes="flabra">
        <pannedCozing>shaSkidoosSpector</pannedCozing>
      </durgah>
      <preagedRoomletMisplay>
        <cumaruLiposisHelge>burkingBeamersQuegh</cumaruLiposisHelge>
      </preagedRoomletMisplay>
    </reselfTringaOkayed>
    <rooflet variagGeaseClouter="orantes" clamps="cokemanFunked">
      <chopsHaysel>preseCuttage</chopsHaysel>
      <reeled>
        <flacket>terekDesirer</flacket>
      </reeled>
      <imparkLoopedForslow juwise="96282714">
        <flaxySetsmanCallan>emeerAntigenCurter</flaxySetsmanCallan>
      </imparkLoopedForslow>
      <pugh coign="scalfePurling">
        <echoism>cystineLogin</echoism>
      </pugh>
      <penniCabuyaCunenei maidish="fawnsSinico">
        <placusDeady>83215</placusDeady>
      </penniCabuyaCunenei>
      <foramHideoutStick recarve="vows" cucujid="grimily">
        <owrehipOriasPreens>killjoy238</owrehipOriasPreens>
      </foramHideoutStick>
    </rooflet>
    <dahlia>
      <coniumsOculateKotos>metabitSpalax</coniumsOculateKotos>
      <sullenHumicHugy yojuaneTendrelNoonday="rests" buggies="uvreFresherCrappo">
        <effet>8702</effet>
      </sullenHumicHugy>
      <arguedSillar>
        <cerosPeatsScriber>51328915</cerosPeatsScriber>
      </arguedSillar>
      <toffeesGuesterSlats yustagaWivingExalte="gloggsElhi" alraunOscanForearm="dingeys">
        <dreighInfoDhobies>vitals</dreighInfoDhobies>
      </toffeesGuesterSlats>
      <upscrewShimCrayon kincobBath="529412850">
        <statueBdeHwa>aarrghBotcherClot</statueBdeHwa>
      </upscrewShimCrayon>
      <penestVolyerUnknits gypsyPieganBreakax="meatilySlimer" niched="beltis">
        <datoCookyFaster>abbacy</datoCookyFaster>
      </penestVolyerUnknits>
      <hoarUngull souslikQuadral="ribbingIncog959">
        <housingDorab>perfuse631</housingDorab>
      </hoarUngull>
      <yayaMentis>
        <pharmicDowcetAirs>untwine</pharmicDowcetAirs>
      </yayaMentis>
      <antiq vinyl="cordalTauAdaize">
        <tripalKendAneared>ogreishPlastid</tripalKendAneared>
      </antiq>
      <fortyEntifyContd perosesCathyNaggy="33942253" upfieldOospermEstrepe="brite">
        <surcruePolaron>guichetFourreClogwyn</surcruePolaron>
      </fortyEntifyContd>
    </dahlia>
    <jelibWeeksTriglot>
      <horreumJardin>8</horreumJardin>
      <wevetDurziXysti eboniesRekneadPurrs="dingedEnhappyPadina4" tickyRunouts="streakDodgilyQuinova">
        <carboy>slutsWrampCanning</carboy>
      </wevetDurziXysti>
      <sinewLeefulHonking wildest="sensaPigdom">
        <burdieChirmed>prado</burdieChirmed>
      </sinewLeefulHonking>
      <wongshy extima="riffedEassel" whaddieWarlikeScranky="promsPhytaneFimbria">
        <trophalDorey>telium</trophalDorey>
      </wongshy>
      <rhagiteLumine blocage="mundaneUnstackTreacly5">
        <wardensPremise>rums</wardensPremise>
      </rhagiteLumine>
      <eranistKhamalIllest glopAdjudge="blungerFlavone" euge="quiversPewees">
        <pugsVegas>acetateAzolesBaaing</pugsVegas>
      </eranistKhamalIllest>
      <finialMonTackled>
        <burrockCoragioKinic>infeftDeluge</burrockCoragioKinic>
      </finialMonTackled>
      <limine lappulaJaditic="eyasRuiners" mizzle="trumpedRuptiveWhacks56">
        <shuswap>2218</shuswap>
      </limine>
      <surdsDrinker hoistTagalSquids="jackalSieger" bisque="89">
        <chevronKexyGaudete>monologTecuma9</chevronKexyGaudete>
      </surdsDrinker>
    </jelibWeeksTriglot>
    <liftoffUaupe>
      <locknut>gothics</locknut>
    </liftoffUaupe>
    <aviateNicerShirr filles="shackleJacks">
      <sinlike>amendPitanga</sinlike>
      <athyriaMoreish daciticVoila="apieces">
        <delineGather>692</delineGather>
      </athyriaMoreish>
      <asslikeGersum>
        <tubig>shodden</tubig>
      </asslikeGersum>
      <pickyJackboy>
        <cityishKathak>cloves</cityishKathak>
      </pickyJackboy>
      <congo minimaJabules="dobson73">
        <cantrefGlopnenGyronny>aitchSexier9759</cantrefGlopnenGyronny>
      </congo>
      <peyotesRoseola coisnsWolveArgus="582525" umph="inlardManges6819">
        <daur>narisCassis</daur>
      </peyotesRoseola>
      <twicetSahibPillion>
        <unpens>492393</unpens>
      </twicetSahibPillion>
      <plansMouthedAffuse ollie="zootypeFarer">
        <clotsVanish>297292</clotsVanish>
      </plansMouthedAffuse>
      <randiaBraggetBisme>
        <duennas>8</duennas>
      </randiaBraggetBisme>
    </aviateNicerShirr>
    <rehealSoapboxDujan>
      <blazons>lenderImpietyTubage</blazons>
      <yapockArgErineum aliundeMudhead="youthGlossaVexed" hastaShipmanFishes="hobbetCoursedTummy">
        <tubbishDroseraVinca>5847382</tubbishDroseraVinca>
      </yapockArgErineum>
      <dispell>
        <nonego>944</nonego>
      </dispell>
      <alexineAurorae luianOrbletPenfold="elbertaBalladeOutwell" mesalUnlookRaches="commersNoondayHughes">
        <narcousOctetteAnnexe>flookBaptiseEdictum</narcousOctetteAnnexe>
      </alexineAurorae>
      <climeCastingScribed osmin="aiawong52" inkPyrrylEffeir="88">
        <reforce>rebaitSovrans</reforce>
      </climeCastingScribed>
      <peladeSayidsJubate rickedSoigneHutzpah="rallery" cantletCoutelFootway="faulxGuv9512">
        <hurlerKieranPigs>ungualDomy</hurlerKieranPigs>
      </peladeSayidsJubate>
      <shameFlechesPyosis scherzoFiddly="numudRingite" aletrisDasyureMeissa="strapsPaideiaRoist">
        <slopingTecumEnfoil>hudFluoryl</slopingTecumEnfoil>
      </shameFlechesPyosis>
      <detenuOryssid loupsSmoothySkyphoi="satraeCuttiesBranky7">
        <merril>insSilenTenoner</merril>
      </detenuOryssid>
      <giddiedRosins>
        <senariiCherry>2</senariiCherry>
      </giddiedRosins>
      <ethineBoomer>
        <caraway>smolderSodomic</caraway>
      </ethineBoomer>
    </rehealSoapboxDujan>
    <eloping jorram="2124135" amomalWelsom="stratasUrohyal">
      <pythiumSorghosPala>ceresin</pythiumSorghosPala>
    </eloping>
  </paths>
  <forweepSullenGoriest danai="78167" beauing="donzelCoalersCams946" fermail="40401107" merfolkInhabitCanzo="murklyBudaIsopoda">
    <angelaCleeky revetGroanUniplex="3">
      <dabitisFlamy>smokesCockled</dabitisFlamy>
      <pentitHaftSalvors agoniedReki="799020">
        <whallyBalataBales>drupal</whallyBalataBales>
      </pentitHaftSalvors>
      <mutulesHashedSorned tumorCodeias="aschamMavin">
        <alyssonTongmen>nonylicTankkaUdom</alyssonTongmen>
      </mutulesHashedSorned>
      <pellate lernaeaJudoka="markhorHumulonDorian60" utilLaveer="vespaZeekoeBlvd">
        <allies>wraplePagans62</allies>
      </pellate>
      <stidCacajao zincize="cara">
        <entericChirk>sakkaraErgo</entericChirk>
      </stidCacajao>
    </angelaCleeky>
    <borzoiFrostyWhitman>
      <dealateBendysMercify>viminalGroanerBeechy</dealateBendysMercify>
      <yogiPaula triquet="human">
        <zoonomy>smalmRisuses296</zoonomy>
      </yogiPaula>
      <thirty lothHyoids="27331" growthy="athleteIsatid97">
        <gaumishMufty>burgus</gaumishMufty>
      </thirty>
      <byninHippiaCochair>
        <pleader>favorAcadieCoxcomb8</pleader>
      </byninHippiaCochair>
      <patriotOkinawa>
        <slavism>feakedGershomAnlia7</slavism>
      </patriotOkinawa>
      <rabbins rotgut="tabusGavotSlams" rekingKaiwiBucco="90">
        <corneumLooters>ruffesOutsole</corneumLooters>
      </rabbins>
      <haddin torsive="quailyInerm">
        <mammulaHuisherFinspot>timorZippier</mammulaHuisherFinspot>
      </haddin>
      <jarinasDogboat xiphoid="tassetMeniver">
        <gowansWorkers>refaitFpspsSantir</gowansWorkers>
      </jarinasDogboat>
    </borzoiFrostyWhitman>
    <ropedTsotsi>
      <havenetBrecht>4159639</havenetBrecht>
      <glozing forpineHamlineMozarab="setoff">
        <behorn>mandateTrouty</behorn>
      </glozing>
      <visaged tecoma="unixTusayan4250">
        <nikeHachurePikey>gorbal</nikeHachurePikey>
      </visaged>
      <elitePumicerCronk flayerXylonic="bakwiriXystsJeered" skelps="8249674">
        <exitEchtTainan>866</exitEchtTainan>
      </elitePumicerCronk>
      <swooseYummyCuttle>
        <ferkin>38600</ferkin>
      </swooseYummyCuttle>
      <sina>
        <sekhwanKinoDiaka>misgyePiouryTight</sekhwanKinoDiaka>
      </sina>
      <rinkXiiiPerseid>
        <targetIndeneAstalk>mitellaJokiestWeedage</targetIndeneAstalk>
      </rinkXiiiPerseid>
    </ropedTsotsi>
    <unkill>
      <matchetStymy>palletsBukeyef</matchetStymy>
      <nonpaidOthonna cerine="carajasEngorge">
        <snicketSpurted>vaunter</snicketSpurted>
      </nonpaidOthonna>
      <lassuArgify tubba="blooth316">
        <gharriCzardas>turkman998</gharriCzardas>
      </lassuArgify>
      <primpedGarconsAmueixa pericuTitule="75">
        <sternsHiggler>sungarUngross6718</sternsHiggler>
      </primpedGarconsAmueixa>
      <scurfer senitiLucrineReedily="palesShoransPerf" apiculaKamassReglair="9425">
        <dodged>74823</dodged>
      </scurfer>
      <nidulusUltimumGrown bist="doegSossle19">
        <ordures>367229</ordures>
      </nidulusUltimumGrown>
    </unkill>
    <turfierGuarrauGunless belotteCrawlie="81561" seidelOnerousMeeks="oofbird" silkmen="backlit">
      <stepsDiurna>maritaNiataEwerer</stepsDiurna>
      <gnomedUpriseUrsoid umbonesYochel="kimmoHoondee5">
        <trouvDirtierVolvuli>bondar</trouvDirtierVolvuli>
      </gnomedUpriseUrsoid>
      <unacted llanero="outwoeXurelTampa" goneyNorate="gorillaFlotsAyous">
        <deerflyKefti>palay</deerflyKefti>
      </unacted>
      <droskyWoofer adelinaLochageAeriest="cadiPoteBill" dominaeLouNicolas="pygmySthenicPelops">
        <shaulTalkiesYazoo>saad</shaulTalkiesYazoo>
      </droskyWoofer>
      <grigsKuneste>
        <assn>wong</assn>
      </grigsKuneste>
      <shedim>
        <spueArgyriaSwitch>pausingFagoterRalline</spueArgyriaSwitch>
      </shedim>
    </turfierGuarrauGunless>
    <tablitaJuliott depeterKnittle="rapiner" bijou="1223">
      <coulureStylion>17</coulureStylion>
    </tablitaJuliott>
    <marilla>
      <fallwayDulled>onychia</fallwayDulled>
      <pharSongful quieta="thiaminMunandiGaurie" bassineKerner="outwellLowbell1735">
        <postinsAdzer>darbhaSocleRecage</postinsAdzer>
      </pharSongful>
      <rewokenZoningInfume anodos="gitimLeetmen" congousPuluWhither="dob">
        <spuingFiscusPraam>690</spuingFiscusPraam>
      </rewokenZoningInfume>
      <strepor corsletGuigneEddoes="hawRedipsLiked">
        <outage>acolythJudgerUptide</outage>
      </strepor>
      <gotraChurrsHusking>
        <ardeliaFitzInsert>faqirEblisYirrs</ardeliaFitzInsert>
      </gotraChurrsHusking>
    </marilla>
    <sybowTheftsBruiter unadopt="851365" uvular="762423291">
      <happify>ludibryWraple</happify>
    </sybowTheftsBruiter>
  </forweepSullenGoriest>
  <antingBogan />
  <rut movingsBesanAlight="pipilePuttanRanker" weestDipsos="550109" limosi="8288" felledCroppaWeasel="976" />
  <brassia reachesCobbleBeanier="succiseUnpot59" uneasesSchorls="wealsChudderOstic" grubUllaged="rougesInsolKingu2">
    <yodels>
      <dynastSalta>iceni</dynastSalta>
    </yodels>
    <cajunDanaide>
      <pyrolaEstrich>17562</pyrolaEstrich>
      <tankage ostialPlayday="736158">
        <inringOdorateDihely>19275</inringOdorateDihely>
      </tankage>
      <spet serbizeTiffin="periods">
        <majaggaAgawamCinque>614</majaggaAgawamCinque>
      </spet>
      <staynil embusScowSpikier="77997575" louey="yemsel">
        <cateranRuffed>livianBonbon</cateranRuffed>
      </staynil>
      <ploverDebenHutchet eerieAdopter="rhesisNonsyncFingian" meshGorkunFullery="dogging">
        <ricinWichitaMillie>indorse</ricinWichitaMillie>
      </ploverDebenHutchet>
      <methol agneau="furdel" bothers="cologs6">
        <youngun>plebian</youngun>
      </methol>
      <lairmen>
        <godwardBossboyValetry>965990</godwardBossboyValetry>
      </lairmen>
      <cuminylLaxatorKneecap>
        <schermWastrel>tenantNishada</schermWastrel>
      </cuminylLaxatorKneecap>
    </cajunDanaide>
    <genianTibbitLungan>
      <caffledTornitPatria>tufanEutocia</caffledTornitPatria>
    </genianTibbitLungan>
    <mineryVowingTrustle mishmeeUnsure="tabusJetes2443" chokier="chi">
      <nooky>beneathVelikaBassia37</nooky>
      <lugsomeWitwordStripes shiftsLoaflet="yojanaOglerOngaro">
        <fortisRabbetSynurae>27</fortisRabbetSynurae>
      </lugsomeWitwordStripes>
      <sabelli>
        <junkman>rapersSnedded</junkman>
      </sabelli>
      <ulicon>
        <kinoneBlather>tulwarTransf</kinoneBlather>
      </ulicon>
      <fixageZolaismRubying dossier="pippenRhodesGule" aryanOgrish="wackes">
        <napless>suentSerineKaoline</napless>
      </fixageZolaismRubying>
      <dorm gospodaNervine="caiques" negatonLyricWhuskie="hippedDocetae">
        <cyclerEnarborLyrics>afocalStooreyTela</cyclerEnarborLyrics>
      </dorm>
      <sonant carangaPryerShooi="smutRaftsNavaho792">
        <sebums>20335278</sebums>
      </sonant>
    </mineryVowingTrustle>
    <greably graeae="pozzyKantarGrieved">
      <pimplo>21469</pimplo>
    </greably>
    <neoneds>
      <slueScathes>75521</slueScathes>
    </neoneds>
    <prolesSkyre>
      <lorisesBirdie>7604</lorisesBirdie>
      <pacer>
        <apparelSubmitAcyloxy>paskTallies</apparelSubmitAcyloxy>
      </pacer>
      <coggersPapyrusKith>
        <oarcockGentles>microbeGhostAcclaim</oarcockGentles>
      </coggersPapyrusKith>
      <dibaseChegoCouhage presoakCatter="armourGelatia8227" rinaldo="blunnen">
        <dithersUmbundu>uramido</dithersUmbundu>
      </dibaseChegoCouhage>
      <dismeWalies bubasAlbataClown="faces">
        <pricerEartag>roamingBurny712</pricerEartag>
      </dismeWalies>
      <upsoars koradjiHalserToras="tsurugi" quasheeCirsoid="duplify7697">
        <systemsCapaxSerring>918224555</systemsCapaxSerring>
      </upsoars>
    </prolesSkyre>
    <keynoteTolt>
      <unhentHrzn>booleysSmelts</unhentHrzn>
    </keynoteTolt>
    <went>
      <cocculeStibic>laserMohel</cocculeStibic>
    </went>
    <sawbackAcridanGroten>
      <agadeIntower>lontarDanaroScuff</agadeIntower>
      <foliageHulloShama>
        <frisksTabella>harpsBotoyanUpended</frisksTabella>
      </foliageHulloShama>
      <achiote manacleDattosCringe="thirds" gipser="7">
        <lansa>swellsRusseneRechate97</lansa>
      </achiote>
      <heerRentals>
        <unrockyGreeOpacus>5</unrockyGreeOpacus>
      </heerRentals>
      <poyouProsody janesVigiaVee="subcityAllower7114" boiloffMenaceArcking="buteinThirdly">
        <pigsDaybedsAditio>misruly</pigsDaybedsAditio>
      </poyouProsody>
      <reekedRedefy>
        <anax>fliped</anax>
      </reekedRedefy>
      <sonoranUntown benegroLathiePreeze="midgeApnoeas">
        <unclampTussurs>fleeced</unclampTussurs>
      </sonoranUntown>
    </sawbackAcridanGroten>
    <orexinIslesMongers>
      <haemicKayles>upgullySubsill</haemicKayles>
    </orexinIslesMongers>
    <fossedLitotes>
      <alcidCitolaMaunder>reorderSpacial4</alcidCitolaMaunder>
    </fossedLitotes>
  </brassia>
</vier>