<?xml version="1.0"?>
<audit>
  <pompierSubrent>
    <frameTellt>
      <garg>scats</garg>
    </frameTellt>
    <ardencyZootocaYrbk>
      <degreed>bocciaThuds6</degreed>
      <soutageHurrah juck="rickShrewlyAslake">
        <cuspuleSool>golemBalow</cuspuleSool>
      </soutageHurrah>
      <wagglyImmerge molgulaTeasyGossans="arcedIngiver">
        <rageDinnerJonquil>lucida7</rageDinnerJonquil>
      </wagglyImmerge>
      <bonitoDisportVesicae bingeysDolci="writingSkink" routousRaphus="unsteck7">
        <seatsOvoli>andriteYouth</seatsOvoli>
      </bonitoDisportVesicae>
    </ardencyZootocaYrbk>
    <esauHangedNewel>
      <awayOutgoes>zaddikWype</awayOutgoes>
      <sawarraAwakesCaddied harmedRieversPropugn="recoups" unstowUnsteek="towsy">
        <binomyTrumeau>141331699</binomyTrumeau>
      </sawarraAwakesCaddied>
      <saxeBecloak crinulaFawner="gygisRuined" embaceTicQuethe="emicantChervil62">
        <amminoBoceDewanny>zincke</amminoBoceDewanny>
      </saxeBecloak>
      <uncreamOverrid hiederLecheryPinte="swedishDentine" untax="peliomUnkillGrego">
        <stacySkees>146</stacySkees>
      </uncreamOverrid>
      <waddie rutty="27099478" sloke="315">
        <shinersEprosyMimicry>4536</shinersEprosyMimicry>
      </waddie>
      <postmanReshows violand="poppetsClumperBearded">
        <handierSolein>cheque</handierSolein>
      </postmanReshows>
      <prepaveSurpass legis="upcurl">
        <satiate>pollenFinningLoonier</satiate>
      </prepaveSurpass>
      <dukeryUngularEbriety amusgo="tareq">
        <esterChoom>togaPaulie</esterChoom>
      </dukeryUngularEbriety>
      <loringEndurerSperms toldoGomerec="stoss" erastus="7764055">
        <cygnidPuru>carpetsLumpish</cygnidPuru>
      </loringEndurerSperms>
    </esauHangedNewel>
    <sejantConiDhooley>
      <sat>piazineMakutasJumbuck</sat>
      <camillaMatzoSubacid nomadsSiruper="woolertGrumbleSangley">
        <jacchusTigre>glomera</jacchusTigre>
      </camillaMatzoSubacid>
      <claimerJour ladyish="pankFldTroland" pielum="typesofTalinum">
        <abaffEndfileUplinks>ablate</abaffEndfileUplinks>
      </claimerJour>
      <kitman inshade="garseSoally" yurta="jerries">
        <bisyncPharm>samalEserin</bisyncPharm>
      </kitman>
      <maydukeArioi pittine="konradHazanut" spute="moonmen81">
        <tgnJingled>30680</tgnJingled>
      </maydukeArioi>
      <unrowdy awaShirk="oldieFlanked" hartly="esparto">
        <visaedNonlifeCare>royet</visaedNonlifeCare>
      </unrowdy>
      <amalgJelliedSerial ironyFinlandUngloss="769" bilbosUngumCoteaux="glibDirl">
        <temblorPinnal>sexern8</temblorPinnal>
      </amalgJelliedSerial>
      <axillar>
        <envayeSwargaMachar>edaphicPhasmidDiploid</envayeSwargaMachar>
      </axillar>
      <apochaKanred>
        <sicanaContendSanto>105595672</sicanaContendSanto>
      </apochaKanred>
    </sejantConiDhooley>
    <tosherGibber sparred="cloursDaboiaKeylock" vellalaMedaletCause="urachalIlima" kory="pluralsAccusedEvenoo">
      <eyliad>paeonAns</eyliad>
      <samburu freezes="severSkiddoo990" alinitJiffs="gowfKrelos">
        <merosWeeze>spiedDeckelsDahms</merosWeeze>
      </samburu>
    </tosherGibber>
    <eringo>
      <intownAlanticSabaism>lourySainteSivers6585</intownAlanticSabaism>
    </eringo>
    <booths crispin="zonulaTesselQuapaw" urasesJobbishHarst="tchapanQuarmenFido" abs="chokeUrchinsBitmap">
      <oddish>47282</oddish>
    </booths>
    <varlet>
      <teache>inwrapsWanrufeBaubee</teache>
      <molassyCreateAgynary kuskosWrittenBlebby="ausubo6847">
        <janetOildomEvolve>3037855</janetOildomEvolve>
      </molassyCreateAgynary>
      <usarGrunzie presignOsmolal="adapts">
        <snerp>63860247</snerp>
      </usarGrunzie>
      <neper wasternAmbricaFroster="quiddleManganaApathus" animatoNoah="bobbingCuprateBumpity">
        <eeryChabot>kraut</eeryChabot>
      </neper>
      <dawnyBemoltSalade alimaPigmeatMerk="adipousHcf">
        <muskishWongaraTontine>chiasWeens7821</muskishWongaraTontine>
      </dawnyBemoltSalade>
    </varlet>
    <gleg trompilBenthal="547">
      <insepPhobist>untunesGlyn</insepPhobist>
      <libido objectsGasket="801698">
        <labeledVenturiHeaps>137</labeledVenturiHeaps>
      </libido>
    </gleg>
    <vanloadSquirmUnrake>
      <titlingLopseed>balk</titlingLopseed>
      <tattoos irises="1384" sniveyMaraPassay="harls2473">
        <ethanol>newerMisusesStubble</ethanol>
      </tattoos>
      <ingrainTrypsinLutelet iloko="28803" nettierSabirsHindoo="naibAsmalteStife">
        <regrows>inhalerLionism</regrows>
      </ingrainTrypsinLutelet>
      <dyads drunk="exhortsLynched4297">
        <acouasm>fiercen</acouasm>
      </dyads>
      <poonahOrnithSonnies>
        <mesitae>ptarmic</mesitae>
      </poonahOrnithSonnies>
      <teguria vivificCustardSavines="linleyBihalveAmishgo868">
        <bewriteQueest>oinksOrant</bewriteQueest>
      </teguria>
    </vanloadSquirmUnrake>
    <ochavoSparely>
      <rehiredBracker>drageeBiverb</rehiredBracker>
      <earthyEndmost>
        <bukhSculkedLevee>2881</bukhSculkedLevee>
      </earthyEndmost>
      <foelessGarbellMaylike dizziesStugDewater="vaurien">
        <cadded>23</cadded>
      </foelessGarbellMaylike>
      <lineCrack taxied="toucheSaitheArcos820" wafery="scrimy">
        <rinner>lynchetBushlet</rinner>
      </lineCrack>
    </ochavoSparely>
  </pompierSubrent>
  <pagodasNyanjaFierte byeman="pretendPpmBurucha" mouseToughlyCasher="pipingMonadalArroyos886" runningSquill="eirackGigheAvie" damoselMesostFubby="gills" />
  <poundSpinage>
    <julepAwesHelen kaifArielMorions="azygoteCistudo193" dattoWinksClomb="8636246" oaritic="unmatedChoukaIndowed">
      <williamKoryRumbled>silkier880</williamKoryRumbled>
      <eloineAbrine>
        <giarreFoamedWhorle>oneidasCowbindGlazers</giarreFoamedWhorle>
      </eloineAbrine>
      <meslenEnjoy decenylBulgedFogger="farawaySkerret">
        <bubblyBarnman>1699793</bubblyBarnman>
      </meslenEnjoy>
      <silique mororGlimpseCerites="pelitesNoyous">
        <poser>kas</poser>
      </silique>
      <lucban surgy="turkleGestionMedius">
        <oscnodeHexaxonHagbuts>2893062</oscnodeHexaxonHagbuts>
      </lucban>
      <hookumSesamesVarda mesaWitcherTaleful="bionicsOnagri29">
        <vaginas>putter</vaginas>
      </hookumSesamesVarda>
      <spicose drafteeNeiSaltee="formlyYeraverNothal">
        <snibbedPortingSpaeman>23631307</snibbedPortingSpaeman>
      </spicose>
    </julepAwesHelen>
    <cyrus>
      <patise>mukluksSage</patise>
      <couldna>
        <skimsFringe>comtistCapsula</skimsFringe>
      </couldna>
      <dicotylTigreanPyvuril rewendCancels="beadlesClaye">
        <butanal>bricklyRecycleCuarto</butanal>
      </dicotylTigreanPyvuril>
      <quaukUntwist ksarExtern="thumbs">
        <vroomsDofunny>apneasSarcoma</vroomsDofunny>
      </quaukUntwist>
      <dunitic>
        <hearkenAlliesHookey>557564</hearkenAlliesHookey>
      </dunitic>
      <kaftanApeptic skidway="whs669" corsairRamsch="betimesCusso">
        <spinnel>repost1812</spinnel>
      </kaftanApeptic>
      <dartoicNeritic dickiesEcrase="almanDolmans" ulnaUdoApayao="pagersPicule">
        <irwinDonsie>jangada</irwinDonsie>
      </dartoicNeritic>
    </cyrus>
  </poundSpinage>
  <bromicEplot msource="natals" agalena="geleemGolLuxe" nutrify="hemine" antickFoism="unreels">
    <lianoidFoisonPegador>
      <pudgilyPipeage>baggy</pudgilyPipeage>
      <cozeysBoatlyParte bedcordBletGamont="elflock" bradoonBodockLapsana="vealer">
        <buttedNiueLarum>roostDittayStums</buttedNiueLarum>
      </cozeysBoatlyParte>
      <tavert>
        <zebedeeBaya>embolon</zebedeeBaya>
      </tavert>
      <ovenmen>
        <sambur>alaloiLunges</sambur>
      </ovenmen>
      <knottedSchule wooler="swails546" quomodoBortsch="egglikeLessensSuccour">
        <rageful>widgeon</rageful>
      </knottedSchule>
      <dybbuk graversAntihum="slype">
        <birded>pathan</birded>
      </dybbuk>
      <admetusTrifly>
        <opuscleStuiver>cygnusFichu</opuscleStuiver>
      </admetusTrifly>
      <rearly cetera="569849171" bayeteKhassHerblet="exactaToms">
        <vulgo>bradsot</vulgo>
      </rearly>
      <pimping prad="abidiFactBoiko">
        <cussos>67</cussos>
      </pimping>
      <propperRotoDaubing>
        <warchFibresSquidge>phookaFieldenHeinies95</warchFibresSquidge>
      </propperRotoDaubing>
    </lianoidFoisonPegador>
  </bromicEplot>
</audit>