<?xml version="1.0"?>
<salteryUnbankShuff>
  <mutatisUnioid risque="pycnicAlburnShays9127" foreign="kantryCaranna" />
  <atacticPummels mudpackAubeStickel="quemeIdylian" gonia="gophersTavastProps">
    <weeweeCoonier>
      <lambkin>rodded7</lambkin>
      <wheezePrineVikings uppushTintack="collegeInvised" secantEstops="sansarPyridylVerray">
        <catererTanseyAweless>230884268</catererTanseyAweless>
      </wheezePrineVikings>
      <isoamylAsearch polewig="darapti" windled="dumpishTimaua486">
        <idiotsAthort>soulx4</idiotsAthort>
      </isoamylAsearch>
      <hodful>
        <ascape>resedas</ascape>
      </hodful>
      <ellops obeyeoAcacinQuarles="unfluidTrench3">
        <wagonedSemiurn>impsBreengeVaporer</wagonedSemiurn>
      </ellops>
      <phononsBeadmen amanitaCabinsFinery="331738072" fakeers="holyIncomptOculli">
        <jinjaNudnick>towanBungedBoutre</jinjaNudnick>
      </phononsBeadmen>
      <bobecheMusgu>
        <chymaseLazaryReavow>hulsterSneaked</chymaseLazaryReavow>
      </bobecheMusgu>
      <stoury>
        <aget>plasmPronelyLuller</aget>
      </stoury>
      <alister scrievePurree="pelta" commonSnapyMiskeep="bogomilBreachy">
        <agadWantonsSonovox>202507</agadWantonsSonovox>
      </alister>
    </weeweeCoonier>
    <askoyeValois alure="bima" squozePlackDisci="grasni" cakeUnexact="eveckBarboneEphedra">
      <intros>mottoesUpgapeOchry</intros>
      <scarola euclea="tholosRutileCairds">
        <ammeosAchooGossep>287014</ammeosAchooGossep>
      </scarola>
      <dilleskBrickWongara fatalesEscaTelang="ullBenisonMavins" exhibit="tangledBismeHoys2355">
        <hugsomeLassesAlaite>boxfulBrowsesDonkeys</hugsomeLassesAlaite>
      </dilleskBrickWongara>
      <windlesSmeuseOutswum>
        <pompistAdvFames>2</pompistAdvFames>
      </windlesSmeuseOutswum>
      <bimboes ginzo="drawerResewedMulcher">
        <lotas>7</lotas>
      </bimboes>
      <parols>
        <lulabimHistoidDefect>amalic</lulabimHistoidDefect>
      </parols>
      <selReeden berneWrithedUucpnet="sau" abdestLlareta="capsaRoemersBerger3527">
        <piquets>greundCuppingSycock</piquets>
      </selReeden>
      <saharanPocillDarrell tangoedFool="peguan">
        <bosker>jozy</bosker>
      </saharanPocillDarrell>
      <adamantEkename bongsIsander="shaktis" quizzesKakatoeAlmaine="pukyScamler">
        <normanArmitFreckly>plebbyAsudden326</normanArmitFreckly>
      </adamantEkename>
    </askoyeValois>
    <merelyArmsizeFurnish>
      <epoptCfd>gconv</epoptCfd>
      <nikenoEnew rebentThuan="4797419" archieCamletDjehad="97040108">
        <deafest>zhmudVaguiosXix</deafest>
      </nikenoEnew>
      <dogshipDroukan pleonal="nonfluxLinecutEfforce">
        <marSlungRrhiza>djebelImpartsImage</marSlungRrhiza>
      </dogshipDroukan>
      <karenPirrie>
        <laughyPhiz>5996</laughyPhiz>
      </karenPirrie>
      <lippyMatronTommy>
        <leonid>apnoeic2063</leonid>
      </lippyMatronTommy>
    </merelyArmsizeFurnish>
    <edmond>
      <skepful>pitangaBloopLoric</skepful>
    </edmond>
    <noh>
      <beepedEnrheumWangun>kliegDrabbleLesya</beepedEnrheumWangun>
      <baske dradBoneletJube="vicarly" hans="laith">
        <cattierMunsStartly>pepsine</cattierMunsStartly>
      </baske>
      <cherishZingara filth="8" soddierRollmop="pluckNereite">
        <hognoseOwenQintar>tahinDrumler</hognoseOwenQintar>
      </cherishZingara>
      <pulli tynedFaminesTorts="karosBouvierFleuret" begorraDuopolyBracket="cskDewans">
        <ostomyEsdras>84351</ostomyEsdras>
      </pulli>
      <unbrentFinis bantusRamrods="padfoot" pimentaDevoutDenote="stertOpposeManjak5">
        <insepJokul>assai</insepJokul>
      </unbrentFinis>
      <runbackLegoaActos>
        <kephirCyans>ghafirFielded</kephirCyans>
      </runbackLegoaActos>
      <redfin>
        <sozzlyBoba>fleshlyMetumpsMaire</sozzlyBoba>
      </redfin>
      <henbits>
        <filicic>naniticCawnie</filicic>
      </henbits>
      <ribbers maynt="holloaPassado" gales="bootAssizer291">
        <delphNgapi>timing7</delphNgapi>
      </ribbers>
    </noh>
    <ediyaSumass postmenLugsail="vaudismFuguing">
      <sparryFitweed>soyate9</sparryFitweed>
    </ediyaSumass>
    <warday forefinOatseedHyalins="9712" noshers="cuveGreenuk">
      <harpersMetiers>realistHaveralJerreed3793</harpersMetiers>
      <sesamePelerin unbarsTipcartNepotal="rebusCobbler" rainierBushwa="ostlerVyingHydro">
        <platsDadaismCoelho>whittleSpiceDynam</platsDadaismCoelho>
      </sesamePelerin>
      <cattishLookup polypodBattery="eight" empexaSlangyWoodie="sauve">
        <dwining>50517343</dwining>
      </cattishLookup>
      <enabled bowingsEnologyElmwood="tenches" thaness="barmen">
        <unblest>reheelEpigeic</unblest>
      </enabled>
      <panfryMiskeptFloey gidyeaLocoman="adviseeOnerose44">
        <gedrite>19</gedrite>
      </panfryMiskeptFloey>
      <coasted knapeVermis="521">
        <blawnOcimum>carnal</blawnOcimum>
      </coasted>
      <dandaLenin>
        <knospFordo>enduredMeeds</knospFordo>
      </dandaLenin>
    </warday>
    <deplore>
      <exuding>plodderSeelingDiobols</exuding>
      <luteo miae="coosers29" symbolsPaleogSayest="olchaBroidCaitif">
        <gravata>5141604</gravata>
      </luteo>
      <asportLeechesEbraick aribinApnea="congeed">
        <costly>bacileCumacea9</costly>
      </asportLeechesEbraick>
    </deplore>
    <erasedSteevedUveitis>
      <dabbedRevary>unbungReptile</dabbedRevary>
    </erasedSteevedUveitis>
  </atacticPummels>
  <coenuri rastikCecrops="vamperToller" neifYirrs="zipaGippy" thug="tawieFlog">
    <connoteDarb>
      <fond>swisherPugreeAdverbs96</fond>
      <atwitchBarrels>
        <evectedHod>seemed</evectedHod>
      </atwitchBarrels>
      <sekhwan>
        <toftZostersExiting>wittierLustyDegames</toftZostersExiting>
      </sekhwan>
      <bamothCookieFlutter>
        <impliesHoundsBurlesk>radio234</impliesHoundsBurlesk>
      </bamothCookieFlutter>
      <paba abd="86852">
        <poonceLampoonSeptime>gave</poonceLampoonSeptime>
      </paba>
    </connoteDarb>
    <cowgate>
      <unnoseDoggishVaudy>464</unnoseDoggishVaudy>
      <bletted pelesSternadMerci="bortzesGorfly1">
        <egallDelicti>sinners</egallDelicti>
      </bletted>
      <muffleLippie bespend="unpiousTui">
        <potiPochardCrooch>liedLetchyWindrow</potiPochardCrooch>
      </muffleLippie>
      <psalmy orthianHumphed="langelWamfle" uploomTatuShem="causae">
        <rexen>girsleDsectsRequeen</rexen>
      </psalmy>
    </cowgate>
    <tramelTellee>
      <aliteLadang>dreegh</aliteLadang>
    </tramelTellee>
    <zaparanCutlingAnxiety crapedSnaredCestui="psoraPopuli">
      <gorsierMappistSepium>uakariWhortleWace</gorsierMappistSepium>
      <lanai oddestBlusherLautu="meeceNiggleScythes">
        <micatePatroonPathema>kantar</micatePatroonPathema>
      </lanai>
      <gudgeon nubileSlaty="componyBunsen" cauchoBedashSchwa="strawenUraniid595">
        <mutualsArctian>29114</mutualsArctian>
      </gudgeon>
    </zaparanCutlingAnxiety>
    <saidi sowed="boldoBondDrevel">
      <millniaInfernoCowdie>spinousOxazineCairny</millniaInfernoCowdie>
    </saidi>
    <dcbname>
      <falernoPaloma>beewortSawnie</falernoPaloma>
      <gains disloveEvertedSubecho="jamiPearten" cuitledGuleCaloric="compelGery435">
        <almehs>bribeesIndiciaSlivery</almehs>
      </gains>
      <knowing>
        <guddledBespinFasting>bedmateExesChalder</guddledBespinFasting>
      </knowing>
      <cenobeCrypt unlisty="arrives">
        <loudensBemoltTroic>bondmanDinkly</loudensBemoltTroic>
      </cenobeCrypt>
      <guiling which="cyclope9" hypogynMazamaTerrier="firkCablishCasquet">
        <chasingGlozes>amendsLegitsLeaving</chasingGlozes>
      </guiling>
    </dcbname>
    <spaedomMalmagCohered waverAzoriteHima="wahine">
      <pawnerQuietedSlav>imerinaLimmu</pawnerQuietedSlav>
      <alvinNooHelloes tonetteAlwiseSparver="monocot432" nattierBakingsTrawls="urgentFandom">
        <joyride>crozzlyAppair</joyride>
      </alvinNooHelloes>
      <tacksPutainLazarus>
        <pungiFumarin>1</pungiFumarin>
      </tacksPutainLazarus>
      <typhusAngieEncowl oboles="forgone">
        <nebbedAcinicDromos>aquarid</nebbedAcinicDromos>
      </typhusAngieEncowl>
      <uakariTalinumBikeway>
        <amiidaeHankyJarry>216</amiidaeHankyJarry>
      </uakariTalinumBikeway>
      <gnosticAblock mondosLowings="sowcarsTresselGated" comportTheekerEvea="scudded">
        <nomeSunns>168590</nomeSunns>
      </gnosticAblock>
    </spaedomMalmagCohered>
    <fogeRehire>
      <colchis>aboonMacies</colchis>
    </fogeRehire>
    <cibariaSpitter>
      <sabins>larrupsTares</sabins>
    </cibariaSpitter>
  </coenuri>
  <javelin langiel="nubilePraised" coquets="6396" foxchopBawbee="tautitBoyish">
    <rousantRokProcarp grilleeDefrock="disparkBimboes" ponders="wernardSadistTruths" ferrara="zaftigWovoka">
      <nichingKitman>teughParrot</nichingKitman>
      <ono steels="swims" wooferZipless="smichFoozles">
        <reichStrade>inklingArchineGenesis</reichStrade>
      </ono>
    </rousantRokProcarp>
    <orb>
      <fleabugAgouaraTenfold>chuddarAbeighMest</fleabugAgouaraTenfold>
      <sandip reviledPechsArleng="ouchEradeTabira">
        <miters>4916480</miters>
      </sandip>
      <indraft crozing="8473149">
        <foistJabberVersing>twaggerBagdiFissate</foistJabberVersing>
      </indraft>
      <buzzyDianSterns figaro="primsie" toryismSlowrieChirper="querierVadiumJumpy">
        <vaxTwp>enchairSidrachDewata</vaxTwp>
      </buzzyDianSterns>
      <dural suprSawyers="bardelMisbode">
        <reevesCasketsLazed>opp</reevesCasketsLazed>
      </dural>
      <jaglaLallyReweave bletTeeingPapilla="72175225">
        <mucosasAcerbOvistic>349814917</mucosasAcerbOvistic>
      </jaglaLallyReweave>
    </orb>
    <parify confersOrbits="varanSolatesBusier">
      <cowed>671326383</cowed>
    </parify>
  </javelin>
  <acold lipoidHarvest="twalOvereatCaked671" ambosIterum="flatted">
    <junonia>
      <sols>4329</sols>
      <jatoba>
        <bunce>983</bunce>
      </jatoba>
      <egencyBingiesLumpy eophyteRaffs="straw" troops="crofterDaphnia">
        <primsieEphebic>leslie</primsieEphebic>
      </egencyBingiesLumpy>
      <placit>
        <cholic>talukaBabongo</cholic>
      </placit>
      <labrysGasherShoers linearyGlooms="veristBacketFolsom9" unclead="zealsTrant">
        <lenityPeba>unflownLiberal</lenityPeba>
      </labrysGasherShoers>
      <schizVajra>
        <relishyThripPrs>tumionWrackedGalways</relishyThripPrs>
      </schizVajra>
    </junonia>
  </acold>
  <teapotsStably />
  <romneyaGantlet bargesBurezDenned="anomala551">
    <shotesDabitisNidiot>
      <dwinedFussily>skipmanNotaeal</dwinedFussily>
      <whoopeToftman squidsHeezy="embogEightPechan" thereupDopattaKelts="peckageGranthiPapists">
        <britonsHoofedEure>yakutGaywingLatrobe</britonsHoofedEure>
      </whoopeToftman>
    </shotesDabitisNidiot>
    <ptinid>
      <redwareNeriticCalvity>nautchSubjoin</redwareNeriticCalvity>
      <vetoersCarienGuaxima piitisThomismScriber="mealmen">
        <reliqueCliffsEggar>57</reliqueCliffsEggar>
      </vetoersCarienGuaxima>
      <senam radeurKokumGunnar="disdubDebauchDabba">
        <eringo>blackieAbelianRaphia4308</eringo>
      </senam>
      <teethyDawtCashibo bushiZestier="nonaMalaria" maheshOutwave="merlCarerDamner">
        <jemmilyPusleysTwirler>zinzar</jemmilyPusleysTwirler>
      </teethyDawtCashibo>
      <knucksFullfil mystifyDjerib="billsVanglo" bonbonsJumby="greatDspCaban">
        <gravely>851</gravely>
      </knucksFullfil>
      <ankouViversEnough>
        <lurdansFardsWeenty>chinas32</lurdansFardsWeenty>
      </ankouViversEnough>
      <pallahBannackMoated>
        <brattleSchillu>waasiSunwayGaloot</brattleSchillu>
      </pallahBannackMoated>
      <careysRisiblyNgapi>
        <epochalAntingsUnrigs>croatGaskinGameful</epochalAntingsUnrigs>
      </careysRisiblyNgapi>
    </ptinid>
    <adventDeynt recency="crepyGibbles">
      <bespitHutcher>campong</bespitHutcher>
    </adventDeynt>
    <cruiseTukuler>
      <visitaFormity>anneCindieWhauve</visitaFormity>
    </cruiseTukuler>
    <primaTurbeth>
      <baiera>19844</baiera>
      <haggishMaltolLogical sixthetHewerClove="festine91" farrisVamureChechia="coombStm">
        <desmicCritch>aerugosMetonym</desmicCritch>
      </haggishMaltolLogical>
      <shudder laronScovelFluffer="moed2" retoothTertonErasing="prizerConsumo8982">
        <paradosBurnup>draperMegabitRuga</paradosBurnup>
      </shudder>
    </primaTurbeth>
    <sclaterFiguraGingles rat="fairishScrawlyTolidin" ghattiHurf="derat">
      <fanionGarrick>lowsin</fanionGarrick>
      <pulsedKetch cystomaOneill="18713288">
        <cadwellPetriWafery>anilla</cadwellPetriWafery>
      </pulsedKetch>
      <gneiss reendow="rushenTeamanLargess">
        <abrook>culvert</abrook>
      </gneiss>
      <greyishEnoughs coluteaOveyPlague="logic18">
        <upgiveBendyHeader>kerchRuchbahReladle94</upgiveBendyHeader>
      </greyishEnoughs>
    </sclaterFiguraGingles>
    <smoked galgaPyrrylMazda="tostaoCocona73" bibbsSackbut="239" cantersCrappleReharm="waiwaiPumpingTidies">
      <tanglad>sectiveBixinFilmist</tanglad>
      <kompeniPeto>
        <illicitHaughtyUndry>flacian</illicitHaughtyUndry>
      </kompeniPeto>
      <wingsCruelty>
        <flownPrissesMaize>timbeOffered</flownPrissesMaize>
      </wingsCruelty>
      <yappWellset oxynticBolita="rilieviCallas" reshowsGelilahRife="25096525">
        <linder>bree</linder>
      </yappWellset>
      <gamedLicheesLeyden marredActors="boveyClunist">
        <acerbas>571</acerbas>
      </gamedLicheesLeyden>
      <enniaAssents>
        <upcryOrchatSylphs>nammadFlint</upcryOrchatSylphs>
      </enniaAssents>
      <tactual>
        <alba>cirrate</alba>
      </tactual>
      <dauntedGadman>
        <marrer>fouettConkerPairle7</marrer>
      </dauntedGadman>
      <grot floodedRefallFirth="4102636">
        <sistingMizraimLobelia>deedeed</sistingMizraimLobelia>
      </grot>
    </smoked>
    <moochesPoudrin corbetNoticed="bliniLoursGeodes" etrogs="icotypeDumpyYonic">
      <sailingBegrimsSobers>lustral</sailingBegrimsSobers>
      <pelikeTasbihPreve buckismFraughtParsec="atmosDexes">
        <pastyTwitchy>crabier</pastyTwitchy>
      </pelikeTasbihPreve>
    </moochesPoudrin>
    <claesDhuSemeia nonusesDudgeonTeleph="clunk" impiety="wackesLecker" eudaWavably="regoIndanDogging">
      <wakondaFino>teethPaseo855</wakondaFino>
      <tofts ascillAllo="614">
        <rumplesPyrite>marinasQuerida5</rumplesPyrite>
      </tofts>
      <outsulkEnvoisNonbook socialLoran="212531405" unmazeAmpyces="cupride28">
        <houve>8</houve>
      </outsulkEnvoisNonbook>
    </claesDhuSemeia>
  </romneyaGantlet>
</salteryUnbankShuff>