<?xml version="1.0"?>
<cressesCrub>
  <heughsButyralPuly lanternLinnet="racemed" />
  <bractsKissingDitas>
    <fuddlesGaseity>
      <bemolt>9</bemolt>
    </fuddlesGaseity>
  </bractsKissingDitas>
  <vafrous encashCamotePeltate="dimitBeatsRemet" natickLcaInlace="zillLiasonHooks">
    <epitriaPuistNeigh bown="716" dynamicCowlickAssurer="sinopiaPerula" refusalPhidian="yabaMutularWeel">
      <dourerOghamicGassed>nudeManiasWied456</dourerOghamicGassed>
    </epitriaPuistNeigh>
    <vasclaPondok erectsRotseIncompt="arcing802" bromesDottily="552278">
      <sludderGuhaLlamas>stealth</sludderGuhaLlamas>
    </vasclaPondok>
    <agones>
      <unci>testes291</unci>
    </agones>
    <epoche jinns="62053725" tiaras="3101268">
      <pudentRusse>87977660</pudentRusse>
    </epoche>
    <infusedWillowsCtge>
      <roosersAtokousGraphed>decoyer</roosersAtokousGraphed>
      <typhus plonksArtgum="624464" likest="aboardDankestGeneat">
        <armlets>crozesMiniousFiascos</armlets>
      </typhus>
    </infusedWillowsCtge>
    <giltenSabana sistersMerges="effetAppeachSetsman13" dude="sprushToysomeCyanize">
      <nidgeJewlessUnrich>reheats</nidgeJewlessUnrich>
      <diteMataco rumbly="2" serutRals="3233743">
        <friseBotonn>algor</friseBotonn>
      </diteMataco>
      <harpinMiscoinUnearly>
        <mesopic>rhypticReprobeDamone</mesopic>
      </harpinMiscoinUnearly>
      <diazinChesser>
        <caceWizzenGuttles>bosniacBewidowMala4</caceWizzenGuttles>
      </diazinChesser>
      <parsley bunsBriguedReverso="swellerOchre" omagraVonSextant="17827786">
        <iridic>hyponym</iridic>
      </parsley>
      <achoo totyman="garvie">
        <pactum>dogwood</pactum>
      </achoo>
      <gaitsEpoche prutSofts="hingeSexly" cimbalCadlockShrike="monteraCodersTamises">
        <annuityAwd>95</annuityAwd>
      </gaitsEpoche>
    </giltenSabana>
    <clericIdgah>
      <vicLukasDisorb>coryza</vicLukasDisorb>
    </clericIdgah>
  </vafrous>
</cressesCrub>