<?xml version="1.0"?>
<mahmalStasimaYojana>
  <mesobarInhaul chippie="julidPunce5" octopedByworks="beating" corinnaColmose="jarg" milrindPlying="blowzyDottles">
    <jolty bayete="gaurie" flukeGrading="sellingKyathoi">
      <upgirt>center</upgirt>
    </jolty>
    <unledNorn>
      <nightGeninCulices>lagenaeCobaltHelewou</nightGeninCulices>
      <apusWharfedAbsis>
        <exarchsMakranReacher>aporiae8</exarchsMakranReacher>
      </apusWharfedAbsis>
    </unledNorn>
    <fernBlisterTeed>
      <challahForeuseFubsy>52300</challahForeuseFubsy>
      <mirky imagedHexads="susaneeOraclesCadmia">
        <retortBurrsTrifoil>encurlHinChamade</retortBurrsTrifoil>
      </mirky>
      <micklerLileAnapest>
        <contdAlary>withnay5512</contdAlary>
      </micklerLileAnapest>
      <agoneTeutonsYouze>
        <diamido>degrade</diamido>
      </agoneTeutonsYouze>
    </fernBlisterTeed>
    <ausubos artierBiffAught="23520864">
      <branleModemsTrabea>770</branleModemsTrabea>
    </ausubos>
  </mesobarInhaul>
  <cocusFeatCutouts>
    <hurraysTortaDakoit>
      <daring>lustresMellGuarico</daring>
    </hurraysTortaDakoit>
    <arachinUncleadRelease kaleege="derriHaust">
      <tillaeaWyoming>alforge</tillaeaWyoming>
    </arachinUncleadRelease>
    <postfixAmplyWaffled>
      <overtlyPps>chawkMintUnprest</overtlyPps>
    </postfixAmplyWaffled>
  </cocusFeatCutouts>
</mahmalStasimaYojana>