<?xml version="1.0"?>
<amma>
  <gremlinLote stumourAdlay="85818447" costars="tarbleCordant" moorhen="bawdry659" calombaBeworn="apteran">
    <lenos>
      <mellitKokraSkirled>tanning134</mellitKokraSkirled>
    </lenos>
    <sumps>
      <lucrineHattiMyxine>winoDiwata</lucrineHattiMyxine>
      <morphsPoopsieHoars idletyAxlikeHaemins="bailor">
        <utile>195988</utile>
      </morphsPoopsieHoars>
      <cafoyLaccase muguetPirlMatsuri="miladiHempy">
        <outswumEyey>260152381</outswumEyey>
      </cafoyLaccase>
    </sumps>
    <stookie lingas="185869383">
      <tapirusUnbuxomMadtom>dialed</tapirusUnbuxomMadtom>
      <faunishAmouretTidings>
        <terretCaracoaJauntie>inkblotEyerGofers</terretCaracoaJauntie>
      </faunishAmouretTidings>
      <lyctidRupiahs ossificForwelk="barfulGosainDupatta7">
        <wudMaumetTrevis>mismade</wudMaumetTrevis>
      </lyctidRupiahs>
    </stookie>
    <envelop checkleObeyingElbuck="uppowocBarbu" shortenNepalDonatee="botteUnlucid" ajivika="bridoon">
      <eiryDivversUnsoft>dignityCram</eiryDivversUnsoft>
      <agropeUpspinCorey>
        <memosCacciaCholers>611</memosCacciaCholers>
      </agropeUpspinCorey>
      <soliste>
        <featishDukery>stifledAeriest</featishDukery>
      </soliste>
      <caputDrukpaLickety lafite="bedcap">
        <jacobusThairmMovies>pillarCozens333</jacobusThairmMovies>
      </caputDrukpaLickety>
      <vmsizeUrooWhammed>
        <theory>cinclus</theory>
      </vmsizeUrooWhammed>
      <beader eleciveLips="62" vocableWars="umbleTrophiBeasts1225">
        <octetsGagersMeanies>knowAscelliLod</octetsGagersMeanies>
      </beader>
    </envelop>
    <failsPyoid>
      <battelsClivias>emoloaSolaced283</battelsClivias>
      <byroads>
        <bocciasLislesObl>beauingBouetSadisms</bocciasLislesObl>
      </byroads>
      <buteneNiobean soogee="untruerErotemaPerotic">
        <argal>eeryWoad268</argal>
      </buteneNiobean>
      <exactedSploshRle oidioid="sixteTiffleBlowbys" pachuco="boswellSextosCladode">
        <seymourMelia>baffeta</seymourMelia>
      </exactedSploshRle>
      <cathayBreirdBlatted>
        <trudyBraver>liamba</trudyBraver>
      </cathayBreirdBlatted>
      <curter>
        <unstoicMelisma>rosiedJarls</unstoicMelisma>
      </curter>
      <wristsDie corpn="paegelThroned" gaming="vendage">
        <mozo>obesOnymal</mozo>
      </wristsDie>
    </failsPyoid>
    <agynousLogway unprimUnawayYogist="804" florinGivesOffs="sylvinChubb">
      <narrKeftianPungent>ripensVibeWithsaw6</narrKeftianPungent>
    </agynousLogway>
    <micellaSoakerChukka taxis="beltianMumjuma" tellingTelex="rubbedTussah" fossetMss="gnawersNoctuaeUnvague">
      <feastsAssedatIlluder>weeped198</feastsAssedatIlluder>
      <namaz>
        <sinsionCowper>59086</sinsionCowper>
      </namaz>
      <torreyaUla>
        <peropus>shewed</peropus>
      </torreyaUla>
      <mand>
        <zilch>7384146</zilch>
      </mand>
    </micellaSoakerChukka>
    <diadema>
      <carauna>douche31</carauna>
    </diadema>
    <glansPugs>
      <encycThisbe>811775128</encycThisbe>
      <nachasChinchyKacha>
        <bedumbsPlatingHobby>balanicArenous</bedumbsPlatingHobby>
      </nachasChinchyKacha>
      <pahlevi locatioPavy="medley">
        <fraynPixel>151321847</fraynPixel>
      </pahlevi>
    </glansPugs>
    <espanolWaffleHewgh cimbia="reddedDesmoma" toricCentesmRiglet="raconsLocn" cuinagePicarosReeds="escheatAsarin">
      <dicebox>gimletyPeltate</dicebox>
    </espanolWaffleHewgh>
    <maumeeHaspedAyuyu restiadOutweepSinon="indeedy">
      <malls>67347789</malls>
    </maumeeHaspedAyuyu>
    <moveRunes>
      <keratReddingIndians>917233728</keratReddingIndians>
      <carbene besaile="papagoBettingCubito449">
        <vexable>boosBlatsPelu65</vexable>
      </carbene>
      <swoundDooleesLobbies>
        <keerieLacunar>fawnierBenzoicHodmen</keerieLacunar>
      </swoundDooleesLobbies>
      <mung oversadCoy="deskmanCoeff" hanifAestus="sparily580">
        <kouSaltyMedlar>rezoneSuccubaLipases</kouSaltyMedlar>
      </mung>
      <vintryPoleyn>
        <cascolAcetaryHautain>724676781</cascolAcetaryHautain>
      </vintryPoleyn>
      <agismsUnfainSejeant>
        <bills>restive</bills>
      </agismsUnfainSejeant>
      <seizingVexilsGambier>
        <rechipInkwell>kyrineBausonInsite</rechipInkwell>
      </seizingVexilsGambier>
      <goondie>
        <glideThouing>wearyJoni</glideThouing>
      </goondie>
    </moveRunes>
    <zattareSphexDropman>
      <pagumaGoonOverlet>gunline</pagumaGoonOverlet>
      <caratchOutwickCarduus>
        <slaveysCornfed>thickerPolarlyGlick</slaveysCornfed>
      </caratchOutwickCarduus>
    </zattareSphexDropman>
  </gremlinLote>
  <spading posnetReload="asepsesPhoridHadjis" mudheadSilkmenPoesis="beadPiniteGoelism" />
  <tetractKynurinCpm rhagiteHelzelErode="4611" runnierGaon="970778081" nonoralBeatusDiluted="debyesCramblyLargess" />
  <twitterPartitaRezones mersionChumpy="judoka" burley="neumsColpusStret" gougedGlibber="bobet" pythiasOutwar="irrealDuncify">
    <zymicDentilsPoinard>
      <jenineMartiusModius>abaiser</jenineMartiusModius>
      <sestina yawnful="groutedRarebit" habbubZabeta="cavemen">
        <smeek>talkeeEuryte119</smeek>
      </sestina>
    </zymicDentilsPoinard>
    <dzoGaiters oxbaneMeaseSunless="sheolic">
      <tohunga>heliumsTickle</tohunga>
    </dzoGaiters>
    <dorey>
      <unaidedSmitingKaph>epiuralPassoThrower5298</unaidedSmitingKaph>
      <payniBriniesYounker aldayEpenla="toyosKelpingHafis">
        <zymePiranha>devicesArain</zymePiranha>
      </payniBriniesYounker>
      <guaraniOlesKanawha ochone="770" malletsCotoniaEsplees="unseal9159">
        <orenda>bransMistify</orenda>
      </guaraniOlesKanawha>
      <geraeraGaragedSaunas taxedNitriry="atollsFactishMurra">
        <gippingOgtiern>iraqianMiddy</gippingOgtiern>
      </geraeraGaragedSaunas>
      <akongePandle>
        <piewifeResist>chalahs</piewifeResist>
      </akongePandle>
      <unpagedSawmanBetake azulejo="kochabPiefort79" archaeKnopAswithe="outwillPhpht5019">
        <adsorbsRunoffsUnpapal>rasherUrnlike</adsorbsRunoffsUnpapal>
      </unpagedSawmanBetake>
      <motlier typhaAloutSolgel="ekhimi" dispelKhalalSansara="gravingScreenBabiana">
        <amomal>9</amomal>
      </motlier>
      <geirKolsun chait="pupping">
        <clavuviCarpool>mercatFerallySold</clavuviCarpool>
      </geirKolsun>
    </dorey>
    <surnounTachi>
      <autonym>moitBimahsPanics436</autonym>
    </surnounTachi>
    <wrayTiptoes wakedBluey="sercialSeatronWinful" rigoursAriadne="crowdyLomenta" biconic="mustifyFourre">
      <axiomGros>63</axiomGros>
    </wrayTiptoes>
    <cate>
      <tequilaBilicSeletar>adnate</tequilaBilicSeletar>
      <patballMissishElopes undines="2" dedendaBoyhood="wasntThetinEros">
        <mailedSublid>46232884</mailedSublid>
      </patballMissishElopes>
      <nasuaEjectorSpionid seppaThickenUnvicar="emirs">
        <orgamyRosetumRoyal>654178</orgamyRosetumRoyal>
      </nasuaEjectorSpionid>
      <cummockTaglet>
        <pluff>werenBestian</pluff>
      </cummockTaglet>
      <remeant>
        <truths>subdue</truths>
      </remeant>
      <nonactPartiedDinkies lear="atimonUnzone">
        <beloid>bandy</beloid>
      </nonactPartiedDinkies>
      <belledPintail durezzaIntends="broid" hibbinKaliIncurs="idolousHardierIsozyme">
        <adopt>tesselKingMyrtol</adopt>
      </belledPintail>
      <sejantKitschLagoon paginal="recede3" psyllidBatableEpoptes="magesDizziedVerves">
        <anonOuzosFruggan>kartvelSkartEmigree66</anonOuzosFruggan>
      </sejantKitschLagoon>
      <lairedRockerRascal>
        <rutuliAlanginArpent>420429</rutuliAlanginArpent>
      </lairedRockerRascal>
    </cate>
    <spoorKniaziFronde>
      <signoiSmokish>copyist</signoiSmokish>
      <haf siltierSleeklyConvell="reliantAureoleBezils" unparchExsertPoldavy="galletaAweingCoragio1">
        <zoilismTogtOgaire>bleepMerghClamb</zoilismTogtOgaire>
      </haf>
      <chirosNuzzles seldorWildedUnsued="dinmontSubking">
        <corchatWolfingLanais>macule</corchatWolfingLanais>
      </chirosNuzzles>
      <toad snirt="cureCyrus" betowel="415292745">
        <nignye>6</nignye>
      </toad>
      <pronto celloidOwen="788" panganeEclogic="8843">
        <soapingSoftestMatzahs>55</soapingSoftestMatzahs>
      </pronto>
      <dartlePrivantWauked lapland="youpDobberEnamine" unwarnSerrai="2616">
        <traitRit>flybookSamuinFuses</traitRit>
      </dartlePrivantWauked>
      <amice>
        <smarmCouponsLondres>7137</smarmCouponsLondres>
      </amice>
      <bauson botlingCajoledHelpful="847398" voucherXyris="kelder">
        <pantoum>saltish</pantoum>
      </bauson>
    </spoorKniaziFronde>
    <adviser elevatoCrammed="biggieStephen" scepticSupremoOcotea="62">
      <pained>tubal</pained>
    </adviser>
    <borshtOtic>
      <gamdiaLuxates>maraudSculledSlipe</gamdiaLuxates>
      <leeshyyClons>
        <anteal>apronsDonskyCapataz</anteal>
      </leeshyyClons>
      <herding saneFowlingScrunge="shinyFuder" krubisSimplyTornesi="bonita">
        <trick>robhah</trick>
      </herding>
      <hooverTrumphSobber>
        <pathsSarsa>gogos</pathsSarsa>
      </hooverTrumphSobber>
      <mether hamming="reform">
        <ohiasFaddierLeat>waivesDeash</ohiasFaddierLeat>
      </mether>
      <outr>
        <guiac>erethicEnure</guiac>
      </outr>
    </borshtOtic>
    <clivisTalkful angaryWlecche="yahgan">
      <fesels>apprend</fesels>
      <tsimmesPerineaUncomic>
        <jaipuriSirocco>homarus</jaipuriSirocco>
      </tsimmesPerineaUncomic>
      <snailedFadgeInteger>
        <parlish>81407</parlish>
      </snailedFadgeInteger>
      <clallam>
        <baitersBuro>pia</baitersBuro>
      </clallam>
      <wakenSegniYield>
        <tighterCorny>desmonPedder2013</tighterCorny>
      </wakenSegniYield>
      <ripple>
        <nawlePalms>cyclope</nawlePalms>
      </ripple>
    </clivisTalkful>
  </twitterPartitaRezones>
  <soupsChiddenBlitz ditherPolyveFlowoff="korakan" apishTamponsCarvyl="tatianJailishPanels266" kutchinLavabos="poopLovable">
    <casetteTune corahWallopsOlamic="resteep" lenapeBrythonBygoing="17" usuryChrotta="zonites">
      <quintalDigram>beigyAgen3384</quintalDigram>
      <tirlMacaber scopetMimeoed="41580011">
        <gripersTelangMoronic>sipsLoculedAramu</gripersTelangMoronic>
      </tirlMacaber>
      <putidly>
        <liasGorra>falsenAbacate</liasGorra>
      </putidly>
      <catsupsFollisHabbe>
        <paquet>drateAmmer</paquet>
      </catsupsFollisHabbe>
      <reddish>
        <mappyIrking>pincher</mappyIrking>
      </reddish>
      <oarweedBreesFundi heme="gaggeryDrawboyHowdie" skepsOufStylets="musk">
        <miaousExquire>debarkVodkaUnhelp</miaousExquire>
      </oarweedBreesFundi>
      <licuriBekissGlasses knurledTherell="zagaie">
        <kinnorCpus>hydraseRacoonsTophphi</kinnorCpus>
      </licuriBekissGlasses>
      <brekkle pluvian="gazaniaSubicle">
        <tubbersEsth>30</tubbersEsth>
      </brekkle>
      <allose thorter="90238572">
        <cangy>pausal5</cangy>
      </allose>
    </casetteTune>
    <yelekResshotSmelter>
      <dempneEmbrueGoncalo>watcherGedds</dempneEmbrueGoncalo>
      <diaene>
        <kababs>3628</kababs>
      </diaene>
      <siccanAttaboyGrit cockups="recrewSquawsMaiidae">
        <indogen>dilatesAuroral</indogen>
      </siccanAttaboyGrit>
      <iodineMarionCoucher bogwood="exactly">
        <lippers>936665</lippers>
      </iodineMarionCoucher>
      <deciduaMuseistUppiles>
        <moslemsFacultyCaraboa>agelongPekingProle</moslemsFacultyCaraboa>
      </deciduaMuseistUppiles>
      <overwet ordures="ctene">
        <triblet>reivedLaveer</triblet>
      </overwet>
      <tubuliEel fanny="dirgie3" shackNak="entone">
        <cristiCadgily>vituperAidsHairier</cristiCadgily>
      </tubuliEel>
      <hewingVotyak eelcakeEjidalChaser="abluent">
        <salolSalvo>pifflerTaught</salolSalvo>
      </hewingVotyak>
    </yelekResshotSmelter>
    <vacaturBrattieSpintry>
      <siskinsLoliumCondom>deicersRigsbyRoadman</siskinsLoliumCondom>
    </vacaturBrattieSpintry>
    <atourShune>
      <mockupsZoopsiaRumply>vihara42</mockupsZoopsiaRumply>
      <sweptCalloo clumsy="caecumZoganXylite" syncFriskleSteg="ziphianGritterImbrue">
        <cashoosMeanlyHeirs>5866485</cashoosMeanlyHeirs>
      </sweptCalloo>
      <thrown scioltoFungalEnnage="haab" fonduk="upbandApitpatIdoism">
        <manning>8297</manning>
      </thrown>
    </atourShune>
  </soupsChiddenBlitz>
  <misstep affraysKayos="puttooUitDoeg" booteesMatsterTallate="reheelsPruner9337" conuzeeShopmen="rebore" fructusBludged="rissianSteghSahidic">
    <toddickWlench sellate="amylan" scoonMaresEnduros="flit" doggrel="fussleStraticMidguts">
      <whatzitWiving>tillingDoesnRea</whatzitWiving>
      <layouts gaboons="radulae" floytKadis="jinkTekedye">
        <bucklumGatingExpunge>adaptInfestsBypath</bucklumGatingExpunge>
      </layouts>
      <fains cavemanBewriteTaminy="230">
        <porgyChiurm>repunch</porgyChiurm>
      </fains>
      <juncusHimple bugbane="loiterPleioneUnwaged">
        <beflap>koan</beflap>
      </juncusHimple>
      <gaseity>
        <pmsg>gowpin</pmsg>
      </gaseity>
      <mickiesJabers inbred="acridicAgrised" taryardCourlanMotific="198078">
        <karamu>paths</karamu>
      </mickiesJabers>
      <muon uniquer="981076" jumblyCuffing="57723992">
        <untewedConinsHushes>honorerExsurge</untewedConinsHushes>
      </muon>
    </toddickWlench>
    <reviled>
      <kvinter>ratine</kvinter>
    </reviled>
  </misstep>
  <rammi onlessRaxingAlw="tylosisQuellDoored" refix="reurgeIndowCrig" ducBeddedBroses="jumbuckPerten527">
    <sufferStound errorViliScaped="oddity">
      <priapicLoselDucs>628511090</priapicLoselDucs>
    </sufferStound>
    <cineolLabium>
      <aconicVaumure>brosyPerean7434</aconicVaumure>
      <pandura famulusTex="kouzaDiedUbussu472" golilla="enlistsUnobese4">
        <aciculaHoga>ciwies</aciculaHoga>
      </pandura>
      <ungeltAmbosGrassie midiAloed="duplexsEjectee" fearTomcodsRework="otacustSudsmenTensor">
        <ulexineNihilSemsen>refiresElicits</ulexineNihilSemsen>
      </ungeltAmbosGrassie>
    </cineolLabium>
  </rammi>
  <ilionPontonSeebeck draughtThankee="pencheHacklePilaffs" intice="5285967">
    <knitsKamichiEndevil>
      <eluentTowelGymel>elixateHaulingReined3</eluentTowelGymel>
    </knitsKamichiEndevil>
    <mowing cohanim="morella">
      <eludingWhidsChivage>gyp494</eludingWhidsChivage>
      <cobbierAbolish hexylRifflerImplode="523642362" savin="nethHimne">
        <meileGanoine>subportHarijanOar</meileGanoine>
      </cobbierAbolish>
      <aggro heehawHuffingRubaces="20">
        <namTortesPdq>7846</namTortesPdq>
      </aggro>
      <mips morphic="101" patgia="morphoSurnayNiggard">
        <corradeCuredWhau>lagunes</corradeCuredWhau>
      </mips>
      <cotte quasarCesiumTanjib="talukasBrazee4048">
        <burga>pipid</burga>
      </cotte>
      <macies vacuum="lappishShoalyUnhasp610">
        <wheezed>keechYacks</wheezed>
      </macies>
      <jerryAgohoBoldest>
        <muscatsLottieFruity>lyanceChileanAsiarch</muscatsLottieFruity>
      </jerryAgohoBoldest>
      <gershomMolifyLatcher ramesesAmoved="miltySpookedOutwits" helluvaTeskereGrenade="trowelsMiazine7">
        <kinbotUnthink>faeryUppluck</kinbotUnthink>
      </gershomMolifyLatcher>
      <moonerChiao pitying="316">
        <cobnutsZayin>feuagePrimar</cobnutsZayin>
      </moonerChiao>
    </mowing>
    <bestillContosFlacker>
      <faba>24</faba>
      <regraspVeddoid>
        <tirret>octineTippeeSemicup</tirret>
      </regraspVeddoid>
      <emydian>
        <bursateMonarchIvorine>cumaraWheysSlagged</bursateMonarchIvorine>
      </emydian>
      <unslotPutrefyTenia>
        <anoineGanev>jackalsFascial</anoineGanev>
      </unslotPutrefyTenia>
      <abollaeRustlerMestizo>
        <ajeeAgnusesUncouch>peckish</ajeeAgnusesUncouch>
      </abollaeRustlerMestizo>
      <pdl>
        <usersTootsy>shily</usersTootsy>
      </pdl>
      <smaragd degauss="smolts">
        <warrenHarsletMikrkra>walesExurbanAinu6</warrenHarsletMikrkra>
      </smaragd>
    </bestillContosFlacker>
    <versantNonlife>
      <kandeCurred>unipartIzle</kandeCurred>
      <rightoTeckTatchy>
        <uranate>bura</uranate>
      </rightoTeckTatchy>
      <awlsFail brandsDonBeinly="udic708">
        <prenameHighway>marrersStaplesRarify3820</prenameHighway>
      </awlsFail>
      <gabriel>
        <cumhalHereofSmerked>squoosh8</cumhalHereofSmerked>
      </gabriel>
      <ruelliaTangosLaith>
        <whammed>diademaMenadic</whammed>
      </ruelliaTangosLaith>
      <shoats>
        <salivasSisel>458</salivasSisel>
      </shoats>
      <gerardEnjoyedCretics>
        <neonAlliceTsatlee>easies</neonAlliceTsatlee>
      </gerardEnjoyedCretics>
    </versantNonlife>
    <ratatat sleazy="5300">
      <xed>glairy</xed>
      <ranalPiotrZaphara kouzaCirclesAcone="mooning6">
        <von>tetricRisperSignum4</von>
      </ranalPiotrZaphara>
      <wagwagMidnoonComales smackeeUnmadeCeloms="kenloreCauk" clarkiaCondosFours="28">
        <signets>doutousZapMongst</signets>
      </wagwagMidnoonComales>
      <encoreElapsed vetchesDeejays="boccaroLitasMosaism">
        <oxboyUnduly>hotelRerisesAscula</oxboyUnduly>
      </encoreElapsed>
      <tritelyBikie avisForedidCooly="tuchis" oilcase="outcaseOsmesisBlouse">
        <kumisStiffenChickee>reboardUncamp</kumisStiffenChickee>
      </tritelyBikie>
      <precesDudaimGuises>
        <ruckseyFleckerRonga>945994</ruckseyFleckerRonga>
      </precesDudaimGuises>
      <jumps>
        <abatersDauntUnsilly>tearpit</abatersDauntUnsilly>
      </jumps>
    </ratatat>
  </ilionPontonSeebeck>
</amma>