<?xml version="1.0"?>
<roaredElope>
  <copingPriggerTachist cutesNeozaAlight="kaonsBullety739" bocciaExcuser="sujiCajoles" />
  <skirtedCaviarCarpet cowshotEquinal="wivernGassing" copyistSloughyKeup="scowl" spug="99998">
    <amandeUnlock vervesFlybook="flimp" marDeplore="5" tephrasVistlikTruest="caraboa">
      <epopSoupconLeaped>uitBurbled</epopSoupconLeaped>
    </amandeUnlock>
  </skirtedCaviarCarpet>
  <roilingGlarier />
  <snazzyAlpinia torpifyAid="yellsDucalTigtag27">
    <vessesWarran>
      <swaying>tiao</swaying>
      <garfishAugererSnaws>
        <londEnwoman>sprainsBait</londEnwoman>
      </garfishAugererSnaws>
      <suzBurnoutOutdare wmkHugyKali="molman">
        <chg>4074871</chg>
      </suzBurnoutOutdare>
      <wechtHebrewsVivider desktopSinicoDiem="voicing">
        <untwistBinderyAbandum>76</untwistBinderyAbandum>
      </wechtHebrewsVivider>
      <guises>
        <reddsBreeze>466717824</reddsBreeze>
      </guises>
      <smog punyHaemin="smokilyIlexBared">
        <unlawly>9876</unlawly>
      </smog>
      <chessomAdducedDemo paxesRapido="solates55">
        <stanjenJuergen>halite</stanjenJuergen>
      </chessomAdducedDemo>
      <darbha>
        <ashmanWosith>4061</ashmanWosith>
      </darbha>
    </vessesWarran>
    <senatesAmorua addnShays="splashLeekishFrugal" apartLimped="jiggleEtymons" deskmen="plassonBugles">
      <gustingFoxing>95488</gustingFoxing>
      <hyaltsJar assortForgerSwops="unitersTohungaTaxons" visile="limosiRiboses">
        <wagglySiftedUproar>600142</wagglySiftedUproar>
      </hyaltsJar>
      <iffy isletsScurry="lacersPinnelFizzier253">
        <foo>footing886</foo>
      </iffy>
      <caroubaGlossalFlam cringesDouane="372">
        <cherootLandage>38</cherootLandage>
      </caroubaGlossalFlam>
      <cuecasTantoValley saucier="isletBraggleStret">
        <dooketAndamanVanload>shownHes</dooketAndamanVanload>
      </cuecasTantoValley>
      <lauriteVerboseGeechee coupleMarts="nanmuSubiliaFinnish">
        <parbleuLookupsGauzy>manidTrogonsShikse5430</parbleuLookupsGauzy>
      </lauriteVerboseGeechee>
      <gumweedAbe sootyGas="bumtrap" fitweedBignou="overinkDurangoOutwore">
        <gittith>246291251</gittith>
      </gumweedAbe>
      <pecansHerniae>
        <pliedMphLousily>lactate</pliedMphLousily>
      </pecansHerniae>
      <haddin taringMinchenTobine="metol" nonesPaukpan="90215">
        <cormelsScalfe>69</cormelsScalfe>
      </haddin>
    </senatesAmorua>
  </snazzyAlpinia>
  <peineJammersLathes chindee="yazataJoshingLochs7766" skirretPontes="stratasWodgyBrecken" geomantLippenLamby="183652" cristyTheydHuswife="ricer">
    <impeachMommas>
      <palled>fjordsLicca</palled>
      <kibbledIthacan forletBalillaFixedly="2633871">
        <guazzo>winking</guazzo>
      </kibbledIthacan>
    </impeachMommas>
    <convive>
      <safawidAeolineEarnest>prasine8413</safawidAeolineEarnest>
      <bigotsSubformIsmal>
        <xystosAquateEnigma>cagyFarms</xystosAquateEnigma>
      </bigotsSubformIsmal>
      <husoScalar unjadedPingersOrby="indoorsAttrapPostie9" longiesMahzorStyed="friandRapiers">
        <liquorySnowishAmaltas>caroli2</liquorySnowishAmaltas>
      </husoScalar>
      <pittine tussehs="sonableNuttier" mohaTharfMourns="eleanBacony">
        <siwanCleek>637216922</siwanCleek>
      </pittine>
    </convive>
    <amirsScotistQuerido defatsSpinier="garoterCullage70" querele="powniePeluCalix706" throat="frumplePrewarn">
      <teazel>onker</teazel>
    </amirsScotistQuerido>
    <prepaysShroffsSmokey pans="wizzens" hardtopAggers="ginward" besteerRelotTressed="polleeIndowsStilted">
      <queried>tarfaSallets</queried>
    </prepaysShroffsSmokey>
    <rubbleWithPombo>
      <berakotNewbornTock>boozify</berakotNewbornTock>
    </rubbleWithPombo>
    <rumplyQuam>
      <sos>xyleticYarly8</sos>
      <salterManks>
        <fiordsRipestUnrebel>589632542</fiordsRipestUnrebel>
      </salterManks>
      <epizoalUpcut butyrBon="machree256" pajockSwarfLuxus="71824890">
        <docentsLeggedCapons>wordily</docentsLeggedCapons>
      </epizoalUpcut>
      <aerateStymieBanga>
        <broid>roarsFinless</broid>
      </aerateStymieBanga>
      <calamarLureful tungateLoveryPursuer="zillWallahDecreet">
        <chiaveNutterPommard>184757852</chiaveNutterPommard>
      </calamarLureful>
    </rumplyQuam>
    <bifrontGyrenesGoujat heder="ekisticWaffNacre" ruddock="411347037">
      <inigo>crypto</inigo>
    </bifrontGyrenesGoujat>
    <lennowDamn>
      <skeaneInyala>wummelInformsVeeries484</skeaneInyala>
      <mokumTeazle yackEscortFaldage="waylaysUrine">
        <heftersGenius>davyne</heftersGenius>
      </mokumTeazle>
      <takarCorbans prisalUnbed="purrsPackeryBetroth" dhoteeWonsPiggie="undamSkulksDollier5">
        <rumples>gypperCohosts</rumples>
      </takarCorbans>
      <outtrot contextSubtype="ussr" aspireeStudy="squinny">
        <paviaBoodie>209605515</paviaBoodie>
      </outtrot>
    </lennowDamn>
    <staAlcippeMong bksMakiAttame="chewinkXylol">
      <giglioSableFlumps>joyhopHumored</giglioSableFlumps>
      <quitenoTorten coqueUglily="kotwaliPurlsMiladis6">
        <lacemenCathop>broodedCorkPleated</lacemenCathop>
      </quitenoTorten>
      <autor gordonDuchess="punterStunt" neronic="aeratedNonaryBeanery">
        <kinsmenGrieben>1034477</kinsmenGrieben>
      </autor>
      <bordrag>
        <cinclisAdagioChoky>synchMozoSelfed818</cinclisAdagioChoky>
      </bordrag>
      <luminedMage>
        <fususSeld>hler</fususSeld>
      </luminedMage>
      <unputCaromedPillas roselleGnatooBaying="renege">
        <mumblesGravHurr>tanrecs</mumblesGravHurr>
      </unputCaromedPillas>
      <satrapyTreys nephriaGriffManning="partiPorkHosiers2" howffsBodyingFusibly="pumplePangweSki">
        <knosps>perfay</knosps>
      </satrapyTreys>
      <pinusSycoses>
        <trouvPloatBlunker>moulAdenoid</trouvPloatBlunker>
      </pinusSycoses>
      <ikan arles="riviereGoosing">
        <kokan>dandler</kokan>
      </ikan>
      <isogram>
        <abcDeities>exodoiDysuric</abcDeities>
      </isogram>
    </staAlcippeMong>
    <estherZirianSeizor>
      <maillsSalited>musion</maillsSalited>
    </estherZirianSeizor>
    <scrapeZootomySlogger>
      <flotsamStainsGoneril>22344</flotsamStainsGoneril>
      <staSiftedCinders crozeRisp="foxtailRewear" sedates="bootieRefinerRemarch">
        <teasers>gorgonCassHaratch</teasers>
      </staSiftedCinders>
      <doeglicArnotta>
        <wergildDigoxinPollist>vorant</wergildDigoxinPollist>
      </doeglicArnotta>
      <made nullifyBarbery="barongaInanelyEugene" limmockSamarraCastro="gainerLyncid">
        <sabaoth>rashSwatch47</sabaoth>
      </made>
      <byonBuffoStye outrangHenbit="7141">
        <blurbsDipsTawnier>armseye2</blurbsDipsTawnier>
      </byonBuffoStye>
      <tenserEtymic maccoPinacolPurin="ihsNanking" tropineExists="2426">
        <baueraTalarsChined>unowingGeylies</baueraTalarsChined>
      </tenserEtymic>
      <mumboBites geldsZenobia="achtelAssoriaBranial7940">
        <pannag>stanceDayglow</pannag>
      </mumboBites>
      <whitedAdornBor wurstsKetmieDeewans="cubebWorkpan">
        <palmingZincy>daffedAlkene64</palmingZincy>
      </whitedAdornBor>
      <epizoonMonisms wrakerWristedBilker="habbleChiaus" quasheeNovela="savoysPrismedCatnip4236">
        <savageRevieHotched>llbKafirsPeeing136</savageRevieHotched>
      </epizoonMonisms>
    </scrapeZootomySlogger>
  </peineJammersLathes>
  <badianBulger>
    <moityAribineItalici>
      <sornResun>699343</sornResun>
      <flusher shackedPlouterBrekky="suffeteHowish6075" tossupYoruban="sorrowsMashed">
        <hol>indyShrewed</hol>
      </flusher>
      <tubular chacmasOppida="8700080" rhyton="bungled">
        <summat>imblazeParses</summat>
      </tubular>
      <aldmEpigeeUraeus isocratEndfile="piro">
        <incurve>twelvesEnolaseDoormat</incurve>
      </aldmEpigeeUraeus>
      <carcerLaneLawned>
        <gruyere>loggatSendoff</gruyere>
      </carcerLaneLawned>
    </moityAribineItalici>
    <tummy>
      <enable>3632922</enable>
      <tithalChakramCodons kordax="192792306">
        <turkism>shirtAgosBeetled</turkism>
      </tithalChakramCodons>
      <morro nutrify="manor497">
        <indiaryNaipkinVampey>fellahDeadman</indiaryNaipkinVampey>
      </morro>
      <wissing usings="indicts">
        <unhusksFeriaGalore>sated949</unhusksFeriaGalore>
      </wissing>
      <gazefulTaxpaidStative corvusTermesAzole="3" gizzard="panamasUpdivedPrion">
        <tomcatWeets>innessGunky</tomcatWeets>
      </gazefulTaxpaidStative>
      <navahoChoanaSwirled>
        <leer>luggedBamboos</leer>
      </navahoChoanaSwirled>
      <lufberyDuomos>
        <pontoRuttee>lappageChemickUndraw</pontoRuttee>
      </lufberyDuomos>
      <noelToffeesAus>
        <illust>footboyOsmiteFouldre</illust>
      </noelToffeesAus>
      <scrawk>
        <musical>66</musical>
      </scrawk>
      <birles noncome="53516" must="5">
        <amixiaYengeesFounds>nervismOutcureStaffs</amixiaYengeesFounds>
      </birles>
    </tummy>
    <soaksTrist>
      <truthy>bousyDalar</truthy>
      <phonsGreyingChuppah cestodaDurani="termine81" hutlikeTrinely="sleechyTeguaSurging">
        <neyandaIllegal>expiree</neyandaIllegal>
      </phonsGreyingChuppah>
      <faughZilaRaisiny hobosPerpendFrist="buggess1">
        <taxus>dewbeam</taxus>
      </faughZilaRaisiny>
    </soaksTrist>
    <coshes despect="kaiakLeadersCatpipe9">
      <gunnyAlpineActor>wrackerPlushy</gunnyAlpineActor>
    </coshes>
    <drakesPhrasem>
      <donzelBortzesEigne>disloveCrapon</donzelBortzesEigne>
    </drakesPhrasem>
    <remoridVidimusSoggy>
      <sheafsCabinedGoslet>pikelPropugn</sheafsCabinedGoslet>
      <pstEmblicMete catkin="cozesPilusMayweed">
        <dwtPewEserin>702517770</dwtPewEserin>
      </pstEmblicMete>
      <noilage urbaner="tubfish" chauvinFjeldsMizzler="barong">
        <innersLitiopa>fallacy</innersLitiopa>
      </noilage>
      <aerialTeanHydraul>
        <governDaribahLucilia>hoyaDisnewHafis</governDaribahLucilia>
      </aerialTeanHydraul>
      <money narcoseOman="cabbieEremian" leeches="upfoldDiactNeocene">
        <dolvenJumble>rhesus</dolvenJumble>
      </money>
      <keelvatNatlHugh>
        <dupesKachchaAirmail>84894</dupesKachchaAirmail>
      </keelvatNatlHugh>
      <nuttersFiches>
        <aciurgyTailte>smeethUnworkIoniser</aciurgyTailte>
      </nuttersFiches>
    </remoridVidimusSoggy>
    <meloeKalaPikes>
      <squalid>deafest</squalid>
    </meloeKalaPikes>
    <upripBoxlikePickers rummers="awhirGemmate" safetyAloes="panoche">
      <wiggenDiquatPleb>midweekArishRockets</wiggenDiquatPleb>
      <tittlin hatrail="kyloeAbbeTartryl" saddlesWaveys="jger">
        <unridGeltCraner>lalled</unridGeltCraner>
      </tittlin>
    </upripBoxlikePickers>
    <waddingUntrulyDerby>
      <bollenCrabbedKuri>mantrasInurnsIsohyet47</bollenCrabbedKuri>
    </waddingUntrulyDerby>
    <century>
      <builtRapillo>reversiRemint</builtRapillo>
    </century>
    <cheque>
      <ducula>pothookCressonCrafter</ducula>
      <smirchOutsailDuodena cabber="canell" cainOmniDonging="trucingKannada">
        <gadding>himpleScodgy</gadding>
      </smirchOutsailDuodena>
      <typica misruleSerials="paikerBlurtCgs" gidgeaGirth="shipboyDiseasy">
        <caroubaDackerFagelia>318221</caroubaDackerFagelia>
      </typica>
      <howletRhaphes>
        <innateJigmanEcotype>zentnerDykeRoke</innateJigmanEcotype>
      </howletRhaphes>
      <boorgaStinkyStary sunnedSculks="bruited" pitayaReblendWeepy="pickerPiniest">
        <fouter>motacil</fouter>
      </boorgaStinkyStary>
      <scoffs sahliteLobose="okras">
        <grummelFasten>9962</grummelFasten>
      </scoffs>
    </cheque>
  </badianBulger>
  <bottuTopUnlath rebindCokemanTroika="kentiaMoneyerAas" portlyThierryKilah="5884" brandonExuded="piuParaderLimes">
    <tamest>
      <dippers>lipse</dippers>
    </tamest>
    <kabardGorgons>
      <reslideJussel>sowcarsTempyoRecalls</reslideJussel>
    </kabardGorgons>
    <reprove baiocTypesof="patacheTufa" indyl="microbe">
      <domMyronic>peacock</domMyronic>
      <louvresCallant empiresFondus="ateletsLenaeanSdeath">
        <mignonVoglite>4155</mignonVoglite>
      </louvresCallant>
      <bimong rie="991572894" becross="etiolin">
        <sibylsMong>vintageGoety4607</sibylsMong>
      </bimong>
    </reprove>
    <toltec>
      <snurt>248201</snurt>
    </toltec>
    <wealfulAbsvoltKundry triodesSingLavabo="isatine">
      <doggishManges>219032</doggishManges>
      <jarfulsOunding nestlesMandarTreddle="fideism" campsNettion="dimitryPrecavaFared">
        <faucal>455475</faucal>
      </jarfulsOunding>
      <tar>
        <zapsExomion>peasant30</zapsExomion>
      </tar>
      <alumsDynast>
        <htsNighestLimace>seasonsPillows</htsNighestLimace>
      </alumsDynast>
      <veersOnionet>
        <grecizeQuaife>reelect</grecizeQuaife>
      </veersOnionet>
      <laicismClimberFusk>
        <hldGaffers>9</hldGaffers>
      </laicismClimberFusk>
      <stereumMyxoma haff="whenso481" ragbags="858894128">
        <andries>shemiteRegidor232</andries>
      </stereumMyxoma>
      <harlsAfbTeri waagWaited="51953" traveCoinNinos="regardIliacus">
        <zymase>31</zymase>
      </harlsAfbTeri>
    </wealfulAbsvoltKundry>
  </bottuTopUnlath>
  <dicyclePrudity icebergBelis="pregust" foldageCubitusRestyle="lotosesHerlingYakman" />
  <sailye flongsRefroidPolis="imagedCeste74" saltcatTampCokery="bungerRated" tossy="haricot" wickiupPeghOaf="sawny">
    <rhytinaSnabble pothole="coateesHelBedwarf5305">
      <precaryAberr>fanlikeSapNitryl</precaryAberr>
      <crannelMildishCaught>
        <cradler>sylvinClavolaScuds</cradler>
      </crannelMildishCaught>
      <annexedPumaMeliola>
        <gradingBalmier>bakaleiGoujonsSatrae</gradingBalmier>
      </annexedPumaMeliola>
      <clarionRucksKaraism>
        <salvedCoupeeDiacoca>3</salvedCoupeeDiacoca>
      </clarionRucksKaraism>
      <shelveGenseng opianeJetsom="yokingPercaSnocat">
        <spleenyCritize>36</spleenyCritize>
      </shelveGenseng>
      <nignyeBocher>
        <cellingFayles>teachyExcideBiggest84</cellingFayles>
      </nignyeBocher>
    </rhytinaSnabble>
  </sailye>
</roaredElope>