<?xml version="1.0"?>
<virosis>
  <disman authorSkull="apogamyJesuits" canaliAlgalGushet="398976" isidiaSecernsCensing="fulmenFain" gamicMullaPaydays="decibelChrists">
    <rumly snackleLatchedParader="rancid">
      <zonaMustierFancy>insinew</zonaMustierFancy>
    </rumly>
    <iplAdawlutThorn>
      <cavelJackman>6</cavelJackman>
    </iplAdawlutThorn>
    <fillip tolanKarmic="enuringKuberaWalked504" snapeVergesPrabhu="kodiakFlypastPirn">
      <gobblerCumbent>uphove</gobblerCumbent>
      <caffreCeltdomAbettor korariParuraFesse="tonetic">
        <ooplastPantas>6701</ooplastPantas>
      </caffreCeltdomAbettor>
      <unoldOdellEscudo eftestGritDilator="peageCorbleuWroot" uvanite="764092070">
        <battaNigherBestuck>spiliteHoiseBlower</battaNigherBestuck>
      </unoldOdellEscudo>
      <carsten>
        <occurseJoky>carrIdolismFrug3</occurseJoky>
      </carsten>
      <rori idlersAscitesGusher="snawle" dorminsDudeWrecker="wagaunExtense542">
        <gabaritMotiveUnedged>outcantDioxySunday</gabaritMotiveUnedged>
      </rori>
    </fillip>
  </disman>
  <secerns loudly="abura6" astoneExplait="288143019" sweltObbSoorky="stunQuisby">
    <jibi>
      <clamor>tundunOnymalWoodhen7383</clamor>
    </jibi>
    <welderGlebes>
      <shoneenMoolaInking>loutsDiffund4</shoneenMoolaInking>
      <simitarWalapai shibahTippers="32789">
        <riff>otiumClayierSaiyid4</riff>
      </simitarWalapai>
      <apteriaCrotchy>
        <deathyLukas>snubbyAefauld</deathyLukas>
      </apteriaCrotchy>
      <mackStokesMisstep bunda="refuseRubblesSorrows" zirconAdviceMadrid="9">
        <turtur>ooscopyConteur8</turtur>
      </mackStokesMisstep>
      <attleLubaLacca putteeCeile="dogmata" wallerGrumium="quizzed">
        <unperchLaggers>46</unperchLaggers>
      </attleLubaLacca>
      <enfraiLekhaGrazer>
        <cateryAhimsaPiaffer>whosome</cateryAhimsaPiaffer>
      </enfraiLekhaGrazer>
      <indeneVigas>
        <toutingArthurRoster>7691334</toutingArthurRoster>
      </indeneVigas>
    </welderGlebes>
    <ctoAntu rether="papless76" flouts="kindlyBhabar7308">
      <daystarZat>measles818</daystarZat>
    </ctoAntu>
    <quetTrixie culming="3970546" curvedRethankFraghan="shynessDiocoel" kep="platterPounderWiretap">
      <curiageOmitter>entiaPeoplesBulbine</curiageOmitter>
    </quetTrixie>
    <hexereiMinkish>
      <avalentHawkeyeBulwand>19721203</avalentHawkeyeBulwand>
    </hexereiMinkish>
    <incuse>
      <braviSandbarAcetify>awane</braviSandbarAcetify>
      <ingenioUnpaySlamp movie="carawayLoriotPelikai" howlersSnagged="peoriaAmydon">
        <dotBehoofAlmuds>3051</dotBehoofAlmuds>
      </ingenioUnpaySlamp>
      <natr ostrcaBeamedVide="iodoOthmanyLooted5">
        <mouldyPurr>heliaea</mouldyPurr>
      </natr>
    </incuse>
    <wagonryKnop>
      <steek>sestuor</steek>
      <temiakActinonMini jigoteMosgu="almadiaHerms" vulvateAngo="cloughs">
        <beaksAssealVagas>abuzzCycling</beaksAssealVagas>
      </temiakActinonMini>
      <depthPaarObadiah tzetzesOdaller="unflaky">
        <goofing>swagsGelding</goofing>
      </depthPaarObadiah>
      <sitfastFlukedEnglut ttyQuerierCurbers="sichtHaziest702" adp="197">
        <miladyObeahs>renter</miladyObeahs>
      </sitfastFlukedEnglut>
      <raying ive="herve">
        <shivoosBrawPeitrel>gradelyKelpsDisc</shivoosBrawPeitrel>
      </raying>
      <flyblewHaole normEnlimnStares="6">
        <nitred>tunicCswSibucao</nitred>
      </flyblewHaole>
      <viewer>
        <jaime>messtinGreyflyInaner</jaime>
      </viewer>
      <tercioSwonkWanders stodgesWheyishFined="25" kickeeCorsacsGorlin="sewnLatchedDecrete">
        <aspiresDisship>65374390</aspiresDisship>
      </tercioSwonkWanders>
    </wagonryKnop>
    <bogetExclaimIsotach>
      <hoodlumNonskidWhitest>banish</hoodlumNonskidWhitest>
      <bootleUntuckNobs teamed="lovingRoarers" adduceGlutin="fattierMushy">
        <navaidsTosyGamines>dished</navaidsTosyGamines>
      </bootleUntuckNobs>
    </bogetExclaimIsotach>
  </secerns>
  <joyanceArishPlim micronHyleg="demiramBillonsClubmen" sondesRemigesSags="gateman" arri="koombarCetanes9497" />
  <thermitSpiranBurelly hory="9" whomTesackFriends="84743107" />
</virosis>