<?xml version="1.0"?>
<sissCatsup>
  <piastrePandal engazeLoessesMosso="60058" whimmy="elixirReffeltTrasy" />
  <barsomTripods alieneEquated="lest" shirky="spicoseWaspy7449" saracenAgora="weetingUncles" natePelure="278907955" />
  <rabbisBrimseLelwel salited="gainedTurkLeopold">
    <secos>
      <ectopicNavesSheeter>ceorl</ectopicNavesSheeter>
      <inulaseSomal evitateFeedway="542143">
        <abomaChiasm>miffyPurview673</abomaChiasm>
      </inulaseSomal>
      <bancCwms letheanReraiseHernial="tarryBlare" boozierRetype="untiesRewash">
        <haybandCeramalReests>scrotumChekan</haybandCeramalReests>
      </bancCwms>
      <elanetSeghol>
        <nugifyTiltingJink>hintedWeanocSkirl</nugifyTiltingJink>
      </elanetSeghol>
      <epactsWofulEdgy>
        <pilerScion>kerfingBibberyTrotted</pilerScion>
      </epactsWofulEdgy>
      <antefix>
        <siculaSweenyMapper>dottersPease1250</siculaSweenyMapper>
      </antefix>
      <outfits>
        <chaises>sabirsCeritePackets</chaises>
      </outfits>
      <wendiFlumped tauLikeHeugh="poster">
        <pearletSilken>hexerisWandersCalling</pearletSilken>
      </wendiFlumped>
    </secos>
    <reguardTenancy>
      <laocoonJunkersDillesk>pulikBoguing</laocoonJunkersDillesk>
      <wispedMarcLidding reeseWifelyDotal="mev4795">
        <precideSarsi>lakDanteanGuinean</precideSarsi>
      </wispedMarcLidding>
    </reguardTenancy>
    <splJinxing bummaloHafniaOsirism="drammTroikaPalazzi" verminyTinnersName="bateaux">
      <mochelAurateAeolic>813528914</mochelAurateAeolic>
      <turdMascon gunyehLoopersViridin="jaunderSimblum">
        <swordsDroops>lorarii</swordsDroops>
      </turdMascon>
      <nasaTippers asherHagdown="modiPightleClams">
        <uphroesElutesWrabill>hamberRizzom</uphroesElutesWrabill>
      </nasaTippers>
      <gpsPediwak>
        <riffed>animose</riffed>
      </gpsPediwak>
      <tills>
        <detur>ahabMecumsMewer</detur>
      </tills>
      <boa soc="shaws">
        <cavilDroptErgasia>unpasteSers832</cavilDroptErgasia>
      </boa>
      <albugoTilBatakan shoeTovBajoire="haslockDais" wackeGuajira="253500">
        <mesityl>kethib</mesityl>
      </albugoTilBatakan>
    </splJinxing>
    <forbyLute toolkit="634" ducatoTinaja="10" moviesFrigageAzoic="howliteDartledDaybed">
      <iridalYessingCanzos>titlerGazania</iridalYessingCanzos>
      <hagdin aniente="zydecoFriezerGames" shagbagAmapa="idism">
        <abarisTunicin>flavius</abarisTunicin>
      </hagdin>
      <winemayBegroanBlub bluetitItaiArnaut="sleepyCuinageFamily" brassetNumaOeillet="curfsGrudgesBagwork">
        <scuttle>sneadSnivelsLen</scuttle>
      </winemayBegroanBlub>
      <vessel upreinSlotted="veneres" boledBowery="melanin970">
        <sirenyPallor>fanumStakingBraking</sirenyPallor>
      </vessel>
      <weirsNiobate aubadesStomper="poseurs" apargia="wauks">
        <impestFarted>3</impestFarted>
      </weirsNiobate>
      <unfitsBilkisGerate>
        <fulmar>49</fulmar>
      </unfitsBilkisGerate>
      <tamborOvantVamose gametalPonied="reskewSmirchyAshman">
        <spayardJazzistYules>buttsWetted</spayardJazzistYules>
      </tamborOvantVamose>
      <tarresMiasmHullo knappeWailedCulture="decorsCyclus" wormerMesole="aeropeCesureEmmies">
        <toileBluff>bolomenPreloss</toileBluff>
      </tarresMiasmHullo>
      <cueva livelySpragsConny="meltethMilldam" debitumPurusha="fulvidGyrateCrunchy">
        <porcBaker>deadmenRockier38</porcBaker>
      </cueva>
    </forbyLute>
    <uracilPinardsHaltica>
      <feint>birdletKola</feint>
      <retinolShulwarBullose delbertSakers="overfeeElenchi" tartana="ableezeRaucousKnark6">
        <prawnRefillsTaches>offlookBobbles</prawnRefillsTaches>
      </retinolShulwarBullose>
    </uracilPinardsHaltica>
    <tortiveUmpsWages armoricBanns="villusBustsDitted" arisenDikdiksComte="lowererRenillaTheresa">
      <meropesMoonier>amalgamAloisHellish</meropesMoonier>
      <thymeneFatten unrestFibdomIpomoea="arses" mopyTradedNectar="propmenEnsteep">
        <stowed>idiotic</stowed>
      </thymeneFatten>
      <rigsbyMissort outhurlItonama="bys">
        <nostic>4771581</nostic>
      </rigsbyMissort>
      <unwofulYaff bucculaFreckedRundle="syconSetal">
        <subgyriFrisesVenkata>unlameCiruela</subgyriFrisesVenkata>
      </unwofulYaff>
      <flow voivodGunshotHabiri="wherveGenal" doddartAcapuJambos="outovenSandeep">
        <becurryMaiefic>863</becurryMaiefic>
      </flow>
      <zirams glazenPaltryNebbuk="cameist">
        <furthyCuraghRamped>aarrghhClarre</furthyCuraghRamped>
      </zirams>
    </tortiveUmpsWages>
    <lopedSmrgs>
      <enserfs>diaeneVotyak</enserfs>
      <denSiryan brashyClerk="bicched">
        <sociiSeriola>reproveDenuderSlackie5602</sociiSeriola>
      </denSiryan>
    </lopedSmrgs>
    <curvateBarestPeeked>
      <epitoke>burgeeBecovetSlayed</epitoke>
      <chagan>
        <cutletsYarlPendule>dopeyZlote</cutletsYarlPendule>
      </chagan>
      <quays kiutleKoloEsquire="kumquatEnliven" agrariaDeforceDebit="bullaryFuehrerVamose">
        <vetaTilak>decenerEstella</vetaTilak>
      </quays>
      <genie>
        <aquariaBetrays>hattRyntWowing</aquariaBetrays>
      </genie>
      <sapping>
        <expends>582152</expends>
      </sapping>
      <fon caudexWabblySirian="biophorWhatnotGalet">
        <glumoseWailRhinos>lintolFerricGamene41</glumoseWailRhinos>
      </fon>
      <weldorPaymentAwanyu>
        <sakerHeriotMimir>jarool</sakerHeriotMimir>
      </weldorPaymentAwanyu>
      <laund glaconMusiveCogged="sateens" gutsy="5577">
        <cogentLeafageYuke>mudar827</cogentLeafageYuke>
      </laund>
      <acarine aliquotMaywortCrura="flurrMincioWhoops" misshod="wordleJawlessWasn">
        <fictiveRazored>murryMinkopi</fictiveRazored>
      </acarine>
    </curvateBarestPeeked>
  </rabbisBrimseLelwel>
  <env hampersEtoileBebay="goff" inring="hevedSundekWamfle" />
</sissCatsup>