<?xml version="1.0"?>
<estrusIbmUncouch>
  <embace popperKapaMedias="241982" venterLevantRudds="8395641">
    <barbetLepersBanket>
      <lupoidNatatorUnbusk>manicsLattins</lupoidNatatorUnbusk>
    </barbetLepersBanket>
    <dionAskedSubgens enarmTerselyTeazles="7090" embelicPottery="puru3" aureliaInulase="491">
      <befogs>tylopodTrumps</befogs>
      <flaredImmanes archsinPumpmenCrates="coastalMoans2405">
        <perky>lazy507</perky>
      </flaredImmanes>
    </dionAskedSubgens>
    <lazybed>
      <totallyFails>sikarQueniteArriver</totallyFails>
      <hempenNakhod tissues="933" gargolFuggedWhummle="tigellePaviors">
        <hummelShea>turCongrue</hummelShea>
      </hempenNakhod>
      <outer saddler="845">
        <lenvoy>redameSinlessWaggy</lenvoy>
      </outer>
      <hummersTartro>
        <spanksSithHeben>3340</spanksSithHeben>
      </hummersTartro>
      <frushModifyLegist>
        <dipnoidToxaminSeeled>become</dipnoidToxaminSeeled>
      </frushModifyLegist>
      <ejecteeKeruingCalade>
        <balillaGabeAbraded>icingsDiple</balillaGabeAbraded>
      </ejecteeKeruingCalade>
      <rhagonAsapSchanz>
        <snurlyWoteSnary>outjinx</snurlyWoteSnary>
      </rhagonAsapSchanz>
      <beerish upburst="5" kamikCli="stoonEmitted">
        <taenialAmraTavert>wanyasaShirk</taenialAmraTavert>
      </beerish>
      <ascyrum shrinkyShadine="enwoman" baskish="debitsCostlySikes74">
        <dorineComates>ivyweed</dorineComates>
      </ascyrum>
    </lazybed>
    <mislen>
      <exerceOromoAmidst>19</exerceOromoAmidst>
    </mislen>
    <diglotMasonicAnonad chitraPoiPuds="brewery" lilith="invtSpumed" twaite="cabioCookery47">
      <ashlersDaultNeral>kafilaEnvierBlues</ashlersDaultNeral>
      <martsJazzily>
        <hushed>cotonamIred</hushed>
      </martsJazzily>
      <puckrel wordenTorn="glomus">
        <owenism>genders</owenism>
      </puckrel>
      <salvageFlatsErodes>
        <salter>83</salter>
      </salvageFlatsErodes>
      <catfaceRickey kex="punsIrk">
        <mazdaUntroth>37</mazdaUntroth>
      </catfaceRickey>
      <grumblyJejunaAphonic bewhiteSabatonMiffy="trinaPeoples9395" curneysPalala="drugger">
        <unitiesLaksaIncan>scolded</unitiesLaksaIncan>
      </grumblyJejunaAphonic>
      <pialynGeswarpBluggy scuftVaruses="394555" wielare="autoecyTiletteRamhood">
        <keep>bramble</keep>
      </pialynGeswarpBluggy>
      <thoriasGiros>
        <weaselEnfoldBillies>dorts</weaselEnfoldBillies>
      </thoriasGiros>
    </diglotMasonicAnonad>
    <merrowPrimsieMoitier girsh="chitinBrunt249" outdrawDickiePrince="cukePinturaOaten" shutingQueristChenier="typedYurak155">
      <cupaniaRebirth>175000</cupaniaRebirth>
      <choreeEffeteParrots plashyLogoffLexemic="peepulHamitesCasas">
        <pastorSowans>allots</pastorSowans>
      </choreeEffeteParrots>
      <unbittDampMadhuca hopsackSalueAgral="597194">
        <clonksOustReproof>24</clonksOustReproof>
      </unbittDampMadhuca>
      <unletFleur duraxRnd="zaggedBoars2519" obstetTannide="bubs">
        <tajesDukes>jumbieBillmanTugrik84</tajesDukes>
      </unletFleur>
      <zaptieh seifManehNies="amuletsPukka">
        <bedpostScarphDjinns>anselOgres</bedpostScarphDjinns>
      </zaptieh>
      <rezone socles="2" glimeRampolePinky="outknee">
        <flawnWorkboxFoists>8</flawnWorkboxFoists>
      </rezone>
      <pundumGulixBoskets blurredTordionBiorgan="974418" growseSpatuleSenegin="cabaanIto">
        <vesicleAdjoustNotself>tapen374</vesicleAdjoustNotself>
      </pundumGulixBoskets>
    </merrowPrimsieMoitier>
  </embace>
  <avoiderChoileProal frat="calomboJoggingAstacus" gnomons="chooseyChordsStrong" hurfBersilRaphany="rebrewPowwow" voeten="staffedEnfire">
    <belated>
      <micks>unwilyOgams</micks>
    </belated>
    <raupoNurser osmoticSigilsWashout="outfedIntrado">
      <giantPernorGaliots>cithara8</giantPernorGaliots>
      <trowelCoyanRucked undutyHewel="topazMawger" stypticPomeroyOphir="discoidEthenes2439">
        <ablingsGoosierCornual>40021</ablingsGoosierCornual>
      </trowelCoyanRucked>
      <empasm>
        <lyristsCanonesBewrapt>chiasmaHarmoot340</lyristsCanonesBewrapt>
      </empasm>
      <fractThaUpcarry bemaimMinutes="consuteSplenii">
        <subsectFledgesKipchak>impi7104</subsectFledgesKipchak>
      </fractThaUpcarry>
      <eperlan tapirRhombVoling="yumanTidbitsMussuck">
        <tastedTussler>codaminHeaumerSassing</tastedTussler>
      </eperlan>
      <adreadCartop pellile="fisted">
        <pikle>schuitTrokedChangos</pikle>
      </adreadCartop>
    </raupoNurser>
    <puddlesRegimes>
      <toxotae>pippinsKarelaChillis</toxotae>
    </puddlesRegimes>
    <willowsButic bulgari="overcutChancey">
      <decidedGorbetThrang>chompedPuritan</decidedGorbetThrang>
      <whimmed>
        <roodsRetlingLathery>66334</roodsRetlingLathery>
      </whimmed>
      <toresUsherLete soupedWhataHooven="hengeShopboyResects">
        <conniesHalifaxVesuvin>pitiful</conniesHalifaxVesuvin>
      </toresUsherLete>
    </willowsButic>
    <feerieMorraBhisti>
      <whimseyNaceBushwas>juftsTiffy</whimseyNaceBushwas>
    </feerieMorraBhisti>
    <gregorThea rillowLockout="949">
      <leafen>200252376</leafen>
      <ligne gladysDiacid="soulishCassada575">
        <orbitsReubGied>hectare375</orbitsReubGied>
      </ligne>
      <benesAcadTickets nacelle="5749312" hillersEphraimDugal="samelPapsBeastie">
        <platypi>74863</platypi>
      </benesAcadTickets>
      <sortiedWampRecheer wafflyMacedonNoticed="batikedRecookRetch">
        <wedeEssenicUnitize>nolos6</wedeEssenicUnitize>
      </sortiedWampRecheer>
      <parcelsRadix promptsHypo="litreGuff2" inorg="pygalAngule">
        <citers>473377</citers>
      </parcelsRadix>
      <bereanVaring russiaExudate="guaqueTarkaniPivalic39" hamates="aloisSipers">
        <isosterCardinKankrej>ignorer</isosterCardinKankrej>
      </bereanVaring>
      <risserCoedsMusion refloat="dungariCourche15" dieselGazingScripts="tendidoLarkedBuzzle">
        <solacesAciform>aulaeRushees</solacesAciform>
      </risserCoedsMusion>
    </gregorThea>
    <nabsMapau>
      <antaresGast>anural</antaresGast>
    </nabsMapau>
    <areawayFmtSunders kirkPendGreek="unrowdy197" daniteCisLunn="thankeeMilieuxLocule">
      <abiesAbubblePoleyn>jackalsPeason</abiesAbubblePoleyn>
      <enduesWerwolf>
        <revvingCasiri>feigned</revvingCasiri>
      </enduesWerwolf>
      <haftsAlids>
        <equiptForwardArgeers>171</equiptForwardArgeers>
      </haftsAlids>
      <caraibeWishful>
        <morgensMyosinSidrach>ossaIcaco3</morgensMyosinSidrach>
      </caraibeWishful>
      <waxy marabou="appdBiotomy26">
        <shall>elkwoodDenyingBeloam701</shall>
      </waxy>
      <katsVenal befallOvenmanTongue="miaousZibethLayed26" jimbangSkiingSolver="heedersZaffarsEstrade">
        <vauntieFramerLoaners>scurfsIrisate</vauntieFramerLoaners>
      </katsVenal>
    </areawayFmtSunders>
    <coigue cloine="6682" coder="culposeShole67" iodatesCopsoleSublets="zigankaTripeIberic">
      <radfordBeatrix>gridsDetailsCunjer</radfordBeatrix>
      <rhilaFatherFoxie availerMarcotDiapnoe="21786" cambaloAidedCovin="36">
        <ocellusVinalsFaux>15344246</ocellusVinalsFaux>
      </rhilaFatherFoxie>
      <klosseAlmagraScoffed scobsClearsRessala="oglersKilimsCasts" cowrieCorsoCowy="3">
        <giant>workmanFatty7575</giant>
      </klosseAlmagraScoffed>
      <updates>
        <porosSaltyFloran>494246792</porosSaltyFloran>
      </updates>
      <redsHinderCoined exposal="catererHoningTitania">
        <reassayEonsDirely>changesFlaringCrambe</reassayEonsDirely>
      </redsHinderCoined>
      <pileousFrau fivesTorve="hanted" maltaCuecas="109119773">
        <chumawiPoohed>foziestTombedWraps</chumawiPoohed>
      </pileousFrau>
      <ganam bluelyScrobTeases="1600687">
        <rallyesBol>3972</rallyesBol>
      </ganam>
      <cravesNiggard whirlAlef="heptineBumpityVang" untress="esculicPlassonJnd">
        <ulonataNeums>sweath</ulonataNeums>
      </cravesNiggard>
      <unmasksRightlyRhemist cager="437">
        <spouseMpbs>3984</spouseMpbs>
      </unmasksRightlyRhemist>
    </coigue>
    <turban>
      <kaphReamOmander>synodusKinepoxAcanth</kaphReamOmander>
      <nanesDarer punkeysMamaguyCorders="grubbedTalwood" flatcapForold="spumoidHeat">
        <facile>doodahGals</facile>
      </nanesDarer>
    </turban>
    <parsley>
      <hurrerRandiaEphahs>animalIsozymePeixere</hurrerRandiaEphahs>
      <cubing huchoDutiedCubans="schistsQuincesFila6" wariestBruntsHarn="foozlesReoccurLuetic4">
        <sinapic>bavaryKootcha</sinapic>
      </cubing>
      <hotbedsFolkCadere>
        <contribWarty>ocellar</contribWarty>
      </hotbedsFolkCadere>
      <percaEverSivan shakerUnbaste="glassyMuntjac">
        <muley>tidingTarsalStigmas</muley>
      </percaEverSivan>
      <alapaKyung asideuThuslySteels="7641096">
        <ekeMaculaDisagio>diksha22</ekeMaculaDisagio>
      </alapaKyung>
      <glister>
        <susanneBombace>3499</susanneBombace>
      </glister>
    </parsley>
    <algodonGrimlyDis maulersPulers="qasida" oxbowUnix="quesToma">
      <yorubanGeneses>27</yorubanGeneses>
    </algodonGrimlyDis>
    <qaf ulnariaWinged="upbboreMiboundGrein" griegeEinkornJalop="spoiled" rhytaCajuputRoynous="8899">
      <birt>furiantGneu</birt>
      <popeAlphas deareCymry="1635974" twelfthDendraGaelic="hederVauxite">
        <agathis>citatumPilots</agathis>
      </popeAlphas>
      <surname scrogBerlina="moosVampers">
        <mantle>66677688</mantle>
      </surname>
      <tagus unhaveCollage="gavyuti">
        <andaquiCopaiye>adorsed</andaquiCopaiye>
      </tagus>
      <garrafaAneuchAdlai>
        <nyssaEnrough>zoochem</nyssaEnrough>
      </garrafaAneuchAdlai>
      <immovedSizeine leafageBrooderGnash="30644012">
        <gluiestPaced>coughed</gluiestPaced>
      </immovedSizeine>
      <furzed skeanNignayFinkel="morris">
        <pensumAlbinic>gerundsPareusRabat7</pensumAlbinic>
      </furzed>
      <boyo kersForce="mullahsUpshutKitling">
        <rollsGesticRappe>19464</rollsGesticRappe>
      </boyo>
      <seseliPiqu subbase="376" eryx="miscuedWoevine7">
        <gambianWone>fobsSwarmyLocusca8</gambianWone>
      </seseliPiqu>
    </qaf>
    <hydnoraRinser>
      <encomic>mammieForbarEngird3879</encomic>
    </hydnoraRinser>
  </avoiderChoileProal>
  <guiling sharker="daudingRenableRatitae5064" hughocSialis="821239" />
  <bobbedDatary>
    <damine>
      <brinksLaps>chalkedAsmileFaun</brinksLaps>
      <shoAscella laniusConcurMobcaps="zoboBaccareElectly" dewansInstop="milpa5">
        <nammad>partimKitchenRewear9311</nammad>
      </shoAscella>
      <tawhidLentosRetinge grouses="dankerNothousBubbled">
        <tupiksWaiveryChidra>statize</tupiksWaiveryChidra>
      </tawhidLentosRetinge>
      <marriesUncross beclawEmpaper="grenatRomanos">
        <ransel>12535</ransel>
      </marriesUncross>
      <guestenJaapNytril domical="outfled" hettie="agarita4">
        <sulka>gustosoCarinaeTrading</sulka>
      </guestenJaapNytril>
      <robertaDeletes plakatLabeled="assurdIstlesPavan">
        <endears>annal</endears>
      </robertaDeletes>
      <shrovyCamisiaVolva gazi="minnieAve">
        <caickle>proteinFreestKnurled</caickle>
      </shrovyCamisiaVolva>
      <bunrakuForlie turb="daybedsBushels">
        <enolaseIzzards>726</enolaseIzzards>
      </bunrakuForlie>
      <coinBaculusBatons>
        <besullyDemesneHeirlo>brashBeaming4593</besullyDemesneHeirlo>
      </coinBaculusBatons>
      <staning steridDiddy="651" gurjunEnfort="85039">
        <blowenAnidianPrise>gigiSoulter</blowenAnidianPrise>
      </staning>
    </damine>
    <weenierTweeds>
      <alterneDoleHydrol>bewreak</alterneDoleHydrol>
      <hivite hawseFritted="cadilloKeatsBekick" touches="scambleLockupOuthits">
        <tweaked>rosariaAnguine</tweaked>
      </hivite>
      <ephyraIndianDodger>
        <sprit>65566</sprit>
      </ephyraIndianDodger>
      <binomy>
        <strayerIgnBechirp>russ</strayerIgnBechirp>
      </binomy>
    </weenierTweeds>
    <arrisesBesing>
      <heddler>thorite92</heddler>
    </arrisesBesing>
    <nerverSnortySavins>
      <racesNorateCannels>366817</racesNorateCannels>
    </nerverSnortySavins>
    <loxesAnaniteCockish>
      <rerollBliaut>6</rerollBliaut>
      <wifishSpiffy lexic="37" lowableVinyonJulid="43190">
        <hajilijCorplSkelter>hinter</hajilijCorplSkelter>
      </wifishSpiffy>
      <divertsPapagayMarko kopsJhuriaRebids="shinned9" syndocHydraseShunts="27">
        <sprawl>battensCupride</sprawl>
      </divertsPapagayMarko>
    </loxesAnaniteCockish>
    <trichyOleoseCaviled>
      <poolerReveler>onychaLopping</poolerReveler>
      <warpers sickishCroute="oboistBaffed" hask="newelFicariaSicyos">
        <toruOpimian>eloinsMucificCare</toruOpimian>
      </warpers>
      <kempyUlnage diamantRefuses="phyticTrappedBigam4503">
        <stelaeAgalite>jutka</stelaeAgalite>
      </kempyUlnage>
      <natrSleeklyJulep>
        <dionaeaGeezer>gena</dionaeaGeezer>
      </natrSleeklyJulep>
      <chairFoxing>
        <unjointCosinesJazzer>387199</unjointCosinesJazzer>
      </chairFoxing>
      <fitter>
        <toluyls>beloveHoldupsBabkas</toluyls>
      </fitter>
      <bordureVisieGaleate>
        <alvinaMeuni>ipecacsPod</alvinaMeuni>
      </bordureVisieGaleate>
      <querele ulaula="6449">
        <shmoBootes>ravines7</shmoBootes>
      </querele>
    </trichyOleoseCaviled>
    <thanaEstadel impisGleamyAcmaea="diddles" obdureOdlingCurtail="reem53">
      <comakeSulky>474335975</comakeSulky>
      <edgrowVoltaic ghoulieUnbale="tabagieEudemon" racoonsTaenian="unvicarStyle">
        <pressHanoi>638549</pressHanoi>
      </edgrowVoltaic>
      <adrianArleneXeres hovelsRecking="gripmenCripRebait7">
        <heapyGigot>unlyricEtyNothus</heapyGigot>
      </adrianArleneXeres>
      <beeswaxBeancod wolvishRoarer="chapmenMorrowsTonne" duncishDornick="697710883">
        <senaBergy>enbibeAnisoyl</senaBergy>
      </beeswaxBeancod>
      <cabuyaSatesAcrogen crawlyEmoter="mynahsSatinayBaidya" kokumBosonicWamel="waggishGearman">
        <conviteMeetingBufagin>capfuls</conviteMeetingBufagin>
      </cabuyaSatesAcrogen>
    </thanaEstadel>
    <lawyerTamasic>
      <niteredTwibilAnatase>608</niteredTwibilAnatase>
    </lawyerTamasic>
    <anaxone stormsQuieta="payablyTrivialIneunt">
      <knapper>36203986</knapper>
      <dowryTrivat ambulia="skillet" ssiFlipBatwa="tumbrelTchickAdossee">
        <bad>thetchCompend</bad>
      </dowryTrivat>
      <gaulshAret aholtBejigPwca="579">
        <elfkinTickerGemlich>dowcote39</elfkinTickerGemlich>
      </gaulshAret>
      <gilgulAuroralLysidin>
        <semicWatererRances>alee</semicWatererRances>
      </gilgulAuroralLysidin>
      <outletMusconeSkyline cuke="22889" felwort="kakke">
        <tiwaz>73136</tiwaz>
      </outletMusconeSkyline>
      <riot>
        <sheeted>chilesBaddyCompsoa</sheeted>
      </riot>
      <taverSufficeBilos leeches="egality">
        <sinder>lubrifyUpkeep</sinder>
      </taverSufficeBilos>
      <cracket>
        <bestraw>ungirthSanAspiree</bestraw>
      </cracket>
      <brahmasMeiniesZinger ciphonyLunn="dramasMalcolmBelinda" oarfishJotChickee="mouthCupful">
        <secantFrasco>extenseCoquet</secantFrasco>
      </brahmasMeiniesZinger>
      <birlersLowdown dirgieObmit="99779" dingheeBiggity="dullardSideral">
        <spooledNaryFellows>lucumiaAmp</spooledNaryFellows>
      </birlersLowdown>
    </anaxone>
    <tactual>
      <spaerSprats>tentier75</spaerSprats>
    </tactual>
    <iodides>
      <downier>joyceanEngs3</downier>
    </iodides>
  </bobbedDatary>
  <beddingGnatBuyides foggyBenaSwash="gistsScale" uploopLessees="vocoidUpoSilkine" biteAstraeaClow="moratePositor5" wholePumpageMyalism="1000" />
  <bash paikingCruorLockram="42" dentineKannuCarls="tankasTurgidRetore" outpourSencioAdela="snootyThrumsDinos">
    <thrumsPortoMareca>
      <hotels>assotCharts</hotels>
      <winkerPendent utteredGrume="4582">
        <claquesIff>smartly</claquesIff>
      </winkerPendent>
      <hermitJitroTolans>
        <greithRaddle>durmastBelleek</greithRaddle>
      </hermitJitroTolans>
      <outsinWrangle>
        <cobaeaSoiledBuras>flush</cobaeaSoiledBuras>
      </outsinWrangle>
      <cajava>
        <unsiege>entameBodying</unsiege>
      </cajava>
      <guttier emilyLanatedSquacco="6" glaryOutroll="cooee">
        <infosSauBoomed>298736193</infosSauBoomed>
      </guttier>
      <immundGauger shapesLinseedJacking="uracilCaribed">
        <kithedWords>57524011</kithedWords>
      </immundGauger>
      <epicure>
        <doradoPatersEquine>328996707</doradoPatersEquine>
      </epicure>
      <smitherCohogs rakefulSitient="5578" drainer="bootleGranam">
        <jamaicaTwangerDubba>chookyShahee</jamaicaTwangerDubba>
      </smitherCohogs>
    </thrumsPortoMareca>
    <crummedFalcadeBarked>
      <frayCrablet>petits</frayCrablet>
    </crummedFalcadeBarked>
    <starnieJamboolCerumen>
      <monthPrelude>sixthetKhan</monthPrelude>
    </starnieJamboolCerumen>
    <dictionCiphersBrassic>
      <worsetLargetForms>2508260</worsetLargetForms>
      <racketyKeslep logwoodCotyla="741001289">
        <guyingPlushy>9886107</guyingPlushy>
      </racketyKeslep>
      <muckleSatientRojak hermesZabra="essexGrando" porcSwinges="9726">
        <glumpy>9149486</glumpy>
      </muckleSatientRojak>
      <kettePsocids tunicin="kitmanInduc" tomeStooryDaps="313562475">
        <pipkinEmirSealess>tithesAbacaxi</pipkinEmirSealess>
      </kettePsocids>
      <upcoverFlammedDowncry coccusTapHepcats="mooingObvertTiao" aim="lovepotUnbuild">
        <tutty>grather</tutty>
      </upcoverFlammedDowncry>
      <catkinsKoila stelaPetfulTother="79523615">
        <arpentsAmpsShends>lesion</arpentsAmpsShends>
      </catkinsKoila>
      <trilogy mimamsa="gowdyAiding">
        <centageRappers>bestadPercidLobola</centageRappers>
      </trilogy>
    </dictionCiphersBrassic>
    <weetingKashaBandogs carniesTeiidFlayers="wodgyDivineDoomer" tontineMoppyIndians="echiumJobbish">
      <pidginMoperSubedit>prawnAlfredSorer</pidginMoperSubedit>
      <flameLunacyAbsorb burhead="meltersPigs" reshiftGinzoesAnotia="salepBellyerExr">
        <slashCalineTerrine>827</slashCalineTerrine>
      </flameLunacyAbsorb>
      <feudal babbitVarus="diakaStupes">
        <sayidGulphZootaxy>52</sayidGulphZootaxy>
      </feudal>
      <adapts anopiasOxalanObolos="reeder">
        <salmon>ectad</salmon>
      </adapts>
      <serosePomp sanzenRecartStyle="renayHacek">
        <geetSavine>73166955</geetSavine>
      </serosePomp>
      <gozzan ablowVelikaBinomen="hileBalerTurns" plaitTan="cibouleLampf">
        <radiiPugetArratel>variDuncifyLording</radiiPugetArratel>
      </gozzan>
      <nacketPericuAllicit>
        <tiptoesRheen>4164407</tiptoesRheen>
      </nacketPericuAllicit>
    </weetingKashaBandogs>
    <dispell axionMechir="nutting" drunkTuxesKukupa="laithly">
      <chantedMaills>fiacreCierzosMatie</chantedMaills>
      <wapitis>
        <jarabeFrizz>nuggetsEngardeVotary7343</jarabeFrizz>
      </wapitis>
      <rotalSlime>
        <unwaged>silphaOakboy455</unwaged>
      </rotalSlime>
      <boomier crazingHack="prahusVasclaAsexual">
        <unupsetZakatFibry>thruRoar</unupsetZakatFibry>
      </boomier>
    </dispell>
    <nonet>
      <kundryHeed>83</kundryHeed>
    </nonet>
  </bash>
  <wormersAnkletsThirls weldedXeroses="cyathea" pigyardFiringsEtymons="dicemanPerrier" kussoBagniosLitre="stripes">
    <broggleSwilled lettrinEnnerveCalm="gotosPreman" boidaePapal="713" crankedLupinusOutpath="isotomeDockingDreck">
      <shipsSixthsRenters>bytalksHeyratBicarb18</shipsSixthsRenters>
    </broggleSwilled>
    <lostRivieraCorked scripeeOptably="birrApanage3189" stoater="pontoScoffedBusied" puntilRillets="canepinChurro9585">
      <linagesCydoniaMages>treddleDammer746</linagesCydoniaMages>
    </lostRivieraCorked>
    <jumartLycopodBrum>
      <quippusBespawl>hogskinErse</quippusBespawl>
    </jumartLycopodBrum>
    <webers>
      <madrierSynesis>payedBumkins</madrierSynesis>
      <des hulsiteCodist="beglue18">
        <celsianQuoited>whealMural</celsianQuoited>
      </des>
      <rightle skellBeerierWindlin="oviniaThrang" cyanitePodial="anicut">
        <elishahJuicierWetched>gobberWheezesDernly</elishahJuicierWetched>
      </rightle>
      <calthaCanalisFeely hobbled="lockNaos" serenedDialersMespil="bayousDeader">
        <whileen>729</whileen>
      </calthaCanalisFeely>
      <copaibaRoupEiry>
        <gleesWilefulPontius>asylums</gleesWilefulPontius>
      </copaibaRoupEiry>
    </webers>
    <tribute>
      <pavise>camocaHoppledMortars</pavise>
      <mallard seginus="eggarRamoonLeepit">
        <unalarm>9278</unalarm>
      </mallard>
      <plentyCurie roundWasheryPeyotes="genuine" suckageDisowns="akelasSurraLupoid32">
        <alala>forfarsMosaist</alala>
      </plentyCurie>
      <posada repipeUnlive="crapeBigeye" tentersSpissy="boho254">
        <pitchShivooTutelae>137</pitchShivooTutelae>
      </posada>
    </tribute>
    <guldensLagging hagar="stiletEcodemeAmeboid73" deis="dryfistVaudyGringos6">
      <decreesTrikirDisgood>hibitoRailersMecate</decreesTrikirDisgood>
      <doceticMegapodRatfish>
        <firm>unlocks2763</firm>
      </doceticMegapodRatfish>
      <fishbedAwakesArrayal>
        <fawe>prisons</fawe>
      </fishbedAwakesArrayal>
      <rethankUnhusk>
        <thrivedBaileyImputes>siccateTammockFatter</thrivedBaileyImputes>
      </rethankUnhusk>
      <applyExudesCrepis>
        <scraggy>areadCradgeTensor</scraggy>
      </applyExudesCrepis>
      <seamedOldies guaribaLookumFearful="255">
        <kourosUnpaperFouth>703422668</kourosUnpaperFouth>
      </seamedOldies>
    </guldensLagging>
    <niogTaiwan>
      <whelps>6309095</whelps>
      <capstan>
        <levanceBrunch>dioxidsRebound7517</levanceBrunch>
      </capstan>
      <jokerPilausStey>
        <eolithMors>sextern</eolithMors>
      </jokerPilausStey>
      <khodjaTrompSouse>
        <tanka>611850487</tanka>
      </khodjaTrompSouse>
      <uptrill ocypeteInosite="unlimp">
        <crib>intelBrujo</crib>
      </uptrill>
      <opaquesAugustaWarts carateCattily="kittarEnsilesIchibu95" scarryShotIguana="pietismStrikeHarmers">
        <incask>8</incask>
      </opaquesAugustaWarts>
      <audileAzured poiluAnglerMoio="fartlek">
        <boxcarGhostAbsorbs>premakeMalCrick9</boxcarGhostAbsorbs>
      </audileAzured>
      <fulling granaryMosting="442209">
        <oscnodePopguns>abiezerBatadNaomi9</oscnodePopguns>
      </fulling>
      <spanker klephtsEatingKimbo="sarkitYerkedPuttie" jamwoodGambes="singeyBouchonRehash">
        <middleTwinly>waifed91</middleTwinly>
      </spanker>
      <faiteryVengerChibouk dorbugDeliberRetinic="incage">
        <aigrets>4255828</aigrets>
      </faiteryVengerChibouk>
    </niogTaiwan>
    <gamaheGaufreCamara>
      <frayExoticsCuppa>ledger</frayExoticsCuppa>
      <primpedPessary ascelliNondoTelarly="archeal">
        <resweatStaiderIba>516477028</resweatStaiderIba>
      </primpedPessary>
      <jembleFrises damans="bengaliNagorSpad">
        <sargoTinders>wigglyTraily</sargoTinders>
      </jembleFrises>
      <bensheaBlaverDrudge>
        <humilis>801713</humilis>
      </bensheaBlaverDrudge>
      <pulpers colorsLadyism="49397656">
        <proliaCodPranky>aruloTamaIdylls</proliaCodPranky>
      </pulpers>
      <unwavedPyjamasBegan balitao="throaty5" alfioneGathic="rikshaw">
        <retypedUnhotTonous>anaudiaTempreShafii</retypedUnhotTonous>
      </unwavedPyjamasBegan>
      <juked aburban="pneumasDullish" unhairy="cloaca">
        <pine>stomasSadwareLibrid216</pine>
      </juked>
      <abyssusStinted hoorah="dioon" lauder="705274">
        <flittedAhmedTaler>telexOarcock</flittedAhmedTaler>
      </abyssusStinted>
      <slaveysOpaleye>
        <antlersRethrow>synaxisSuint</antlersRethrow>
      </slaveysOpaleye>
    </gamaheGaufreCamara>
    <sadhesEntrustTutly>
      <demitHarmootTaiver>smother5298</demitHarmootTaiver>
    </sadhesEntrustTutly>
    <teachesWhewAlmight uprightKilohm="scatch" urethanKudzu="booteesWagesKrigia">
      <alcyoneCadew>boorAlbiziaSonhood</alcyoneCadew>
      <suddNickle>
        <wakikiCotrine>115622</wakikiCotrine>
      </suddNickle>
      <galledTired>
        <formulaMiltedBigger>veteranRaptrilAdamic</formulaMiltedBigger>
      </galledTired>
      <staunProSergipe>
        <lastly>aunePeotomy3</lastly>
      </staunProSergipe>
      <angara kalongGrusianHomelyn="winfred" scovyPrimpedSoudgy="esculin">
        <atavi>unp</atavi>
      </angara>
      <sauf>
        <mallard>naywordSmirch</mallard>
      </sauf>
      <trudgerZubrAntient mandsOreman="niveauPiouslyTari" barwingJocumaJami="surreysMaumetsCanossa">
        <prossy>prom</prossy>
      </trudgerZubrAntient>
      <ottoman nutriasFrits="dierPeddlar84" snifter="bearersHookeyTrusses">
        <kremlinJournalLaveche>mmf</kremlinJournalLaveche>
      </ottoman>
    </teachesWhewAlmight>
    <shannyBels>
      <pewtery>laudersAbc</pewtery>
    </shannyBels>
  </wormersAnkletsThirls>
  <bonita diurne="wumbleYevenDicyan">
    <contekePiscis>
      <crants>6</crants>
    </contekePiscis>
    <serifsPwt>
      <cockshyTrumper>partyTirades</cockshyTrumper>
    </serifsPwt>
    <saitic>
      <arushaRazoredTantony>helicedSnoozleBrocht</arushaRazoredTantony>
    </saitic>
    <novenas>
      <nookletStagAlain>12</nookletStagAlain>
    </novenas>
    <rigbaneCoroll>
      <caissonLunuletBedgery>upyokeMumming</caissonLunuletBedgery>
      <tacomaBeeches sodiumPhragma="forty" labrusRhamnal="740918">
        <nosig>221</nosig>
      </tacomaBeeches>
      <allurer>
        <uveitisAmatolTeanal>balkanZiramsLobfig8</uveitisAmatolTeanal>
      </allurer>
      <stroupSmith>
        <chalks>862080</chalks>
      </stroupSmith>
      <sangarsGnostic>
        <saltfatKludge>tenuisFirepot</saltfatKludge>
      </sangarsGnostic>
      <replans agone="ringgitLychees">
        <foliosSabers>degass</foliosSabers>
      </replans>
      <bucklumFikeyGeison cists="attends6657" mealierDotagePiaffer="276909">
        <plagaLacmoid>yodelsIlissusPooka</plagaLacmoid>
      </bucklumFikeyGeison>
    </rigbaneCoroll>
    <wader>
      <cesspitBravoesEnspell>giaours</cesspitBravoesEnspell>
      <caddedSlimmedRepurge>
        <hexanesAdroopIsotere>saltishPsiloi</hexanesAdroopIsotere>
      </caddedSlimmedRepurge>
      <plumeryLioniseToques cotsBlumea="sediliaEupnoea">
        <jagong>deafishAbigeusDerve</jagong>
      </plumeryLioniseToques>
      <fadUnstore>
        <baaskapJimply>947346</baaskapJimply>
      </fadUnstore>
    </wader>
    <folky peacesSlaviLansing="321" lieverFuralMucluc="santalGunned">
      <papyrusNuchal>203394</papyrusNuchal>
    </folky>
    <oktaCystal etuiThudApios="numineCymoseEdemata" scase="resting" choleicLoutySenso="dossesEncamp">
      <brutedArgyria>lousyNotchedLamber</brutedArgyria>
    </oktaCystal>
    <glebaeSoryVelated>
      <lujulaDeeping>delayTiroGaudery</lujulaDeeping>
      <threatsDoormen>
        <isegrimUplegNudest>diodiaInchantCreping</isegrimUplegNudest>
      </threatsDoormen>
      <divotLocoes velCruds="coquinaCreepsCampong50" adjigaHydrone="ascyrumManitoOadal">
        <fieldie>undeftBelike</fieldie>
      </divotLocoes>
      <alisier raninae="stretto" acidsPyrrhus="140004">
        <tryout>unfeltTarsal98</tryout>
      </alisier>
      <gazed maskedGuggles="suicideWardensDerah">
        <scaleni>makeup</scaleni>
      </gazed>
      <spiky satanicMasonerUnrued="grushie" kaver="senciForeseePepful">
        <epulary>dashier</epulary>
      </spiky>
      <upbbore wiverAletteMalinke="wittolsDorsers">
        <repentsCorrie>5692</repentsCorrie>
      </upbbore>
    </glebaeSoryVelated>
    <recoupsLoggyAllect>
      <dirtyGoosyDunder>coryzas</dirtyGoosyDunder>
      <comousDrugs chekist="anguis">
        <engTunyCundite>control</engTunyCundite>
      </comousDrugs>
      <bhoySylvic alant="susurr" mossier="brawnyBeckonsCleome">
        <tuskier>ulceryTarvia</tuskier>
      </bhoySylvic>
      <lengPyx upspearUplong="686692">
        <swiftyStonify>264556</swiftyStonify>
      </lengPyx>
    </recoupsLoggyAllect>
    <swiper>
      <chaffRemet>ballat91</chaffRemet>
    </swiper>
  </bonita>
</estrusIbmUncouch>