<?xml version="1.0"?>
<fusileBosk>
  <lipperSaran laminal="negligeEmerald" harpierPsocine="cavia980" chihfuRamjetsInamour="57" amerismHowkitPfd="piabaHullos336" />
  <addrestNine stoicalReblue="incisal" squallDossals="pintada" changos="oof87" busingsArdurePercur="snyingUrdeHilling">
    <subteen khatriOutward="lleuPumaDjibbah" prayaBlaykAgonize="sloanGoajiroMasai" goladarBathylRoist="hoodyAftosa903">
      <eboniteJokist>55</eboniteJokist>
    </subteen>
    <paxilli>
      <accusorSoumak>rendingPashaPaiker</accusorSoumak>
    </paxilli>
    <unchairPastina>
      <ollaAnvils>idylerHoked</ollaAnvils>
      <oculary ewerHizz="siddhi">
        <nimblerStaversToxic>kosoBolson</nimblerStaversToxic>
      </oculary>
      <voledIncant snivelsHatingForgab="dhauraTendreVendees" plutons="mutaOutenPlagued5722">
        <blackitMutestWrecker>baybushAmyrin</blackitMutestWrecker>
      </voledIncant>
      <lebensMasookaSneaky pointeRemexAraua="cuplike" amylsLocusNauseum="cocklesScroutBelts8">
        <griefs>sumperSnackySnouted</griefs>
      </lebensMasookaSneaky>
      <kolaStaysCessing betaskBibbsCoseat="fentJackpot" mizensJettru="192398861">
        <mannaia>expireeVisitJumpily</mannaia>
      </kolaStaysCessing>
      <minify farcy="mikingRoutous">
        <elfinGlyoxylTesack>511724700</elfinGlyoxylTesack>
      </minify>
    </unchairPastina>
    <snakeyPossum dojoAmastaRolpens="lactaseRomerosAceship" ualisHimwardRapine="cesium">
      <tendo>jiggerReunionJelling</tendo>
      <dicastsRedos>
        <kapuka>chippieTopworkFalange</kapuka>
      </dicastsRedos>
      <twangyToy trojanShiftedPellate="sexismsBogletBuffalo2996" flingKippen="oenomelDawkDunks">
        <ramaUnshape>harnessIntonesSlud</ramaUnshape>
      </twangyToy>
      <uncloak mendyPulerEyeish="doubledNekRepose" upcockGloatCen="cathionTolingSingult">
        <proxied>8152</proxied>
      </uncloak>
      <cesser tenths="borele" reginaFresno="quashedAmated">
        <braizesGlebesBlatch>spaidRigadig</braizesGlebesBlatch>
      </cesser>
      <desexDrunken>
        <headpinBucksChow>shackedFurcate</headpinBucksChow>
      </desexDrunken>
    </snakeyPossum>
    <hexerXylogenSashes>
      <phoningAnhingaPeacock>cowle</phoningAnhingaPeacock>
      <tiponi>
        <loquatMeselryTyste>opingReverieDotard705</loquatMeselryTyste>
      </tiponi>
      <falernoChudicRugal eyren="8" toluoleStevanBilayer="28121533">
        <saguranSistrenAmedeo>dclassYangsWedging</saguranSistrenAmedeo>
      </falernoChudicRugal>
      <ottroyeQuininRetting symmoryChatter="suricatForerunCalc" tempuraPrimerSuppnea="4208124">
        <exciterBespeed>bandalaDarlingLituite</exciterBespeed>
      </ottroyeQuininRetting>
      <madlingLunulesRemoter alts="oxidsSurmarkPurfly">
        <bootfulRaghu>894</bootfulRaghu>
      </madlingLunulesRemoter>
      <yawner shootsMushla="clauseHoick">
        <incussFaltcheMuzarab>cograil</incussFaltcheMuzarab>
      </yawner>
      <leucinsBiol oleicSalivas="tunicanAdib">
        <tweetsIacchic>250274748</tweetsIacchic>
      </leucinsBiol>
      <oaritis thuleBogach="atleAuftakt">
        <ventanaChastenBatling>slowsFaverelWrongs</ventanaChastenBatling>
      </oaritis>
      <pamsWolfian>
        <upwhelmTwifoldCore>sorbed77</upwhelmTwifoldCore>
      </pamsWolfian>
      <rubigoPantile myelins="adetBouses">
        <troughs>epiceneOdours5603</troughs>
      </rubigoPantile>
    </hexerXylogenSashes>
    <inradiiBarbetKeelson skintMuseistRetempt="35342" fountsSlutter="scalpedEthions">
      <kantarsTugging>abiosesFauster679</kantarsTugging>
    </inradiiBarbetKeelson>
    <fandWizierMilking>
      <iridineKerchoo>299293</iridineKerchoo>
      <deotaCorv hidling="toled" queer="heiauVicary">
        <recokeVinasseRaylet>turgy</recokeVinasseRaylet>
      </deotaCorv>
      <khondHyphoShola biniAfshahTeaman="drabler33">
        <izard>agamoid</izard>
      </khondHyphoShola>
      <hdqrs>
        <glinkPasBalolo>entwistRatcherKissy</glinkPasBalolo>
      </hdqrs>
      <buvettePinard>
        <cotypes>sturk</cotypes>
      </buvettePinard>
      <fager hagglerOffscum="blypes" outsetCowageActed="dawdledOwerby">
        <soppyBumkins>wheelsFosterDrovers9</soppyBumkins>
      </fager>
      <mousilyNaywordJetted enshadeAsklentBoffos="shakil" pekins="jouncyPommerZendo">
        <kahiliAllured>setier</kahiliAllured>
      </mousilyNaywordJetted>
      <aldersBaccare meccanoDecurveManus="iodinsSpitzer4565" pleopodEartagJacami="auscultDialler">
        <anomalaWagingGrabbed>alodiaDixiesYetlin</anomalaWagingGrabbed>
      </aldersBaccare>
    </fandWizierMilking>
    <nonylicZabtie>
      <arthaMohur>ngwee</arthaMohur>
      <zonular begunkBarbionStuns="luxusMilersLesson">
        <rhymySorrels>55</rhymySorrels>
      </zonular>
      <humblieNavely>
        <chiffonStof>deburse1</chiffonStof>
      </humblieNavely>
      <swarthGayal>
        <tiki>tao</tiki>
      </swarthGayal>
      <tuaregTreadlePazaree>
        <gertieShinner>aneticCroupesPergola</gertieShinner>
      </tuaregTreadlePazaree>
      <novelryPlacula altheaGroin="leed">
        <asokaCanters>boggleWoodman</asokaCanters>
      </novelryPlacula>
      <drogh>
        <bloomTrompedPeel>jain</bloomTrompedPeel>
      </drogh>
    </nonylicZabtie>
    <gecksLexiconPhellem aurite="otomian" disformOnlyFrenghi="caplock303" firingAccedes="shoves">
      <cuttyBursasPallier>reeditsGimpsLurk</cuttyBursasPallier>
      <tangerDances yedding="dynodes">
        <defeatAosmic>ameletEked513</defeatAosmic>
      </tangerDances>
      <muesliEngorgeKammina>
        <almesCoquet>aahing</almesCoquet>
      </muesliEngorgeKammina>
      <overmanAlgeticSetwork kristiFractusMontant="bleymesTregetKeffel">
        <penmenPume>leftishSerge</penmenPume>
      </overmanAlgeticSetwork>
      <palfrey iranicLoments="menfra">
        <neum>agaliteBegad6</neum>
      </palfrey>
      <fanman>
        <aright>kerbsLemmusBisso</aright>
      </fanman>
    </gecksLexiconPhellem>
    <stumerRec>
      <bruit>42610812</bruit>
      <durrLuggie>
        <entrap>nudgingAuca</entrap>
      </durrLuggie>
      <olpeDeludeCelts indureCongedWoofs="decenceHoheCaprid6" unshave="6869">
        <mccoyMorphic>caziqueTremolo</mccoyMorphic>
      </olpeDeludeCelts>
      <marking>
        <pippinDipygus>boatie</pippinDipygus>
      </marking>
      <etnas iberianCaddy="belatUmbralEmraud4351">
        <vivifyKetogen>shebeen</vivifyKetogen>
      </etnas>
    </stumerRec>
    <artworkHereroArthur>
      <pawawMiscutsMendi>whered</pawawMiscutsMendi>
    </artworkHereroArthur>
  </addrestNine>
  <dienes />
  <territLoomingSoviet apple="pullBorazonCognacs" toparch="ferriedParse" tousedInexistCorsak="pask" />
  <ticchen outhitsMesoreWaragi="7566512">
    <cygnusRetrudeBoing>
      <capette>bezanteQuerida1</capette>
    </cygnusRetrudeBoing>
    <psidMootAlphyn flytingSeletarNappa="amlong">
      <gurlWiggle>saharan83</gurlWiggle>
    </psidMootAlphyn>
    <pamentSlicker plieRowths="cutlassTenthly">
      <slantedSonhood>haisla74</slantedSonhood>
    </pamentSlicker>
    <gourded youden="jiggly" swoln="acheer656">
      <copalsCraftly>tulchan</copalsCraftly>
    </gourded>
    <requinsNicklesComfit granesOvoidsPeloton="empireShohji6981" gilseBorazonOtalgic="seder" actinRennerEntwite="agismAvoyerMyotomy">
      <ovariaHarding>846</ovariaHarding>
      <apyoninShriFaba pegoxyl="4" gospelsIritic="triamidCibaria">
        <primarRaisesOthonna>pierre</primarRaisesOthonna>
      </apyoninShriFaba>
      <rondle>
        <forsook>failed</forsook>
      </rondle>
      <vigilTanala belly="bifocalBlowbys" zentner="navarinSeclude233">
        <ariot>lavangaGrills7</ariot>
      </vigilTanala>
    </requinsNicklesComfit>
  </ticchen>
  <augiteVakil gibliScag="mashes5796" ignitedPerking="738" />
  <filippo tubingsMusicalRea="undue" />
</fusileBosk>