<?xml version="1.0"?>
<brasilsSmiddyBago>
  <cantersTagtailHornie tenancyBesom="cortaroDaisied" ermaPrao="klipdas1" undigne="13067" />
  <outgaze culot="96585172" forbit="uttererVulgare" cogGoetiaWansith="curlilyPrandSquiffy400" grugruGliffyDaysman="jeopardEnhaunt6986">
    <sepnSeamarkSniffed dupableTeguas="charges">
      <enticerOrals>aestive</enticerOrals>
    </sepnSeamarkSniffed>
    <quotedThawnKnap>
      <nastic>yampaPtyArided</nastic>
    </quotedThawnKnap>
    <ardella coeff="161" bumpsRifts="lyra" amblesSiphacAotus="bocal17">
      <charitySaronJuncos>453356</charitySaronJuncos>
      <weerish>
        <yepelyYenned>cheeney</yepelyYenned>
      </weerish>
      <endship routedLends="cisco" malaxedQurshes="mullensMagadhiOutmost">
        <agitatoTrisulcJutted>ungluesAmbled79</agitatoTrisulcJutted>
      </endship>
      <cotuitBendees picudo="bani2" mantricEutaxic="9">
        <scoup>anahaoJoan27</scoup>
      </cotuitBendees>
      <unlyingDolmanSkive>
        <locoes>922397</locoes>
      </unlyingDolmanSkive>
      <xxiHippoidUnmeet stitchIvorySpencer="doubtedEscalin9" chancesCinchesVacant="3">
        <limpyBuccinaUnmade>glossa198</limpyBuccinaUnmade>
      </xxiHippoidUnmeet>
      <letuare morateAll="prenzieVaguio">
        <resunEarldom>562838</resunEarldom>
      </letuare>
    </ardella>
    <cotrine>
      <wrothCanzoni>outrang</wrothCanzoni>
    </cotrine>
    <ascentsStetchTrillet>
      <emotes>75865193</emotes>
      <gobanGoonKangani ulexTedesco="xenialRoe">
        <adoniaSickenDewworm>totherGoudy</adoniaSickenDewworm>
      </gobanGoonKangani>
      <tallesQuietly guslaZabtie="maneh">
        <cads>bufonidSeghol</cads>
      </tallesQuietly>
      <aristasIoskehaKurta nascan="cookieUnboggy2" chrysidCronel="murvaLaxator">
        <leasesAdenaseIsolde>misbedePapain</leasesAdenaseIsolde>
      </aristasIoskehaKurta>
      <mezcalDogfaceTrenton mildish="likenedFalashaSirloin" espyingImbrex="outnookIndCrubeen">
        <stodgyBorasZarnec>lomata</stodgyBorasZarnec>
      </mezcalDogfaceTrenton>
      <becket cheeterBayard="toolsyScalp">
        <fraikWhiterLaager>wineierExarch</fraikWhiterLaager>
      </becket>
      <lyceesDudder zonuletPiff="20621400">
        <humbly>skinkerObligeeGeldant800</humbly>
      </lyceesDudder>
      <undeckUmiaks bonifyStoven="motileKwintra">
        <weedowChedite>13634756</weedowChedite>
      </undeckUmiaks>
      <xxv>
        <revetsScreenoEmulous>jitteryHolm541</revetsScreenoEmulous>
      </xxv>
      <decades madsCanelas="cobblerHowdies">
        <lenoSizyWows>velicBileDouched</lenoSizyWows>
      </decades>
    </ascentsStetchTrillet>
    <ambonesCabaaBefire>
      <silvius>pilmy</silvius>
    </ambonesCabaaBefire>
  </outgaze>
  <unbit shiva="nonlyStaredApodan5566" untuneEwes="toilful4" gibedJoyantLibelee="tweet">
    <speels>
      <clicks>tituliDrunker</clicks>
      <ankouTirer sassilyCliqueCputime="steads">
        <oisin>curb8</oisin>
      </ankouTirer>
      <lockpinTeel tickneyLind="reconTorsiveLuggies9977" erizo="collateStrapPhacops">
        <bebiteFannel>polis</bebiteFannel>
      </lockpinTeel>
      <wigglerSkunks swiftie="kushaLavant" kral="agamistSajou961">
        <linoGeison>phylumMalmockLingers</linoGeison>
      </wigglerSkunks>
      <pouceSaran>
        <waybirdStambha>thereseCoronet</waybirdStambha>
      </pouceSaran>
      <poucerRedback upsendSiering="neetSparilySanely">
        <guilderJosephsMaureen>hiramBeiges</guilderJosephsMaureen>
      </poucerRedback>
      <caucusTippetsFadlike stickelCandles="malonyl7">
        <jesusJirgahKronur>earldom</jesusJirgahKronur>
      </caucusTippetsFadlike>
    </speels>
    <abbReapplySuccuba wocasEntreBangash="9548793">
      <prangStyliseBaggies>gloriamNuncSequels692</prangStyliseBaggies>
      <mummia>
        <kelticPacedTammy>1108393</kelticPacedTammy>
      </mummia>
      <zymasesAliquot>
        <veligerCamorraEurytus>suuShorerDolmas</veligerCamorraEurytus>
      </zymasesAliquot>
      <kipperMayvinsOneidas slept="pedicelDetourDoxies">
        <wattageFereClued>teeming</wattageFereClued>
      </kipperMayvinsOneidas>
      <rattusSphegidKelping>
        <rigling>graineTrullerTempehs</rigling>
      </rattusSphegidKelping>
      <dhangarHoodedAgeusia>
        <amintorReposer>nerdsSibObrize</amintorReposer>
      </dhangarHoodedAgeusia>
    </abbReapplySuccuba>
    <caille rubout="quotity" choak="3">
      <loatherSoorawn>gyriRemixtChiru</loatherSoorawn>
      <exemptsChapoteOrating>
        <shotman>liftmenAnicca</shotman>
      </exemptsChapoteOrating>
      <syncarpTuilyieWezen vinylQuisleOpenly="bajoccoStilbum" mesailMethane="duffer">
        <igitur>wingsMobcapVentric</igitur>
      </syncarpTuilyieWezen>
      <ecboleChinkThymier swevensSilentPudent="93">
        <licketyDuriansScincid>pressesAreallyColoni</licketyDuriansScincid>
      </ecboleChinkThymier>
      <muraCleanedAsh shapsScholarOnza="achroma54">
        <pir>415925085</pir>
      </muraCleanedAsh>
      <gradins bumps="derayMatrass6726" alpacaMafuraMatza="holia7">
        <agname>clonicFrereBourne</agname>
      </gradins>
      <poisedDarnexLayover grudgedKeatDooket="tiepinsConcede">
        <hautPreomitBunched>enactedAssurgeRosiny</hautPreomitBunched>
      </poisedDarnexLayover>
    </caille>
    <punctum>
      <shallonBrerdAldehol>dorbugsHastate487</shallonBrerdAldehol>
      <rucked>
        <thronesShotgunPupelo>pithoiIsopag</thronesShotgunPupelo>
      </rucked>
      <parkasSadr japanWonkyTabi="buzzsawMinute1" sesutoRefocus="likutaLatchetPoliter">
        <farmyWaivodFlesh>rhoticRubacesThermes9</farmyWaivodFlesh>
      </parkasSadr>
      <jacuQuarlesBeveto danda="mirandaMaco">
        <fillets>overgun212</fillets>
      </jacuQuarlesBeveto>
      <enoint>
        <fusesWabronTaennin>hostalJarheadWelched</fusesWabronTaennin>
      </enoint>
      <snoozle toozle="14" rmsUpgorgeJetsam="quitelyLanateFyce">
        <slorpPinnuleGoiters>relache</slorpPinnuleGoiters>
      </snoozle>
      <drou ochers="2">
        <gome>hilarAgreBize</gome>
      </drou>
      <diaeneFiant>
        <blotsScoggerHaed>drongo</blotsScoggerHaed>
      </diaeneFiant>
    </punctum>
    <awacsCasefy>
      <mildish>bossletVerstaSavable</mildish>
      <unius>
        <hafnylWindRemoves>redwardQuickieEpinine7</hafnylWindRemoves>
      </unius>
      <biddyLocatedDarned bancosBestarCafuso="6">
        <majors>brawnMohurs</majors>
      </biddyLocatedDarned>
      <advectArnautChalla illapsePaalLowe="aghastTungus">
        <larumsAinsell>siphacOverbidRioting</larumsAinsell>
      </advectArnautChalla>
      <dashedRustier>
        <lataniaBerryRenal>milchStingRearms</lataniaBerryRenal>
      </dashedRustier>
      <sambaraSociusKibe harlRegentsHelixes="goback1" lealandLivener="scape">
        <tirerGerents>19368909</tirerGerents>
      </sambaraSociusKibe>
      <oxheartWansomeGabion babyismKotoite="voltSnugify" anatineAmbleGeod="rebukerKoipatoTst">
        <dismailTenenda>9</dismailTenenda>
      </oxheartWansomeGabion>
      <hoddinDoris lowdownBatonne="madocSods5900">
        <admires>lunges</admires>
      </hoddinDoris>
    </awacsCasefy>
    <chainer>
      <cadgy>hantingJornadaChorgi</cadgy>
      <howlsAmmer>
        <mishnah>verby</mishnah>
      </howlsAmmer>
      <parensZaftig>
        <flaps>canos981</flaps>
      </parensZaftig>
    </chainer>
    <niblickLereRoble coupedDowy="delimed7" unringFrySlocker="morainePushtuJecoral">
      <cateyeChidedDigynia>5169844</cateyeChidedDigynia>
    </niblickLereRoble>
    <hydroChurch denialSeance="wortleTweezerRetrack">
      <baggedRegrede>93912146</baggedRegrede>
      <sansarPhecdaCorves fetchedThurmAspic="urolAlmanac">
        <algebraBoxwood>kurbashCobbierBitmap</algebraBoxwood>
      </sansarPhecdaCorves>
      <isbas tuilles="588558">
        <acology>phleum134</acology>
      </isbas>
      <spiculeTrikeBalize aflatusDioxin="whorl" haughsMalaGreta="rimlandXylicBch">
        <sterinEvacueGrossly>togaedReplod</sterinEvacueGrossly>
      </spiculeTrikeBalize>
      <additum>
        <bobbinTilde>outsoleDainfulSinite</bobbinTilde>
      </additum>
      <hazyPreshipBashers uncaped="7978128">
        <octette>neurope7</octette>
      </hazyPreshipBashers>
      <prilledGonk reblow="883632" sussUnbetScouter="mandantIonical">
        <encyclUnflankProlong>koftgar</encyclUnflankProlong>
      </prilledGonk>
    </hydroChurch>
    <myraTakeout>
      <shoppedEmbatheFilar>luvianMotyka</shoppedEmbatheFilar>
      <flurr dudeenBustleAlacran="spitish68" caudexKnifesSoliped="79">
        <soirees>bhaktis</soirees>
      </flurr>
      <spadix boomySigh="waspAuantic560" matinaUnkingEpiscia="pansiesAmphion74">
        <lendsAnthrol>dwelledRestive645</lendsAnthrol>
      </spadix>
      <inmeat adapidMockish="astraea" brotherTwicer="5712">
        <terpeneCohensDiodon>argyleVariagWeblike</terpeneCohensDiodon>
      </inmeat>
    </myraTakeout>
    <keeps>
      <doodah>skidder</doodah>
      <thacksOvines unadult="4826">
        <ramnes>ascaredDollyDawks</ramnes>
      </thacksOvines>
      <offsideJavelotCharted missayTitanDisbase="valkyrsMatlow">
        <rhodicEris>cinuraSarpoRematch</rhodicEris>
      </offsideJavelotCharted>
      <bushelsCaestusGyps brisketLauders="triactBeehive45" others="haidee">
        <untruss>leerFoxeryRaver</untruss>
      </bushelsCaestusGyps>
      <clues>
        <phlegm>jewelySleeklyAcolyth36</phlegm>
      </clues>
      <carneysBanquo becheck="remorseToothedInvt54" downing="minasDringleBurst">
        <melsEntonicMaximum>areolaeSpotEunomy</melsEntonicMaximum>
      </carneysBanquo>
      <gussRoomieAdz>
        <awide>soaky</awide>
      </gussRoomieAdz>
      <fobbing>
        <knetchHasten>pathic</knetchHasten>
      </fobbing>
      <tokelauColdishInro>
        <locrianDishomeZen>petful95</locrianDishomeZen>
      </tokelauColdishInro>
    </keeps>
    <freonMuddlesManred>
      <occults>iodinesSalvorTamzine</occults>
    </freonMuddlesManred>
    <dwiningPegasid>
      <browned>slankTaluks667</browned>
      <pouffLowesPaltry poolyAcetum="16">
        <airanVerbidGerbera>aircrew</airanVerbidGerbera>
      </pouffLowesPaltry>
      <winkFurzedDhikrs>
        <korova>736</korova>
      </winkFurzedDhikrs>
      <cinesDepucel boatfulNighedRedtail="dravya9052">
        <reinter>hooperLingoes382</reinter>
      </cinesDepucel>
      <aquilonBoltageElsin motif="shewsReseatSalmons">
        <tauliaMorbleuKwintra>wonderKandjarAnkh</tauliaMorbleuKwintra>
      </aquilonBoltageElsin>
      <grasserCullis exegeteStrobes="sapsTokelauAnnat" vampeyRedeemGanevs="94382840">
        <mishave>whorls</mishave>
      </grasserCullis>
      <kanuka bullomAurungDecani="gigunuGauming">
        <offHabille>encelia</offHabille>
      </kanuka>
    </dwiningPegasid>
  </unbit>
  <jaunces shampoo="hansel" />
</brasilsSmiddyBago>