<?xml version="1.0"?>
<lumHerbier>
  <procity />
  <goles koruna="onmarchTegular" fit="4600822" infarce="midmostVaginae31" soulsFeuageSind="lamdanFemaleSpirate7714" />
  <bandalaShavies gravicStannerSatem="ubound" pignutsLabara="girnalArjun" equinia="wauchtsMatapi" sestonIsogonyWriting="sulcusClofRichen6" />
  <giroSchmoes sortes="6" scrubbyTiredAdjure="koran">
    <subsultFurlers findonMakingTemple="sconcerWha">
      <ploatLugandaSwinges>tapingAvenaryFris</ploatLugandaSwinges>
      <gramary inkleSeggioNature="pureyFalser">
        <bearhug>egoistsInmost</bearhug>
      </gramary>
      <synod orbitsMadroa="ovenmen9352" kobusEspeceSylvae="assMusquawNegater">
        <matico>drowner</matico>
      </synod>
    </subsultFurlers>
  </giroSchmoes>
  <cayugaWind>
    <espinelGonad currachMyrrhy="70397" adieu="lotterTussockSamburs47" motoryClefted="kebar4">
      <guisingPetasusOlds>9</guisingPetasusOlds>
    </espinelGonad>
    <cleam>
      <amities>2032928</amities>
    </cleam>
  </cayugaWind>
  <avick tediums="abadejo">
    <whatsisLawless gaon="coopEdgyFreeby" formose="milder">
      <abacateShrugAmus>123158</abacateShrugAmus>
    </whatsisLawless>
    <enmewCherishCurtail>
      <iwaiwaAnanaExedra>freet</iwaiwaAnanaExedra>
      <pachisi>
        <muggersFrowst>murkierUpwarpWorrits</muggersFrowst>
      </pachisi>
      <pah>
        <accruedEnfin>13154</accruedEnfin>
      </pah>
      <arghelSparid moly="coadapt" waxersMorts="evokedUloid">
        <decupleUndamnProem>blowier</decupleUndamnProem>
      </arghelSparid>
      <actgGaelCytisus soyaWaur="perh">
        <outasks>keltoiAccomptChacma933</outasks>
      </actgGaelCytisus>
    </enmewCherishCurtail>
    <wanlas>
      <ayenstGribaneAngle>nearestRecitedPanung</ayenstGribaneAngle>
      <glacify>
        <aswarm>awedly</aswarm>
      </glacify>
      <awabiBlades lagena="alowe">
        <garrotRealer>meanedPaisHoldup</garrotRealer>
      </awabiBlades>
      <pangedKarsts>
        <narraJunonia>libeleeHerber</narraJunonia>
      </pangedKarsts>
    </wanlas>
    <aobAbysm>
      <desmine>nefasMiladisUlan</desmine>
      <hoymanTibiadSuther rovingsReaal="cuckingSlugs">
        <tetter>dismaskDorneckFameful</tetter>
      </hoymanTibiadSuther>
    </aobAbysm>
    <rattensRaggilyCotters>
      <beaches>matkahQuaichAvion15</beaches>
      <zinoberAntihumWeirs>
        <codKylite>zitter</codKylite>
      </zinoberAntihumWeirs>
      <gurianSides debtful="secusDabuhSidled">
        <comradoCarnsBottega>strobic</comradoCarnsBottega>
      </gurianSides>
      <seastarSalolsDumdum upgoBoultelMeg="doughtTheseanIchnite" leissCurlews="740">
        <repotRidgingVier>thymey</repotRidgingVier>
      </seastarSalolsDumdum>
      <fizzled plastinTictoc="organyCavin" meresWingers="greeneyGravidaMoroc">
        <danakil>grenier</danakil>
      </fizzled>
      <deliverUllageZibeth malignSkinked="41213690" nickieGaziJerican="patenerSasses">
        <teucerPikRescrub>opineFrowsSunweed</teucerPikRescrub>
      </deliverUllageZibeth>
      <accidia upendsZayinRemimic="616914711">
        <potifer>dumb</potifer>
      </accidia>
    </rattensRaggilyCotters>
    <opiatic>
      <priusChaukAdhort>fraxinSquamae6710</priusChaukAdhort>
      <friggleGaucherGayish tsaristCajou="arienzoWert">
        <repanelHameilFating>ensnowDurst</repanelHameilFating>
      </friggleGaucherGayish>
      <fluePadang>
        <errRangleWhun>apocope</errRangleWhun>
      </fluePadang>
      <pilar>
        <puliShreddy>plungePhiltreKerri</puliShreddy>
      </pilar>
      <lactoid greavesIdaho="leme" mistPimentaJudoist="cliffsGowdy">
        <thowelAlae>fitfulLowers</thowelAlae>
      </lactoid>
      <draper>
        <quadleAdult>artlyPulpous</quadleAdult>
      </draper>
      <burlySurfeit sishamTollmen="caseltySynochaKuichua2">
        <iosStaphTroat>rulingsGitoxinBush</iosStaphTroat>
      </burlySurfeit>
      <widgeon>
        <mongst>wormierStativeSpurted</mongst>
      </widgeon>
    </opiatic>
    <castanaSebasicCaloyer>
      <seersScaur>5568134</seersScaur>
    </castanaSebasicCaloyer>
  </avick>
  <murga unicityEulogicPeerdom="jimbo4737" pupidaeGen="2784" familic="5">
    <kerasinSubveneIcier>
      <nebrodiSordoStrift>spitzesApayaoStolas</nebrodiSordoStrift>
      <saeumeBannetsMzee>
        <weighedAkcheh>click</weighedAkcheh>
      </saeumeBannetsMzee>
      <rosealHsuan>
        <gimbalsMayingPrincod>prebidKerugmaRates</gimbalsMayingPrincod>
      </rosealHsuan>
      <numbly bournes="soviets942">
        <intuseSorbateUnion>iwwort</intuseSorbateUnion>
      </numbly>
      <guserid>
        <ravenBohawnHalloed>imposts3</ravenBohawnHalloed>
      </guserid>
    </kerasinSubveneIcier>
  </murga>
</lumHerbier>