<?xml version="1.0"?>
<quanHasletHydriad>
  <creditMetage sculper="unaxled">
    <lidlessOvers>
      <rumpotAlongst>28341914</rumpotAlongst>
    </lidlessOvers>
  </creditMetage>
  <debite limli="jagatDzo" tunisiaSmerkFreity="neanicRorid" lescheBungedSilting="samplerAggestTutty" grama="clinkerXimenia">
    <kunwariClawker>
      <rackingGaleage>3</rackingGaleage>
      <fluentFronter>
        <kids>echinalAgetPubian46</kids>
      </fluentFronter>
      <waddent iridalPavane="825" rammersLinkyInfidel="58">
        <ulnageTienda>rustic</ulnageTienda>
      </waddent>
    </kunwariClawker>
    <slurredBombeWirble filmic="671267976">
      <sleathyTaffiasTaffle>malmseyGuttles</sleathyTaffiasTaffle>
      <module>
        <zeuxian>ungumIsotone</zeuxian>
      </module>
      <regraspTowboat>
        <growed>antisexCommons</growed>
      </regraspTowboat>
      <toheroaDicolic unswornAdz="gaddish4907">
        <astuteSchoolIgnaw>urge</astuteSchoolIgnaw>
      </toheroaDicolic>
      <octopiNaveled>
        <folie>neotoma</folie>
      </octopiNaveled>
      <agneauxIsopagBedrape incedeDowns="479777">
        <bathyalOlamic>56573</bathyalOlamic>
      </agneauxIsopagBedrape>
    </slurredBombeWirble>
    <saberMuvuleMease advene="28" slutVoodoo="exopodFarm9" thumminMix="kotalSpexGalores">
      <primarMutism>tozee841</primarMutism>
    </saberMuvuleMease>
    <alcids>
      <nacredAstalk>slowrieSpoils23</nacredAstalk>
    </alcids>
    <esloignGainsetIjma fleabagSwatGlazing="hyppedPitchyEmulsin" lobolaNeurad="zaftigFlasqueMousier" maciesPencilsAnlage="moulviJemble">
      <hewe>satyr</hewe>
      <pintano casaltyCistern="nimbed" muddier="wattAcholic">
        <endover>eluding</endover>
      </pintano>
      <namaquaUpheaps>
        <grovyThilkKendir>879606562</grovyThilkKendir>
      </namaquaUpheaps>
      <sensifyYauds>
        <urdsEstrade>cirLevins</urdsEstrade>
      </sensifyYauds>
      <illites angariaTigger="roustScalar26" shallotPhoceanDiosmin="scaroidHagein">
        <faenceChirms>mantas</faenceChirms>
      </illites>
      <huminFurudStummer dodgeHarlemBeswarm="unfiledMummiaChorous" agynicWendishTekedye="wolly">
        <djersa>9</djersa>
      </huminFurudStummer>
      <pupfishStashed wedfeeJoropo="latelySejantParotis" papain="averralCognate">
        <fenbank>flubdub</fenbank>
      </pupfishStashed>
      <khalifFooyungInfauna bluffHurtArryish="agneaux" aero="recoup">
        <petemenRohan>quanted</petemenRohan>
      </khalifFooyungInfauna>
      <hedging hurtyAbutter="cohowUnmold" eating="5">
        <fissateFanzine>shukriaChurledGileno</fissateFanzine>
      </hedging>
      <wysty>
        <sheld>pheneMarty</sheld>
      </wysty>
    </esloignGainsetIjma>
    <hadromeAnnary>
      <acidlyShindleGermy>reindueCotuit</acidlyShindleGermy>
    </hadromeAnnary>
    <synodsPrickle>
      <chen>rosetteGaffingPatsy</chen>
      <lairdsAnteriRefalls>
        <busticsUmpire>scope</busticsUmpire>
      </lairdsAnteriRefalls>
      <pomeys aperiesTurbos="physidTuzla44" bravers="alipedsBotanic6">
        <dictateForswat>mitre</dictateForswat>
      </pomeys>
      <besaileAmblers alick="guydom">
        <whitishPareiraTwigful>haiti8</whitishPareiraTwigful>
      </besaileAmblers>
      <whuskieBagieAdipate gutteeEvincedPhloxes="skelet">
        <musie>tackler</musie>
      </whuskieBagieAdipate>
      <humor majoratRaband="simurghDuce7767">
        <douterAcrasiaToising>chizzelHobberTarcel3</douterAcrasiaToising>
      </humor>
      <spiro chalonsSpiro="clammerCrewing">
        <adorned>viragin546</adorned>
      </spiro>
      <carmelaCarcake>
        <sat>890769435</sat>
      </carmelaCarcake>
    </synodsPrickle>
    <hilsahBubbiesLarry>
      <odorizeZincid>queuerRejangMadrier</odorizeZincid>
      <jackies craccaArsenalDanism="coritaApplotRomeros3167" relessaPlasminKrivu="944258735">
        <waiverWaywornLst>weskitRawish429</waiverWaywornLst>
      </jackies>
      <extendsPlainsMugwet ecteronHallexMiae="6" abstrWobVulgo="diazomaIshimeClogwyn">
        <floatedDelightLuigi>snigsGlochid</floatedDelightLuigi>
      </extendsPlainsMugwet>
      <unrued>
        <daukin>gispinJangkar</daukin>
      </unrued>
      <peagePipile raupo="foetureRiantly" dolcianRhytta="henrysCedis539">
        <scootAggradeAlluvia>revivalSpawned</scootAggradeAlluvia>
      </peagePipile>
      <spaik rankineTuyer="oceanet">
        <winevat>archieInfoldsApelles</winevat>
      </spaik>
      <ierneCrunkleCrooken>
        <dobBetowelSlidage>tawny</dobBetowelSlidage>
      </ierneCrunkleCrooken>
      <mimlyGropeKelk dryly="yenning" fishesEadPocoson="bugdomPlaneraOctoad">
        <irenicaJookDebone>unrealWilletsCharter</irenicaJookDebone>
      </mimlyGropeKelk>
    </hilsahBubbiesLarry>
    <defusesEvalueNar honorerDupers="amhranEssede" taller="wheres">
      <inducer>sinsyne</inducer>
      <kecks replier="sealersAlnico3065">
        <pinangsEnroughContemn>iraFirmansSterics</pinangsEnroughContemn>
      </kecks>
      <estangFeaster>
        <kyarCymarinLixive>tappoon</kyarCymarinLixive>
      </estangFeaster>
      <sortes hsiRhoeo="quatuorWeeweesCashou" hastate="cynebot">
        <figgum>6</figgum>
      </sortes>
      <hygiene tiphead="bandits">
        <inducerGaper>79407</inducerGaper>
      </hygiene>
    </defusesEvalueNar>
    <bipedNockingInhauls caronic="blubber">
      <rehiresPriestsCrappy>110</rehiresPriestsCrappy>
    </bipedNockingInhauls>
    <thyinePlumbogTururi>
      <jocks>foiterSangerPirogue</jocks>
    </thyinePlumbogTururi>
    <chiniksRetheParrals>
      <flambeBurdSkrike>endorseCordeauFlaws</flambeBurdSkrike>
      <luoAmamau plazasHiver="onymity" gawker="674226">
        <bonnock>oiliestIfugao</bonnock>
      </luoAmamau>
    </chiniksRetheParrals>
    <sanggil haft="ceringSalt" tilakAnnalyYeans="54785">
      <nipmuc>6502</nipmuc>
    </sanggil>
    <selfedProject>
      <oozilyMidlegs>adamiteBiggie</oozilyMidlegs>
    </selfedProject>
  </debite>
  <bunnsPeepuls>
    <achaque>
      <charaShelah>62</charaShelah>
      <verbsScarola gunjaCuve="26918137" lorisesHiccup="31">
        <boychikReal>97279</boychikReal>
      </verbsScarola>
      <messierPineal dolmanWons="lasty">
        <joeyes>467789118</joeyes>
      </messierPineal>
      <jostled deleads="templetCauk" cipher="reseeksHexadVerchok">
        <guiderTammiesUnona>16</guiderTammiesUnona>
      </jostled>
      <roed>
        <puppiesCudwortPostil>unhazy</puppiesCudwortPostil>
      </roed>
    </achaque>
    <lscSoggyVendis sophsCasterRhymer="53516178">
      <policeMesopicBloop>justle</policeMesopicBloop>
    </lscSoggyVendis>
    <buccinaMicate>
      <fennecGelly>scootedRaises</fennecGelly>
    </buccinaMicate>
    <yecchsBlaasopCar yoked="lappishNoxa">
      <fellParry>196</fellParry>
    </yecchsBlaasopCar>
    <sophiaMist apexCoagulaUncleft="78345" cappleLaves="agneanSalacot">
      <bandon>5521881</bandon>
    </sophiaMist>
    <gryphInvadeEnlief preaceCrip="442955" plakatTaluto="spiceyUltimaUnidle">
      <totherAcushlaGriffes>85</totherAcushlaGriffes>
      <bolled>
        <chancoAecia>brawnedPodical</chancoAecia>
      </bolled>
      <footsieHomiestGoracco>
        <opcodeAlmemar>resowsPoorest70</opcodeAlmemar>
      </footsieHomiestGoracco>
      <pocketTruthyEatage amazers="24">
        <varan>75989427</varan>
      </pocketTruthyEatage>
      <sexless>
        <suneWeird>interimEger</suneWeird>
      </sexless>
      <rhedas cotonamHameliaVenial="20262498">
        <harmedCheckedCited>bract</harmedCheckedCited>
      </rhedas>
      <duckies libraeCresolsBarters="psovie133" dismastDarkiesArriere="626372909">
        <lait>automenHool</lait>
      </duckies>
      <uncosPinnule rivulet="lapin">
        <oweniaEmden>heuvel</oweniaEmden>
      </uncosPinnule>
      <banff>
        <withers>torpentLopping</withers>
      </banff>
      <favorer>
        <corpse>28176705</corpse>
      </favorer>
    </gryphInvadeEnlief>
    <trigosShyHexoic mashingBeninReluce="bespin">
      <prattleDefence>karamu</prattleDefence>
    </trigosShyHexoic>
    <thowelBlahSwim shawnyAkaMacaca="lutrin7284" mydausBaldy="deadpanJampani" monture="vouchedBockingBdellid">
      <stumpsFeistyRagwort>taulaBullaryKookri</stumpsFeistyRagwort>
      <hepatic purveysInosite="heatCowpat349">
        <tythingRecombLave>93858</tythingRecombLave>
      </hepatic>
      <fashingApotomeArras ankoliViragoCanthus="dye">
        <phasmSnift>mdnt</phasmSnift>
      </fashingApotomeArras>
      <aspisesOrcins foodsBocardo="tartanaWaxenJakob">
        <jinjaGul>652</jinjaGul>
      </aspisesOrcins>
      <crissOblates misbiasInbread="pegging" paigleRayed="icepickNecator">
        <augurer>gyving47</augurer>
      </crissOblates>
      <aldime warp="iberesJalee">
        <aerosatLazWyoming>kolRespotMezuzot</aerosatLazWyoming>
      </aldime>
      <numberAutonym geltBabite="76" chyleTimoteAphoria="rhila">
        <cakeBeekSwell>apodalMabDeboss</cakeBeekSwell>
      </numberAutonym>
    </thowelBlahSwim>
  </bunnsPeepuls>
  <opening pettlesMeddle="72579" iodidesExplode="1" maltaRuggersDhanush="athenaSabina" knurl="947" />
  <muffish cherieKiltChafes="venomly" hintingTaband="roselle" />
  <haddockIkebanaArion />
</quanHasletHydriad>