<?xml version="1.0"?>
<safini>
  <sarumMasterRomaic ripsRazziaBurelly="184453745" />
  <erumpMaiid barkhanPyrrols="9519531" veletaEgersPilcher="5226307" armilCombe="ricotta" />
  <abjurerOuzos collada="caonBigamicSonny" tubbaKrooni="tidyingGaleas" aaliis="rebozoDogtrot">
    <subch cystinForkedRidings="thankeeCibolaJudice" henneryStrums="kanukaPrieLimed8">
      <reen>morgTaxpaidJowser98</reen>
      <pirateFlyingSpewing makouaTrystPhobies="82" premedsAbaton="slap">
        <emberWinnockIowans>1833422</emberWinnockIowans>
      </pirateFlyingSpewing>
      <pinte vainfulGabler="58905206" alogismJoewoodIntoed="6310">
        <eddiedCrusile>gyratedBeltene1</eddiedCrusile>
      </pinte>
      <hatlikeShalder suppl="pygopodTawdry">
        <reteBidding>lamista</reteBidding>
      </hatlikeShalder>
      <hisself balldomAcarus="8" upbrastEgos="753515019">
        <kokanBrowned>stail</kokanBrowned>
      </hisself>
      <calcesVirago>
        <unfoldsLiinUsing>haman</unfoldsLiinUsing>
      </calcesVirago>
      <craber>
        <cornbin>ternarGauntyDrifts</cornbin>
      </craber>
      <spireasThysel heroicsDenaroGoniac="zolaistTalcose">
        <boldu>mawksColan8170</boldu>
      </spireasThysel>
      <smaltsResews>
        <arointBusilyPaulian>haytime</arointBusilyPaulian>
      </smaltsResews>
      <forbornMtn morchaDecani="lancer">
        <skirp>raggily</skirp>
      </forbornMtn>
    </subch>
    <goose>
      <repines>suqMagani</repines>
    </goose>
    <orexin>
      <pithySis>nicotinTramal</pithySis>
      <seedbedHydriadCfm resaca="exceed">
        <fumid>swirlLiebig</fumid>
      </seedbedHydriadCfm>
      <oralism>
        <noriceEavedPulvic>sattarWoodmen</noriceEavedPulvic>
      </oralism>
    </orexin>
    <mukluksDimWergild>
      <wassailBelindaHeaten>twigged</wassailBelindaHeaten>
      <nourishMayday scrawmKoreBon="nidge">
        <cowleAlgomic>libera</cowleAlgomic>
      </nourishMayday>
      <speaned brushyCanzona="moit">
        <nerdEdifiedUptilt>holistsGannerSensal</nerdEdifiedUptilt>
      </speaned>
    </mukluksDimWergild>
    <pastaKinged>
      <fenDaisiedPoussie>fullers</fenDaisiedPoussie>
      <endedWingier hubsWhoopla="caulkedEntasesSoapy6" diallylPatinsLocally="sharks">
        <tatie>jefe</tatie>
      </endedWingier>
      <skywardStownet tufas="remblaiCoining">
        <omani>everichWhileen</omani>
      </skywardStownet>
      <unscaleMudejarWatched>
        <frouzyCytome>roblesCorvina52</frouzyCytome>
      </unscaleMudejarWatched>
      <jeopardGristsHyde>
        <shariaCowheelTrochid>rebidsDensityFaking</shariaCowheelTrochid>
      </jeopardGristsHyde>
      <laulauSeid kanara="renamesJockosLeng90">
        <brindedScf>breathBatak</brindedScf>
      </laulauSeid>
      <bestuurAtocha hurrerMytholIsolead="7">
        <yeggs>dynasts</yeggs>
      </bestuurAtocha>
      <anurous alipinAttagalPilum="978" galchic="sirpoonReeler">
        <gowkedMargin>notingPriest</gowkedMargin>
      </anurous>
    </pastaKinged>
    <petrine>
      <pangara>gerard</pangara>
    </petrine>
    <potiLoligoSocky>
      <kawikaArylateSalue>79</kawikaArylateSalue>
    </potiLoligoSocky>
    <bedsickBitolyl guylineGlaum="entirisCusses">
      <scusin>charaWhaMadia</scusin>
      <nidulusTawTrilite bollen="guvBrede231" antwiseDonned="humhum">
        <coenjoySirocco>swinker</coenjoySirocco>
      </nidulusTawTrilite>
      <knorr tushiesMisuses="presealPension" boogiesIdolousElaic="scunDolphBachel4429">
        <abieCenture>88</abieCenture>
      </knorr>
      <skibbetHadit maomaoMadcaps="hellmanBlocs" tristAttrite="9189">
        <fullage>kippersPraised2885</fullage>
      </skibbetHadit>
      <auksAeries>
        <oremanLallans>9804</oremanLallans>
      </auksAeries>
      <nomismFlauntsBiogen nubbier="stentor" yowleyUpdrinkPenname="clootBugdomBerhyme">
        <amintaClammedSwiftly>88894</amintaClammedSwiftly>
      </nomismFlauntsBiogen>
      <anaryanManuary unpavedBoletus="11874311" ankhsKua="panzerSimper">
        <pampeanLenoraArcsin>36003729</pampeanLenoraArcsin>
      </anaryanManuary>
    </bedsickBitolyl>
    <earlierHarianaPicky beleedSist="staceyMen" odysseyNeum="comtes">
      <reisnerCitrateNaiads>monofilLawn54</reisnerCitrateNaiads>
      <emgalla fidging="canelCannerTubbers" knysnaUnmansErbia="cuthealRandon">
        <unrivetRepayalAldamin>umbelapDidymia</unrivetRepayalAldamin>
      </emgalla>
      <diluvyPirogen gallootMoatOnces="coca">
        <hyphen>280</hyphen>
      </diluvyPirogen>
      <ubussuThamengTahil>
        <savorySkeanSerimpi>imputerGerbera</savorySkeanSerimpi>
      </ubussuThamengTahil>
      <shaveeDensity unwoman="monotic">
        <aheyMetin>menkarTunna</aheyMetin>
      </shaveeDensity>
      <guessesExegete athymic="romans">
        <dipody>quinoas9</dipody>
      </guessesExegete>
      <badaud>
        <emotiveFlutherThymes>becardAlutaHowl818</emotiveFlutherThymes>
      </badaud>
    </earlierHarianaPicky>
  </abjurerOuzos>
  <cleadedDenoted aqua="eduardoSlocken68" besonioIndium="35900" bucrniaMarwer="argulusBatavi" hajjisDuffelTrovers="reapedApeak" />
</safini>