<?xml version="1.0"?>
<bradsot>
  <sogdianYousAlien scotomaSiros="9" trellisLamping="filesThreoseRegauge" boregat="copGudrunKeyset">
    <apaiseQueery chancerFullsLiners="dockman" pinkest="5698911">
      <ferriesPouchyBowker>immisGirnedFainter</ferriesPouchyBowker>
    </apaiseQueery>
    <rentingCrotchy>
      <sheathAguglia>subsea</sheathAguglia>
      <blushyLounged vepsishJatEstrums="bambukMyoidFlirt" snoodedMotaElysia="exolve">
        <incisalKanaraRelief>latheFidawi</incisalKanaraRelief>
      </blushyLounged>
      <frapler>
        <bereft>fumerel</bereft>
      </frapler>
      <lepid adsumSwedeToolbox="568">
        <rhymed>meuniLappDeficit</rhymed>
      </lepid>
      <keels onychinWakeelOsmosis="zookersAmniniaDyeweed" viralPsoaePineta="daised">
        <lithyHekteusWarship>46517</lithyHekteusWarship>
      </keels>
    </rentingCrotchy>
    <maltedsGrosserNodes groupEjidal="tenMilacreEurytus8" quintoAwiggleFresnel="110">
      <monkly>sei</monkly>
      <fagotyGor ungelt="304" vastus="147711840">
        <nangca>roslandCoigneAorist</nangca>
      </fagotyGor>
    </maltedsGrosserNodes>
  </sogdianYousAlien>
  <azide junkSwarfer="furringPorgePhellum" liltDisnestStad="5" ally="doverDeke" galleysSimoom="354495677">
    <hellers easelsMaroon="sonlyEncinaFamish">
      <daggersGiggedVrille>trimmerPushrod39</daggersGiggedVrille>
      <logman>
        <airanBkbndr>skibobsDorbie</airanBkbndr>
      </logman>
      <xylosidAtophanAnural hainanSamelyBryozoa="adoniteSnabbleGust9" espigleChermes="fowlsBorough">
        <ladlesAdjurer>lyratedWoaderTuarn</ladlesAdjurer>
      </xylosidAtophanAnural>
    </hellers>
    <outgrin>
      <turbethEelboatWearily>kokamPayess</turbethEelboatWearily>
    </outgrin>
  </azide>
  <rerow stylateDaturas="koine" />
  <baccareOrvilleBleated>
    <djelfaAnoeticMutant retinicDortourAvarian="dakir" craye="90156">
      <safflowOshea>vills</safflowOshea>
    </djelfaAnoeticMutant>
    <pleionBootboy>
      <qanatBurelyOptate>synoviaMethideRabbity240</qanatBurelyOptate>
      <toryGaruda>
        <diffundDimouts>38891031</diffundDimouts>
      </toryGaruda>
      <bittersTrammed warkingBoasterPortail="doethCesuras">
        <adnounGreggle>3</adnounGreggle>
      </bittersTrammed>
      <yearnedOillike scarpaUtmosts="303190591">
        <chorismGenteel>minery</chorismGenteel>
      </yearnedOillike>
      <lidsRoonAngrily>
        <feculaeCollard>numpWhynessLomata</feculaeCollard>
      </lidsRoonAngrily>
    </pleionBootboy>
    <roamage>
      <seltNewelty>sowsShrubsReynold</seltNewelty>
    </roamage>
    <faltcheEmerita>
      <implant>silvexBonnetsNanpie</implant>
    </faltcheEmerita>
    <phaneSoonersSilency>
      <apptdHokerRaspish>tummiesChackerSpewed</apptdHokerRaspish>
      <routousSwims judaismButtingCecca="fledgedCurtest">
        <jerkingSchanseUngueal>couched</jerkingSchanseUngueal>
      </routousSwims>
      <ghazies yah="hedgesKnocker" sim="jetbeadProwed">
        <helibusLavecheBuggane>subhallSenateRewrote</helibusLavecheBuggane>
      </ghazies>
      <adiateWhities angia="88165751" cairene="actuals379">
        <flybys>lacs</flybys>
      </adiateWhities>
    </phaneSoonersSilency>
    <leporisRunnier>
      <durdum>rozener</durdum>
    </leporisRunnier>
    <fodBedders>
      <gropedOutlord>lauwineShallopShales189</gropedOutlord>
      <bidpai taboursHababStrawer="dastardMalthusParelle6805">
        <dowcetVattingAcclaim>lucidaeSoorkee344</dowcetVattingAcclaim>
      </bidpai>
      <vialed proodeMurreysQuartz="tillotImpendsBalds">
        <cardiasLeaner>9</cardiasLeaner>
      </vialed>
      <jokesPinnock oceaniaSheeter="hemmer">
        <diff>407757704</diff>
      </jokesPinnock>
      <elapsesHallingBoxtree>
        <caketteUroodal>geeMartrix</caketteUroodal>
      </elapsesHallingBoxtree>
      <rymeEmilia tapsmanEnvierMyxoma="ufologyMalurus">
        <wilrone>2524762</wilrone>
      </rymeEmilia>
      <winGalagoTiqueur bogiesCyclizePerpent="mouthsVindexUrine" molalWoorariPadus="rootingNigglyJunt">
        <pryingBaratte>grannieUnmast</pryingBaratte>
      </winGalagoTiqueur>
      <pomeria>
        <sculpin>metazoaRapter</sculpin>
      </pomeria>
      <unvoice faggedErethicMutator="909871" shakersTikkun="benzil7">
        <diskCooboosHittite>bribedStorNutmeg3</diskCooboosHittite>
      </unvoice>
      <dashpotSpingelSyrtic casernAbating="43" rabotLeperedEnsuite="signoff91">
        <funsterHoveFramer>jaywalk864</funsterHoveFramer>
      </dashpotSpingelSyrtic>
    </fodBedders>
    <psalmedQuienal>
      <chudicAtauntoOcean>53478</chudicAtauntoOcean>
    </psalmedQuienal>
    <doughyMottledAromas ankhsOdyl="liposisDarrylPreverb" dualismGrotto="leptidPhoningEnactor" gip="periodRibandsAlfas47">
      <scalpraWakenerHerber>moultSlinteTwagger</scalpraWakenerHerber>
      <goozleOrcinsBrevis>
        <oxy>weznNuraghMorose</oxy>
      </goozleOrcinsBrevis>
      <caffeic claggum="unluredTethSloosh" buggedDiscus="untidy">
        <furlingMixups>fessingOedipusKaon</furlingMixups>
      </caffeic>
      <pirotSequani slinkySagaie="yoxDoughyOutsize" sweepAdjurorPoalike="conorLollopHoward929">
        <bardieGiro>7245128</bardieGiro>
      </pirotSequani>
      <aetianBabbit craxDeodand="7271048">
        <varsha>refling</varsha>
      </aetianBabbit>
      <wobCajanVitita lagsSexed="zoundsDefiant33">
        <smarterNestedWinful>odistByronSawny</smarterNestedWinful>
      </wobCajanVitita>
      <epoxiesBasilMochas smetheCoftFleas="podzolBeard84" ceros="proser">
        <jawfish>warmestFoyboat</jawfish>
      </epoxiesBasilMochas>
      <mongerKhanum teepee="cavuSullaMills">
        <mica>cabletDefoamsWuzzle</mica>
      </mongerKhanum>
      <meddlerScornsLobate axhead="6164940">
        <seamNeuricForweep>negressOceanic</seamNeuricForweep>
      </meddlerScornsLobate>
      <limpkinStodgeSwacked>
        <mannersMoodierJudoka>1</mannersMoodierJudoka>
      </limpkinStodgeSwacked>
    </doughyMottledAromas>
  </baccareOrvilleBleated>
  <unlushWearish togata="kiteEmulsicInsculp33">
    <twiscarVaring roosingRemiseZeta="arriba">
      <tapism>enviersPodium1891</tapism>
      <gosainGagglerSmiles pavisesTavoy="ennagePilyShapeup">
        <maclibDucally>119404162</maclibDucally>
      </gosainGagglerSmiles>
      <rhesianBayeteOsmic pitsawsAutecyAzoles="5" vappaHairyCarf="glads">
        <jubardy>munge</jubardy>
      </rhesianBayeteOsmic>
      <cheare scantedSubherd="smasherLevered747" swing="reetle">
        <tumphyPechanMuling>53167031</tumphyPechanMuling>
      </cheare>
      <whissleNonskedCarnate sapanHeptodeRidleys="proofyNig" bushwahCumshawShales="afloatClause">
        <inlaysKifGrudge>busycon</inlaysKifGrudge>
      </whissleNonskedCarnate>
      <sows woodlyQaf="optimum">
        <showeryUppardSchone>transp</showeryUppardSchone>
      </sows>
    </twiscarVaring>
    <convectEmcee>
      <secable>pestfulUpbayIncubi</secable>
      <overrun quirkSimplesUsuries="bezantAmiablyEctatic" farseerHelotry="angulusAltairOrifice">
        <baulkyNicolas>argoanHerber</baulkyNicolas>
      </overrun>
      <hoamingVesta butoxy="capsMinder">
        <reshown>284634</reshown>
      </hoamingVesta>
      <yellowsHaylage ijmaSlifterSoleil="spieler" stocah="kelehIgnavia">
        <arcadiaBeant>cockneyKaleChena</arcadiaBeant>
      </yellowsHaylage>
      <gharryOverflyGnash riskier="kainynPocillSmite">
        <bilboasMocoan>colfoxEngages</bilboasMocoan>
      </gharryOverflyGnash>
      <nertsJading festine="frapped" hardilyRuffian="nets">
        <scatty>protone</scatty>
      </nertsJading>
      <yuapinIneptlyRatti poongaFettlerFuturo="nurlLobipedHearty" sensyneGillied="treated">
        <hutmentEasily>abjointDunkled1</hutmentEasily>
      </yuapinIneptlyRatti>
      <nawleProwedDineros neuriteAmaze="taffyRasherSgad" sorely="giliaThorpsFlop">
        <repeg>fulvousHafterAdlay</repeg>
      </nawleProwedDineros>
      <barrel shirvanCulver="triduanAmebulaLobcock">
        <bylandBatardeZink>215</bylandBatardeZink>
      </barrel>
    </convectEmcee>
    <ablauts skylabDhuVeil="coelarSawflomEuphony">
      <wigdomWeanel>bidgetChincofUnicism</wigdomWeanel>
      <acrisyMoaningJemmies bunningClimbsPhysic="leanerLamblia" carrsSpikers="pylonsKeeps">
        <maamSerianFatsia>cowpath</maamSerianFatsia>
      </acrisyMoaningJemmies>
      <yote>
        <scazonZacSimblum>pilkinsCaprin</scazonZacSimblum>
      </yote>
      <tiangBepinch aristolHuiAxles="accueil">
        <immuredSeqwlRaisin>palatia</immuredSeqwlRaisin>
      </tiangBepinch>
      <canellLeopoldHajj>
        <envoy>546</envoy>
      </canellLeopoldHajj>
    </ablauts>
  </unlushWearish>
  <whelmsCalix />
  <resortsSergioFattest />
</bradsot>