<?xml version="1.0"?>
<frierAcad>
  <dinged chavishSenhorSloshed="cremonaBudh" palmed="comitjeQuedlyAudad" serfWacago="raftPrimas">
    <ogumLeo>
      <xxiii>700213</xxiii>
      <dikersChumpYankee windillSensesBaroi="stateraCanadaEolith" phytic="lisperOutland">
        <voidersGarce>1488730</voidersGarce>
      </dikersChumpYankee>
      <eviratoAlaneRei outrollInnate="oneFlame" caserns="crampitMeindre">
        <drolly>djave</drolly>
      </eviratoAlaneRei>
      <traguleCrampon anacesMuckingKokstad="murrineBarbs" snippy="usaunceBedsockBooboo">
        <tympano>cantripTugged3809</tympano>
      </traguleCrampon>
      <clonsHichuBrawner shownTieingAudrey="galga" sibsBilkisPanting="humetty">
        <unlevelScalpel>chapper</unlevelScalpel>
      </clonsHichuBrawner>
      <arouserPeyotesSubhall tamped="bagful5072">
        <friggaAriole>kookeryScyphoiDeflow</friggaAriole>
      </arouserPeyotesSubhall>
      <metayer solistNervose="mesne7286" indoleAceArmada="walked86">
        <trypetaDizzAmma>speal</trypetaDizzAmma>
      </metayer>
    </ogumLeo>
    <dropoutEkphore>
      <naidMonofil>oyeletUnrankNonsuit9350</naidMonofil>
      <rubleCrazingGremmy sleidedInsolidJessamy="maniniTamises">
        <orbitsSomali>arming</orbitsSomali>
      </rubleCrazingGremmy>
      <deturbOutjestKissel enfume="carp">
        <biremes>soakySexuous</biremes>
      </deturbOutjestKissel>
      <reclaspRighto>
        <bijasalFowls>poser</bijasalFowls>
      </reclaspRighto>
      <wrocht>
        <ornaEveless>deriveVicar</ornaEveless>
      </wrocht>
      <birdingParrel grind="eldressSmew">
        <neurons>canamoMalled</neurons>
      </birdingParrel>
    </dropoutEkphore>
    <kinesesEgglikeOriency polity="hallahGhebeta8">
      <feasingJacaminLaities>skateCabullaGola762</feasingJacaminLaities>
      <balsamo>
        <clucks>grayfly</clucks>
      </balsamo>
    </kinesesEgglikeOriency>
    <dugongsPrau ceiledSpreesMandola="5793" rebawlPirotDrungar="474487422">
      <pizz>bannut</pizz>
    </dugongsPrau>
    <erogenyVerbate>
      <minglerWhews>326229</minglerWhews>
    </erogenyVerbate>
    <futural>
      <hareem>fartlekDurstMack</hareem>
    </futural>
  </dinged>
  <juneauGeulah shalakoFasherBvt="geyserKushshuGlosts4614" simulaMoulyRhizoid="axisVegetal" />
  <epirotBlitumZander dottierRedatedPrussic="kantela" barkers="ellagic" unfeedAndesicSuricat="432711" />
  <hoveledTourersLoosens idlesseKreisFibry="762585" petioliPercheTornado="cooksClangs">
    <backwayHankBureau>
      <crossGocartHalflin>abatersMintedFaulty</crossGocartHalflin>
      <oitava>
        <crinionChiba>fovilla</crinionChiba>
      </oitava>
      <ergusiaBedouin>
        <fringesPlateauKisang>aymaraAbrosia</fringesPlateauKisang>
      </ergusiaBedouin>
      <assot managedEarnfulRamadan="holmes">
        <tracksSieving>flasherPodial</tracksSieving>
      </assot>
      <spoorsCabfulMounded>
        <guanineWristerPoetito>careerApodaCorsos</guanineWristerPoetito>
      </spoorsCabfulMounded>
    </backwayHankBureau>
    <cereousOuthueMouser propaleDirgingSteeved="croochVeto" ayu="sheikhsAnatolePithole">
      <coalpit>chopped</coalpit>
    </cereousOuthueMouser>
    <rhaphae>
      <yashtKenyansGether>guilts</yashtKenyansGether>
    </rhaphae>
    <distyle>
      <wristy>octdraNaumk</wristy>
      <miskinRavens>
        <zambalAmulet>tautit</zambalAmulet>
      </miskinRavens>
      <broader titheUglily="grufted">
        <cateBefool>puppilyYuccasSuhuaro</cateBefool>
      </broader>
      <ambolic aglanceAiry="kipeHoarserLoath">
        <poultsCabooseStrobed>94</poultsCabooseStrobed>
      </ambolic>
      <fersMattiImmote hapaxesIminesAscebc="295" rebringOrarian="prefetAtacticVictual">
        <teniaeConnedRushlit>connexCooser</teniaeConnedRushlit>
      </fersMattiImmote>
      <advised akmudarBodkinsBedding="malchusHalfman" exulateFeste="486849297">
        <sifter>wedelCystousCupeled</sifter>
      </advised>
      <valorLiana>
        <dawnAbalone>afaced</dawnAbalone>
      </valorLiana>
    </distyle>
    <kidangGallied>
      <boutonPsoatic>1394482</boutonPsoatic>
      <resawn gamblerHeptal="bufferRedyesUnicum" scratchFesteScoliid="courgeReverieJatoba7">
        <alodium>76</alodium>
      </resawn>
      <envenom>
        <gerresBannockBardier>caracoaHoggins</gerresBannockBardier>
      </envenom>
      <bapPsyllidGheber plissCamuse="voltiMoldersSubers">
        <barringLeadeth>luxive</barringLeadeth>
      </bapPsyllidGheber>
      <kalimba gossansSpreng="lasagneBemusk">
        <enframe>dauOlamTinted9890</enframe>
      </kalimba>
    </kidangGallied>
    <holism>
      <acoine>261333957</acoine>
      <portentBlinyMonger>
        <pyasRenBlunter>poutersKermes</pyasRenBlunter>
      </portentBlinyMonger>
      <noelSpend>
        <isospinFutural>brummyClosingLapilli</isospinFutural>
      </noelSpend>
      <seedboxBallanCalvus>
        <recoupIlliteOrnery>cuppen</recoupIlliteOrnery>
      </seedboxBallanCalvus>
      <arbacia reseizeSlander="hindgutTurnupJaponic">
        <crowhopIonic>gruidae</crowhopIonic>
      </arbacia>
      <intimaTirosUnbend>
        <fulls>gizzardStroneFaggy8103</fulls>
      </intimaTirosUnbend>
      <wennishDates>
        <discingHecht>broughResumes</discingHecht>
      </wennishDates>
      <oddnessNodated>
        <tropiaHamataForgoer>4949675</tropiaHamataForgoer>
      </oddnessNodated>
      <erosesCarded>
        <garavaStanze>tropate</garavaStanze>
      </erosesCarded>
    </holism>
  </hoveledTourersLoosens>
  <aoudadsSaharan homodoxExpyArgute="granderSonanceLienor" niellos="ropery" mosser="neoFirmlyAlpid" crittur="quizEryx" />
</frierAcad>