<?xml version="1.0"?>
<gloves>
  <floesFeus quinseUrnism="boyhood" skidi="pikey" kaleege="nonplusHarshly">
    <signorCadjan>
      <softishAgadWholism>94401</softishAgadWholism>
      <bodicesMarledPhialai parilia="67">
        <outrazeFoiling>9400</outrazeFoiling>
      </bodicesMarledPhialai>
      <tellimaBuggierNaivite>
        <luckierAverter>elytraPemphixLilied</luckierAverter>
      </tellimaBuggierNaivite>
      <dewoolViatica oscule="veloutHuly">
        <spoutsPizzasDab>preoralStews</spoutsPizzasDab>
      </dewoolViatica>
      <muricid cymenesPotcher="7" oppressSmearedCleome="44782875">
        <operla>toat</operla>
      </muricid>
      <bearcat cruYakmakFaithed="toytownPitfallMulling">
        <dialinAraneae>291745</dialinAraneae>
      </bearcat>
      <goodyCounter unlessTeepee="mimmockLaiose" coughedIslot="certyAnilsThereby">
        <parses>size</parses>
      </goodyCounter>
      <slitsJamaica>
        <centredElectorCagui>sarcodeFurrily485</centredElectorCagui>
      </slitsJamaica>
      <teed tythePsycheAccur="irishyBegohm">
        <dimorphRie>392838</dimorphRie>
      </teed>
      <tess>
        <fotive>gosther</fotive>
      </tess>
    </signorCadjan>
    <lishTheatVermis milewayBurleyTripped="icily7320">
      <piastreFicoidRetrain>86501</piastreFicoidRetrain>
      <attaboyCaroonCarbona rimmedBilesBizes="leaferUnrainy">
        <loweLarries>gyttjaUnhip</loweLarries>
      </attaboyCaroonCarbona>
      <sewages slaggerSepioid="otidaeSubsereCoix">
        <tejanoKerf>3732</tejanoKerf>
      </sewages>
      <setae jocelinTypesetTrooz="velured">
        <longfulCapomo>heep</longfulCapomo>
      </setae>
      <suddyHalalasJaver emittedNervose="wooersCopyboy">
        <bezzo>mooned</bezzo>
      </suddyHalalasJaver>
    </lishTheatVermis>
    <baruria>
      <flidge>kernedMaros</flidge>
    </baruria>
    <cortinaExilingIph>
      <torgotBrigousSunbows>287</torgotBrigousSunbows>
    </cortinaExilingIph>
    <bernRushlit>
      <seelilyBridget>acouchy</seelilyBridget>
      <acloud penteneIoniser="valvataPapelon" boxtreeVarix="oaric">
        <tuladisNephews>2</tuladisNephews>
      </acloud>
    </bernRushlit>
    <bester>
      <fezesThiokol>tunderPassay</fezesThiokol>
    </bester>
    <pubisStoonUlsters vidiconRelever="truerDenyer">
      <gobioidFanteeg>marfirePinionDukker</gobioidFanteeg>
    </pubisStoonUlsters>
    <maxims>
      <creemEdifies>58699652</creemEdifies>
    </maxims>
    <unpilesAerobus elcaja="shavenLupoidBalms6019" ginningKaputKelly="astonyRooinek52" meeseAsthmas="laniateEnclog">
      <fielderPsoasOpposed>tourizePinlessMomble</fielderPsoasOpposed>
    </unpilesAerobus>
    <rodsterImpregLungi>
      <tutIntrusoMinever>shireWattest</tutIntrusoMinever>
    </rodsterImpregLungi>
  </floesFeus>
  <wapsAstasia lysolStrumaeHocco="grocers" squabbyPielikeNomadic="shhRoble" />
  <parkas sprintCatclawRelique="reactsDimbleAmildar" miniardProtendDebuted="lyncidLimitorEthenic" dactyliDupioniGazers="mascot" />
  <habuValmy coupeKarchSalamo="75774902" glidedWhyo="tupikBummerAntigen" soupleFardage="prolansShyerTemiak" mows="saludRewakeSavers">
    <cupcake lampfly="ramousPuchero" empiryConkingRipener="epodes5428" conred="philol">
      <bushing>whuther</bushing>
      <exodistFrdenStaynil sucken="kartingIzdubarEnecate">
        <pastileAtter>swounMandoreChalone</pastileAtter>
      </exodistFrdenStaynil>
      <tranky easilyEuclase="cappleTipi9520">
        <byway>roughs</byway>
      </tranky>
      <spriteSima unclaspVeldman="mizarMendyAnterin" temblor="111">
        <stotingFreakMarek>cista</stotingFreakMarek>
      </spriteSima>
    </cupcake>
  </habuValmy>
  <opesThoke decal="chokerBkcyFargite" amharCoelia="niota" ripsack="808" sluffedTapingsBashed="chaumSheeves">
    <forgieThymi>
      <hyped>23</hyped>
    </forgieThymi>
    <subsidyChap>
      <canzo>mummyInvileJuncos</canzo>
      <pilon styloidStrandsUnhazed="vaultedCongeDisc">
        <limoidRawsChromas>agnes</limoidRawsChromas>
      </pilon>
      <chukarAcroaYipping enosGriph="alignCentresSamnite" chaverLekkerNunry="petasma">
        <cognati>wilfredNaso</cognati>
      </chukarAcroaYipping>
      <hexedHicket>
        <biolite>185172</biolite>
      </hexedHicket>
    </subsidyChap>
    <preagedKegful>
      <sacatra>mosanMesole</sacatra>
      <fopshipGaleass kumharSlimpsyKlezmer="pabloJong" seepierPetroGutsily="arleng">
        <unspellHaloaZoilean>929</unspellHaloaZoilean>
      </fopshipGaleass>
      <reforgeWaflibProrsad jolts="ridesClunistTryptic">
        <ghrushRevePraxis>immerseCottier</ghrushRevePraxis>
      </reforgeWaflibProrsad>
      <sturtCupular sweatsFanned="enlivenMeinieShallow" scornerTurcic="bothieEnosisCawing">
        <windedLedgetSticket>inhaledMani</windedLedgetSticket>
      </sturtCupular>
      <tsumaWreathsNard>
        <perperaPoll>acetinsToils</perperaPoll>
      </tsumaWreathsNard>
      <valent>
        <slounge>takhaarSunyataCaphar</slounge>
      </valent>
      <animesNaggarGonifs abelianHoondi="thatnGallant">
        <tylosis>amiceStele7459</tylosis>
      </animesNaggarGonifs>
      <theyaouOgham staabAncre="unroll" neavilValoisSheared="askewIllite">
        <bahtsLocate>opined</bahtsLocate>
      </theyaouOgham>
      <shiiticPussier>
        <shinesLipasesOrthose>ungotGaily411</shinesLipasesOrthose>
      </shiiticPussier>
    </preagedKegful>
    <saviourAnienteMalaga>
      <chylifySpudboyAyre>agialidHafganSwadder</chylifySpudboyAyre>
      <snivyAcetlaThwack scarersDugdugStiped="puparia" fagelia="salmineSahidicAkimbo">
        <shimmedSic>197</shimmedSic>
      </snivyAcetlaThwack>
      <suggest burut="postalsYielden" stenionAcoupaJilter="basial5">
        <lushlyGrippesAllyou>2275420</lushlyGrippesAllyou>
      </suggest>
      <waggyObrize rixUproars="usunGoodishElaine" hemineHengest="adhererAsmackInition">
        <latera>action</latera>
      </waggyObrize>
    </saviourAnienteMalaga>
  </opesThoke>
  <tolselEmbar cyathosCradledJouster="41" baguioAccordsBuriat="iotizedHarborCarvene" drecks="tiremanRakerySqueak" sconcerGrowled="spatter">
    <grooty oxlipViasDepute="gowned" hizzWolfed="reskew2433" gaunch="parousGuttus">
      <trysailCitoyenExcudit>indical</trysailCitoyenExcudit>
    </grooty>
    <hawok>
      <duelliOgles>deifiedKetotic</duelliOgles>
      <eperlan atingWergelt="bastes2795" wotsGleams="waxers">
        <pottier>simson</pottier>
      </eperlan>
      <tacanaKokiaWrabbe prakritKnapeCapelan="hagdonDoggoneTinner">
        <blungerEngagedIther>6</blungerEngagedIther>
      </tacanaKokiaWrabbe>
      <morassPilcrowGizzen legionsWigan="winesapAconicFawn">
        <pipsKhitan>loyalCourter</pipsKhitan>
      </morassPilcrowGizzen>
      <veluredLandlerFinick>
        <zygon>ngapi</zygon>
      </veluredLandlerFinick>
      <aln jaborinCrierRibbing="abduceHeimish" decalogOrationStroyed="bhaktisIngestaManner">
        <assayed>4248199</assayed>
      </aln>
      <caramel palier="apama">
        <feoffEnrageSheiks>phecdaPumpkinHaving</feoffEnrageSheiks>
      </caramel>
      <isobathNaitherLapsi>
        <bal>mizzly</bal>
      </isobathNaitherLapsi>
      <bagged dingle="bingeys">
        <engrossFastestMisery>incivil</engrossFastestMisery>
      </bagged>
    </hawok>
    <globusJobbedProcity>
      <fentUntaintBolshy>946</fentUntaintBolshy>
      <mucoseMamry feodalGuttieCrumple="durene" yezzyChokage="716550">
        <muangOilcup>heavier55</muangOilcup>
      </mucoseMamry>
      <axonostSuggan crickHollerWasters="dornockConopid22" saccha="madly">
        <bustedPeevers>9</bustedPeevers>
      </axonostSuggan>
    </globusJobbedProcity>
    <oxalite>
      <cajaputTush>635312</cajaputTush>
      <contenu dabs="60769802" zincifyBoorsTyne="wherveEmmyNisse">
        <circutsUntruck>roninVicunaYaupons</circutsUntruck>
      </contenu>
      <subunitKhakis>
        <sibiric>ruggleFault</sibiric>
      </subunitKhakis>
      <avataraKoorg tyros="turp3670">
        <wiversDicycly>lactid</wiversDicycly>
      </avataraKoorg>
    </oxalite>
    <calcicBehedge>
      <gerfulSardars>723</gerfulSardars>
    </calcicBehedge>
    <rippledFaroeseBearm>
      <claireKabala>navaho</claireKabala>
      <torii>
        <overdidPimeleaPlink>untwistCoerce</overdidPimeleaPlink>
      </torii>
    </rippledFaroeseBearm>
    <xyloBhoyJumada homedBambukSubecho="gog" fabulaFadeoutRope="5">
      <laputaErotic>firsterFuchsia771</laputaErotic>
      <cresylsObeliaAttask>
        <cowitchKleptic>68674</cowitchKleptic>
      </cresylsObeliaAttask>
      <wabsterBlander trymsWindsor="eireneDoethWarly">
        <lurched>luniestFive</lurched>
      </wabsterBlander>
      <copihueTrawlFlimp photo="30779608" oillet="colorerHysons">
        <runletSakkoiBangers>prezoneDisparkMasters</runletSakkoiBangers>
      </copihueTrawlFlimp>
      <thyself>
        <cloopTabiraWalkups>78</cloopTabiraWalkups>
      </thyself>
    </xyloBhoyJumada>
    <daunts ciliiumYokesNacho="99402">
      <tapasvi>quipperHefter</tapasvi>
    </daunts>
    <enormTughra lurersAlbetad="itemiseSalugiKohua" outawedSwitzerOpted="amoresCopalChotts">
      <orihonUnsadly>becchi1</orihonUnsadly>
      <lentos>
        <liftingEllopsHuzza>windigo</liftingEllopsHuzza>
      </lentos>
      <biniUncaveBeennut mibsRebobChile="hennaedSemiegg" brackUnwaryRokey="3625342">
        <ebbingKennedyAquage>fehmicTrishnaScarier970</ebbingKennedyAquage>
      </biniUncaveBeennut>
      <ootsMurzaCathari dieticKashmir="mennuetSyrmaeaFulgid">
        <alkenylWithhie>maselinEquison</alkenylWithhie>
      </ootsMurzaCathari>
    </enormTughra>
    <gretelForbore>
      <adatiPurrsLikker>sparkAlogyUnsoled</adatiPurrsLikker>
    </gretelForbore>
  </tolselEmbar>
  <acrabTwiceAffeir chibaVolumen="compereVendors">
    <evitesCronelBoggles>
      <jymoldLithiasDunness>reestsColat</jymoldLithiasDunness>
    </evitesCronelBoggles>
    <blaflumRecalk>
      <peonismBraizes>hipsterHols</peonismBraizes>
    </blaflumRecalk>
  </acrabTwiceAffeir>
</gloves>