<?xml version="1.0"?>
<gigolo>
  <unwomanDiazoBoma natherVerseAnabas="251" naughtLacy="alichel5">
    <godsend>
      <tignonRandomsCarte>erytheaJesu263</tignonRandomsCarte>
      <osmolalLankyHoopoe>
        <venuesBriberyApatela>acutely</venuesBriberyApatela>
      </osmolalLankyHoopoe>
      <marwari>
        <adytaMeedsDevoto>kpcMelter</adytaMeedsDevoto>
      </marwari>
      <siennasUnglued>
        <mapperVinculaLipins>grobianSeldenCanine</mapperVinculaLipins>
      </siennasUnglued>
      <dossmenBesully maoistsGaes="sabbatCathrynAcephal" reading="getsulThegnsAmarant">
        <cowierHulloos>delawFerularWurrung</cowierHulloos>
      </dossmenBesully>
      <warwolf protein="jocoseRasps" bebait="acylalRevamp">
        <phobosTangkaFaulds>guttaeBuybackSynched</phobosTangkaFaulds>
      </warwolf>
    </godsend>
    <motive>
      <johnnieWentle>mouthy</johnnieWentle>
      <koine>
        <tepehuaPesterRowted>hollosNacrousUnpity18</tepehuaPesterRowted>
      </koine>
      <alaricIncests thymeneBackerGiveth="prich">
        <jerquePioxeTuff>covets</jerquePioxeTuff>
      </alaricIncests>
      <falcesFated shariXenylGoanese="bubasFilemotColog" lakatoiTowboat="gegg">
        <titheAcetalDamars>borneanImmitMarten</titheAcetalDamars>
      </falcesFated>
      <agama reubEpitaph="askersPhrensy" epihyalGigant="amantZihar1">
        <mna>enaenaTykenFiorite</mna>
      </agama>
      <genevan>
        <unrindCharged>822</unrindCharged>
      </genevan>
      <kokumHearerCuruba>
        <lallan>memphisFitroot</lallan>
      </kokumHearerCuruba>
    </motive>
    <cursKerfing>
      <muffed>hachureAmpleParge</muffed>
    </cursKerfing>
    <atka>
      <hollowsSantols>aroynt6997</hollowsSantols>
      <putterTuttingStatice>
        <fluxedXyris>taminyVeduisValets</fluxedXyris>
      </putterTuttingStatice>
      <junketsHelioidDriven unlucidFuseeCrocein="oximes">
        <shivahs>frundelCucuyoObe</shivahs>
      </junketsHelioidDriven>
      <drokpa marsoonCineast="bodies" limperOxymora="sulfite31">
        <icotype>fuelerElapids6</icotype>
      </drokpa>
      <floc fooyungGenistaAriel="fashingUmbrilBuffet">
        <ubiquePangwe>kuru782</ubiquePangwe>
      </floc>
      <cotter assumed="hushWars" ritualsLucumoWhopped="bysackiIndigenFixes">
        <fliggerYeo>6901829</fliggerYeo>
      </cotter>
      <lampas>
        <solar>cowier</solar>
      </lampas>
      <breasts nixon="bello" deerletVelluteAuguste="sampledBurely">
        <windigoTcharik>screed</windigoTcharik>
      </breasts>
      <moitherSolon>
        <putters>gulch</putters>
      </moitherSolon>
      <ophiteMoanPursued>
        <oedipal>retreeOchreaHag</oedipal>
      </ophiteMoanPursued>
    </atka>
    <sharpSlinge>
      <mru>setaridSeaveFolly</mru>
    </sharpSlinge>
    <tee bubonic="bacciesDeota">
      <serpari>ingressIntakes3</serpari>
    </tee>
    <thoria>
      <amass>timableEbonise</amass>
      <mimeo>
        <chasesQuite>lollardSecular</chasesQuite>
      </mimeo>
      <bemadam summaShould="neckHoovenPullet" leachesApitpatExcave="gambierNable">
        <baftLindenUpwaft>hilloedCanidiaPoney5133</baftLindenUpwaft>
      </bemadam>
      <cavdiaBoyaux>
        <teet>juristRct</teet>
      </cavdiaBoyaux>
      <agrinCisco>
        <pursilyCuraticCyclic>exiture</pursilyCuraticCyclic>
      </agrinCisco>
      <gazetFalsiesSpogel>
        <pinitolOolakan>gunsel</pinitolOolakan>
      </gazetFalsiesSpogel>
      <peined beatusFeedway="grizzelQuaigh" whims="5">
        <unbent>aiwainFowlsPerite</unbent>
      </peined>
      <bothiesBrumbieOutbade>
        <sisithVenice>nayarAaliis</sisithVenice>
      </bothiesBrumbieOutbade>
      <becasseCapeDucture oswald="setterDebagRosales" sargePuffingVergi="stereid91">
        <delistFunli>dibbled2898</delistFunli>
      </becasseCapeDucture>
      <tinety ramentaKopKonak="escapee">
        <fathomsAbregeUncrook>gurdleRemixes</fathomsAbregeUncrook>
      </tinety>
    </thoria>
    <wamblyLubesIllamon>
      <carboysJoramsArusha>odaliskShopboy</carboysJoramsArusha>
      <seebeckSprawls yuponsTilliteWites="hunkyKrishna" excisesWhanged="doomedKioskAzures">
        <ahirCrare>rantockPandoorCoggly</ahirCrare>
      </seebeckSprawls>
      <fleur clasts="copalsElaeis767">
        <foxhole>odeonPlumpedArsono</foxhole>
      </fleur>
      <hurdles>
        <galen>padroniChouan</galen>
      </hurdles>
      <noblify lynchetStodge="557753481">
        <stymiesBihaiSloid>58698</stymiesBihaiSloid>
      </noblify>
    </wamblyLubesIllamon>
    <stench>
      <chelide>1056038</chelide>
    </stench>
    <pilferyLinoEnclose>
      <candielGestapoCabby>abbottWisher260</candielGestapoCabby>
    </pilferyLinoEnclose>
  </unwomanDiazoBoma>
  <antis behaverWhitman="nohexIff" />
  <hecklerMelisma quarlesEntombsKnarry="drainSapota9" murgaStops="umlautsPerukerScur" quabBoukit="salifyRubrifyAias" plowed="cupid">
    <sandaweFosterTappets windle="677">
      <shahStates>laagerBarfs</shahStates>
      <brujosNeuma maximedStudyVulgus="warner" stalkoPrositSince="hornada">
        <mansLucumia>windersPasquinBacksaw</mansLucumia>
      </brujosNeuma>
      <sunningTeddiesBifid noisome="jicamaMet">
        <not>dobbyHox</not>
      </sunningTeddiesBifid>
      <debbieCrustFargood alliumsCrusQuality="8" kawika="enlists73">
        <inqilabHearths>scivvyEditedFleapit</inqilabHearths>
      </debbieCrustFargood>
      <sloopLouterOuts sarlakWhish="vaginaDandiesBerimes" headsPercur="virileRefocusHymnary">
        <besseraUnwistTetania>92958602</besseraUnwistTetania>
      </sloopLouterOuts>
      <sawmillPpb mandan="5">
        <foemenKioeaUnpious>garretSufi8</foemenKioeaUnpious>
      </sawmillPpb>
    </sandaweFosterTappets>
    <forepadHotspurRaphes harmOppose="contect" sidings="lactone">
      <quaymanRecurveMaghi>markSilkier</quaymanRecurveMaghi>
      <wheezleAffairsConing attagenSteem="johnianMbuba40">
        <cistron>1436716</cistron>
      </wheezleAffairsConing>
      <mastmenHipless>
        <sixer>swannedRentingWailers</sixer>
      </mastmenHipless>
      <antiTonguey>
        <brazee>dupperTroatStyxian364</brazee>
      </antiTonguey>
    </forepadHotspurRaphes>
    <airways greener="lemursSyleneIdoist" recta="355387" liesTurakoo="weanyer">
      <grub>scopetPayoutDahs</grub>
      <enabledVittled picaryShalier="35328244">
        <emeritHighway>outturn</emeritHighway>
      </enabledVittled>
      <kalmiaUngamy vampeyMoeckManiac="yulan" knagged="amicalPlatic">
        <twingeLurkingManness>6</twingeLurkingManness>
      </kalmiaUngamy>
      <commoManropeGirland epha="piala" exulDrearyRazz="birtAnodesPresold">
        <sikhraGrandamBilbie>verdunTwirk</sikhraGrandamBilbie>
      </commoManropeGirland>
      <upsendsParol>
        <wisketGesnera>ogboni</wisketGesnera>
      </upsendsParol>
      <snorty>
        <beglads>knowingPaynims</beglads>
      </snorty>
      <ursDooliRanatra nereTravesAugend="6165" bedwell="tron">
        <hulled>potherbAlgistCrowded1</hulled>
      </ursDooliRanatra>
      <mobsTimorCistudo>
        <weakerKiblahsBurrhel>563</weakerKiblahsBurrhel>
      </mobsTimorCistudo>
    </airways>
    <kerugmaTardity deaningHaricoSuspect="merciGillingDefats">
      <pronaoiRequestDoggier>freddy</pronaoiRequestDoggier>
      <bemuseKrapina>
        <moat>addisonNecked</moat>
      </bemuseKrapina>
      <gttScholiaHighhat withnayGoddize="pipit" servingBarony="dekes">
        <frogbit>31416831</frogbit>
      </gttScholiaHighhat>
      <gundogTahinaRedhoop>
        <pupilarBrough>kojiki</pupilarBrough>
      </gundogTahinaRedhoop>
    </kerugmaTardity>
    <lankest>
      <permitJoni>chekaPiaThumper</permitJoni>
    </lankest>
  </hecklerMelisma>
  <twaesDeledZechin>
    <cagChooseyLiti>
      <minableSuintsWriting>860</minableSuintsWriting>
    </cagChooseyLiti>
    <uncowlRetuned camwoodOvambo="pecten" downedPaulist="tubeletCapital9809">
      <scewing>affablyFulmars</scewing>
    </uncowlRetuned>
    <yurtaMinkery>
      <garudaAppearChacun>nasus</garudaAppearChacun>
      <batster gybed="miringPuddlerEnwove" smearsUnugly="7982099">
        <panditaBeteelaTowel>toposAdrenin</panditaBeteelaTowel>
      </batster>
      <smirkle chasmaBepunNymss="jule" thoralTanagra="ranseur">
        <rivets>vesicaeToffImply</rivets>
      </smirkle>
      <ingleJehup jumblyFussSuscite="6312409">
        <juponsRadiant>ulnar</juponsRadiant>
      </ingleJehup>
      <cullied nowchFacersKedgy="3" daffishEpeeSnafu="pactNoyadeOversaw8">
        <citolerAshery>wevet</citolerAshery>
      </cullied>
      <bulbarCupsful chuck="numisPlowman1" zikuratAboteRitard="potbank">
        <reapBleymes>adletNeuromaEnfeoff</reapBleymes>
      </bulbarCupsful>
      <impagesMaestraAdman tuareg="turkeysSelfist676">
        <knoller>babbleTourizeDerth</knoller>
      </impagesMaestraAdman>
    </yurtaMinkery>
    <adinKikori aliasesAngelimPhiline="babbagePoussie" siuslawNitchie="shadierAsklentRoulade174">
      <waddentBousingAnend>branleSheened3</waddentBousingAnend>
    </adinKikori>
    <robertoErnstFlack>
      <soyate>cobleShamoysPian</soyate>
      <snit adornsOdea="speckedMailingCaraway5372">
        <finitesSunil>handcar</finitesSunil>
      </snit>
      <speiledDebitor sanjakHaffat="toughsZoaeaRhexia" divastThwackBooboo="2">
        <fleetly>deewan76</fleetly>
      </speiledDebitor>
      <gerimKernel pauScazon="rankSeel322">
        <unjoinThwartsWurrung>ogrismsJagg</unjoinThwartsWurrung>
      </gerimKernel>
      <dramFeoffed stangs="195124">
        <downset>engluts</downset>
      </dramFeoffed>
      <breedy>
        <basoidDondine>rutaEwoundShoofly</basoidDondine>
      </breedy>
      <mentery>
        <vrilled>curbBatture573</vrilled>
      </mentery>
      <follyLampronDubbers dripShrapeIroha="setoverShrinesEncloak">
        <maypoleDracoAsale>screen</maypoleDracoAsale>
      </follyLampronDubbers>
      <phossy>
        <suppute>purlerReck</suppute>
      </phossy>
    </robertoErnstFlack>
    <antraLeonatoDixain>
      <trove>raisinHoppers</trove>
      <xiv>
        <crusadePelages>massilyNiveau</crusadePelages>
      </xiv>
      <hclArrayed klaxonMowEuripus="etrenne">
        <cootyIngroup>prepayShedderPhiz</cootyIngroup>
      </hclArrayed>
      <doucetDeejaysSilken>
        <uptorePeteman>spicasCoastal</uptorePeteman>
      </doucetDeejaysSilken>
      <tinaja>
        <cutikinHindgutKinase>behestsArsonsArtels</cutikinHindgutKinase>
      </tinaja>
      <cedulaCohorn paddledGabbart="deaf" tissuesPutcherRiotise="animize">
        <drent>puce</drent>
      </cedulaCohorn>
      <unposedDwalm>
        <cyclane>bocciesCadbaitSamp</cyclane>
      </unposedDwalm>
      <kaguraNewingsPulka>
        <ragPoxed>61371996</ragPoxed>
      </kaguraNewingsPulka>
      <sucketJornadaExact irvin="bottierAccordsThebais">
        <dowyCockupsPartlet>84389</dowyCockupsPartlet>
      </sucketJornadaExact>
    </antraLeonatoDixain>
    <mhorrFlorida teetanCowbane="decene" droukanMiscutOddlegs="ahrimanOvarinStrenth6095">
      <pavettaDroil>wombGaucheMimus356</pavettaDroil>
    </mhorrFlorida>
    <fessed>
      <pyemiasSpecsGlucose>maxixe</pyemiasSpecsGlucose>
    </fessed>
    <khakiedTigrone>
      <picheyStoundCeral>bitches</picheyStoundCeral>
    </khakiedTigrone>
    <magicsCoppasGrace obligee="whiner978" rudyRisingOutwave="weensyDronelBeseek2" trialBraids="30259">
      <genualHathor>barmoteTiffle</genualHathor>
    </magicsCoppasGrace>
    <vellum scabbyChieve="vulturnMaenad3" twalBubbly="1892" casque="clinidCheaper">
      <spadoFamed>secco4</spadoFamed>
    </vellum>
    <pheninePadronaBebeast>
      <fackWashy>unpious</fackWashy>
      <hemmersVila>
        <gapPentaceLobos>whirlRefroidMelian34</gapPentaceLobos>
      </hemmersVila>
    </pheninePadronaBebeast>
    <sequani>
      <tagJigmenOswego>secrecy7</tagJigmenOswego>
    </sequani>
    <wiggleMidget>
      <kaziWashragMoonal>rebusedPotable</kaziWashragMoonal>
    </wiggleMidget>
  </twaesDeledZechin>
  <sawmonJeezTydden auspice="sectorsCothish" respokeHawok="art" />
  <forbareDreepyUnput absiSornsMailed="signmanGraupel" flewFrisian="roomletOxonium">
    <phascumBeloutFlawy chendeFarioTousel="flakeDisruly">
      <trawlerTercels>esodicToitsAneath5</trawlerTercels>
      <snippetMaharajSanes>
        <ghast>weentDelverReaffix</ghast>
      </snippetMaharajSanes>
      <flabs lucence="judiceCineast">
        <adamic>nigeria</adamic>
      </flabs>
      <dealerEpigene cobiron="771530">
        <dobsons>61569130</dobsons>
      </dealerEpigene>
      <suade cradleMucker="stealCogonScrawk" lotionFirebed="toftsRaceTamers">
        <inionAracanaBarchan>epigaeaMarrow7</inionAracanaBarchan>
      </suade>
      <uteri>
        <phoriaAmiga>ioditeHayliftParle2</phoriaAmiga>
      </uteri>
    </phascumBeloutFlawy>
    <concileTammanyDefraud swolnTottumCultus="battersOdwyer" hoodfulDillingAgedly="foamed24">
      <treelet>goodby</treelet>
    </concileTammanyDefraud>
    <coobooAratoryHeader hondoWitloof="mysis">
      <precide>duckery</precide>
    </coobooAratoryHeader>
  </forbareDreepyUnput>
</gigolo>