<?xml version="1.0"?>
<mongst>
  <venterLintyWheats nantsThaliaMileage="pulsiveRomajiLameter">
    <diffameNemesisAscites>
      <vouchedClump>rupee</vouchedClump>
    </diffameNemesisAscites>
    <meguilpCoyish revisalDewretKammina="dormieMuddenSplat" umiakHaddo="hylism" setpfxEvolvedScalt="aminizeUngkaGifting">
      <glaucusDucklar>digonal</glaucusDucklar>
    </meguilpCoyish>
    <gool>
      <burritoEadios>turtosaPorticoNacho</burritoEadios>
      <ragnar torneyCloakScotomy="celledKyackPodded">
        <reliverColeraWhampee>vomitusHostie</reliverColeraWhampee>
      </ragnar>
      <openReflowsDiadems coquita="waiataNurtureNerved511" totquotDecreteMounts="gerents">
        <beryls>adzes</beryls>
      </openReflowsDiadems>
      <korakanPeiseUnbosom>
        <wealMinvendDispose>rettorn</wealMinvendDispose>
      </korakanPeiseUnbosom>
    </gool>
    <bolomanGravureRavelly>
      <quoinedClamantOnium>cossid75</quoinedClamantOnium>
      <ingenieEnodalCleeky blushtFlokiteLelia="benzoidDintingUnspike" hangeePsalmic="cottyBiggen">
        <remiss>spice</remiss>
      </ingenieEnodalCleeky>
      <ramplerLayneQuaily molarsGuyline="sambouk">
        <mirexes>grows</mirexes>
      </ramplerLayneQuaily>
      <kything bunny="osaka">
        <deeperIntombs>precisVacantUster</deeperIntombs>
      </kything>
      <curable>
        <ketubaAffects>resolve</ketubaAffects>
      </curable>
      <rimateOutrateClankum>
        <faqirs>9511886</faqirs>
      </rimateOutrateClankum>
      <sackageRosinsAmvis therapy="eldress">
        <fylfotsFramers>ataiyal</fylfotsFramers>
      </sackageRosinsAmvis>
      <trionfo>
        <sirianWinslowLaniate>mirabelPuntilMerci</sirianWinslowLaniate>
      </trionfo>
      <roxy>
        <ligand>pachyma</ligand>
      </roxy>
    </bolomanGravureRavelly>
    <lessonsGleaned>
      <teloi>etamine3386</teloi>
      <gohila caesium="pangene" poduridArian="bruiserAlpacasPerla">
        <bewall>890</bewall>
      </gohila>
      <cupidon pulture="stinks" coqueFons="wivernsWets">
        <soeverBong>64076949</soeverBong>
      </cupidon>
      <behedge kimnelPapulanCitoles="lousily">
        <ensaintGoreBrittle>912217</ensaintGoreBrittle>
      </behedge>
      <dhabbRhoeo>
        <chintze>467</chintze>
      </dhabbRhoeo>
      <idaho sents="1826671" caningSewansCoagel="ingrownMotykaPsychon">
        <yenderEnzone>1971</yenderEnzone>
      </idaho>
      <slovakLangset blitter="ralesMartuNullus" yakmak="lewdlyWeentyToxoids">
        <weemenOrvet>playockPaludicTagish</weemenOrvet>
      </slovakLangset>
      <prelude naotoTastierBoride="697320">
        <khaikiAugerer>railmanPruneDepass</khaikiAugerer>
      </prelude>
      <rabbledTudorReamend>
        <intonedBesomsYamen>saniesSunupQuaff</intonedBesomsYamen>
      </rabbledTudorReamend>
    </lessonsGleaned>
    <ceccaTomboysPylic clawed="refuelSpeiled">
      <rimplesLibridZaffar>aefauldPyruwl</rimplesLibridZaffar>
      <diswitHuave>
        <daybeds>turpRarestFatals</daybeds>
      </diswitHuave>
      <anaryaHowlerIndico byrlingMacle="uptimeLitotes">
        <utilizeCasquePallah>bever</utilizeCasquePallah>
      </anaryaHowlerIndico>
      <aglaos avengesStibLeasing="minbu2227">
        <baccyBef>eupionDolorsHogweed</baccyBef>
      </aglaos>
      <torneseDecoyShedim routhyWesley="outraySalvos">
        <swackenMegmho>obex608</swackenMegmho>
      </torneseDecoyShedim>
      <blame frowzyDumpish="flightVoluteHelenin75">
        <unlimeGrouchTexas>popadamPlanner</unlimeGrouchTexas>
      </blame>
    </ceccaTomboysPylic>
    <omitisPeeweep>
      <quitter>chinned5</quitter>
      <bestuds deunamTupelosScoloc="waeNenes" haggeisUrolith="varkasRibbonyBobber649">
        <thripSpaer>fogeysBlued2</thripSpaer>
      </bestuds>
      <niggun baningKern="wariedLocTristan">
        <kyungScrying>tallierLeafed</kyungScrying>
      </niggun>
      <gisarme cartageKnapple="146481639">
        <tiensGlamors>14</tiensGlamors>
      </gisarme>
      <doyly shiverBoloingFroren="edeagraBaysTapling">
        <cornier>720312638</cornier>
      </doyly>
      <undonBillowsWarpath>
        <larcenyDjelfa>darbiesSabanAjowans</larcenyDjelfa>
      </undonBillowsWarpath>
      <uncroptQuimper sojaLadderyNasals="vespineThillerProofs" imaretsPalmaTedesco="boridesArrayanOctary52">
        <enweave>juniusUrinate</enweave>
      </uncroptQuimper>
      <viminaShottenUnwitch>
        <cautioKakke>unitingFairing</cautioKakke>
      </viminaShottenUnwitch>
    </omitisPeeweep>
    <tresisCreekyHotpot>
      <cynoidDoges>3</cynoidDoges>
    </tresisCreekyHotpot>
    <pinkoesVawards jazzist="maduros" kevilsAequorMastras="bask" woak="23">
      <famelicGenecor>techies9</famelicGenecor>
      <subjDerived shiNaique="unterse" upswarm="24">
        <iberic>torchetBolasesEltime</iberic>
      </subjDerived>
      <astralsAvisionSunns>
        <egbaGoldinMining>vittledBarde</egbaGoldinMining>
      </astralsAvisionSunns>
      <ytterCoxitis preeditSoleasWallows="18317">
        <makluk>rubatos608</makluk>
      </ytterCoxitis>
      <lebhaftDeeny burntly="heilsTuna">
        <villote>jhuriaGreking</villote>
      </lebhaftDeeny>
    </pinkoesVawards>
    <glisterLampfulVier>
      <hazardArielsAnomal>84</hazardArielsAnomal>
      <collieGuetar>
        <gulfsFetcherObiism>sylva2</gulfsFetcherObiism>
      </collieGuetar>
      <toupeeRabbiReevoke rorySheer="hutcherEupnoea">
        <hyblaGuacosBicycle>38747409</hyblaGuacosBicycle>
      </toupeeRabbiReevoke>
      <jaypiet>
        <topasSargus>iacchusOrbicBombic</topasSargus>
      </jaypiet>
      <glucate>
        <logjamsArushaBibelot>5603</logjamsArushaBibelot>
      </glucate>
    </glisterLampfulVier>
  </venterLintyWheats>
  <occursLamblyChilli healthBangedWhitney="givethAmeban" sstorSlingerVaned="917" cogentCynthiaCantily="spragBiron" ugsomeSupplesNoises="pablumUnglobeBolshie">
    <bliteUpdriesStech>
      <lingeInfancy>baleiEmotersEvulge</lingeInfancy>
    </bliteUpdriesStech>
    <baniKilubaTasten sokemen="eidolonCyclo" coseat="3899" sawneys="2503">
      <bailiffJesuate>regesNylastDegrade259</bailiffJesuate>
    </baniKilubaTasten>
    <westmeFlick upswayUnmakerBluming="1507363">
      <whiffyAralkylBicone>kyathoiSirees</whiffyAralkylBicone>
    </westmeFlick>
    <toxines corvusUnplaceDagesh="ewoundTwink" vaisyaYous="gromaAnighTerrae8811" petalsEelback="adfrozeTinmen">
      <boigidAteuchiPetting>pelecanStalely</boigidAteuchiPetting>
      <cimlineBurasHoler>
        <witchet>malayanRuboutOctoate</witchet>
      </cimlineBurasHoler>
      <alieneDuxFimble mizeCiters="eundem">
        <philineWhopToastee>mimer</philineWhopToastee>
      </alieneDuxFimble>
      <essedSolace haycartDryas="eugenol">
        <acids>bowlaTaxesTheme6</acids>
      </essedSolace>
      <prismyMovesBud implial="outwear">
        <cestuiFoldoutGothics>tela20</cestuiFoldoutGothics>
      </prismyMovesBud>
      <muskratAbstain whatnot="climeAbogadoBhakti" boarish="yamenZymases">
        <euonymMedaledEmprime>6</euonymMedaledEmprime>
      </muskratAbstain>
      <sellaUnperchFanweed>
        <dowseIswaraInduct>brokerIrrisorDinder</dowseIswaraInduct>
      </sellaUnperchFanweed>
      <instrVintaPulvini poopedMerestSignman="yapsterDatumDipsos">
        <reproofKimLeven>devils3866</reproofKimLeven>
      </instrVintaPulvini>
      <coationEstadioOolong>
        <redyeGussetsHormigo>dogesPhacops</redyeGussetsHormigo>
      </coationEstadioOolong>
      <drierPeasesAthymic>
        <hexogenYajnaBlanch>edgesWhomble</hexogenYajnaBlanch>
      </drierPeasesAthymic>
    </toxines>
    <bobootiSaxtie>
      <liquids>caukedSamaj</liquids>
      <tilery shadowy="diallerPastiesHurler">
        <viralGinkgoImpalm>phonesTiraz</viralGinkgoImpalm>
      </tilery>
      <unsnugSpital gadusGonofsSnuffed="websBohoraUpbolt" teddyBugged="rakisKindest">
        <croonerAarrghh>foxery1</croonerAarrghh>
      </unsnugSpital>
      <helotry damia="emeuteTrushJumped" delictIres="block">
        <kafiriWebfedVolvent>pawls5131</kafiriWebfedVolvent>
      </helotry>
      <holtDeskman baktunVertyDecent="kogiaUncurls">
        <squeel>mopes</squeel>
      </holtDeskman>
      <lapilliTelexPsize scamellDevas="31" valkyrBulbyTimmer="75">
        <gambeerWoden>handelTaivertSpingel</gambeerWoden>
      </lapilliTelexPsize>
    </bobootiSaxtie>
    <woodlot>
      <sordiniMohalim>fraises1</sordiniMohalim>
    </woodlot>
    <sugisGinnNative>
      <illitesDisbarkKharua>9788</illitesDisbarkKharua>
    </sugisGinnNative>
    <batch unbasedHarpins="62706748">
      <sunrayBuffStge>vulvarOxides</sunrayBuffStge>
      <unificSubrent doggrelReglue="kythed" slicklyCupidLeeways="cannat">
        <macruraManiplePurpler>binhRober</macruraManiplePurpler>
      </unificSubrent>
    </batch>
    <fleyingThymicBurkers>
      <rockets>halperDecast9</rockets>
    </fleyingThymicBurkers>
  </occursLamblyChilli>
  <stagnum>
    <dustierPolskaMartin eastlinYttriasZeuxite="tropics" urolSwapped="alawi">
      <sonnetsAcrotic>acmicRayedDialup5</sonnetsAcrotic>
      <snipesMinniesZemstvo>
        <heiringHockingFiends>52173</heiringHockingFiends>
      </snipesMinniesZemstvo>
      <errsyn rebox="fuffyHawks" vestletUndenLancha="clangor">
        <anilidJunk>giggler</anilidJunk>
      </errsyn>
      <tanitic loonies="gilet38">
        <apposedBison>becovet</apposedBison>
      </tanitic>
      <fsiest>
        <jacchus>822285366</jacchus>
      </fsiest>
    </dustierPolskaMartin>
    <sauquiFerigeeUnbolt>
      <doglessGlassie>poundedTupman</doglessGlassie>
    </sauquiFerigeeUnbolt>
    <riflesZombie>
      <abusedHuashi>tsurisPoisson</abusedHuashi>
    </riflesZombie>
    <talckedPipidHaiku philterResuing="98028359" festoonAurirInstant="causals">
      <pterealJaspis>cussos</pterealJaspis>
    </talckedPipidHaiku>
    <narwhal>
      <hogglerSicsacMacles>tiliaAccruerBeastly</hogglerSicsacMacles>
      <mutterReneged sitaoActian="demigodClumHeckled3" kame="10264">
        <chymous>dimoricTack52</chymous>
      </mutterReneged>
      <ephodOrally>
        <unclesCutwalCables>papule70</unclesCutwalCables>
      </ephodOrally>
      <xylosid>
        <tabelPugreeUds>517</tabelPugreeUds>
      </xylosid>
      <myrtalChronic woodieComfierEliot="trilium">
        <abjure>shachleSilphid</abjure>
      </myrtalChronic>
      <reposesQuartoHarpyia>
        <serenaMor>raftingCremant</serenaMor>
      </reposesQuartoHarpyia>
    </narwhal>
    <roostedSheered>
      <aquaUvularTombe>swiggerPlagiumActaea</aquaUvularTombe>
    </roostedSheered>
  </stagnum>
  <cassisMensch pommeeRuled="eolithTrionalCavey">
    <brochtOvariumLapper xystoiMasksOpinion="silkieJurane" aeonistSerianRunover="clutchBarbuEkes" inbringVolpaneLimpkin="salsifyChutAmbery">
      <tres>yode</tres>
      <daunApraxicFeridgi corers="7">
        <romeWatapEllipse>poopsSavacu</romeWatapEllipse>
      </daunApraxicFeridgi>
    </brochtOvariumLapper>
    <blamingPraeses axite="39895475" lurks="imposes9526" baieraMalease="florula3542">
      <replotTrefa>stouryGnomonPontist</replotTrefa>
      <midnoonMyopia>
        <bifocalIodines>wroke</bifocalIodines>
      </midnoonMyopia>
      <fuels didies="sweets">
        <billedStormer>coredBoyars635</billedStormer>
      </fuels>
      <amazuluOodlins elysiaCoyos="faunae">
        <angsts>byssine</angsts>
      </amazuluOodlins>
    </blamingPraeses>
    <olivil>
      <bidensCabana>komi629</bidensCabana>
    </olivil>
    <chappie>
      <vipersMarmar>befits</vipersMarmar>
      <thermalBangupClepe budlessNimrodsLibyan="68">
        <pristav>456</pristav>
      </thermalBangupClepe>
      <ecdysisSkirlUnken skeipp="marginCose" satraeFrenunaScamper="naitly">
        <glotticMucketMalts>88264552</glotticMucketMalts>
      </ecdysisSkirlUnken>
      <vervainRefreidSyrnium>
        <untawed>saferLoosens</untawed>
      </vervainRefreidSyrnium>
      <ladedAvinePieton>
        <behavHolm>146</behavHolm>
      </ladedAvinePieton>
      <anility grees="greingEnglynUnrung">
        <stillerAuldestWhimmy>dyeweedPaikingDithion</stillerAuldestWhimmy>
      </anility>
      <trug dottrel="dehacheGilgulDammars">
        <pouncesSocksRakit>chiclesAntbird6</pouncesSocksRakit>
      </trug>
      <incubeeBbsRuck>
        <dorcasBuffier>tresis</dorcasBuffier>
      </incubeeBbsRuck>
      <truthyAgroofFei horim="sanghs" fluavil="25943">
        <refusedDapson>veniseMopierCliche</refusedDapson>
      </truthyAgroofFei>
      <mamboesTzaamSuingly unpenalPetosAlforja="outledNewgateComity" overbyFatbackStrind="reddenObeTractus9474">
        <wearilyMihrab>xystusCringerGrained</wearilyMihrab>
      </mamboesTzaamSuingly>
    </chappie>
    <whilomDiddles grammyDultieCoot="192363">
      <tanoan>busySibsMilted5</tanoan>
    </whilomDiddles>
    <lipidesTeenersSoonly dartsTind="splodgy" pythiasPicoid="teety">
      <heuchVailing>72110716</heuchVailing>
      <utahan>
        <amylanThrifty>katie</amylanThrifty>
      </utahan>
      <smaltosMonodon khevzurVivificWordman="bambuteTurfdomQueak" unvextDummiedTypist="chymeWeldSpicule651">
        <marauds>givers</marauds>
      </smaltosMonodon>
      <desaltsAponiaGads puruhaDowve="sozins4">
        <umbrineRoopDungier>827</umbrineRoopDungier>
      </desaltsAponiaGads>
      <reedmanColias sicsacMurgeon="dedaCururo" blader="cochon">
        <nowder>alrootPostboy7</nowder>
      </reedmanColias>
      <wellatMalmsey gasp="matster">
        <nexusesLeeway>charyAlmud</nexusesLeeway>
      </wellatMalmsey>
      <groupie sourestKekchi="5">
        <riffsBonitos>774869</riffsBonitos>
      </groupie>
      <haetsRelates wanionStyrol="unteamEnfavorTaluses" consyAtik="audileKiter">
        <crenaDockenSmiting>miniateSledge9</crenaDockenSmiting>
      </haetsRelates>
    </lipidesTeenersSoonly>
    <prespurForslow>
      <tantras>sundangExterna</tantras>
    </prespurForslow>
    <nailedAchime>
      <codicesThey>earholePlexors17</codicesThey>
      <skuasDowveJurare erasure="3" yonisAverySitulae="smashLumpersKited">
        <yukataShilfaAhmedi>reputeScuff1880</yukataShilfaAhmedi>
      </skuasDowveJurare>
      <swoundsTreddleDebbie rilletsDamara="wateryJardiniSneaks">
        <tonemic>ascelli</tonemic>
      </swoundsTreddleDebbie>
      <tookSkeins>
        <aspideBruno>phases3360</aspideBruno>
      </tookSkeins>
      <fangot ascidiaGorhenManes="sile">
        <boiteDrapedPrefet>primaMuseum5</boiteDrapedPrefet>
      </fangot>
    </nailedAchime>
    <fie ira="kishkeLusters" pintles="patrixLinkmanBurlet">
      <bribersHunting>7102</bribersHunting>
      <commoteArdour quartic="neckerCyanoCaddis" inclipsDeleadsBurgoos="stossCarrykeCyrano">
        <anaqua>yodlerSobs</anaqua>
      </commoteArdour>
      <silicicResays guansCelomGrith="coaler" ormazd="lulu">
        <lislesCreekyIncised>teachesRather</lislesCreekyIncised>
      </silicicResays>
      <cadboteBecomedDryops>
        <rollmopTawhaiBettas>150547219</rollmopTawhaiBettas>
      </cadboteBecomedDryops>
      <beaRechafeOutlook fadenAbradedCouma="deadman" pachucoDali="bagelsMisterAlphyn">
        <zeuzera>wingingHentWopsy</zeuzera>
      </beaRechafeOutlook>
      <empestTibias abubble="arishTicsBezoars">
        <cuttailAnademsMoppets>birledPolaron</cuttailAnademsMoppets>
      </empestTibias>
      <choricSanjakPernel resnubScribed="remetalCloggyMeshech">
        <huzzahCholaneNox>779243002</huzzahCholaneNox>
      </choricSanjakPernel>
      <maybirdEncore snivey="49246" randerPacolet="talkier">
        <caducaWapsModeler>zapupeBratsMewed</caducaWapsModeler>
      </maybirdEncore>
    </fie>
    <jinxKnubblyLocoman>
      <garadPlacedErenow>gaddisSpicket</garadPlacedErenow>
      <anodal egriotEburinDerk="mutaseSneath" plodgeAirdockPunner="unliveViragin2107">
        <uncapChallot>unstoneLeglike6701</uncapChallot>
      </anodal>
      <scheat>
        <penguin>807</penguin>
      </scheat>
      <coriinSealedFligger burdonKnowerStichid="39934" bromal="statize">
        <dullJarabe>zebecksThumperOundy</dullJarabe>
      </coriinSealedFligger>
      <topersEdging kerbayaCries="majora" forworkThiasosGroyne="courbSchrikBysen">
        <wyvernClatterShela>2929</wyvernClatterShela>
      </topersEdging>
      <grontCheerUnpin>
        <mugSproutsBuzz>nicelyDurstRead1646</mugSproutsBuzz>
      </grontCheerUnpin>
      <pastel>
        <riotsSnabbieDryster>82877</riotsSnabbieDryster>
      </pastel>
    </jinxKnubblyLocoman>
    <haulageWeewee>
      <spsUnguealNappie>bibiAideNatator</spsUnguealNappie>
      <selvageOakumEyes dibbers="alltudLager">
        <cukeRappels>5001</cukeRappels>
      </selvageOakumEyes>
      <wloka amomalRud="canroy" slouchStoniedArbor="fidgingColugosBloods21">
        <oncaHectar>tipplesSina61</oncaHectar>
      </wloka>
    </haulageWeewee>
    <marlierSeisedKouprey>
      <manualLusianJayesh>ligular</manualLusianJayesh>
    </marlierSeisedKouprey>
  </cassisMensch>
  <gisants primi="misgyeMiningCompreg2202" fallacy="72392711" colanJougs="sejantLargestLucia">
    <sigill>
      <shirpitLiverViolon>rehedgeBlowthAwa</shirpitLiverViolon>
      <retail zitisSwooned="areca5905">
        <mozart>4113</mozart>
      </retail>
      <chicoFjeldsSpiroid>
        <toiledJurymanGlared>enleaf2</toiledJurymanGlared>
      </chicoFjeldsSpiroid>
      <awrongQuippus>
        <orvet>trigamy</orvet>
      </awrongQuippus>
      <dividedTokamak hockedYaups="70054" grunionGoisCentiar="galeraBromianElytral8155">
        <apicadGels>nettsMeggyBattak8</apicadGels>
      </dividedTokamak>
      <dudsVoices pharRoddedCeylon="mahaleb" moldersIcecaps="68248201">
        <askip>hotchesClovene</askip>
      </dudsVoices>
      <lagtingStertor yelperTntEchini="avesTuskyQuoter5774" obscureSlumgumCoast="towson">
        <whud>caremeZirkite</whud>
      </lagtingStertor>
      <rescousPelter>
        <unbeingKochab>sleekerSortiesSemitic</unbeingKochab>
      </rescousPelter>
      <huiaNapery>
        <morguesRewake>zoonsBourre</morguesRewake>
      </huiaNapery>
      <bovverBouet sawaliHailesBrolga="nongreyUnieShane" oxyphilInglesAncome="786">
        <stir>995351</stir>
      </bovverBouet>
    </sigill>
    <covineFerrels wynne="wrasseFronsMilkmen" mockerKheda="946393459">
      <screveComaker>careysAlfioneTitle</screveComaker>
      <ashantiHarle mogotePlotlibBrimse="sculler">
        <sichtAnnas>raspisOncaPapegay</sichtAnnas>
      </ashantiHarle>
      <reportDownlie briered="nouNervineEngloom">
        <willowyEchoismCrunch>657</willowyEchoismCrunch>
      </reportDownlie>
    </covineFerrels>
    <rend>
      <vaseletQuira>rubberySubset</vaseletQuira>
    </rend>
  </gisants>
</mongst>