<?xml version="1.0"?>
<risquKilobar>
  <tunkUranic hirstieRetombIctic="270400436" koreanWirWorry="dotletMovably513" />
  <quinkJackersSchuits whileOblated="catguts">
    <preheat sprangVersing="72388416" locn="coelin">
      <gdsBeshagPottles>welfic</gdsBeshagPottles>
      <aumeryShrewCouched cobang="outmost" vajra="6621">
        <mordant>conicle</mordant>
      </aumeryShrewCouched>
      <fulwa typistsPetrel="yellochUpwith">
        <carbro>tibiaUnplowGomasta4</carbro>
      </fulwa>
      <ramlineScalpedAcarida>
        <fluffSiwanAgamas>thingalEtacistAbd</fluffSiwanAgamas>
      </ramlineScalpedAcarida>
      <megrelForebye>
        <waik>boatlip</waik>
      </megrelForebye>
      <gnatterSpayadHayed>
        <shoalsTrustenOutgush>tingis</shoalsTrustenOutgush>
      </gnatterSpayadHayed>
    </preheat>
    <siuslawSeroot pondletGeulahCanines="senesceHirsle">
      <unsloghGavialLured>tykingMaleateGinner</unsloghGavialLured>
    </siuslawSeroot>
    <craichyMarkhorUnbow>
      <absent>wesselUphillsZoogony</absent>
      <templumAncoly coosucStickleMenthyl="mooneyeTenla" zloty="47504482">
        <brutageFidia>urooTactive</brutageFidia>
      </templumAncoly>
      <kuvaszBoob refluxWalter="hashish" hangerVenal="vifdaBier7">
        <wahimaMucigenBrulyie>557</wahimaMucigenBrulyie>
      </kuvaszBoob>
      <epopt>
        <bolitaSeracAgatoid>oldsCliffsSliting</bolitaSeracAgatoid>
      </epopt>
      <mearTetaniaGristy>
        <bumboatStart>mingleAccourt</bumboatStart>
      </mearTetaniaGristy>
      <lingalaShirkySlangy tippet="huisherAdvtArsinic" obelusFoozles="frayneHotsFlisk">
        <gastricAssisa>miomboTatta</gastricAssisa>
      </lingalaShirkySlangy>
      <nelumbo>
        <prolixAmmonia>deucedTishri</prolixAmmonia>
      </nelumbo>
      <evaders>
        <scalyAntiars>dogholeBrebaMangel</scalyAntiars>
      </evaders>
      <etherSachems fetorFerretsTaryard="manjackGeegaw" linguaeConduit="spillet377">
        <unhumanLentosCozily>tearer7</unhumanLentosCozily>
      </etherSachems>
      <yarnedSagaman mutualAnlagesBuffed="uplaid">
        <scaledLycopus>strep</scaledLycopus>
      </yarnedSagaman>
    </craichyMarkhorUnbow>
    <scobbyBlosmyNays>
      <veigle>fakyPipiest</veigle>
    </scobbyBlosmyNays>
    <bedsoreTacklesTikor extra="nosebag" pudendaImideDisform="poopsScabineUppush">
      <boneenNurlsCagers>premStore</boneenNurlsCagers>
      <sharia merlesPasearBetrust="priersCabbagy" leucomaTasajo="vicilinShooled">
        <univied>aricineDisbark</univied>
      </sharia>
    </bedsoreTacklesTikor>
  </quinkJackersSchuits>
  <dieterJacami camelryGirshes="6891903" />
  <grutch>
    <nudnickPromptsIgnited versifyFingram="ladakhiManism">
      <classes>blomanEmir411</classes>
    </nudnickPromptsIgnited>
    <holmosPiast>
      <lobipedOvereatCoiners>cruds</lobipedOvereatCoiners>
      <kioeaGemlessLankest regears="546667649" inshave="discerpDivast4948">
        <eggnogsKennyArcaded>scungy</eggnogsKennyArcaded>
      </kioeaGemlessLankest>
      <unum modicumAirpostNoex="79" eldred="soredia">
        <uncrudeCarved>tab</uncrudeCarved>
      </unum>
      <gathersScrogs skewsVicinalLobed="abound">
        <slacked>249</slacked>
      </gathersScrogs>
      <hattie winfulTympany="dander">
        <ancillaTringa>tucumCrumbed</ancillaTringa>
      </hattie>
      <peels>
        <butchBore>petune</butchBore>
      </peels>
      <misfondIzoteUnwish jugatedRamhoodJeffie="cistAngiomaBiplane" reseal="pickeryHummie448">
        <glucase>klepht</glucase>
      </misfondIzoteUnwish>
    </holmosPiast>
    <dislealSquads>
      <wamesSigherAnnette>deniersUncinalIncog</wamesSigherAnnette>
    </dislealSquads>
    <reself tuparaOutwitArenig="grilled" firedog="pinheadHypt">
      <serveCalked>89056068</serveCalked>
    </reself>
    <mulctsReavows legificValse="alexAionDanzon" squalidLettrinDingly="51088549" heynne="asarumSpec">
      <dodgilyTwigger>4</dodgilyTwigger>
    </mulctsReavows>
    <impest ranineRaciest="heftierHobbitRefetch8933" porter="chirmsLampion" sise="sepiostCeriman">
      <patinae>1123</patinae>
    </impest>
    <loomGeetTrulls brieflyHudson="bustles" furylRumens="28">
      <chilkatFrusta>594119410</chilkatFrusta>
      <hexitolSeamew callasArraceMonumbo="balaos" immuresKris="assumes">
        <soddyStoredAboulic>attacca</soddyStoredAboulic>
      </hexitolSeamew>
      <wapato danceRamesh="sociiPeptidSpooks">
        <impune>subitemQuinch</impune>
      </wapato>
      <reginDampFirelit vocatFliteMicrons="rotularAlongDamned" ceboidTidbitsGiven="maltaseLuggar">
        <flamBobbin>hiltChokier</flamBobbin>
      </reginDampFirelit>
      <laddersPien>
        <butches>moarianRedbirdLantaca15</butches>
      </laddersPien>
      <tingDecanalUster stases="inbirth">
        <zeuxianStrigilRepaint>loboloRecond</zeuxianStrigilRepaint>
      </tingDecanalUster>
      <aes outrideBoortSowers="3576">
        <danian>duhat</danian>
      </aes>
    </loomGeetTrulls>
    <woofellWrokeBoulder>
      <shrewedBroughHounce>copsSabikChimbe</shrewedBroughHounce>
      <faneGuttleBopped narialAntigunScotism="betoil" tandyMilterEnrolle="4147935">
        <bathersAltroseMica>estriolCapsule</bathersAltroseMica>
      </faneGuttleBopped>
      <allowPeatmen>
        <wauveCaracol>wapato</wauveCaracol>
      </allowPeatmen>
      <astayPir>
        <sneesh>malleeRugbyAlumnal</sneesh>
      </astayPir>
      <diffameArmaryUnroll>
        <shoot>madoc</shoot>
      </diffameArmaryUnroll>
      <skipClimantAlienor>
        <skilletThreatsAwake>stokesAlfuro</skilletThreatsAwake>
      </skipClimantAlienor>
      <pekinPstPieless>
        <scote>sneezes</scote>
      </pekinPstPieless>
      <chelem ovineStringPsychic="schmoIdrylCouples" feintedWanhope="elks">
        <mopImpedes>toyotaFluters</mopImpedes>
      </chelem>
      <imagery boxman="stunnerMorcote" dobiesAbcEurobin="yobsPatsy">
        <estufa>adores</estufa>
      </imagery>
    </woofellWrokeBoulder>
    <nakedChuterOvulary>
      <colybaEarable>damagesFain9508</colybaEarable>
      <syconiaFusillyAxine repriseRibber="pareja" crusily="omasumKetmieGnast">
        <tuarn>ghurry</tuarn>
      </syconiaFusillyAxine>
    </nakedChuterOvulary>
    <incPignora>
      <monadicRapeyeSlabbed>6640</monadicRapeyeSlabbed>
    </incPignora>
    <illestZeism>
      <yukeSickedLitster>621939</yukeSickedLitster>
    </illestZeism>
    <galeusSparker>
      <onward>kyuStatorsWryer</onward>
    </galeusSparker>
    <lentilBuoyage>
      <couldn>brunionShafty</couldn>
      <premialBlksize>
        <vahini>monadesColder</vahini>
      </premialBlksize>
      <moran katrina="dulses" aughtsFamesPidan="dispelZoqueSkelder">
        <grudgedIlexes>liquefyBeglareAnxious</grudgedIlexes>
      </moran>
      <growsStrit npfx="lalled">
        <bottler>4250075</bottler>
      </growsStrit>
    </lentilBuoyage>
  </grutch>
  <calmlyDevestsBuxine upstir="19001" kurnAttacksWinzes="forfex" aldersHearers="equinoxPointelDislimb" />
  <ellinge>
    <orally>
      <archt>miswishAskr</archt>
    </orally>
    <ammites bokark="lenvoiSibylsDiota">
      <gurleDefiler>ennobleChiralLensed</gurleDefiler>
    </ammites>
    <inheredNothalMoeurs rewiredFoldage="bocce">
      <balneaMelicaHunchet>44203</balneaMelicaHunchet>
    </inheredNothalMoeurs>
    <vivePocanCapitan suf="9" calCymatiaBoreal="xyloseOograph">
      <prepuce>bind</prepuce>
    </vivePocanCapitan>
    <oaredWesselPlur disnewPotator="543059073">
      <abbasid>mamoSoakingMelamin</abbasid>
    </oaredWesselPlur>
    <trioxid puffyHeredesMadrier="juventFairmVerve" glycylBrumbee="osmolarHairy10" yok="pollenEmmenicShoofa">
      <juftiSuit>dayfly</juftiSuit>
    </trioxid>
    <christyKajeputResay dotardy="imamic7">
      <baume>rerubSiglos</baume>
      <hiodontWhangam acetylHoplite="physesGabler">
        <seemly>rethawFritter606</seemly>
      </hiodontWhangam>
      <veneficEboeUnswept oilyKenyanGorblin="176">
        <doorboyReignerDalar>fisePkgs620</doorboyReignerDalar>
      </veneficEboeUnswept>
      <seasideAdvisedFlotson>
        <estherFokkerChappy>jainaHearth</estherFokkerChappy>
      </seasideAdvisedFlotson>
      <apoda plumpKernelBulgers="425576910" marieAssemblRunnet="dismalHugely">
        <porched>hepperGadwall3430</porched>
      </apoda>
      <neoceneSaningLegman prangDalapon="dassieKails">
        <incluseLogical>obeism</incluseLogical>
      </neoceneSaningLegman>
      <hupAtropia>
        <elversPronity>rawingDados</elversPronity>
      </hupAtropia>
      <funky macsPrigUnkind="megilpsJohann">
        <bourock>deersNoisingMommies</bourock>
      </funky>
      <inqilab abo="hippyPaulineCoastal" oraisonFaroAerobes="thysenVallateParlish">
        <galbanSpumoseVilhelm>lounderSerian</galbanSpumoseVilhelm>
      </inqilab>
      <stooperGauger>
        <oxaliteGoboesLarve>saniesDewyPolyps</oxaliteGoboesLarve>
      </stooperGauger>
    </christyKajeputResay>
    <upnessFishy>
      <anear>berycid</anear>
    </upnessFishy>
  </ellinge>
  <euterpe />
</risquKilobar>