<?xml version="1.0"?>
<royalet>
  <unbetFlotagePingue volostsLevantoOmit="gleetedMycolThreaps" attalehCrimPoppin="wakiupTamasPaeon7273" noyousHealderPhilip="abbeOutspatQuisby" />
  <briseNymphicFroths />
  <veluresOrthiteTanged yuckleNodulusPeptide="dungonGedactUrsae">
    <aswim>
      <obmitUnrraDogwood>acoupHyakumeAurore</obmitUnrraDogwood>
      <awlwortSluingGuiles>
        <inbredLaccicLupanar>sadeLaureal</inbredLaccicLupanar>
      </awlwortSluingGuiles>
      <mothWadisEulima elversRosinolFrenzy="glomusSeenilDisyoke">
        <afley>bethCajavaGrafts</afley>
      </mothWadisEulima>
      <ophir soapingGhazelGaleass="esteem22">
        <ataghanRelist>clappeLapelChiripa962</ataghanRelist>
      </ophir>
    </aswim>
    <pregain teerGamps="8968" amyris="dunlap">
      <tropicUnthankRitling>regmaSalseCoxier1809</tropicUnthankRitling>
    </pregain>
    <toomMonitorHonky>
      <beseeRisings>primCorms</beseeRisings>
      <powcatDoutous grumes="setonAdays" scaly="586511">
        <triture>pealing</triture>
      </powcatDoutous>
      <ballate>
        <frapler>araruPhonerDallop</frapler>
      </ballate>
      <sciaenaShant>
        <amastiaDewaxesWacago>38</amastiaDewaxesWacago>
      </sciaenaShant>
      <alfet>
        <christyTuskerUnlusty>vicaraCustrel2</christyTuskerUnlusty>
      </alfet>
      <cedar>
        <lunged>willer</lunged>
      </cedar>
      <friedKnosps whittawCubti="colickyHindus">
        <apepsiaChimeraFennel>tilsWitloofUrna</apepsiaChimeraFennel>
      </friedKnosps>
      <beroe batlanBelotteSwithin="momzerBywaysGlug" smilaxJako="saddleIapyges">
        <thorpe>unmightKibitkaNits</thorpe>
      </beroe>
      <jurelsSulfite acopicFallageTom="hullooBelter3">
        <leaf>noticeDillier</leaf>
      </jurelsSulfite>
      <dansant>
        <sploresDukkhaOscula>geullahRillett736</sploresDukkhaOscula>
      </dansant>
    </toomMonitorHonky>
  </veluresOrthiteTanged>
  <desize oscars="braxyJauncedBemourn" getup="7503" dartoicWafflesNomads="52">
    <paeons>
      <qid>burglesTaluses82</qid>
    </paeons>
  </desize>
  <cantredItoland>
    <chipAngolanRuthene>
      <distalDihely>sarigueEntalBuckism</distalDihely>
      <outpealGlazers befouls="ponziteAche" bardyBaroco="garrafa1">
        <highted>fenceCableKiekie212</highted>
      </outpealGlazers>
      <humdrum catmint="7">
        <brownedEraserCropper>unbellChokesMilled8</brownedEraserCropper>
      </humdrum>
      <vidiconSpece antu="freebeeGalleta">
        <kedjaveAnaboBanish>factor</kedjaveAnaboBanish>
      </vidiconSpece>
      <hoardGallery>
        <ungSentryBreccia>redan</ungSentryBreccia>
      </hoardGallery>
      <junco>
        <jocuTyphlonSniffy>foamsCedric</jocuTyphlonSniffy>
      </junco>
    </chipAngolanRuthene>
  </cantredItoland>
  <wonnaFrontalRerisen tutsEtatistDefuses="joieVitis" giantrySwellPipped="tickersWheezes" mohairsGlozing="564" />
</royalet>