<?xml version="1.0"?>
<mealmenCaromed>
  <dodgilySpektInaner somalia="9189" />
  <hecklerCoiffed finding="5" coyn="886" />
  <burses bilkStartupPipit="strawsCarfax" prow="937" podlikeQuipped="gildenLiparisLoegria92" ahimsa="jinnee" />
  <erotics dribbleZanjona="soppierNymil" scruffyTorquerBoyship="sfz" fetcher="viroledRamona546" unwitsDirtPuttock="alfionaVowless">
    <hachtPacable>
      <amentaAmotus>oilcup605</amentaAmotus>
      <castileExterne huck="jahvist" globsApex="grottosSylphy8">
        <supplerKeister>470119</supplerKeister>
      </castileExterne>
      <deorsumBatons pished="avoyerValveGps">
        <shortly>brediFacetedSlodder</shortly>
      </deorsumBatons>
      <triquetGrovesEnchain comatic="ambalamEyebrowRedroot">
        <kyathosMahmalBiceps>unflankUitotan</kyathosMahmalBiceps>
      </triquetGrovesEnchain>
    </hachtPacable>
  </erotics>
  <yelmerChethsBladed introOgygian="yate" pausaiScapingSweeper="bourse" unguyed="3" kairinBusyishAeneous="chaveClarine">
    <amylonVaguishKauch>
      <charkedBlaringUnshod>scenter7</charkedBlaringUnshod>
    </amylonVaguishKauch>
    <ripperCremesWastme reppedWebbyAswithe="heptiteBeira">
      <soakyCayugaEros>dunesFancier</soakyCayugaEros>
    </ripperCremesWastme>
    <moosey>
      <reboiseRinSpale>yaffleTining</reboiseRinSpale>
      <stockerGervais>
        <carylTwaddy>retally</carylTwaddy>
      </stockerGervais>
      <savableSettled repinsBefancy="krapinaFliping">
        <casiri>peabirdPithsOatear2383</casiri>
      </savableSettled>
      <pesachFeveredChaui ladakinBitting="754011" sorroaPushierNoetics="duffiesYeelinsBurlies5510">
        <coroa>derustTchu</coroa>
      </pesachFeveredChaui>
      <decideGigger>
        <inamiaGreking>fluavilIpseandAlvina</inamiaGreking>
      </decideGigger>
      <pogromCerousAtomise slatishFuscin="emmettDiaFey">
        <oldieTsksCookies>29592671</oldieTsksCookies>
      </pogromCerousAtomise>
    </moosey>
    <egbaScale>
      <idlishSpaleOuds>volcae648</idlishSpaleOuds>
      <pulletCacaoEvelina automanPlatodeFusate="moltoVerbyLazars7">
        <versalRetial>4645524</versalRetial>
      </pulletCacaoEvelina>
      <citronsHaymows triningSuhuaro="shoppe435" rapalloGooneysFixgig="subdial">
        <santoPhemicBrutes>coneyRillingDulcity880</santoPhemicBrutes>
      </citronsHaymows>
      <kabikiMedulla>
        <filedBedelve>6627</filedBedelve>
      </kabikiMedulla>
      <skyeyOglingVince shying="snaths" ensoulsMeaseOndine="63435573">
        <blowzedSapo>freesAwink</blowzedSapo>
      </skyeyOglingVince>
      <anionsVeineryFlores myrtlesStinter="pipiest">
        <valseDevoirs>wappedPalaiteDolite</valseDevoirs>
      </anionsVeineryFlores>
    </egbaScale>
  </yelmerChethsBladed>
  <hodureKaolins stanielUraniid="fully">
    <tanguinTaqlid moranOlitory="bandhorBenthon" skymanSwarmy="oystersSlovens" bart="fancyPyrryl">
      <amisHinney>diablePutschBaku2</amisHinney>
    </tanguinTaqlid>
    <clunter>
      <rustredMeneTessel>guinean</rustredMeneTessel>
      <malmy>
        <mothers>swanned</mothers>
      </malmy>
      <nullahs>
        <marehanTibiasWatapeh>gametalSynapteUpgive</marehanTibiasWatapeh>
      </nullahs>
      <coleUndigRwound>
        <eppes>573074</eppes>
      </coleUndigRwound>
      <chum asteamCorsie="6100" choushSantosWaister="sepses">
        <damnersCloineIsotone>venueDwells</damnersCloineIsotone>
      </chum>
      <uphelya sleyRecash="dyelineAcetol586">
        <garryaDevour>airbill</garryaDevour>
      </uphelya>
      <congrioSifakaEucalyn bonaceGanev="wallonOverdid">
        <quaverStimiedOxhouse>yomim56</quaverStimiedOxhouse>
      </congrioSifakaEucalyn>
      <sparksExigentBahada abraumDosa="koniagaRichesCancrid">
        <cowanEchium>bravado</cowanEchium>
      </sparksExigentBahada>
      <saraad chienRedugAmidin="purpura" pipageHard="1254">
        <absenceHipshotChummer>farinaGluedBaltei9</absenceHipshotChummer>
      </saraad>
      <mutual>
        <unstoreCabouca>9633</unstoreCabouca>
      </mutual>
    </clunter>
    <lagwortLindenFoliot>
      <protype>peyotesWongshyBlasia5213</protype>
      <tussarsPremial zach="406764" jargonVitrauxLobs="swivels7">
        <coupesSumach>beshearShariVexful</coupesSumach>
      </tussarsPremial>
    </lagwortLindenFoliot>
    <amazonaAzoriteLoyaler>
      <gilbertStampsFelix>11554</gilbertStampsFelix>
      <gratingDihalidKenyan entriesDodkin="3808449" outwearFaujdarEnlute="cachexyOutshow">
        <bockingSylviusRadicel>whimseyIota</bockingSylviusRadicel>
      </gratingDihalidKenyan>
      <fuddle>
        <anerly>12028831</anerly>
      </fuddle>
      <tatamisSolnTamoyo hackeeGimpier="rag" unlashLarchenPapaw="odicTrulliYer">
        <barrackGardens>9</barrackGardens>
      </tatamisSolnTamoyo>
      <glennSebago gaysomeVesbiteBalmy="eyecupLandwayCitolas" pebanDyakEblis="oakyAngles">
        <fatlyRatanMethine>hunker</fatlyRatanMethine>
      </glennSebago>
      <lapeler vadeRajput="gagerErinQuerent">
        <crup>5</crup>
      </lapeler>
      <binode mortsRutterHillmen="2371692">
        <teecallGorst>drouthVealing</teecallGorst>
      </binode>
      <fugacy>
        <mesoleCloit>etonQuais</mesoleCloit>
      </fugacy>
      <drouthsEnzone mundEnisles="runway" escalopAnusesPatefy="mobPardesiCrinel">
        <skiddooBurped>sit</skiddooBurped>
      </drouthsEnzone>
    </amazonaAzoriteLoyaler>
    <doruckMiskalHeumite>
      <granesFunicReq>liasTingisHuddler</granesFunicReq>
      <soonerHidden chego="10661" gotoSlainteOlympia="3522">
        <ondyPatin>bassetsTakahes235</ondyPatin>
      </soonerHidden>
      <gyromaNegater crankle="irenaCeriops" briskerDagga="dukedomIsize">
        <barrad>38</barrad>
      </gyromaNegater>
      <crudest apparat="shouldShikoPiffle" monialKhamalSlab="299029517">
        <boterolMesally>swagsNatalsDishing</boterolMesally>
      </crudest>
      <mesitylPyrrole>
        <hant>ordnSubclanPewless2230</hant>
      </mesitylPyrrole>
      <selsynsBlurts washerDownily="206247057" nideKnocks="gatDisjoin92">
        <leanlyDesylTonight>perindeEnnewHelenin8673</leanlyDesylTonight>
      </selsynsBlurts>
      <qualityIpilLumper lukelyPithedDename="steenie" puelche="heroBothnic">
        <besoinAmnic>61</besoinAmnic>
      </qualityIpilLumper>
      <broomEucgia>
        <bonusRhinionBeleper>gumihanEats</bonusRhinionBeleper>
      </broomEucgia>
      <tushesOutroadPropria mudlark="barricoGables">
        <tannateDovishScabble>81</tannateDovishScabble>
      </tushesOutroadPropria>
      <nannie aquilia="tamasVenustXicaque">
        <tallyCajole>yobs</tallyCajole>
      </nannie>
    </doruckMiskalHeumite>
    <monierWaywode manglerAcaciinAsrama="keepnetQuashee">
      <outsits>gestArati</outsits>
      <rookies>
        <veesBulbel>expandSilenic</veesBulbel>
      </rookies>
      <faconde undid="antenorCoshery5540" corvEcdyson="biggin">
        <ponesPontineRagis>428</ponesPontineRagis>
      </faconde>
      <ungkaHern dakhini="armillaSuavity" sudsDaunerLabel="24249">
        <biogensTineSkives>woader</biogensTineSkives>
      </ungkaHern>
      <kerflopIciest>
        <rasoirMistbowFilth>porpita</rasoirMistbowFilth>
      </kerflopIciest>
      <frittsUsury>
        <fanti>recombsFluesSusurr22</fanti>
      </frittsUsury>
    </monierWaywode>
  </hodureKaolins>
</mealmenCaromed>