<?xml version="1.0"?>
<lampern>
  <didymus>
    <piscisEmbraidRoomer>
      <rho>6628231</rho>
    </piscisEmbraidRoomer>
    <maltheEpiceleTriarii>
      <mummies>fuzzyWomanly</mummies>
      <tiglonAimful ashlessKeetsVinage="8" winklesFraterCatline="adaptWittyBrender">
        <kaftaSnabbyNeroli>demotesEspialsRavager5352</kaftaSnabbyNeroli>
      </tiglonAimful>
      <wleccheUnrobes fuzzing="sessionSouterRoquets323">
        <henware>nektonAssoils7857</henware>
      </wleccheUnrobes>
      <wizenedLoupenSqueamy>
        <genomesAmyrolBigots>4652</genomesAmyrolBigots>
      </wizenedLoupenSqueamy>
      <yanker mochilaReshodGuddle="meiobar" sicklerPiemag="denariiMurrion">
        <antiwitCol>dammarPhrensy</antiwitCol>
      </yanker>
      <milliadEludes sorra="dizainIncant772">
        <threapsCrimped>bywordsOocytes</threapsCrimped>
      </milliadEludes>
      <seseli mumblerUllucuKnout="barde" pluvianZizzled="busedFucosanAchoo">
        <hostileCogent>fundicZippersFusty</hostileCogent>
      </seseli>
      <paulin sirenic="niveau" vulvate="foozledNoisy">
        <ariste>aruloLaich</ariste>
      </paulin>
      <feruledDroved soarers="tampa" spader="heapingAum">
        <bewpers>33163226</bewpers>
      </feruledDroved>
      <clioneUdder>
        <muddied>oportoTurjite</muddied>
      </clioneUdder>
    </maltheEpiceleTriarii>
    <euphroeGaoling>
      <admrxJacanas>rykes</admrxJacanas>
      <swounPropineRhine salviaFireboy="subtendTumbak923" keenaCrink="goldingJerkier7">
        <humectCoacted>quakeryEnduresMaximed50</humectCoacted>
      </swounPropineRhine>
      <sawnyUnmerge>
        <arabin>38717</arabin>
      </sawnyUnmerge>
      <powitch rhytinaCaducei="attaccoAconin">
        <wharNard>ids</wharNard>
      </powitch>
      <buret>
        <serbian>tellingCuckold</serbian>
      </buret>
      <teledusReddensBugs senciSneds="1">
        <faciaFatally>dastur</faciaFatally>
      </teledusReddensBugs>
      <kincobHowadjiHeydeys inspire="empresa" wailGeiger="doutousCastuli4981">
        <durzadaMongholBraids>beloidSemipedCapryl</durzadaMongholBraids>
      </kincobHowadjiHeydeys>
    </euphroeGaoling>
    <weedersParaphs>
      <bradShammasTirasse>isobare551</bradShammasTirasse>
      <wagedHaymow pupateBbs="vernageKurt9">
        <pekoesWhiffed>asale</pekoesWhiffed>
      </wagedHaymow>
    </weedersParaphs>
    <dulls>
      <wortle>fare</wortle>
      <peleanPlexor relistOspermStopers="9019" coala="logionsTerbium96">
        <wooer>nocuousSher</wooer>
      </peleanPlexor>
      <golpe bedlam="floorHedgers">
        <domusImageReblue>runkleOristicSpunks</domusImageReblue>
      </golpe>
      <amita>
        <sexto>easedFlexion</sexto>
      </amita>
      <ova>
        <bezel>daised</bezel>
      </ova>
      <nuclideFoists akazgaCroquisEstella="59" abbasidNandaBelouke="9">
        <stembokPoindedMangery>crunkle</stembokPoindedMangery>
      </nuclideFoists>
      <farci oxlipWomerasDiggers="impostsMariaKasida40">
        <remoldRentalKefti>zombiesFuzzle</remoldRentalKefti>
      </farci>
    </dulls>
    <mochasPantherTouche censeBetake="fivers" sapbush="leggerDoubPeavy" pinmanMannas="sowcarMassive">
      <painfulBaitingMessily>chacmaBulkier</painfulBaitingMessily>
    </mochasPantherTouche>
    <stawn>
      <coffeeLurk>altesse</coffeeLurk>
      <toyotaTodayllHypopus>
        <droilArms>ferulic</droilArms>
      </toyotaTodayllHypopus>
      <grafted gujeratSilesiaDivinyl="ducDafferySmiters7135">
        <metra>perfumeMede5173</metra>
      </grafted>
      <cloyneTotyArch boeotia="serian" talipedLacksSlyly="tombackSlojdSimaba">
        <cookeysBousedOutsees>pupate58</cookeysBousedOutsees>
      </cloyneTotyArch>
      <inulaCahiersVappa>
        <bancoSwoons>schlock</bancoSwoons>
      </inulaCahiersVappa>
    </stawn>
    <jnt>
      <regimes>slubbedDipodid</regimes>
      <drowsedGonialOldland verrellEleut="esculicEnwrapSerail" gimmalsSoccers="simagreTowmond">
        <rusinesAngorasAlbum>dawcockParcAfzelia96</rusinesAngorasAlbum>
      </drowsedGonialOldland>
      <bedlike memo="plow700">
        <agnates>9939764</agnates>
      </bedlike>
      <stithlyFylgjaKlatsch oncomeKabardHelices="1282" tagetolGamming="enhalos">
        <aguaExtime>paybackDammishBearder</aguaExtime>
      </stithlyFylgjaKlatsch>
      <stoved toftmanHillock="4502903">
        <statuteTampon>reequip</statuteTampon>
      </stoved>
      <lifelet avengedCarlistWons="stewartSopranoDehwar" putamen="corkirSpar">
        <serum>atoke</serum>
      </lifelet>
      <wicopyVelluteRestir semsemFidfad="siderinFecket" maeingPlacetLana="mridangBacao3572">
        <cutbank>monglerWish68</cutbank>
      </wicopyVelluteRestir>
      <desemer>
        <truchaComberFraunch>marvyTriposLobelia</truchaComberFraunch>
      </desemer>
      <sterletLaevo poppies="sookieManhuntMyiasis">
        <tootsUnrind>richRabfak</tootsUnrind>
      </sterletLaevo>
      <drollerOpposes impoorYerKilims="paletotAequian">
        <oxheadTigersObtect>rewworeYakaOutwars</oxheadTigersObtect>
      </drollerOpposes>
    </jnt>
    <widdledBylina>
      <ilial>slainMortars9</ilial>
    </widdledBylina>
    <seadogsParedAns snod="renably" spewer="visaed">
      <aetitesBefloutAvertin>corvoSoln</aetitesBefloutAvertin>
      <cenobyMallardTartare unrollBorniteGingers="soggilyTriosesFrizing">
        <nougatNeckerPlotter>niellosPostieJurels</nougatNeckerPlotter>
      </cenobyMallardTartare>
      <mopaneFlavianThreep>
        <pinupCarannaZygosis>dacoits</pinupCarannaZygosis>
      </mopaneFlavianThreep>
      <wainmanKousin winglePanisca="froglet">
        <tanak>743089</tanak>
      </wainmanKousin>
      <nettsCucupha>
        <tholiQuinteLustral>awinglyAcrita</tholiQuinteLustral>
      </nettsCucupha>
      <burglarPhenols beadmenTinosa="risingRemora42" rasedByzant="3">
        <beatingAcoma>dorsalsReflies</beatingAcoma>
      </burglarPhenols>
      <finbone rondo="1840">
        <embosk>geratyMammodiGlop</embosk>
      </finbone>
      <graded>
        <moricCajangSpade>goings</moricCajangSpade>
      </graded>
      <silicasRingerFpm>
        <ravinOuanga>19195424</ravinOuanga>
      </silicasRingerFpm>
    </seadogsParedAns>
  </didymus>
  <droppy />
</lampern>