<?xml version="1.0"?>
<wreakedRiggedNye>
  <shrendFlorinPantun volume="39911" tunganLadlerOnsight="322" myoxus="coryletPrue" editalDisship="4538363">
    <elaidinActuary>
      <naifsTeam>jennyYarkand</naifsTeam>
    </elaidinActuary>
  </shrendFlorinPantun>
  <stirrer gosletCabobsEsguard="2922605" gnosisTingingShufty="plebs" nouriceEnstarColeus="slipout" />
  <kanjis illumer="progeny" hagridLarinaeQuiets="81579662" zeroizeGnoses="882420">
    <charlie pumpingLehayStola="contr">
      <niftiesCessing>icingNinthShad11</niftiesCessing>
    </charlie>
    <dinkeySpikers>
      <toyer>gallishRunwayMole</toyer>
      <scabVeeredSavine patrolSebacic="arcus" muteTarinMakuk="akha">
        <ofoSchuteTsarism>368993773</ofoSchuteTsarism>
      </scabVeeredSavine>
      <cardiaeArgledUlster>
        <potable>555351</potable>
      </cardiaeArgledUlster>
      <magianTrf>
        <peplum>terriDarac</peplum>
      </magianTrf>
    </dinkeySpikers>
    <hereoutSld>
      <notchyVerzini>louche</notchyVerzini>
    </hereoutSld>
    <bock relacePuntos="3388484" cygnidViti="dapNorth" avoid="9699537">
      <patulinHaltsJuans>squires</patulinHaltsJuans>
    </bock>
    <begassAlginic cuinage="tendoorDecayHitchel" autosynLineas="corylet3" clinic="sploreKnowFlan">
      <embroil>foramTacan</embroil>
    </begassAlginic>
    <bilkis>
      <dons>predataTyranny248</dons>
    </bilkis>
    <spoffyMedialUnbowed>
      <dorothyCymling>17657151</dorothyCymling>
      <outovenAmusiveNapkin studdedMahwaTutster="vinta" lioncelFeture="recleanEmberDiscept1">
        <butynMockedMoio>dottels170</butynMockedMoio>
      </outovenAmusiveNapkin>
      <baniwaPivalicFicelle lipper="equulei" tarmacScapes="redelayAbuttalGoldurn">
        <kashiTribracCowards>7289392</kashiTribracCowards>
      </baniwaPivalicFicelle>
      <maziestBrattle radix="gampPilulesRifest388" piaffer="snorty98">
        <virgil>bicronEncreelFatuous</virgil>
      </maziestBrattle>
      <betoyaPoalikePotwork acorus="cloak" tarweed="brineVisesRitz">
        <bypaths>3913</bypaths>
      </betoyaPoalikePotwork>
      <cabreFikh dub="spunkySimblot" convectMerelsBibb="hebrewTrouv3">
        <agnail>juttingAnanke</agnail>
      </cabreFikh>
    </spoffyMedialUnbowed>
    <chamosHuchen>
      <fugues>9747</fugues>
      <anacaraCostlewBaumier dangingSonanceArni="97970">
        <darter>ligeFeedy</darter>
      </anacaraCostlewBaumier>
      <upases piskMasoraPiert="amlet">
        <sepsesStabber>bluest</sepsesStabber>
      </upases>
      <leadeth inferno="tanquenLabaara">
        <coperta>valgusBiped30</coperta>
      </leadeth>
      <burnish soils="dimeric" mktg="brythonDarkSubcase">
        <chawerCockishVolupte>severs</chawerCockishVolupte>
      </burnish>
      <oscinesRamealBore quaichVoideeIliacus="gospoda">
        <catalosVoice>roustedCurvingBenasty</catalosVoice>
      </oscinesRamealBore>
    </chamosHuchen>
    <kafCooserNards>
      <drubber>eyewear4584</drubber>
      <hantingManteel devvel="positSenders" warve="barberyBarundi2528">
        <liassicCliquey>butledWachaga</liassicCliquey>
      </hantingManteel>
    </kafCooserNards>
    <srutiDupsSaltman>
      <arnicasHylismPisote>rubious</arnicasHylismPisote>
      <shealsBait>
        <ranularShearer>refocusRemijia</ranularShearer>
      </shealsBait>
      <shan>
        <burely>prescan</burely>
      </shan>
      <bowkailForpineWebelos>
        <respiteCeile>guckedUnfussy</respiteCeile>
      </bowkailForpineWebelos>
      <cucullaDidler gummicReerect="milder" unpleatBact="seconalRookier">
        <unsteckAtuamiNepa>200</unsteckAtuamiNepa>
      </cucullaDidler>
      <exterOarlessTendant>
        <prideTilletChengal>pinolesEscarsVeritas9961</prideTilletChengal>
      </exterOarlessTendant>
      <austricHendy tofore="91">
        <sparkySpangleNaio>dietiesVirelai496</sparkySpangleNaio>
      </austricHendy>
    </srutiDupsSaltman>
  </kanjis>
  <capkin honkiesClition="tahrsEvokedAskesis" />
</wreakedRiggedNye>