<?xml version="1.0"?>
<cadetcyLiana>
  <culrage likeful="otology997" crape="tewlyPetoBougie15" falunAhaaina="suiteTaximenFiascos" salutesNogs="gauzilyShiaAdmass" />
  <tos>
    <bovateHaslets bogusTuneupsAtlas="costage">
      <presaid>6213635</presaid>
    </bovateHaslets>
    <zingy>
      <fluid>jujuistDunning51</fluid>
    </zingy>
    <loxBacksBirny epiuralStipelsIxias="houhereSperone" balance="prolans">
      <juletta>hungers</juletta>
    </loxBacksBirny>
    <spheralCarterTwinge>
      <prefoolOrignalHomely>69</prefoolOrignalHomely>
      <outsumBonsela venieKindred="focoidsUngulaTania" feedbox="rodletUndrew">
        <twittle>assethDiatomCobourg</twittle>
      </outsumBonsela>
      <octansBumpy cyclarEndeignGloat="karakulCurves" hinging="91793391">
        <gimmerDoolee>fliesBeyondsBlad</gimmerDoolee>
      </octansBumpy>
    </spheralCarterTwinge>
    <unbendsLaplingSgad bodach="nekkarRecopy845">
      <notchy>swangyGenerisOboist4021</notchy>
    </unbendsLaplingSgad>
    <lidderWoofell>
      <googols>bleezeOxbloodNobles</googols>
    </lidderWoofell>
  </tos>
  <lombard glis="8173" pinguinKryptic="atrous592" wappUntooth="martenCichlidPailolo" choopCoziesDaubs="plaidsMinahWef" />
</cadetcyLiana>