<?xml version="1.0"?>
<alrunePastry>
  <sagitalEmonySps rubiedTawgi="9" amerindPeasJaygee="796466489" />
  <papyrFreebie volutinBedewer="494724" />
  <geladas>
    <challisShipper wankelTiffYealing="trap" damfoolChancer="cuttingMainsGenit">
      <mandrinGaloot>respue</mandrinGaloot>
      <agraniaRaimentRoti rocheaWooable="983877" frisadoMahmalHamfare="5159">
        <vitialDaubyHaras>aerily90</vitialDaubyHaras>
      </agraniaRaimentRoti>
      <neifs nickel="margieSightenPrepay" coaxalMovers="baggiesNguyenSubst">
        <aftersDecent>opt</aftersDecent>
      </neifs>
      <malming>
        <jinglePedary>kevils</jinglePedary>
      </malming>
      <calcitePlagoseVixen samogonInducedGoldest="malmsCurlsParode" kyaniteFretum="spieled">
        <serenesMorts>surrept</serenesMorts>
      </calcitePlagoseVixen>
      <swagmenDekareHesped>
        <cyulEncodedAgapai>679</cyulEncodedAgapai>
      </swagmenDekareHesped>
      <pecksPeched glazierCorneum="ouvert" licetTapioca="71522687">
        <stithlyOutgangBarns>moruleExplidaWaferer</stithlyOutgangBarns>
      </pecksPeched>
      <cebell froshNashgobOozooid="kemalPlumRecule">
        <burellyDensity>pimaric</burellyDensity>
      </cebell>
      <airedCornier>
        <hearingTule>whoopedMeggyJaded</hearingTule>
      </airedCornier>
      <espinoOrc>
        <pothuntCrank>odlingGrivoisDeltal3</pothuntCrank>
      </espinoOrc>
    </challisShipper>
    <unbarsPinfishCashes>
      <misweenCollyDiota>4053</misweenCollyDiota>
      <souterMisled>
        <chaetal>ruddle</chaetal>
      </souterMisled>
      <obeInolithAles bramah="vates" hullock="yawper">
        <chiefs>pinuela</chiefs>
      </obeInolithAles>
      <apiece mogulsTritishBwana="unroutPathanGoala">
        <touchupScrumpyBestrew>picarel</touchupScrumpyBestrew>
      </apiece>
      <dobbedDrantWhities bugeyeEmblicTourize="187247023">
        <lifey>slinker</lifey>
      </dobbedDrantWhities>
      <coolsSnowsMowburn mirvsCaroledMorse="alularAmies">
        <disgood>barbaraOpulus</disgood>
      </coolsSnowsMowburn>
      <worldly>
        <gois>judgerGirthed</gois>
      </worldly>
      <nauseas skitsSwaFossate="abiosisKidsDrury">
        <sorusBoostedZigs>pardieFlouncyAdead932</sorusBoostedZigs>
      </nauseas>
      <positum aftosas="8659700" bargerKamsinNellie="19">
        <incagedRespDyad>29961</incagedRespDyad>
      </positum>
    </unbarsPinfishCashes>
    <raretyImmies>
      <suspire>amoradoIlksGayest</suspire>
      <spleensTitterBounded>
        <omniIndiciaTrigo>8</omniIndiciaTrigo>
      </spleensTitterBounded>
      <jato yeh="ciguaSpeedoCanker" seggromUrite="tailers">
        <calendsSeised>paniskCantlet72</calendsSeised>
      </jato>
      <resnub>
        <coloniCocashSoulx>besinAttent</coloniCocashSoulx>
      </resnub>
      <pretendCetidSperage>
        <grippyLewniteBossboy>ensuredTrilisa</grippyLewniteBossboy>
      </pretendCetidSperage>
      <hare cherely="mingy" barruly="outactsRebaitStrop">
        <teatherPecket>bounds</teatherPecket>
      </hare>
      <upbrowMenuki>
        <messan>apalitCattiesSpiller</messan>
      </upbrowMenuki>
    </raretyImmies>
    <outpageNailersVioler>
      <piddockSolaninNombril>relost</piddockSolaninNombril>
      <dabuh situsUnleafExcl="cooboosHorizon" juslted="fullest">
        <catguts>ceramal</catguts>
      </dabuh>
      <keyslot enquiryAgee="pyreninTonemic">
        <nunatakYerb>teentsy934</nunatakYerb>
      </keyslot>
      <seepingKetupaMalign soucarsSpanemyMezzos="osmeticIrid49" glycolBoulle="unhate966">
        <guayabiWontsPath>scraichStouth</guayabiWontsPath>
      </seepingKetupaMalign>
      <hasselZonuleZaurak boychikGilty="wacsApodiaScums">
        <rickeysEntrapsKilims>85</rickeysEntrapsKilims>
      </hasselZonuleZaurak>
      <spavinePooh>
        <firmersLeally>eunuch</firmersLeally>
      </spavinePooh>
      <lairageCreaghtJumbles teadishSatinyLibeler="350764">
        <himatiaVolVerre>5262449</himatiaVolVerre>
      </lairageCreaghtJumbles>
      <motonSlouchy>
        <egglerNeftgil>trudgeClocker</egglerNeftgil>
      </motonSlouchy>
      <lazierPapuansUnbold>
        <guricGriperQuinize>leadedShellyEpurate</guricGriperQuinize>
      </lazierPapuansUnbold>
    </outpageNailersVioler>
    <wheelieLhdStrawed myiasisCravo="415269392">
      <caulesCoria>593596</caulesCoria>
      <epeeist>
        <hosterBrieryQuimper>empaper</hosterBrieryQuimper>
      </epeeist>
      <baycuruOuteats epuloidThawsLaniary="asylums" exemptsTamingKeefs="fairerBabishTorsade">
        <trefleeBolita>carabinRakelyUreide</trefleeBolita>
      </baycuruOuteats>
      <cannerWergeldWons>
        <monistBeep>eserePoppaAfacing</monistBeep>
      </cannerWergeldWons>
      <ameboidFluskLucite heynneMammieCreagh="unbaleVespoid">
        <isotone>rayletBescabUnburnt1</isotone>
      </ameboidFluskLucite>
      <acidlyOpted scalage="amyeliaBerne">
        <glutaelFructed>girthed</glutaelFructed>
      </acidlyOpted>
      <longbowUnnear tidyismBewhore="roleoVolute660">
        <snoots>chamaPardedGavages2650</snoots>
      </longbowUnnear>
    </wheelieLhdStrawed>
    <petardsUncs junciteStatice="pelf">
      <cannoli>measledMarting</cannoli>
      <manikin antaiva="toolachRussel" raias="totTurdoidInborn">
        <nuraghiBreach>sluicyAphisAmpoule</nuraghiBreach>
      </manikin>
      <chemiseNaghtWispier shik="supaVailing6">
        <mickle>soralHoleDoubly</mickle>
      </chemiseNaghtWispier>
      <miskept podos="mandeBurrowsHadada">
        <sloydsThicken>drugsBooster</sloydsThicken>
      </miskept>
      <mellitUnloads loftedPizzFicaria="moulsUnknow207" chindiGaslitPurpose="leveeRog">
        <antedon>hsuanSulfa</antedon>
      </mellitUnloads>
      <inchant bewreakBendeesLitho="acorOlived" zealfulBlow="anaboly">
        <alinesWied>aquaferSkibbyCaraipi</alinesWied>
      </inchant>
      <fano hexonicUnbend="shuln" cariyoTretSartish="ephah">
        <skelp>glochisViduageAnubin</skelp>
      </fano>
      <klansGhatDefiler coyotes="edgingBeelike">
        <renameVerbose>fit</renameVerbose>
      </klansGhatDefiler>
      <troco hoofersWallfulPampean="520228432">
        <skidpanCliched>ogrismSteghOafdom</skidpanCliched>
      </troco>
    </petardsUncs>
    <offererCanchas>
      <shuhaliSlacked>sudsier</shuhaliSlacked>
      <kairos hontousBecome="pushed" milfoilVerdure="drovingPaized">
        <reshew>66043</reshew>
      </kairos>
      <senufo>
        <oord>liking</oord>
      </senufo>
    </offererCanchas>
    <astrionRaged>
      <ydsSpermin>xis</ydsSpermin>
    </astrionRaged>
    <pungi sipidAshiver="sinnetSlipt" midlegs="weest29" helluvaLosang="downedAbolishTrees">
      <coupureSiddurs>mislestBainite</coupureSiddurs>
    </pungi>
    <alvina markmanAdvertTerreen="acrux" verbile="debasedPeons">
      <hopbind>carline</hopbind>
      <embruteSeaming spuddedRaptor="indexer" stokedStibineOpsonin="glidder21">
        <xeniumFartlekIdlest>smoochViolist</xeniumFartlekIdlest>
      </embruteSeaming>
      <cravesNaamPerbend leashLocket="gastralMeowsDomine13">
        <hatched>hoodmenGeeseLimited</hatched>
      </cravesNaamPerbend>
      <offingAmbeWielded doddParadoxAppt="teetanEgrid37">
        <fleamyMiasmasEnsnare>legatos</fleamyMiasmasEnsnare>
      </offingAmbeWielded>
      <haesLunataMeccas>
        <chummedInbyeSmeeth>odours</chummedInbyeSmeeth>
      </haesLunataMeccas>
      <unspiltDefense whitneyPionsPatee="tuliacGifola47" strewnAddableDivast="koaliObit40">
        <auntly>hacker</auntly>
      </unspiltDefense>
      <nowelGaedownChicos ariste="111138826">
        <telergyRabatoTahar>diambSand</telergyRabatoTahar>
      </nowelGaedownChicos>
      <leetmenUnwiser>
        <ukesMalieBowtie>814252</ukesMalieBowtie>
      </leetmenUnwiser>
      <riotry>
        <sixes>buckismSandy6</sixes>
      </riotry>
    </alvina>
    <hoeing soreWryest="belaRegloss" grecqueShoesPreomit="rehingeDentoidHallage124" sandhiMaun="certif29">
      <smaltosFlemSelle>sorexShickTames</smaltosFlemSelle>
      <intersMannoseChromes mitralProfertWisure="thurst" rivalryEcrase="espySoberlyEspial5097">
        <abcCoontahRamass>hydatidGaddishPalpate</abcCoontahRamass>
      </intersMannoseChromes>
    </hoeing>
    <friskEvinces>
      <earclip>selfly</earclip>
      <liarInsolesVacatur unleashArling="doabBeadyChurada">
        <lulaSeizureBronzes>giboiaMarekOgress53</lulaSeizureBronzes>
      </liarInsolesVacatur>
      <berimesPageboy harassPledgetHypos="nibbanaDryops">
        <prodd>85</prodd>
      </berimesPageboy>
      <angwichMalamUntoned mooredRhumbasGrouped="upboltDace9">
        <floruit>myowun</floruit>
      </angwichMalamUntoned>
      <ficusExorate>
        <wreckSnock>679</wreckSnock>
      </ficusExorate>
      <grandsAgathis copout="outhireNorit" shopfulCuminic="dammeSheetyFrigate">
        <thousIckle>kedarAlf</thousIckle>
      </grandsAgathis>
      <trabea unsewn="sedgesScyllaVerglas">
        <aside>shambuStereidBrink</aside>
      </trabea>
    </friskEvinces>
  </geladas>
  <urinal rehoistZappedCarpus="malts" tgnSamaj="voc" jalopDies="neriCaplins" logeion="6">
    <unrrove>
      <trivatFourthEria>subfiefFidsEffused</trivatFourthEria>
    </unrrove>
    <daidlyUntie assot="toggleResealsKainits">
      <midwaysGighe>936221</midwaysGighe>
      <verutaChess>
        <tenoreOdaller>reheel</tenoreOdaller>
      </verutaChess>
      <atollOutdoes millimeBenshi="58503" fitches="answersHipping">
        <windersDjinsPinto>gnarrs</windersDjinsPinto>
      </atollOutdoes>
    </daidlyUntie>
    <assobreDisable>
      <pommeyExempli>393843</pommeyExempli>
      <zizany pagneSitcoms="peteUpseyAccloy4062">
        <leafletScoldOpining>78</leafletScoldOpining>
      </zizany>
      <craals>
        <wainage>mong</wainage>
      </craals>
      <phooUncoils moolGlucidMaster="toruThrowstCrim" joyedKneeEnviron="areallySensify3">
        <lenientBassaraPantod>5</lenientBassaraPantod>
      </phooUncoils>
    </assobreDisable>
    <rewworeBoarderCoxal aymara="barrier9" kylikesRetros="nosyReadiesOvant" peacingIrisate="laosStabbedDewan">
      <nomadsMucosalStraked>550722</nomadsMucosalStraked>
    </rewworeBoarderCoxal>
    <lucigen>
      <rustlyLeissCither>veseDacronFunicle</rustlyLeissCither>
      <ezbaGrysbok>
        <noxiousCocklyFronts>ontarioTungahTriages</noxiousCocklyFronts>
      </ezbaGrysbok>
      <entasisDaybookElenchi limbsTwi="mostraSlimilyBenorth1202" slonk="leet">
        <kyabuka>cashooNarrow13</kyabuka>
      </entasisDaybookElenchi>
    </lucigen>
    <enhalosCadweed>
      <vestalsSpermWaxers>passataBathe9</vestalsSpermWaxers>
      <unlinkDelicto overtipBoard="879059" lampronCroatPuffers="pilus">
        <babied>boubou</babied>
      </unlinkDelicto>
      <aworryMaddleKinnor beetlesDastur="flyHarle">
        <polarsJufferTwinner>270022640</polarsJufferTwinner>
      </aworryMaddleKinnor>
      <tree>
        <joewoodLimmerGroan>nonstopStacketErer</joewoodLimmerGroan>
      </tree>
      <lourVenulaDemodex andevo="foeLetuareVena">
        <amendTurkeerBemail>lipperPekoeReanvil</amendTurkeerBemail>
      </lourVenulaDemodex>
      <frightyNervosa>
        <yaponResink>botulinCracker5</yaponResink>
      </frightyNervosa>
      <rutateMiserlyFowk izzardsUnduke="itaiAlpeenUmbrel">
        <knopperPurees>beisaMiched</knopperPurees>
      </rutateMiserlyFowk>
      <cystalSophist>
        <beakier>thokeRebillGothics14</beakier>
      </cystalSophist>
      <blasonBundts>
        <lurker>tolingFeroher</lurker>
      </blasonBundts>
    </enhalosCadweed>
    <mobbie>
      <cabobAramaicVerdure>endfileBeatutiWealthy6</cabobAramaicVerdure>
    </mobbie>
    <dinicOxygen>
      <feroherGregos>lipinSclatCrambo</feroherGregos>
    </dinicOxygen>
    <alapaFrammitPesos>
      <risusPokomoo>fills</risusPokomoo>
      <dulcelySongoi>
        <dramaGodsent>teteAnsate</dramaGodsent>
      </dulcelySongoi>
      <bowyersSegarHubbing splicesAzinesHarpier="diseuseVintryEstrado9158">
        <aarrghhCollery>ladronsQuegh748</aarrghhCollery>
      </bowyersSegarHubbing>
      <japaneeAlenu basion="mudarOpaciteResees">
        <lubber>3991927</lubber>
      </japaneeAlenu>
      <namesHairlet>
        <bebaron>642256041</bebaron>
      </namesHairlet>
      <dighted>
        <soaves>14</soaves>
      </dighted>
      <corvoidSyzygal>
        <baline>221</baline>
      </corvoidSyzygal>
      <aporiasNauger zeiss="4547">
        <ovationThymey>926967</ovationThymey>
      </aporiasNauger>
    </alapaFrammitPesos>
    <redeyeObelia>
      <trifle>637</trifle>
    </redeyeObelia>
    <wontons leek="felixAnonym">
      <ymca>schismsJennyProsper6</ymca>
      <relumesCucurb>
        <soirTrumeau>highhat4</soirTrumeau>
      </relumesCucurb>
      <naulageMallet havent="6321417">
        <bhowaniBumpsValonia>affileEchardsPlexor</bhowaniBumpsValonia>
      </naulageMallet>
      <kalifOroide>
        <cheeker>imbosom</cheeker>
      </kalifOroide>
    </wontons>
  </urinal>
  <mutatorRestiad diketo="outgang1402" chouseLyssicSoredia="seas" />
  <tareqGlyphEmbassy />
  <acolhuaLaity />
  <tubiferUnsizedRenins baizasBrasque="outfishAmylon" arboryRummies="4416681" />
  <toolsiOctadicDrunk>
    <ashoreRedearMeq>
      <bemixtSunniah>fingian</bemixtSunniah>
    </ashoreRedearMeq>
    <unlumpy>
      <sikara>shulerReoilsGiantry</sikara>
    </unlumpy>
    <apnealWakeDaddy>
      <honks>slatchViewingAlvar</honks>
    </apnealWakeDaddy>
    <yashmak sulaba="910263495" repelMucago="valorNuncios171">
      <abyssa>wabi</abyssa>
      <glowZaparaScrag growls="zooidsBirdieCann265" menkib="undecylMoas">
        <torneseTrances>faerie</torneseTrances>
      </glowZaparaScrag>
      <caszielPettersStolons>
        <mayhemCaymans>commiesAngerlyBulgier9</mayhemCaymans>
      </caszielPettersStolons>
      <telesTorn>
        <leopard>combatsAvars3049</leopard>
      </telesTorn>
      <spaying>
        <prahmRanket>muds6</prahmRanket>
      </spaying>
      <unhate beggedLinetCosin="frostyIcily1546" besetsAuroreSubcell="7289531">
        <runningWoidre>9092968</runningWoidre>
      </unhate>
      <lamboyJuang varellaHousy="hastesUpsuck" galsCassino="juriesLoche">
        <erotic>percha</erotic>
      </lamboyJuang>
      <shaykhDabster socialAirtingGaroter="wurmian" debEpitaph="materiaUndight">
        <blunge>4</blunge>
      </shaykhDabster>
      <starOrterdeNiyanda ethenicBlurb="dorisBabudom" brisksAlphard="manitos">
        <impress>sallowOlived</impress>
      </starOrterdeNiyanda>
      <petitKugel unsonsyBlawBhangs="coelomCushag94">
        <beclawDauding>gryllusBillyBusying</beclawDauding>
      </petitKugel>
    </yashmak>
  </toolsiOctadicDrunk>
</alrunePastry>