<?xml version="1.0"?>
<ammelin>
  <toust>
    <booksWaivingEthos rippersTrienesScrapy="419">
      <tusker>cable16</tusker>
      <cowdieShorter banker="vidian">
        <toma>elysia</toma>
      </cowdieShorter>
      <photHernant planetsHissToile="outtoldBiggish">
        <portas>errandsGemmuleIsopyre</portas>
      </photHernant>
    </booksWaivingEthos>
    <machreeAromas queristAmbles="haviorExody" megabarTepasBiffing="begreenBakings">
      <lipidicArmful>clichesLiliedAbronia</lipidicArmful>
    </machreeAromas>
    <monera>
      <tipulidAbbacyMuchel>trierChinkJailor4758</tipulidAbbacyMuchel>
    </monera>
    <regian>
      <paplessFroes>impasteMome</paplessFroes>
      <pry willets="frecklyZooty8" arorasBepeltUranyl="waseDuikersFeuter20">
        <harnPataqueDiatoms>577774</harnPataqueDiatoms>
      </pry>
      <blattedHaman>
        <jabbers>71815</jabbers>
      </blattedHaman>
      <dolce paramCeramicLanose="prylerOuf">
        <tunisBelap>maximedRebecYabber</tunisBelap>
      </dolce>
      <simoomsLucesGravity cherishGobioidIonones="toper2" motivedPlaymanRetune="pahouin">
        <adoringOnstageEkename>engridToweledTrypan</adoringOnstageEkename>
      </simoomsLucesGravity>
      <guiltsGoffer boletusSyl="butine7" tillot="sisting">
        <moolviFordingWarper>siberiaStricheServer</moolviFordingWarper>
      </guiltsGoffer>
    </regian>
    <minikin sarosCequi="slackedKanten7" bungeeEelier="outrant" sharns="agreDiatomHayey">
      <fannon>mishnic</fannon>
    </minikin>
    <goldinCrappieInserve munited="destinPlunk">
      <effete>dishmop8</effete>
      <urdInamia>
        <occluseShavianLathery>poppleSwithinDecimus8</occluseShavianLathery>
      </urdInamia>
    </goldinCrappieInserve>
    <unbornCacoepy>
      <super>durousTrytWarned</super>
      <atropiaAviate somneMalines="3023">
        <kioskMachree>81</kioskMachree>
      </atropiaAviate>
      <rethrowFlemer echosSquirrBathing="bowessCuminolFrize">
        <wakyDoolyGaudete>axesBelgasAly</wakyDoolyGaudete>
      </rethrowFlemer>
      <trefaAbvolts cambiaDeil="niellos2224" duka="roofingClovers">
        <laithPrickyAxled>5</laithPrickyAxled>
      </trefaAbvolts>
      <jerqueFaggots>
        <pentane>duelistBedreadMorule</pentane>
      </jerqueFaggots>
      <leaveBrag skee="31662881">
        <boozer>3</boozer>
      </leaveBrag>
      <indrape deniedBrucia="natBeratCausals63" lemmata="7206653">
        <spinAbrusStill>pondyLamaist</spinAbrusStill>
      </indrape>
      <xxiiiCroomiaBalsas curiteKismatsOpe="edoShintai">
        <kithara>elverBala</kithara>
      </xxiiiCroomiaBalsas>
      <fleersDomable aspirinDebits="icerya">
        <zingersEnhance>manzil</zingersEnhance>
      </fleersDomable>
      <duimAminoidOozooid apiator="kinotTeen" sensyneCyclasArroz="prises">
        <pis>taalApocarpPrebake</pis>
      </duimAminoidOozooid>
    </unbornCacoepy>
    <dessil cusserJesuitDoffs="etacismJuridicAmuck" foaledHosanna="palatic">
      <exitureConfuteWhincow>ennuied</exitureConfuteWhincow>
      <ginnetMoorman>
        <idolizeWoaded>twosomeOldishOaten2</idolizeWoaded>
      </ginnetMoorman>
      <unsoled trionym="arzavaPolynyaElement" suckenyUnfieryEnlock="1">
        <waderExtund>bimanalGloutedCloff</waderExtund>
      </unsoled>
      <ripieniPropylsReifier rosserSedateFrailty="eumenidClipperBepearl" frizzyRevs="hummie">
        <burkaShiel>letdownValvaeSyncope</burkaShiel>
      </ripieniPropylsReifier>
      <bibbler subpenaWistitiGirleen="cymarinInsectsSkibob">
        <ciscoFloozieLepered>paxillaSpudboy5827</ciscoFloozieLepered>
      </bibbler>
      <mozart danakil="tannaseMantled2938">
        <capannaTarrass>altGazi</capannaTarrass>
      </mozart>
      <stacteChoutCert>
        <willfulSteer>oecusGauchos</willfulSteer>
      </stacteChoutCert>
      <psoroid muchelSafest="boxbushDreamer8" humbirdTreateeRudish="hyssopUnsagePyritic3">
        <retells>hyaenicMembers</retells>
      </psoroid>
      <yaldFraillyEeyuck thebain="markaz" salliedFittest="loculiCoscet">
        <rotch>maffleLender</rotch>
      </yaldFraillyEeyuck>
    </dessil>
    <deodate>
      <asiaDecorTickie>6047</asiaDecorTickie>
    </deodate>
    <pollardDigorExposit arte="177330">
      <remudas>terrainAdeemed</remudas>
      <zingare balmierSauncyHeigh="cakierZoftigZooter">
        <kibosh>rehearBothyGordius</kibosh>
      </zingare>
    </pollardDigorExposit>
    <altarDreegh>
      <cabocleLurdansNoesis>taikih</cabocleLurdansNoesis>
    </altarDreegh>
    <andianTaryba>
      <redraw>bowetRegaltyOpacus</redraw>
      <opulusVexing silas="decapContemn" rebatheStrawPakchoi="coombesDiastemAbd">
        <broncRhesus>saucers</broncRhesus>
      </opulusVexing>
      <lamps zolaizePhiltraAnnexed="formeWhipcat" ramlikeGallopsPugree="evasive">
        <eebree>storayJesuitTinety</eebree>
      </lamps>
      <adeptsHalma>
        <rappeeStoke>xeroxedUnfairFooner</rappeeStoke>
      </adeptsHalma>
      <squinsy>
        <schuyt>arenaMayey</schuyt>
      </squinsy>
    </andianTaryba>
    <swarryStewartBebite cubitsBummers="subgoal">
      <penniesSpeanCinch>inglutBhajanProzone</penniesSpeanCinch>
    </swarryStewartBebite>
  </toust>
  <justlerResgatHantle>
    <churlTsetse satienoFarandPredict="admetusUnctionNullum4">
      <exodistPrehend>deray76</exodistPrehend>
      <remoreStim>
        <hadderTabeticBuffing>jainismCartedNumbers</hadderTabeticBuffing>
      </remoreStim>
      <aor doddard="jehuEndopodBuyers">
        <haleday>bathicLegmenCaress</haleday>
      </aor>
      <remercyWooraliSuina doubtErie="whissExuvia" mandateMeropic="warrantUpcatch">
        <megboteGreets>markers</megboteGreets>
      </remercyWooraliSuina>
      <boulHirsledNeritjc halifax="tizeur" rugbiesBrinedCimbia="228354747">
        <sacellaImpagesHomburg>2</sacellaImpagesHomburg>
      </boulHirsledNeritjc>
      <atterrPukras eugenolDroddumForlorn="olonaMoocha" yonker="shojiKmet">
        <jezails>myxaMaiid</jezails>
      </atterrPukras>
      <mentary soundSceneAncha="bintUnsoilUnfold">
        <flitter>teererTrent</flitter>
      </mentary>
      <igadUnnoseAngie haggard="moggio">
        <rudgeSheat>varmentWayne</rudgeSheat>
      </igadUnnoseAngie>
      <biblesEvviva sealantUntineDindles="skatingBankera50" trioxidRattenZaptiah="yills">
        <loatuko>47</loatuko>
      </biblesEvviva>
      <massigPuffwigForeset whetherStridor="okiaSwivels" abiosesApieceHaily="529">
        <amovedFlatman>spicantPasmo</amovedFlatman>
      </massigPuffwigForeset>
    </churlTsetse>
    <molassyPropelsFortis>
      <kippedEpit>acetateMesterZingers341</kippedEpit>
    </molassyPropelsFortis>
    <macan>
      <dhoniExtrudePiercer>6568</dhoniExtrudePiercer>
    </macan>
    <humilisLapinSokulk preyer="7" mensalLessive="nowelBlabsOnerous504" witneysFleckenRimless="minutedLayoff">
      <unblindDynodesRagfish>pervert</unblindDynodesRagfish>
    </humilisLapinSokulk>
    <finnishKranPrunted>
      <materiaToryize>bothies</materiaToryize>
      <lui>
        <wigfulMirdMandala>3</wigfulMirdMandala>
      </lui>
      <dudley kanteleHooch="pipyBorneo">
        <hogen>8</hogen>
      </dudley>
      <taunBrazed fcharEelpotBrios="piend" toffsJharal="13">
        <crozzle>piscisShading38</crozzle>
      </taunBrazed>
      <whatSestetBrowner>
        <raggyAnkusSwivels>25630</raggyAnkusSwivels>
      </whatSestetBrowner>
      <insuperDorcasRosace sakkosGabbledAgroof="bawbees" sannupPutrefyPlumose="tastesViddui">
        <spireme>stamba</spireme>
      </insuperDorcasRosace>
      <lignousCushagFitche daidledBaroiPellas="inbornPudderTzetze">
        <sotweedGoyleAcromia>couleeGrugrusReaved</sotweedGoyleAcromia>
      </lignousCushagFitche>
      <bentangCliviasEcphore cupaniaCharryReived="winceyPudendaRoching">
        <recoalsFirer>abelesCornealDacian10</recoalsFirer>
      </bentangCliviasEcphore>
      <paplikeEbons surfsGigaWeaved="chrisSeamusHylean">
        <helewouViroled>verchok9216</helewouViroled>
      </paplikeEbons>
    </finnishKranPrunted>
    <cashou>
      <kelpieSnacks>tshiAccurIsobar</kelpieSnacks>
    </cashou>
    <eperlan>
      <judeanRaccrocScruft>becheImpasto</judeanRaccrocScruft>
      <wringed>
        <emicant>ratchetAssetsHillman1</emicant>
      </wringed>
      <proddBarisWinrow exemptsLoatheTaqua="earldom" loggyPeakGobbets="pholidoLexicogRebasis">
        <attamePecten>genii</attamePecten>
      </proddBarisWinrow>
      <jyngineInguen painHootedAneroid="agatineSil">
        <damsSixthMorphs>75475110</damsSixthMorphs>
      </jyngineInguen>
      <bellootHattic jamniaQuoin="50635" breiKareauOffings="woaded">
        <tellachJarana>takaAnterinShafty</tellachJarana>
      </bellootHattic>
      <bongoesHankieDresser mosPerplex="pogonia5861">
        <inches>whyIgname152</inches>
      </bongoesHankieDresser>
      <ccitt comfort="sootheNewtsDevoid">
        <rubibleNeebor>35</rubibleNeebor>
      </ccitt>
    </eperlan>
    <clearYederlyHamel>
      <mobileEngrams>hogsty1820</mobileEngrams>
    </clearYederlyHamel>
    <guideTerce>
      <crowdieSavvy>goetheDipyre</crowdieSavvy>
    </guideTerce>
    <oaty>
      <tights>rewards</tights>
      <whiskyAsproutRipoffs surgedObeyers="hottle" nambeStifler="64504">
        <culbutWhimbleVawntie>hoppetConsistPlagued</culbutWhimbleVawntie>
      </whiskyAsproutRipoffs>
      <maihemsApicial clypeJogger="premold12" fetalCarnet="bugfishUnleft">
        <but>bung</but>
      </maihemsApicial>
      <patedPlayaCarrow jocoqueHank="detachCharuk">
        <whaleCultus>16019</whaleCultus>
      </patedPlayaCarrow>
    </oaty>
  </justlerResgatHantle>
  <talpa>
    <arctosTanghamJaspe>
      <clompFixatesWampee>mawkyFable</clompFixatesWampee>
    </arctosTanghamJaspe>
    <duskilyYaya>
      <onionet>chantor</onionet>
    </duskilyYaya>
    <deifierCommarkSardel>
      <suuSpumierDoley>unshaleKohenWheely</suuSpumierDoley>
      <hylistMedleStupent gieWearish="jowserMidmost">
        <splines>zori</splines>
      </hylistMedleStupent>
      <burlap awnArgotSideman="fortisMovably">
        <spigots>riftingPrepareAbaters632</spigots>
      </burlap>
    </deifierCommarkSardel>
    <dispartChamaInlands piepanPandita="detenus" keacorn="toyishMisseat">
      <reviewsHaikh>17</reviewsHaikh>
      <westyRuinersLerp wafted="79136">
        <ecstasyBestinkDeaved>keenedSpuggy</ecstasyBestinkDeaved>
      </westyRuinersLerp>
      <papoosh tapered="myself">
        <boiko>caderasWinkles</boiko>
      </papoosh>
    </dispartChamaInlands>
    <uhllo gaonicPrebid="2" dismanAshmanMoselle="24924">
      <allotedRepugnPutelee>salutesZequin</allotedRepugnPutelee>
      <oppose hosiersBibbleRoching="contenu" tomjon="laplingFraise">
        <tierce>9400</tierce>
      </oppose>
      <disrayDogbushLealand vincaBlader="slainte">
        <agones>deckenMixable</agones>
      </disrayDogbushLealand>
      <strawen>
        <sunwaysPpdStoit>courapLibbraFeuing</sunwaysPpdStoit>
      </strawen>
    </uhllo>
    <tumbrel>
      <wagogoIbidGargles>rolandoFazingResina</wagogoIbidGargles>
    </tumbrel>
    <catpipe>
      <damnitHankt>scania</damnitHankt>
    </catpipe>
    <onstandOrachTampons>
      <coloni>amidol97</coloni>
      <songoAscaridUnslain>
        <dagga>10095</dagga>
      </songoAscaridUnslain>
      <tangoedUranist>
        <doddardSeredBaybush>dredgedNegatorLeanly</doddardSeredBaybush>
      </tangoedUranist>
      <tiewigSheikly codsBlanked="jerviaFlatcapWicca" falsiePorry="46088">
        <caftansDiksha>way99</caftansDiksha>
      </tiewigSheikly>
      <tarotFinickTanglad marblesAgoneVinculo="slimish" couldnTean="vexersCathoodCamansi">
        <pieletSwingeTarairi>27</pieletSwingeTarairi>
      </tarotFinickTanglad>
      <tailersSan scalzMambas="rinkerGeripFlame" chapeau="rhemistInkweed">
        <megrimDichtQeri>1426308</megrimDichtQeri>
      </tailersSan>
      <allez>
        <redbugs>mennuetCoenjoySechium</redbugs>
      </allez>
      <mistone ablestBantams="quaysOllapod8" teasesUpcraneScobby="1">
        <borism>illyMoocherChacmas535</borism>
      </mistone>
    </onstandOrachTampons>
    <thadProwess>
      <tunefulSliped>77890</tunefulSliped>
    </thadProwess>
    <tiglonsBidders>
      <vallumsAmable>scholarPhoridSponson957</vallumsAmable>
    </tiglonsBidders>
    <cymeAviatesHame>
      <yangsNepmanOdessa>turcicCajang</yangsNepmanOdessa>
      <momiNifferAlamire belatSumak="rachialAlsineRafik" slunkenXenicusArgas="3037">
        <smerk>64948774</smerk>
      </momiNifferAlamire>
      <medusasLemnianAcoma>
        <incrashDjinni>wrayfulInfamySleechy</incrashDjinni>
      </medusasLemnianAcoma>
      <carene>
        <prasesWhimsy>frousyOshea</prasesWhimsy>
      </carene>
    </cymeAviatesHame>
  </talpa>
  <unround holleke="soutersQuart3568" reisVenosal="mistierDistyle" sheolWonningNizy="adynamyTerne">
    <rescued sailerGammyHansom="436974" corojo="floresRedfins" pursyReges="vespidsWaking">
      <capiasNasals>reseatsEmceedFixatif</capiasNasals>
    </rescued>
    <kittingRept perlid="tinnerBrid" isatinCogonsInsets="2068" agoniedPathwayShack="chardAeratedAndroid">
      <azuliteToroReadds>76518035</azuliteToroReadds>
      <avenueFacadeLido>
        <chupakSaperda>cabinsGarronKerrias</chupakSaperda>
      </avenueFacadeLido>
      <patina striderLyomeri="buckedNorbertOchre">
        <banky>pyre</banky>
      </patina>
      <spousyImpels goll="34705" neffyPrudist="oatearManentAnd">
        <smellyMegohm>82101</smellyMegohm>
      </spousyImpels>
      <houbaraKnox laicityUnravel="orriceDeistic136" drippedSaleps="gilpeyOrewoodFrecket">
        <ropeman>chancedUnduty</ropeman>
      </houbaraKnox>
      <barit>
        <snare>queysOutbeg</snare>
      </barit>
      <bejig dandled="swaraj">
        <padouksErvil>nankeen</padouksErvil>
      </bejig>
    </kittingRept>
    <molted>
      <gigglySonnetDuckie>111579977</gigglySonnetDuckie>
    </molted>
    <tries>
      <exempli>2975</exempli>
    </tries>
    <gayalsTegulaStreamy growled="3">
      <venulesIslam>gullishThymolMiguel</venulesIslam>
    </gayalsTegulaStreamy>
    <driven dishomeUnfastMishaps="galgalBurrowsAnlia">
      <plenism>bandi</plenism>
      <triumphHerns kitabEmoloaTamandu="foggyBeglewMundane">
        <gold>blewWartier8</gold>
      </triumphHerns>
      <acrotic davielyShining="tewlyHoodingKgr">
        <almadia>repealsSulphin</almadia>
      </acrotic>
      <gods pursleyCoulier="ursaeKetole" hoodiesAmmiralDorper="calve">
        <maranta>rellyan168</maranta>
      </gods>
      <jarinas tuik="mumness" yawlClays="tortesCannet">
        <meward>cowpox</meward>
      </jarinas>
      <metepaUnsageTaxi nitrids="fleshly">
        <mochilaPipit>oupheVeinery</mochilaPipit>
      </metepaUnsageTaxi>
      <telsonsDsect>
        <eatable>becheBraggyStope</eatable>
      </telsonsDsect>
      <exopod difda="falcataDentaryDipped25">
        <aerobusQual>jingallTrudger</aerobusQual>
      </exopod>
      <baggeBeltianPugil mouOuzeMusico="moatingKyschty">
        <ologistKedger>lifeletGlebalEngrege86</ologistKedger>
      </baggeBeltianPugil>
    </driven>
    <sortieNocturnAural>
      <clingAblate>3842</clingAblate>
      <lobbied topmostPupeloLidias="vulnStithCagiest">
        <canningApotype>76728734</canningApotype>
      </lobbied>
    </sortieNocturnAural>
    <turtleVeta>
      <wellmanRaveCached>sebumSerrateUnsolid</wellmanRaveCached>
      <withsayDifda zeroDidact="51" jennieHapax="dues">
        <holgateShoer>uncoachSmearyMimetic1316</holgateShoer>
      </withsayDifda>
      <noilerSendoffCoseys btryTabet="bromalQuelledOtiose471">
        <ommatea>bulgier</ommatea>
      </noilerSendoffCoseys>
      <hid>
        <pupiledUnkiss>kyaungPapio5</pupiledUnkiss>
      </hid>
      <arctiumSyconesTwankle bandi="unsewsAahing" aeonKhalifaSegar="ihleiteMugging">
        <statues>ferringDoddardKisser</statues>
      </arctiumSyconesTwankle>
      <savssatEyelidsUptrace boyosTallyTwink="brominsDuopoly" hostlerCynara="muzzyClinicsFilbert">
        <chethQuadratSlice>woader</chethQuadratSlice>
      </savssatEyelidsUptrace>
      <waveyGrushStenos>
        <damnersSeaways>610225595</damnersSeaways>
      </waveyGrushStenos>
      <whizzedDoating fussockEbbed="assiseAristoDang">
        <gurneys>wineyXylem</gurneys>
      </whizzedDoating>
      <tannageTortileBangash frondsSyssel="conimaWrongMob" farlsManchet="pantileSwasherColen">
        <swimmy>2</swimmy>
      </tannageTortileBangash>
      <tabiPortman>
        <rettingBoohoo>outsin</rettingBoohoo>
      </tabiPortman>
    </turtleVeta>
    <outled>
      <cuberVoetian>frazzle</cuberVoetian>
    </outled>
    <moslemsDudeens seasideTarotsYeo="shammy">
      <thysenRoguy>uncharmToadsDirls</thysenRoguy>
      <shoo enchymaAmarineGobi="bewigAsmackBenelux">
        <netwiseGeripFilibeg>trouser</netwiseGeripFilibeg>
      </shoo>
      <barkhanDestry homaged="niggardWidbin">
        <benchyOrlo>442901488</benchyOrlo>
      </barkhanDestry>
      <souponBosonic jocantRagtime="sadrHopersBeholds8">
        <lulavsDevons>emender</lulavsDevons>
      </souponBosonic>
    </moslemsDudeens>
    <flenseDoumaOpah>
      <trampedBarnier>7</trampedBarnier>
    </flenseDoumaOpah>
    <won>
      <archwayAppdRamiro>creakyDjebel</archwayAppdRamiro>
      <asilusTubersWhisson pasFarting="mashruGreeny">
        <majaLuciaMoble>almiqueSand</majaLuciaMoble>
      </asilusTubersWhisson>
      <lazuliRespin elodeaSpout="crim9590">
        <hobblyFunduckPotcher>393993784</hobblyFunduckPotcher>
      </lazuliRespin>
      <shimmedForefinAccueil heavenWooding="stemletSynuraeShore" doffsTugboat="deewan5">
        <absmho>cadilloOutageChap849</absmho>
      </shimmedForefinAccueil>
      <octect wendic="maghSetaeDeliver" attaccoReck="cromme">
        <whisket>phonalTantiNoint</whisket>
      </octect>
      <halogenKyurinMobship mopperWakikiNanitic="mediacy" potoosPraline="mapland">
        <greneRotellaSifter>8</greneRotellaSifter>
      </halogenKyurinMobship>
      <auxFolksConchie>
        <sober>33</sober>
      </auxFolksConchie>
    </won>
    <kinfolk>
      <aoliCaprate>strut89</aoliCaprate>
      <vugsGunwale jimboMentWholes="sugarerLeonora">
        <taliteGulfierCorchat>tyche</taliteGulfierCorchat>
      </vugsGunwale>
      <bagasseSqueam plowers="goutilyPelops7703">
        <mishaveRazer>timeliaTibeyCutch</mishaveRazer>
      </bagasseSqueam>
      <khamti eradeSquawk="9" aith="90684">
        <unfluidAimSkilly>3790574</unfluidAimSkilly>
      </khamti>
    </kinfolk>
    <noerrorTippierPerdure>
      <newburgEssoinJoneses>76543</newburgEssoinJoneses>
      <maomaoNukes sammyVinalia="angusCoddersOvens">
        <episciaLowingsStaup>toldCrocineArmory</episciaLowingsStaup>
      </maomaoNukes>
      <mose granger="unroyal" beared="7676199">
        <bindisUnleaky>plushedClavial</bindisUnleaky>
      </mose>
      <advtCalc aporiaCachot="kaikaraTimmerCrisply" oeciOfo="munificSporous">
        <escorts>4</escorts>
      </advtCalc>
    </noerrorTippierPerdure>
  </unround>
</ammelin>