<?xml version="1.0"?>
<glisky>
  <defisMoheganOilfish laicBolide="preacts" velatedLilyfy="704651083" gouter="aldimin">
    <uppardAeriedLosers computePegboxMeminna="ellAegis" nainselSurah="befancyJorgeVoila" gorged="duality">
      <cogweelWhizzDiviner>bothros</cogweelWhizzDiviner>
      <westhamUntunes>
        <kullaniCarksExcept>diddledShrievePaopao</kullaniCarksExcept>
      </westhamUntunes>
      <meloids indiceGrutten="pitierHazingsOxazin3387">
        <gucki>aught</gucki>
      </meloids>
      <flytes dumkyScudsElfins="anisate" fourthPascola="beamily">
        <joshing>finishBeguin</joshing>
      </flytes>
    </uppardAeriedLosers>
    <yarerSinge oleaCafeCtenii="pones">
      <mannaConurusPoleax>yukeOatlikeClick</mannaConurusPoleax>
    </yarerSinge>
    <moyHoaxes placers="befame" humaMutts="montyGuides340" yelling="gistAdaiLongjaw364">
      <encasesOuttorn>2395</encasesOuttorn>
    </moyHoaxes>
    <planta veeColoner="2593" uncomfy="whoneNotrePyknics">
      <hyte>ropani6046</hyte>
    </planta>
    <plupLangleIndeed chirmed="pedeeUitotan" randomsMoyleAmps="remarkEnorm" pulviniPial="eluant">
      <furlana>10145514</furlana>
      <lingamsSoutherQuebec scenesUnpeg="bastJacobyWhen">
        <uplaTampersIlleism>riferPukeVenting</uplaTampersIlleism>
      </lingamsSoutherQuebec>
      <elater>
        <misdateGalesPothery>favoseYawpDeflex</misdateGalesPothery>
      </elater>
    </plupLangleIndeed>
    <akinete>
      <roriCurnie>669102</roriCurnie>
      <galways rynt="amygdalElains2567">
        <fumadoLaputaCooley>cannot</fumadoLaputaCooley>
      </galways>
      <vulvaSlammerCrusile spouterDints="resetsSilky">
        <vendisZosters>buglers</vendisZosters>
      </vulvaSlammerCrusile>
      <fogmen hapteneArroba="tundraAloinsSewers">
        <platoidStraticBestick>202196</platoidStraticBestick>
      </fogmen>
      <tauriSaponin>
        <cocaoMeltedJato>515939325</cocaoMeltedJato>
      </tauriSaponin>
      <amazingUndoped latPanne="despair" frizers="coalJubhahPein">
        <striftFasheryColleri>embainWham471</striftFasheryColleri>
      </amazingUndoped>
      <bahur yowlerJujuistBateaux="amentyPhononsAgaves">
        <feastsElysee>gonnaBotonnVidenda</feastsElysee>
      </bahur>
    </akinete>
  </defisMoheganOilfish>
  <lambeauMegassUpglide smaltos="7235" />
  <clinia entwistTeinder="snecksDagassa" benzalOgboni="flatusSubduce4" trymaDaffleSepias="hodgkinCtfPhoebe" rappee="664032049" />
  <latriasBrewerManaged aruiMangarFoeman="himmingCatlin" />
  <unbokelNarky bedfastGundeckDigitus="23">
    <junciteCandour decury="theyd" fugitAribineRemodel="xxivJee" libard="sclaffs78">
      <arcades>guarapo</arcades>
    </junciteCandour>
    <batwing>
      <intuseGabionUterine>lardryScrTantrum4322</intuseGabionUterine>
      <resatSworeNitrite cymlingRedyedTidying="oldenedReroof">
        <hirseRepone>nowtsConcha</hirseRepone>
      </resatSworeNitrite>
      <lowlier>
        <ironyWafery>spadixEngined</ironyWafery>
      </lowlier>
    </batwing>
    <unawedTiceChien>
      <aitisKantelaLif>camizeLikutaStooper</aitisKantelaLif>
    </unawedTiceChien>
    <britskaShoofly bichos="790612987">
      <crakingLangi>creeshAretes</crakingLangi>
      <jehovahAgistor>
        <outhitsShapeRopable>ruttierRefuterRoam</outhitsShapeRopable>
      </jehovahAgistor>
      <pontoSmiddy>
        <mossAlphylRetile>tubbist1</mossAlphylRetile>
      </pontoSmiddy>
      <aruke>
        <availer>knollMariti</availer>
      </aruke>
      <sherifsHotcha whinnyAffable="guabaNunciosAcetyl1" usedntBedaze="dyed">
        <kumanMacaronLev>jubhahsNitSayst</kumanMacaronLev>
      </sherifsHotcha>
      <wlatful trismicAtretic="103519100">
        <bruiseSulphinLaterad>clings</bruiseSulphinLaterad>
      </wlatful>
      <jumboCubitedPeised manzas="linages">
        <yangtzeObjure>stuntFreer</yangtzeObjure>
      </jumboCubitedPeised>
      <cahuyDoting tumeKwintraGater="959">
        <rebosoAtaiyalEying>escheve9</rebosoAtaiyalEying>
      </cahuyDoting>
      <horaceSamson querkenTicken="imbute">
        <gibedCotter>greeSiphonHoppers</gibedCotter>
      </horaceSamson>
    </britskaShoofly>
    <triakidTainte>
      <opossum>embainMedusasMedium</opossum>
    </triakidTainte>
    <clattyMermaidSauroid>
      <remaps>poniesCaddiceSwimy</remaps>
    </clattyMermaidSauroid>
    <ababuaGaits hieGageSusu="haggedWindily">
      <bebiteUndomedUlulate>flexionFeodsJackleg</bebiteUndomedUlulate>
    </ababuaGaits>
    <sabatonFightsGazebos>
      <shwa>daekonRestrip</shwa>
    </sabatonFightsGazebos>
    <breezy>
      <nifle>368976368</nifle>
      <thob>
        <berates>ungiantHillers</berates>
      </thob>
      <mosGrassBankmen aphizogTanker="brawlysWallie">
        <slabberSagaPolitei>15946047</slabberSagaPolitei>
      </mosGrassBankmen>
      <exultChorine>
        <chochosEmeutes>79643</chochosEmeutes>
      </exultChorine>
      <dillyYarrows cadransMaficTassago="dragsaw" enginChupakEnkraal="bebeast">
        <vagrantPecora>acylManqu</vagrantPecora>
      </dillyYarrows>
      <sistraAzole>
        <grissen>shiiteSty</grissen>
      </sistraAzole>
      <ephydraCalumet jahCoequalNarcose="townletChileanTussahs" dietersFumbledTurma="glopnen">
        <abbestNeorama>cantina</abbestNeorama>
      </ephydraCalumet>
      <foppingWarblesIglus gouTwinter="gangueBazoosDepucel" oraclesTuracouBerstel="danelawReticleAitch5">
        <woorali>woompReload175</woorali>
      </foppingWarblesIglus>
      <adaptPaluli abri="mushaCucumis" crosnesBeeware="15661040">
        <yezidi>anaxon20</yezidi>
      </adaptPaluli>
      <updartBragger teths="babbittScala69" tics="azimechEmended4">
        <belliedBurianPonica>983712858</belliedBurianPonica>
      </updartBragger>
    </breezy>
    <disard>
      <basellaStibbleTubeful>chielSizzles</basellaStibbleTubeful>
    </disard>
    <bubaleBouseYagnob jardeBocce="255879381" fertilePuceronTithal="cileryBeiges">
      <sadismsPairsItems>baumierYechsLaddies9</sadismsPairsItems>
      <mustsLimbed mendersOpiism="649858581">
        <phlorol>polledOrganumFaufel</phlorol>
      </mustsLimbed>
    </bubaleBouseYagnob>
    <mumming simularScalar="uberantWhickerSplodgy9493" mesasBabasuBeamage="boeSlur">
      <phalliTelomesSpasm>6416966</phalliTelomesSpasm>
    </mumming>
    <tippetWilgaSpeary princodPickersMaia="4" unguis="henterDeckedHoward">
      <gurnard>tibiad8985</gurnard>
      <sulka fibula="keisterWidegabChink">
        <egghotMoolvie>durainAlumenMalted</egghotMoolvie>
      </sulka>
      <boppers paeony="prewarmFilix">
        <segmentFlick>bawke</segmentFlick>
      </boppers>
    </tippetWilgaSpeary>
    <tsubaUnpacksGob>
      <televoxIsnad>bemuskLimnerAvar</televoxIsnad>
      <pactaAuresLignums deashGalileo="hoistSuldan">
        <ashesBpt>atrepsyAerier35</ashesBpt>
      </pactaAuresLignums>
      <magneto>
        <sixthetHateSamiri>softsAdjoinKybele6</sixthetHateSamiri>
      </magneto>
      <harbiRubidic agazXerox="jinksStrayedPalki" tibet="egglessEinkornAlfred">
        <sargo>riving</sargo>
      </harbiRubidic>
      <scripeeStethy>
        <getasUnsternDdt>hilaryUnakinDissave6959</getasUnsternDdt>
      </scripeeStethy>
      <simply burnous="fra">
        <misdoEnzoneLaney>smeuseTussler</misdoEnzoneLaney>
      </simply>
      <trouser caproyl="fash" morularRiotFarcin="mankinBlubbed65">
        <proteaBrandyCareful>foxfishCoacted</proteaBrandyCareful>
      </trouser>
      <prostoa shudder="woful">
        <iacchicLaniusRhesus>14</iacchicLaniusRhesus>
      </prostoa>
      <putzSpillsOppone>
        <justledBlest>weaky</justledBlest>
      </putzSpillsOppone>
      <amsathStibiumPapuans>
        <calicosTattoosRetort>chubsBendellFurled</calicosTattoosRetort>
      </amsathStibiumPapuans>
    </tsubaUnpacksGob>
  </unbokelNarky>
  <hazard mantledHorral="2403749" />
  <knucks>
    <verbids>
      <boldenLordoma>arriageDribbet</boldenLordoma>
    </verbids>
    <swill>
      <giarraHoondi>ablestJecoralSavvy2554</giarraHoondi>
      <stireRedware dinkierCrunch="6098748" peckierWaistedGuric="monadesPhononsServe">
        <epilenyRigors>569285416</epilenyRigors>
      </stireRedware>
    </swill>
  </knucks>
  <fridge vent="lieusAdd" sarsarTrinal="artus" daisied="amelandFraid">
    <cadjanRannWeirder cardia="3">
      <floatBahimaCriance>reno</floatBahimaCriance>
      <decd daytideRenamedKaruna="eperva" easesRupertPhanic="moosMethodNevadan">
        <mohel>anatolyLeesing</mohel>
      </decd>
      <tacanaMongstAvoided buttes="chastenLassu" buttons="khazenBegallsPhocoid19">
        <bldrLifeForthby>xylic3965</bldrLifeForthby>
      </tacanaMongstAvoided>
      <untumidDomicil bladDiakaActed="treillePipeage" contactSlimsyShame="spout">
        <mesianSeiningWedbed>idorganEnvyingBoogie</mesianSeiningWedbed>
      </untumidDomicil>
      <ladingWipedLegumin dampestShock="73785">
        <freath>guianan63</freath>
      </ladingWipedLegumin>
      <mizzlerSylviusHcf upcurlsThwiteBlume="helasHempRagtime">
        <funge>hustlerNoachic</funge>
      </mizzlerSylviusHcf>
      <reignerKarmaKlootch>
        <respellCraned>gorblin</respellCraned>
      </reignerKarmaKlootch>
      <tonicalGuns townsUnlivesHowffs="pectin">
        <tasset>bianchiOchymy</tasset>
      </tonicalGuns>
    </cadjanRannWeirder>
    <hool>
      <disodicTangy>chorti</disodicTangy>
    </hool>
    <ichuStrivy ventoy="photomUnwayed" degommeSpays="purpura" girasolHackees="464">
      <dapiferRedried>silkenFishes</dapiferRedried>
    </ichuStrivy>
    <obrize coho="baggit" ooooDocile="advectCheerly">
      <vadyDravite>gyrate</vadyDravite>
      <bcfMaranaoPouted cowpath="serriesCabalas">
        <erinnicBlote>castuli</erinnicBlote>
      </bcfMaranaoPouted>
      <saharic>
        <cortine>renuScyeBegulf</cortine>
      </saharic>
      <base hokerly="ferrousCrocheHurrahs">
        <luckyExplodeBludge>larchesEngold</luckyExplodeBludge>
      </base>
      <sisterSnowishRiever>
        <whimmyGrabbedScaler>akneeGulper8</whimmyGrabbedScaler>
      </sisterSnowishRiever>
      <fulcral jaguarsSacquesPrismed="zattare" xint="holiesStale">
        <alumnusNascanWhse>cavern</alumnusNascanWhse>
      </fulcral>
      <blair ironersButtedScarted="40763" quartinSpriedBelight="delfEnvined">
        <hematinQuerier>48</hematinQuerier>
      </blair>
      <pilaffsNashiraBetsey>
        <kokos>potbankBaud</kokos>
      </pilaffsNashiraBetsey>
      <gallupBesour>
        <chottAllod>danicPrismy</chottAllod>
      </gallupBesour>
    </obrize>
  </fridge>
</glisky>