<?xml version="1.0"?>
<repoussCorbeil>
  <warmish snirtleDibrachMelissa="siouanUncoilsTalcky" baldish="pisachiSomers">
    <respire>
      <drogh>lytta40</drogh>
      <salletHoinSmother>
        <mesobarAegerBite>intitleBasin219</mesobarAegerBite>
      </salletHoinSmother>
    </respire>
    <rotorsRandallHogpen soldadoEntallyWeiners="arachePulls" reamingCymae="onaRopesRemits" clarist="plexusArcanaSewers">
      <mokes>tinkledQuirted</mokes>
    </rotorsRandallHogpen>
    <bondFarmedNguyen>
      <bucculaRefont>frowl</bucculaRefont>
    </bondFarmedNguyen>
    <franksAspideAscarid>
      <ulu>shroudsAutumnsApes</ulu>
      <tanguin surahs="sfumatoRetainsJugful" tailorGreenthSpinose="mogulsEluateJervia">
        <goury>likableNolos</goury>
      </tanguin>
    </franksAspideAscarid>
    <spelled daylongGeoid="eringo83" manrent="lactolUnsureGlinted">
      <accruerUsurps>oaredConcn</accruerUsurps>
    </spelled>
    <pearletSawer>
      <screarFriskinKaas>procleiTroupesDassies</screarFriskinKaas>
      <reffingPalisBowled>
        <tovObscure>fishyMoidore</tovObscure>
      </reffingPalisBowled>
      <amarvelTesseraPosters>
        <royetCribbed>sneerTriolsOvenmen</royetCribbed>
      </amarvelTesseraPosters>
      <hearsesToxity>
        <brutageUnoily>strayedSashimi11</brutageUnoily>
      </hearsesToxity>
      <atiEnwrapt ceile="smirkleDoumStower5" statRotgutsPanicum="866">
        <shoughGracyGizzen>alumiumBaalishRosebay</shoughGracyGizzen>
      </atiEnwrapt>
      <revince jayhawk="kylikesNaibUlpanim">
        <gripSheas>577956</gripSheas>
      </revince>
      <byssin trangam="vomitoQuercic" dolphusSalat="tubage">
        <mantuanPsalms>carromKinot</mantuanPsalms>
      </byssin>
    </pearletSawer>
  </warmish>
  <helingAlaric expect="grewtAulical" autisms="ebrictyGalaticLazybed" teachesBifteck="droukanLobbers" wakedCityish="precoce" />
</repoussCorbeil>