<?xml version="1.0"?>
<playdayShored>
  <ballockThymusFeture blashyFishes="mofetteHunchesFlot" pholadReduit="najaUnshort" liltsEarlessQuetsch="703" branchy="883" />
  <hoyles mutedly="carpus" velaricEwingCarua="luffaMolestsBismuth" jasmoneTrabuco="bromian" />
  <fauvismNailsWrung hermaeHeelcapVinal="trawley">
    <tubaEnv>
      <thulia>colola</thulia>
    </tubaEnv>
    <tuqueDoater>
      <ahypniaCatalosScomm>elegistPaintyQuoits6278</ahypniaCatalosScomm>
    </tuqueDoater>
  </fauvismNailsWrung>
  <deiform />
  <aiawongNail babism="squizIsobarDeddy" hobbies="spickGuesses">
    <unrued>
      <antic>91</antic>
    </unrued>
    <dioxaneUndiesPangamy sapekKoroa="737464631">
      <limpkinKellia>3033870</limpkinKellia>
      <ignoreDummied>
        <giddy>upridHaitsaiEvicts</giddy>
      </ignoreDummied>
    </dioxaneUndiesPangamy>
    <eyesome>
      <zinkyMenfra>araiseAlfiona</zinkyMenfra>
    </eyesome>
    <pepsine branchy="hindSubsoil" noumenaBeday="parnas">
      <weepingSpaemanBandel>mosgu24</weepingSpaemanBandel>
      <doven chuter="knaveMentery3983" shaviesQuokkaSalutes="gruisObeism">
        <ursa>4671765</ursa>
      </doven>
      <planerCangyUnflesh>
        <chupakUrinaryImpone>chacPane</chupakUrinaryImpone>
      </planerCangyUnflesh>
      <wandInradii>
        <tangueSeisins>52456809</tangueSeisins>
      </wandInradii>
      <broadlyMeachCompony fec="suitesBurse" oilerMates="nielsenBathMeccas">
        <flutinaBegeck>mawger</flutinaBegeck>
      </broadlyMeachCompony>
    </pepsine>
    <gypsiesHypatonKmole>
      <joieDeraign>carHaen</joieDeraign>
      <spraintFrumety femmes="neatens" sultana="foppish">
        <otioseAbaue>usitateJoypop</otioseAbaue>
      </spraintFrumety>
      <ducatus siamese="camionRowdy">
        <shaikhi>nutriaBegadRelieve1</shaikhi>
      </ducatus>
      <maungeLazesDiety>
        <cystalReunePorion>zenu</cystalReunePorion>
      </maungeLazesDiety>
      <pasteupCloveryPursued ropyLyssasPollet="124717" italaDickiesPutidly="3978">
        <piscisExpugn>ropable</piscisExpugn>
      </pasteupCloveryPursued>
      <curbash servusTruckieCrudle="curiumRenvoi">
        <salleAlkanet>rhonchiBurn</salleAlkanet>
      </curbash>
      <carkWeft parlBurbushDislimb="ypocras">
        <aurene>gong26</aurene>
      </carkWeft>
    </gypsiesHypatonKmole>
    <charesFolkseyDomino>
      <paucifyDomifySelenic>luetic</paucifyDomifySelenic>
      <detin>
        <roans>cabmenBobbieTazzas</roans>
      </detin>
      <fratryTorrent passage="cruelerProsers" comarumDelfs="wanganBatfowlCracket">
        <ahunt>grivetsBlends535</ahunt>
      </fratryTorrent>
      <smokeryOariumSpeers gardeny="fossKolackyMusang">
        <dogwoodByronicRyal>spelter</dogwoodByronicRyal>
      </smokeryOariumSpeers>
      <unrovedFeversEscalan zonally="spatheGyvedTifter">
        <tetty>gloverSkatist5752</tetty>
      </unrovedFeversEscalan>
      <submain portlet="thens" slumped="vitrailNephria">
        <kiowan>valuateMoton</kiowan>
      </submain>
      <galeasMegaera achuasTholoi="awm262">
        <yell>sparidsOdoured</yell>
      </galeasMegaera>
      <whuffle>
        <penney>indexedPorcate</penney>
      </whuffle>
      <angamiClourCrusta>
        <allayUrocystArming>41</allayUrocystArming>
      </angamiClourCrusta>
    </charesFolkseyDomino>
    <tergite>
      <wearied>planetMna</wearied>
    </tergite>
    <meqInfect>
      <obfirmImbuesSerene>hagglyTriflet</obfirmImbuesSerene>
    </meqInfect>
    <thoricBioliteHoars>
      <ficinsBromide>booniesHumbuzzRamenta</ficinsBromide>
      <yolkierPhoroneEyren refait="emusCollaudPotto" canaledAudianWinsome="kpc">
        <attacheAbraxas>potusUnspied8143</attacheAbraxas>
      </yolkierPhoroneEyren>
      <tiffsDilker zosteraPolder="suiting" pebanFobsKente="maidishSonoresGawker">
        <rarietyCaperedDruith>weansOwlery</rarietyCaperedDruith>
      </tiffsDilker>
      <hayMinaretDeworms lootsNarrasPreying="5">
        <deweyRixy>cuchia461</deweyRixy>
      </hayMinaretDeworms>
    </thoricBioliteHoars>
    <gulaeHasan>
      <ilicic>427671</ilicic>
      <pail>
        <proberDryadicFolia>38</proberDryadicFolia>
      </pail>
      <kyurin dargueStodges="biggyEntoticTankie">
        <sunroom>emydianPunletLadler</sunroom>
      </kyurin>
    </gulaeHasan>
    <fluxiveKiverMummer>
      <amaniaDoughtyGillies>bromianKozoCymae4965</amaniaDoughtyGillies>
      <outwitsTurfage yananTachismAweing="stertFakerGrouped">
        <andMadoqua>preserAnticsCuvee363</andMadoqua>
      </outwitsTurfage>
      <orchenMaytenCopps butyrylSpiksTimar="sliceMusselsHandcar">
        <pica>cutsOptimaCurlew</pica>
      </orchenMaytenCopps>
      <gaubySatinetUnduped olefine="392" qually="katydid">
        <changaRehearNappers>gulled</changaRehearNappers>
      </gaubySatinetUnduped>
      <yogaJarinaMorbus diphasePyknics="queansPhotalAlmondy" facingOquassaTervee="sighAnds">
        <uppropsSagest>gabbier</uppropsSagest>
      </yogaJarinaMorbus>
      <basingGested>
        <onces>periwig</onces>
      </basingGested>
      <ejectUnholdBreaded whirlSornedLeve="padroniCollut">
        <medio>pigeonGlary350</medio>
      </ejectUnholdBreaded>
      <bloomyRosserNanigo wegaPeroneDukhn="albedo" musion="swatow">
        <stowerAlice>wangerDoodahAssents50</stowerAlice>
      </bloomyRosserNanigo>
      <pockingCronishEstral>
        <bamRabinet>entone</bamRabinet>
      </pockingCronishEstral>
    </fluxiveKiverMummer>
    <protyl>
      <kirstyDivots>vernalBarlow</kirstyDivots>
    </protyl>
    <macaberAxe>
      <summa>lychee</summa>
    </macaberAxe>
  </aiawongNail>
  <wyverns />
  <inyokeCunners nimietyViremia="53665" jeromePardonScented="satangsTummer" habitusProvant="577058072">
    <student>
      <agraniaEmmiesSwith>chkfile</agraniaEmmiesSwith>
    </student>
    <ovularyPartakeMismosh poliosAworth="dightsAnneal7305" gillingTasted="5" mauristKedjaveAirless="aetGuaican">
      <killing>buboDedit201</killing>
    </ovularyPartakeMismosh>
    <dishragGpm>
      <goujayMoron>hearersMinimsWaling</goujayMoron>
    </dishragGpm>
    <pruneKiddoUnsharp>
      <hyphaMisfireEmbrail>triposUnasked</hyphaMisfireEmbrail>
    </pruneKiddoUnsharp>
    <besigh>
      <boloismTactiveGeysers>11782</boloismTactiveGeysers>
    </besigh>
    <ischarJarret>
      <snivelyUnifaceLogier>crwth</snivelyUnifaceLogier>
    </ischarJarret>
    <naetherLettic braysFurze="231748429" mousees="unlived" goopy="twatGentileAmanda">
      <cecitis>22533</cecitis>
    </naetherLettic>
    <oswald>
      <positPerdu>7</positPerdu>
    </oswald>
    <covers>
      <meshSkeen>crusca</meshSkeen>
    </covers>
    <shluSoled>
      <metremeWadmealPoilu>trekkerArtless</metremeWadmealPoilu>
      <imperil blautokSulkers="hoodiesKrasOutness157" leadoff="9">
        <amidonKonguCoarb>31000</amidonKonguCoarb>
      </imperil>
    </shluSoled>
    <esesAcnodal>
      <lowboys>upperchDumdumsWilders</lowboys>
      <dagsVirales>
        <dowsetsSheitel>jatoFarcist</dowsetsSheitel>
      </dagsVirales>
      <shifted>
        <tignumPadraig>guzulCroslet</tignumPadraig>
      </shifted>
      <ekphoryCougar tricotsMalakin="albireoFrats1">
        <almoseWatapsSummae>unhasteFixgigMaux</almoseWatapsSummae>
      </ekphoryCougar>
      <kibbehTurtur color="2508" alularEgad="ortho">
        <glassLappageTilts>marsAeolicTersest</glassLappageTilts>
      </kibbehTurtur>
      <precoceDourlyCodecs>
        <ramateUnspinCubbish>kwapaDinglyInfanta</ramateUnspinCubbish>
      </precoceDourlyCodecs>
      <waifing rumanStabledCancion="seepedCarneyEpopee">
        <inklesShaka>tapholeCodicilArmhole</inklesShaka>
      </waifing>
    </esesAcnodal>
    <mamelon>
      <mittenCasette>saintsWristsTropary</mittenCasette>
      <avania baccharPuttan="archgod" preedTearletQuester="saturaGrideHogfish">
        <skurryCaptainCreaze>curdingWastersBoombox</skurryCaptainCreaze>
      </avania>
    </mamelon>
    <cutoutsGastral>
      <promo>haventCraned</promo>
      <simpaiPisoteUnspeak>
        <adriftBraves>2907292</adriftBraves>
      </simpaiPisoteUnspeak>
      <eyebrow oaricDoomedMildful="789068574" forests="76">
        <setterKeckleEcthyma>endivesMyoxine</setterKeckleEcthyma>
      </eyebrow>
      <dilatorDanglesAllowed orphansBrughBlether="obb" rablinStupefy="filiate">
        <veldtDamans>96470</veldtDamans>
      </dilatorDanglesAllowed>
      <liamba podargePickee="reflateWadmollGibes">
        <yawingBasidiaCummin>earnie</yawingBasidiaCummin>
      </liamba>
    </cutoutsGastral>
    <stichicCuraresLood>
      <tenible>hounceLiveryYallaer</tenible>
      <outbuyLoganMiniken sniteSlewth="osculumBirlieChukor">
        <pandForheedUnlaw>25383</pandForheedUnlaw>
      </outbuyLoganMiniken>
      <sharifShaupArroyo krishnaApplesCorsos="vassalsFrounce4213" jacker="noxiousSpielLowsest">
        <grubbyExpose>lokiecEspec</grubbyExpose>
      </sharifShaupArroyo>
      <axoidSizingNonylic gabiCoseys="maraisCelesteClinal" pissing="tubifer64">
        <accrueAgasMower>parriedRichens</accrueAgasMower>
      </axoidSizingNonylic>
      <cattyIndole>
        <furringCanner>vousterPinon</furringCanner>
      </cattyIndole>
    </stichicCuraresLood>
  </inyokeCunners>
  <hayed protea="buckeye">
    <flashes phasedFaddier="5" hookedRestedDietal="gnetumsJudaist70" gabonResidua="ruddiedFueler7">
      <kuarAuxToising>calloutWetlyPubian</kuarAuxToising>
    </flashes>
    <pistils>
      <keeledBellisEmeline>loulu</keeledBellisEmeline>
    </pistils>
    <trustedOubliet>
      <prests>subwar</prests>
      <khayal>
        <recurveAye>nixesNibs</recurveAye>
      </khayal>
    </trustedOubliet>
    <lescheJundie>
      <clewedSoleil>zlotys</clewedSoleil>
      <cabobs>
        <mavensPiscian>licorne</mavensPiscian>
      </cabobs>
      <greyishKnackedTauting sintocChienGroma="zazensPlaneta" warefulTabiEwers="moonletSluer40">
        <lazying>pappies</lazying>
      </greyishKnackedTauting>
    </lescheJundie>
    <zocaloRammass hyoidesNicky="verruca729" potgut="chalazeBeloved" bariumsCanners="palette739">
      <hypingOsteal>spattleWormilFozier</hypingOsteal>
      <casinaChemismBakshis tisicChassesPtinid="counterGeorgieHerile">
        <boatmanJoseph>ciwiesAnesisPointel</boatmanJoseph>
      </casinaChemismBakshis>
      <poromaLoment oxamid="299963981" selfed="brawBunnell">
        <fennel>abusersAnnealQuashed</fennel>
      </poromaLoment>
      <excidedWhiss>
        <isoln>waddies</isoln>
      </excidedWhiss>
      <foleWoohooThrip getupBushletTigtag="stichoi" piingGlycinTreacle="alternLief">
        <unshiftToricOthmany>trouvre</unshiftToricOthmany>
      </foleWoohooThrip>
      <tharBahistiSubarea buffinPresetsAttars="15" comfortPierce="girliesRevisal">
        <sketchRetableGuising>acridyl</sketchRetableGuising>
      </tharBahistiSubarea>
    </zocaloRammass>
    <samnaniHammily>
      <morularCozzesDictums>boggledFineish</morularCozzesDictums>
    </samnaniHammily>
    <annuletDarrenTopog>
      <aboundsCoulterZain>budgeroShelved</aboundsCoulterZain>
      <holpMidis filmetStropsTampa="547019037">
        <connexMandeFizzers>fugsQuashee95</connexMandeFizzers>
      </holpMidis>
      <visto>
        <toylandDaseweBenches>ergotsMillyGil</toylandDaseweBenches>
      </visto>
      <meta bringalLabretQuerns="draftee" cruzadoTaotaiReroll="fulmar4">
        <rohillaGoranMuso>griph</rohillaGoranMuso>
      </meta>
      <balletsFregataPuerman gley="gibboseEvzones" leaptKianganDagos="kurungModusOphian">
        <whapukaSestineDeedily>affair</whapukaSestineDeedily>
      </balletsFregataPuerman>
      <boasLatchetPandies>
        <hair>phenose</hair>
      </boasLatchetPandies>
    </annuletDarrenTopog>
    <acriderUnfazedKodak>
      <palminNoggenGurle>edition652</palminNoggenGurle>
    </acriderUnfazedKodak>
  </hayed>
</playdayShored>