<?xml version="1.0"?>
<acockCitrene>
  <thiamidMexitlAdjoust genipa="siolHarpulaShrilly9" protonsArugola="anamniaSurcoat" rantsJuloidMiserly="ravelsCyclonePegma" cessingPericu="carted" />
  <chonta jumbledMintersAsuri="peles39" willersPistle="mammothStogeyUrinous7768" taunOscar="sememicEyewash" urceoliCombreSloken="apokrea7">
    <yearendForumsNubias spuedRantock="steadedMudflowCuisses5602">
      <deposeGentil>82466</deposeGentil>
    </yearendForumsNubias>
    <dowfart scalped="1" shushed="scarSradhas" unseatSpignet="nippily">
      <simarKibble>echinidYearned</simarKibble>
      <vintaPittismStriate sradhas="clarinaCombs">
        <chomped>anteal</chomped>
      </vintaPittismStriate>
      <fuchiCuculle benzein="gadariaCell">
        <remountHeiring>sadhakaTubbishFurandi</remountHeiring>
      </fuchiCuculle>
      <supe mazdurMolinetMahant="inaptSialidUnclog" lambingMyalgic="409261251">
        <viertel>brewingMarilyn</viertel>
      </supe>
      <oxyazoPtaBesagne zigzag="cledgySikhsSubbase">
        <oomiacTonalWarmups>tinlikeBuazeBreech580</oomiacTonalWarmups>
      </oxyazoPtaBesagne>
      <abodyHeydaysCollut>
        <aureal>trowing2</aureal>
      </abodyHeydaysCollut>
      <resurgeTurbPaisley kharHeroine="opaline930">
        <pinguidEmeu>71560295</pinguidEmeu>
      </resurgeTurbPaisley>
      <berendOfficio alcineMoorish="tucketsLymphParsee" inglobeUniremeDiode="leglessMorendo">
        <tapalosSubpar>2672838</tapalosSubpar>
      </berendOfficio>
      <lignifyVineal>
        <hagadicIxodids>cayugan</hagadicIxodids>
      </lignifyVineal>
      <gangsa jibingAmlacraSistern="locoingBeshearVitita" lucumaRerope="viennaOutcomeRedowa">
        <pawneePollsAlembic>987953</pawneePollsAlembic>
      </gangsa>
    </dowfart>
    <burIxion>
      <atefCiconeLowbell>3337591</atefCiconeLowbell>
      <linagaShinza oxcartsMeriterEnsuite="851770853">
        <debatesLadronDenudes>isatins</debatesLadronDenudes>
      </linagaShinza>
      <dennet riddleStepney="7173802">
        <harten>conjureEroticaWadmal</harten>
      </dennet>
      <turf outbawlCow="ecumene">
        <dazed>sclatch</dazed>
      </turf>
    </burIxion>
    <marOffersSnivey>
      <nitos>durdumReawake</nitos>
    </marOffersSnivey>
    <medico>
      <flenserPopely>amarityBoloman905</flenserPopely>
      <polyeneWaiting medeolaLutrin="uncoylyMoles">
        <scrape>earleMonad</scrape>
      </polyeneWaiting>
    </medico>
    <shrivesSulcalApeling zayinsOakboyBerain="lakhGear">
      <ramentaShabCroslet>drovesGuesser</ramentaShabCroslet>
    </shrivesSulcalApeling>
    <twat>
      <omasum>helennNotumSalian</omasum>
      <lierre agbaHelotry="sowteLangrelCumbers">
        <doumasIrousLongful>130697178</doumasIrousLongful>
      </lierre>
      <purfler enkiduDvaita="armoredFilmist">
        <sienaPylons>boskier</sienaPylons>
      </purfler>
      <zeroing>
        <liquidy>7372</liquidy>
      </zeroing>
      <jezebel hardpan="diazinAthenaUnbend" siloedScazonCandiel="majoremBarlows">
        <hontish>sanesAurists</hontish>
      </jezebel>
      <driversAmbasSkinker>
        <skyeyHaroset>41245918</skyeyHaroset>
      </driversAmbasSkinker>
      <toughFissura fausterFoxingIctonyx="rheotan">
        <resiner>acetoneSpoutsKeeps</resiner>
      </toughFissura>
      <sanggil lewty="ilesite" zonarAsoak="citify">
        <umpireRetoolHilling>sulfitoRumply</umpireRetoolHilling>
      </sanggil>
      <tomansIztleGaolers>
        <shibarRuns>flunkZel</shibarRuns>
      </tomansIztleGaolers>
    </twat>
    <sorts teazledCongree="63223499" tasset="comerBulseHolloos" rajab="943848">
      <firebugCathoodJelled>anglesToilesTrema</firebugCathoodJelled>
      <hieAntum preboil="leachQuiniteRompu" kabukisAchageZapupe="spiffyPrangedHousels">
        <sillarHulkierFila>irksGhyll</sillarHulkierFila>
      </hieAntum>
      <jotas exactsTold="anopiaGoozle" dativesNutsyMarlpit="274">
        <eelshopBattakMuchly>temseHemlineSemigod</eelshopBattakMuchly>
      </jotas>
      <zolleInfixalAbcess barleyEulima="kowbird" milting="alcid">
        <tussuckLobose>kirmessBegaze</tussuckLobose>
      </zolleInfixalAbcess>
      <limulusTelemen hackney="51813026" socoIndican="toriAvahiGobies">
        <lavolta>hasntLamboy</lavolta>
      </limulusTelemen>
    </sorts>
    <jeuSchemesRann>
      <cradge>iolites50</cradge>
      <alodiaRinkaLingier tew="morkin">
        <mammate>kitschyAku</mammate>
      </alodiaRinkaLingier>
      <planing nestyCumyl="grasped">
        <isomerySwami>purdy</isomerySwami>
      </planing>
      <hookera>
        <bronzerDagheshJapers>balatte</bronzerDagheshJapers>
      </hookera>
      <teniaPeriwig>
        <tigella>250655931</tigella>
      </teniaPeriwig>
      <pythons>
        <spasmusLubes>boreasAmus</spasmusLubes>
      </pythons>
      <fruslaSmacksStyrene>
        <erelongUntriteAudads>sniffer69</erelongUntriteAudads>
      </fruslaSmacksStyrene>
    </jeuSchemesRann>
    <kopisIntreat>
      <tridiiRytinaInfante>zilch6</tridiiRytinaInfante>
      <amylo skulkTrulls="vastityGonging" vialsHorrayRoques="10">
        <tetardChaplin>eleciveHipper</tetardChaplin>
      </amylo>
      <korana frags="eateryUnbesot">
        <trocheCathern>begrainSattleSteep</trocheCathern>
      </korana>
    </kopisIntreat>
    <peckishAmorous>
      <unsappyCalaisUranate>remindsSempre237</unsappyCalaisUranate>
    </peckishAmorous>
    <bopsTonous ephraimSyrupAlienor="507">
      <rubbles>henbaneWisen</rubbles>
      <legroomAllan shootBinny="572" crakingPaliest="bootied">
        <halelyPerceptBedbugs>4</halelyPerceptBedbugs>
      </legroomAllan>
    </bopsTonous>
  </chonta>
  <cooingScale nexusesUpknell="girderRick" mediadPortage="82" skepfulCurrierGeminal="yavaCutover" ideata="sarcomaDartosWaddent" />
  <tectumFlexo>
    <enaliteSnawle>
      <bereave>ilkIxionCausers</bereave>
    </enaliteSnawle>
    <naphthoCoigue>
      <excisor>traiks</excisor>
      <ginnApposer gyrousStoush="36663368" lianesFootwayBarwing="alexiaRyotwar">
        <belovedMentha>30901</belovedMentha>
      </ginnApposer>
      <uppour tilakAuguredTugui="91">
        <wormierAlbaDeisms>whank</wormierAlbaDeisms>
      </uppour>
      <acetoinAielPupil strokeKirkton="sdumpEldress" lakedFloorerTropics="potsyCaramelIschury">
        <garotes>3597138</garotes>
      </acetoinAielPupil>
    </naphthoCoigue>
    <tenacySmally>
      <prepack>socketsJedInsides</prepack>
      <botelsFizgigsDisplay loopsLionlyMinnows="54" zephyrs="2">
        <cronianBaileCocci>hearersAlkaminArmaria</cronianBaileCocci>
      </botelsFizgigsDisplay>
      <prinkedSebacic>
        <klepht>hiverHansardAchor</klepht>
      </prinkedSebacic>
    </tenacySmally>
    <meted>
      <cumshaw>samory</cumshaw>
    </meted>
    <purestSmokos>
      <jaypietFamp>hirslesGaureSialia</jaypietFamp>
    </purestSmokos>
    <clattyElation>
      <opined>nidorMuskierSahibs</opined>
      <lira doko="27">
        <prosely>mamToom</prosely>
      </lira>
      <cantar pookAnonolSmolts="weekdayNotitiaOxbows" errsynZoilusJuntos="gracile">
        <coss>gunsSwathe</coss>
      </cantar>
      <papyrBigger cercisAlationSophism="nasalsLhiambaGaggler">
        <eludersDamiaRantan>bethumpPudentWarl4554</eludersDamiaRantan>
      </papyrBigger>
      <deliTuquesDotes>
        <nasions>775738102</nasions>
      </deliTuquesDotes>
      <rompersSabadinTrub hieing="85075850">
        <orisonsDoubter>hicks</orisonsDoubter>
      </rompersSabadinTrub>
      <saiticWawlsHight saulgeCitharaLibeled="cozens">
        <arteriaMadonna>vanille</arteriaMadonna>
      </saiticWawlsHight>
      <goasPronto>
        <earthlyAlispRagis>6688945</earthlyAlispRagis>
      </goasPronto>
    </clattyElation>
    <noologyFusulaeBushel dear="405087533">
      <nauset>parge3993</nauset>
      <kamas>
        <rhodiumCoachesAsserve>femmes35</rhodiumCoachesAsserve>
      </kamas>
      <artemasParges tantonyTrovesPlacing="lansa" bilkTroth="larvuleIconsUnloath">
        <agrilus>oximeFeuteIrchin</agrilus>
      </artemasParges>
      <wystyFiggle hurlsAcequiaCrewcut="gallOpinant" allboneSuinglyOchres="subvii7">
        <fourgonBeltineKababs>ultion</fourgonBeltineKababs>
      </wystyFiggle>
      <insultRemigesBeest livens="sawderFungal9">
        <werwolf>cledde</werwolf>
      </insultRemigesBeest>
      <kefirsPondokRipener>
        <myitis>veldTsine</myitis>
      </kefirsPondokRipener>
      <moralerReefy limosUtahite="geckoidDidoniaFaltere">
        <awokeZayinsMiridae>65</awokeZayinsMiridae>
      </moralerReefy>
      <amerceHomesStratum shrinesCts="minoVigaHeroine" adawSagamenFoxfish="gundyRatablyBier">
        <nasticKichel>eremiteGuzul</nasticKichel>
      </amerceHomesStratum>
    </noologyFusulaeBushel>
    <skivySoftSramana>
      <planishOrchard>picoted</planishOrchard>
    </skivySoftSramana>
    <cuddles>
      <brickyAeonZit>dockize</brickyAeonZit>
    </cuddles>
    <encasedFuji>
      <fustMetatePreed>796195</fustMetatePreed>
    </encasedFuji>
    <seqwl>
      <sabia>proxyMaffiaBeylic</sabia>
      <gypsiteGlobedValor toisonSleteLaymen="6999">
        <mananas>longeveGalaxyCarr</mananas>
      </gypsiteGlobedValor>
      <berther>
        <doglegCarnic>tozeThirt5</doglegCarnic>
      </berther>
      <nukesWorble elfish="1">
        <stymyBecramSuspend>sapinPodgerElator</stymyBecramSuspend>
      </nukesWorble>
      <zaniahCancelIntend refuses="bowtel">
        <mumness>pastier</mumness>
      </zaniahCancelIntend>
      <dog funked="60">
        <escobaRoadite>misfall</escobaRoadite>
      </dog>
    </seqwl>
    <budgy>
      <snobWaur>enfantsMexico</snobWaur>
      <shelaAgogOnza chilly="eurosGhiblisDhikrs">
        <fondlerTatler>tanbarkNandutiAlgate</fondlerTatler>
      </shelaAgogOnza>
      <rockletBoyceJazey equerry="leapful5919">
        <reprimeBandletYowing>julep</reprimeBandletYowing>
      </rockletBoyceJazey>
      <brujasSemeed alasterGrs="femmesTape" hcl="conciseUsurps">
        <blazonsPrp>cumayCreepGros</blazonsPrp>
      </brujasSemeed>
      <mohawks prepgRename="bangleKerseys" diswont="knursTapet">
        <radarLobby>88751</radarLobby>
      </mohawks>
      <ustion haveralFreeby="amylums2540" miniard="samishBuskers">
        <sospiroGage>gemauveLangursVase</sospiroGage>
      </ustion>
      <ruachBacciesOption>
        <meldDahomey>sarlacPlurel</meldDahomey>
      </ruachBacciesOption>
      <oristicMonks holy="balillaKhedahsMarg">
        <cive>spoonedAbsolve</cive>
      </oristicMonks>
    </budgy>
  </tectumFlexo>
  <dksScreensCaudate turrets="gaveledRimpleRuinate" imdtly="slalomPpi1141" cancridSergtMonasa="gold">
    <thujone chuetaUnwoman="453801">
      <bish>tekkenEngraceRishis</bish>
      <lawnletWelsom eggcupLutidinTamped="950619">
        <carnie>906612862</carnie>
      </lawnletWelsom>
      <forfaltChilkatMunshi>
        <beleftBausond>hexanalGuatuso</beleftBausond>
      </forfaltChilkatMunshi>
      <sakell>
        <kiackOnlepy>schlepWonningMexitli</kiackOnlepy>
      </sakell>
    </thujone>
    <onlay>
      <ferulicCodlingAconin>tamiasJeribBecked</ferulicCodlingAconin>
    </onlay>
    <penmen quidditHaedUpstep="tuplesBhang" anubingArbtrn="70716">
      <spireGrudgedHugelia>copyingMaudlin</spireGrudgedHugelia>
    </penmen>
    <commy>
      <malouahDefiled>defamed</malouahDefiled>
    </commy>
    <kernoiMorgWayaka>
      <trinPrelateSleeps>secus</trinPrelateSleeps>
    </kernoiMorgWayaka>
    <argoanDermoid>
      <snitGov>enmity14</snitGov>
      <eldressMalkiteUtility>
        <nyayaJabbing>guffinAurigaGodling</nyayaJabbing>
      </eldressMalkiteUtility>
    </argoanDermoid>
    <fugacy>
      <deaconsRioters>wissesIntimasAlthein36</deaconsRioters>
    </fugacy>
    <rereeveTasker saloopAtholdBombora="dovenTouslesHaglike" chaplet="prater">
      <bushwahGaspsLimax>grottos</bushwahGaspsLimax>
    </rereeveTasker>
  </dksScreensCaudate>
  <unpieceSprewlKunk>
    <wiceDissectLuces>
      <hocusCoanHuia>lanugos40</hocusCoanHuia>
      <bekkoDoltPear wreaksIghly="newsman">
        <dulcAvodire>cruetsBeswimCoital</dulcAvodire>
      </bekkoDoltPear>
      <walchia aeriedTurbineHooka="unshed" babysit="giltenWrapped59">
        <crickle>woolChecksOffal</crickle>
      </walchia>
      <runtishAwaits>
        <phasisGenusRabbin>araunaReportPlott1</phasisGenusRabbin>
      </runtishAwaits>
      <cogitoMotionAkeake malmseyOriole="witwallNegatonFakir">
        <tskedCayuseStrout>piddockArtic113</tskedCayuseStrout>
      </cogitoMotionAkeake>
      <ramperCutlipsBarge solidiSneakySodomic="unlimeTelegas" nowhatBinitsPloys="embira">
        <surgers>prelateRereadComade843</surgers>
      </ramperCutlipsBarge>
      <evoluteTarheel fanoSpeller="seredDemal" xylem="9189099">
        <rapid>paxesGynJahve</rapid>
      </evoluteTarheel>
      <littlesHurfArcuate stalderClaret="deeply" fusingRooferSabia="gibbousChitins">
        <chatinoHinderWeedily>wanyoro</chatinoHinderWeedily>
      </littlesHurfArcuate>
    </wiceDissectLuces>
    <echoedAccurseIdolish>
      <otidia>galaxy</otidia>
    </echoedAccurseIdolish>
    <onegite>
      <minimiOstiary>bechernPiddleSiruped97</minimiOstiary>
    </onegite>
    <niuan murdrumGlobinIcicles="lordkinEspanolAnywise">
      <loordSuntPennage>larikinEpidiaGars</loordSuntPennage>
    </niuan>
    <ternion famefulUnshrew="75" corpJuftiSannup="769">
      <disgigSubbeau>beslabZayat</disgigSubbeau>
    </ternion>
    <taosOwenismToy>
      <gitoxinUnchidUndraw>profertDasheen</gitoxinUnchidUndraw>
    </taosOwenismToy>
    <tirveStigmalSercial>
      <unfleshFarcedPanne>cutieDcbname</unfleshFarcedPanne>
    </tirveStigmalSercial>
    <halperGilbert>
      <indylVitrina>proctor56</indylVitrina>
      <hosta>
        <puerile>gulpsIzar</puerile>
      </hosta>
    </halperGilbert>
    <bhili>
      <inv>59766116</inv>
      <pabalum>
        <longue>oiksAmorado</longue>
      </pabalum>
      <misputPaniolo tunmootEucone="aidmanExasper">
        <driftedOppose>godheadSciapodSpreeuw</driftedOppose>
      </misputPaniolo>
      <brereRazeingStayers chinelaRheinStudia="rouged6066" spect="hangie677">
        <cockupBhangs>687527667</cockupBhangs>
      </brereRazeingStayers>
      <unfoldsBeltane behowlDamnii="cailleVoivod" mockerGuyAccruer="moyo">
        <japyx>kitamatKnockerSelects5040</japyx>
      </unfoldsBeltane>
    </bhili>
    <tenioTersestDossier yildun="40" charpit="pilmyDioon" cosDunganBatters="baywood">
      <paganly>tzendal</paganly>
    </tenioTersestDossier>
  </unpieceSprewlKunk>
</acockCitrene>