<?xml version="1.0"?>
<critismUrge>
  <galetteEnfaced gelsDister="35280" kuarEarshot="jiggishWrithen" snugCadre="inradiiOtomianColback26" exoticTagragCsc="aitisDisaVoidee">
    <closeupPiloseSnackle lambes="128" acediaOstmark="samasImamahRewaked" reget="moiled">
      <tartarGoboZoysias>amnesicSpumoniBanyan</tartarGoboZoysias>
      <battier>
        <upendBassetsSkice>531969697</upendBassetsSkice>
      </battier>
      <nitrian aliform="gemaraCurious">
        <nebulaPothunt>5443</nebulaPothunt>
      </nitrian>
      <siting>
        <sulaib>6576</sulaib>
      </siting>
      <canliPorcine agathinVenges="ombre" mispaid="554">
        <resail>misses</resail>
      </canliPorcine>
      <huskingErratic gummageAwakensLasagne="illium">
        <whining>31</whining>
      </huskingErratic>
      <royouPushes mutton="formalsSilico" ironersNepmanLiposis="3135">
        <festinoSatietyBensail>heirloPeases4070</festinoSatietyBensail>
      </royouPushes>
      <sozolic chenicaGypsyBosker="derfEvince">
        <stupidsGrizzle>belgaFugued859</stupidsGrizzle>
      </sozolic>
      <boucherBaulkedPipped forints="ammanSantiiMarryer" murk="outravePlutter">
        <delice>gurgingTwarlyAthyria</delice>
      </boucherBaulkedPipped>
    </closeupPiloseSnackle>
    <eightvoGriseCastral lecythiCerningBiped="nonicDitto">
      <infixedEnseToddles>15471508</infixedEnseToddles>
    </eightvoGriseCastral>
    <zekeMeshech nidedDataria="934578357">
      <sternaUndeckTipping>coggly</sternaUndeckTipping>
    </zekeMeshech>
    <gimels>
      <clarreJudging>stratalFlidder</clarreJudging>
    </gimels>
    <den suerteObelusEluding="wildsAcronal" ischar="amuyong449" eboniesDizzardEelbob="793275907">
      <vivianDortPenned>ungrainMulley</vivianDortPenned>
    </den>
    <stoasHookmanUnhate terreFendsFannel="ephelisKibe" gorhens="alpeenMameyes">
      <dusts>impededUplimb59</dusts>
      <frereSltVeep unstowAchymiaPeroxyl="ikary" circar="creasyLevies">
        <pentiteHavaiki>kelpsBrahmi</pentiteHavaiki>
      </frereSltVeep>
      <injun garsilWaymen="drokpa">
        <taulchLeese>haddoGaols</taulchLeese>
      </injun>
    </stoasHookmanUnhate>
    <duddleGunnels>
      <hummingSelungTalus>warseHafting</hummingSelungTalus>
    </duddleGunnels>
    <awardedMartedAmigas unleadZaguanGolfed="635225">
      <characUnsexesAdapid>sparky</characUnsexesAdapid>
      <molucheArmadas creaghtCageful="cyclope">
        <zingUpbrook>anodizeTatted</zingUpbrook>
      </molucheArmadas>
      <aristeMaranha notchelDubiousCsnet="6213" suttasHockled="direstHorahsIsidia">
        <sagingHoodshyDrives>5</sagingHoodshyDrives>
      </aristeMaranha>
    </awardedMartedAmigas>
    <myrrhicPuppily>
      <herbsSladDisally>shriver</herbsSladDisally>
      <prowGargleDrays tetumComptly="lamerRiksmalOutplod">
        <shouted>gambadoRelimePrudist</shouted>
      </prowGargleDrays>
      <greasedLucentQuinoyl lecythTregetClyssus="ollamhSumma">
        <qindars>sapientSestoleIdolify</qindars>
      </greasedLucentQuinoyl>
    </myrrhicPuppily>
    <embuiaRumensMesivta gryllusGhess="orationScoggan" wheenBalletsStoory="palierScenicSated" gubatEnsand="8">
      <ohoy>870</ohoy>
      <benumbs usneoid="vitriol" streamsKodiakSuccous="culetNovillo">
        <zeroethBoudinAugurer>juttedBirthy9</zeroethBoudinAugurer>
      </benumbs>
      <dickiesFinSilicon abunaAgmas="564166509" hearthsGum="algorabSitars2371">
        <demonUnhopedKarluk>quartosPlaids</demonUnhopedKarluk>
      </dickiesFinSilicon>
      <xysterCobrasMudejar syrenEnjoinViseman="kevelsSequin">
        <cupidsAlkaid>rethank</cupidsAlkaid>
      </xysterCobrasMudejar>
      <pesewasCloyed sucrierGemutiLownly="2803">
        <lenders>98</lenders>
      </pesewasCloyed>
      <wienieMomme trijetsTheydJaborin="grillerLigroin" suitesPulldooBloats="cadbit">
        <inklingGreyflyFascine>largen</inklingGreyflyFascine>
      </wienieMomme>
      <wimickSatrap>
        <damnify>181438</damnify>
      </wimickSatrap>
      <soultre cohunesMusted="drilySellPoxy">
        <floorRepps>dictaOutwell</floorRepps>
      </soultre>
      <bidreeKasha>
        <boxPrivadoMothers>naitlySenora</boxPrivadoMothers>
      </bidreeKasha>
      <thuya greaten="grilledRooved">
        <usuryKerrilLokshen>oospermIkan847</usuryKerrilLokshen>
      </thuya>
    </embuiaRumensMesivta>
  </galetteEnfaced>
  <neonKhassCharco asstDrokpa="dalan39" almondButine="outnookGedunk" gitoninSeawansJehovic="attunesSalaHunky">
    <elitistNormans>
      <emptorPrimaryStooges>unciaeLagwort</emptorPrimaryStooges>
    </elitistNormans>
    <dietPokeysCline>
      <gurletWriteLaigh>642</gurletWriteLaigh>
    </dietPokeysCline>
    <josephsAgoniaMtd cutifySaviorTampers="6" diminue="jizzenAtry2">
      <tsuboSparks>dwinedKotuku</tsuboSparks>
    </josephsAgoniaMtd>
    <monsoon>
      <burtons>enarmKiteOtalgic</burtons>
      <stithyTitivilAvouter toddleFliping="recarryDisponeWauns389" speelsLoxotic="89">
        <borhGunship>monacidVagileRecomb</borhGunship>
      </stithyTitivilAvouter>
      <elbowedDebby>
        <tinguyLooplet>4172679</tinguyLooplet>
      </elbowedDebby>
      <gleds herve="anmia" cassock="veri">
        <hotfootKabukis>limanGamiestCerate</hotfootKabukis>
      </gleds>
      <beehive sablesAcle="magpiedTromple">
        <gougers>pierid</gougers>
      </beehive>
    </monsoon>
    <pheneLeamUncaked make="jigger1" koreishAunts="primy6249">
      <wystyPiffero>sudaniVenallyNife</wystyPiffero>
    </pheneLeamUncaked>
    <igniterTiters resails="miaAntient55" koprinoZaffirsYakmak="8" mopus="crucilyUndySpeiled">
      <unpaste>polymnyCaptor</unpaste>
    </igniterTiters>
    <unarch>
      <absence>23832</absence>
      <pschentCalindaUsuals>
        <hughocPonces>natick</hughocPonces>
      </pschentCalindaUsuals>
      <driasEcteron>
        <garnerUnshawlCrackly>nanmuAway</garnerUnshawlCrackly>
      </driasEcteron>
      <onlyThrouTopwise wolferTaky="ascaron">
        <occamyWatersLiver>acetiam</occamyWatersLiver>
      </onlyThrouTopwise>
      <augeBrumbyFenman>
        <zimoccaBeslow>afritsInbuiltWoven</zimoccaBeslow>
      </augeBrumbyFenman>
      <uncivil strongJordanDiluter="62998393" auxeticTed="cranyDolldomAffile">
        <koldaji>pommel</koldaji>
      </uncivil>
      <overrimCocuiza linousStare="bugsha">
        <endedTamarin>amildarScalena</endedTamarin>
      </overrimCocuiza>
      <zamorinAholdsLoa>
        <slayMacague>araneinRumal</slayMacague>
      </zamorinAholdsLoa>
      <monolog firlotOiled="448163" paleola="bellota">
        <baile>866</baile>
      </monolog>
      <annexedJocunoEureka>
        <torminaIdence>agaritaPunditaNobles</torminaIdence>
      </annexedJocunoEureka>
    </unarch>
    <sootierDaubedLwo>
      <danker>gimletSulfurs</danker>
      <humbledBumper yeshivaJasmineBehoves="retired">
        <notekinTche>octuplyInvidiaCotch</notekinTche>
      </humbledBumper>
      <begorra develTorothBungled="caroach3071">
        <alerta>tum</alerta>
      </begorra>
      <dermoidSleightFinnic pyronesSlides="sutlerDewtryHomily" catbirdSextula="overlieRiversErasion">
        <regalia>forgets</regalia>
      </dermoidSleightFinnic>
      <hulloesSinkbox heminGolder="dirityHoggs" birksRaggilFondant="kyathosRuewortSorbile">
        <swoppedNudists>gyttja</swoppedNudists>
      </hulloesSinkbox>
      <postboxDuskObeliac aliundeNarked="misformYoyo" divulgeHominy="comte">
        <padauk>eamDoings8910</padauk>
      </postboxDuskObeliac>
    </sootierDaubedLwo>
    <getaXiphiid swobbed="70" omaguaJaseyed="2119">
      <alexasMagenta>3017</alexasMagenta>
      <alaund niyamaBarbion="sereno" conkedGossanFolksey="tenacesHousal">
        <enmoveMuskily>minum</enmoveMuskily>
      </alaund>
      <fungoidHuchnom>
        <hushedNanisms>suent</hushedNanisms>
      </fungoidHuchnom>
      <gilliedHilum simityCampion="faciataSubdual">
        <ryderMantuan>chadriChun</ryderMantuan>
      </gilliedHilum>
      <fungoidFlaying mannaiaMorrowsMargins="guffawReinter" apprest="sejourOkesEndozoa">
        <cothishTaipi>535179628</cothishTaipi>
      </fungoidFlaying>
      <patternFeatherYun charmelEnzootyCarcels="vinsTissuedBethuel">
        <phonons>6453</phonons>
      </patternFeatherYun>
      <boozers>
        <samanidRuttingBegroan>mundane</samanidRuttingBegroan>
      </boozers>
      <carboraTacks sediliaStoaiBrans="satrap" sputterBrumous="284702447">
        <zapota>rfzKupper</zapota>
      </carboraTacks>
      <whydahMusks asperge="hydraseClammed" erikiteParkway="serbiaTuwi9452">
        <bailees>gridderLeaked</bailees>
      </whydahMusks>
      <votressSilt>
        <bronchoHoptree>dante</bronchoHoptree>
      </votressSilt>
    </getaXiphiid>
    <zapus>
      <drayingTaxman>gimletsSludEmerson4</drayingTaxman>
    </zapus>
    <blitzedTetterScrabe>
      <jayhawkLongishBowwort>18485</jayhawkLongishBowwort>
    </blitzedTetterScrabe>
  </neonKhassCharco>
  <lyrateNigget />
</critismUrge>