<?xml version="1.0"?>
<gamineMedial>
  <susceptBoitesCrochet>
    <gedunkApologyBeggars needler="tacananCondors" asgmtAmmonicDeadest="jasonAngelin" roilSpools="mictionAndokeAuantic">
      <prawnedSphered>obligesNahuatl</prawnedSphered>
    </gedunkApologyBeggars>
    <wigansStataryPisk untirePanosLiplet="kajawah47">
      <feedbagAlthaeaLotuses>faxTenuityDeadpan</feedbagAlthaeaLotuses>
    </wigansStataryPisk>
    <guardedBoldedGrun presTallows="epizoaDryads" swagmenSkell="accoilAvania3174" servers="90">
      <keeler>chopa</keeler>
      <quab psettaSainedPiazin="35" buckpotBralessAggers="49104">
        <moongRegalioKedged>weeweed</moongRegalioKedged>
      </quab>
      <calesasPuranas huxterXyloyl="moiresHognose" dixits="yowls">
        <trammerAlbetad>rahAnalogs</trammerAlbetad>
      </calesasPuranas>
      <scopusBundlet>
        <hickwayRasen>yojana</hickwayRasen>
      </scopusBundlet>
      <sopiteHedgy>
        <lovingAlmidaWigger>1416</lovingAlmidaWigger>
      </sopiteHedgy>
      <ferrierLignousChekmak>
        <barraceWemmy>oursRowthNexal</barraceWemmy>
      </ferrierLignousChekmak>
      <poppasEvisite>
        <girondeAsylaCapon>fakirs</girondeAsylaCapon>
      </poppasEvisite>
      <squeam slacksYamanaiLinener="mikrkraSetnessFryer">
        <soordMaoistAlgous>outfire</soordMaoistAlgous>
      </squeam>
      <nebTopmastSplits zebraGurlet="cotylaFeddan">
        <escribe>459</escribe>
      </nebTopmastSplits>
      <gelongVened>
        <tapis>dynodesMoiderHaikal</tapis>
      </gelongVened>
    </guardedBoldedGrun>
    <hornie pauaOrlosHangie="3680">
      <oarage>lotion</oarage>
    </hornie>
  </susceptBoitesCrochet>
  <sulphinRebone />
</gamineMedial>