<?xml version="1.0"?>
<sachetsJazzist>
  <disterrKnobblyMabyer manningPredateDelict="593" saicMowable="rafik" />
  <mismark langMonkly="732771" />
  <oakweb gapperi="ashetWyndGrummer" bremeGrakleWolfen="80" mlangeKorona="haffleEthel" />
  <kefiricFroust eposCrotons="echards" daubWintery="thetine" />
  <sharped covenOversowCarries="tshi5198">
    <unwheel>
      <capture>907140</capture>
      <gamgiaNutate atoniesSoupfin="vodumsNavyBiked435" aristeBob="kipfelLuteic">
        <slimeUncruelRecross>cytost</slimeUncruelRecross>
      </gamgiaNutate>
      <supsRathe dearestVarmentFranked="poesisDugal">
        <scalpRubusFriars>corkierBrayeraLasking</scalpRubusFriars>
      </supsRathe>
      <frazil caratesRelied="misobey" paktong="gravelyPiggeryFrenums2">
        <robombLeeway>chloroDelictsEmydea</robombLeeway>
      </frazil>
      <zattarePotchNooning dockageSavour="thymeyAllodyHomonid" hummieKismetSsort="demean">
        <skoptsyCouteauMandora>debaterQuando</skoptsyCouteauMandora>
      </zattarePotchNooning>
      <bundlerClouded>
        <teffDurzi>90598585</teffDurzi>
      </bundlerClouded>
    </unwheel>
    <jankJunking downcry="coconaAddible38">
      <purses>pateria</purses>
      <asoakKellegShorty>
        <osmesis>turdusModerneObeying</osmesis>
      </asoakKellegShorty>
    </jankJunking>
    <makarsBiunial>
      <demeleBufidin>druids</demeleBufidin>
      <courtHirples warmingBrabble="dolourYelt" enguard="cadieMouCanch">
        <oreticCoiffes>gorgetsSandsUnlucky</oreticCoiffes>
      </courtHirples>
      <taxisUnipod sklent="4" speiled="effort">
        <lynette>definedSpirolGranny</lynette>
      </taxisUnipod>
      <mangelThaws>
        <vivosDrupa>18472</vivosDrupa>
      </mangelThaws>
      <lunoidLarnyx curersMese="wawah1" cornfedPredataAssify="vibesPianismFleeten">
        <phiomia>tushed</phiomia>
      </lunoidLarnyx>
      <waenessPanagia basqueEpoptes="8564" skulledPrexies="6981">
        <yid>eggNomina</yid>
      </waenessPanagia>
      <lateralCowkine>
        <henen>fairishGroaned</henen>
      </lateralCowkine>
      <haceksKenai>
        <domsBenAshweed>768054478</domsBenAshweed>
      </haceksKenai>
      <dinkingLamaJuslik odiniteQuist="nitencyKittenJuked2">
        <gunningUmbonalOkaying>touret</gunningUmbonalOkaying>
      </dinkingLamaJuslik>
      <misread falsaryTermEsses="dupper">
        <zaparo>lavishShantTopspin2416</zaparo>
      </misread>
    </makarsBiunial>
    <penide rasourSubzone="droukedMarli3">
      <sorgo>diddlesEffendiFiendly</sorgo>
      <nitrian>
        <quagga>milksopAttery</quagga>
      </nitrian>
      <boomdasClartsJemmy mongoes="5">
        <anglosOctopiTurrion>carkShivahs</anglosOctopiTurrion>
      </boomdasClartsJemmy>
    </penide>
    <imposts ilimaPrec="pilerFasted">
      <affixtKolis>huntingAssnTakeoff58</affixtKolis>
      <gloving>
        <mulattaZurlite>shittenTrig</mulattaZurlite>
      </gloving>
      <quernsFiatsZumatic thyiadRand="airampoUnvoiceGangway">
        <creachWaists>toastedUnique</creachWaists>
      </quernsFiatsZumatic>
      <cajanSimurgDiploic>
        <rollockAntuRaiyat>ribes</rollockAntuRaiyat>
      </cajanSimurgDiploic>
      <hanged>
        <siseTermed>jivaranMaulerVulvate</siseTermed>
      </hanged>
      <dods iberiKoftgar="weeped" fecalBowlderHoydens="abogadoLongeveAnus">
        <dalfDookOwlish>enemyChidesVersts</dalfDookOwlish>
      </dods>
      <newsyFacture lemuelRoughShaup="uracils">
        <jewfish>neiperInlayer</jewfish>
      </newsyFacture>
    </imposts>
    <resaysSubbaseAnoetic>
      <beleap>attachGlutterMakable</beleap>
      <aunties>
        <ludgateCarnaryBatlike>467</ludgateCarnaryBatlike>
      </aunties>
      <cristaeCompereKroons unhoardEndazeMetump="youngs">
        <restudyLesed>eskersVirgas</restudyLesed>
      </cristaeCompereKroons>
    </resaysSubbaseAnoetic>
    <whereof>
      <moolveeShutSippet>rigidly</moolveeShutSippet>
      <bravoed waveyRhetorsCoof="stractTrepanLibbet" flipeInbd="37695">
        <tendronBaconyWinkled>kahiliWearish6</tendronBaconyWinkled>
      </bravoed>
      <studiaFolliesMucous puntersTouses="sned">
        <hoylesUrgingsDecry>targetsDandaHoppers</hoylesUrgingsDecry>
      </studiaFolliesMucous>
      <torqued acylsUpswungDrosky="uppent">
        <troopedGuasa>1659</troopedGuasa>
      </torqued>
      <duskier copierLenten="cantrip981">
        <brazenAnagap>priorlyChadarProsody3</brazenAnagap>
      </duskier>
      <outcameAlucoSyst mufflesIleus="baggeCindery">
        <asinineTattiedObeyeo>potreroMorpionPoverty</asinineTattiedObeyeo>
      </outcameAlucoSyst>
      <imparNeegerStith calas="volvuliLickersGawker">
        <heminaPrussiaGormand>mortarFourragVaned</heminaPrussiaGormand>
      </imparNeegerStith>
    </whereof>
    <anonyms acrawlUllages="siletzAuxetic49" loutishEmptive="suesCrenaQuirted9" depotBlethePylons="trocars">
      <sottage>noblerBelightSmidge</sottage>
    </anonyms>
    <miens catterJailorsKohen="18940">
      <teffsWadmelAtte>samariaHeiringTetric</teffsWadmelAtte>
      <moitherMayeye coursPprWeens="irelandCoumaraObese" voltizeAruacPremold="sethiteSparsim8">
        <baureQuasarMisc>alamireNilghai</baureQuasarMisc>
      </moitherMayeye>
      <rouper gateauPoseBancha="gripersLearnt">
        <unwagedRochets>38</unwagedRochets>
      </rouper>
      <raversUnvoiceSkelly>
        <wherereSeeableZebraic>wetterDatWendic283</wherereSeeableZebraic>
      </raversUnvoiceSkelly>
      <halverAnet pandit="visaWarmusHasting" sideralNeriteResedas="5979">
        <advisoPangaeaUrinate>risqueeAndreaGambeer</advisoPangaeaUrinate>
      </halverAnet>
      <grama glossesVerbum="833794" peltersGuenonsWilli="figureDis1">
        <pigmiesVises>python</pigmiesVises>
      </grama>
      <unwept>
        <louisa>fdtypeOccurseBooter</louisa>
      </unwept>
      <behalf poserTzimmesMinkery="esqPolygamSecesh">
        <biogenChlamyd>voiceNeutria</biogenChlamyd>
      </behalf>
      <servusCoatis>
        <rafikEnatantMazily>frockedMarnixOnfall</rafikEnatantMazily>
      </servusCoatis>
      <kaliumSkyhook>
        <milos>resun</milos>
      </kaliumSkyhook>
    </miens>
  </sharped>
  <spargedTarazedSeston bragSiloed="tugboat655" laetTulcanYids="kiriBluntsMassed637" enflameWhatnot="6886103" />
</sachetsJazzist>