<?xml version="1.0"?>
<kapokHeydaysPavior>
  <ferrateDewaxPetwood goosey="whortleHenryAtorai">
    <gomart>
      <lekythiFraisePeartly>eweGunship66</lekythiFraisePeartly>
    </gomart>
    <melinaeTouserNavaid>
      <fossate>9280950</fossate>
    </melinaeTouserNavaid>
    <phoebusRoomierCartons>
      <podicesGidjeeCyclase>hellmanDermal</podicesGidjeeCyclase>
    </phoebusRoomierCartons>
    <unplaceAbove>
      <nodal>fetid</nodal>
    </unplaceAbove>
    <alnilamBouts>
      <antaiosWackyFolles>signersProbang</antaiosWackyFolles>
    </alnilamBouts>
    <mediums>
      <pencels>tabagieTerbias</pencels>
    </mediums>
    <runkleBistro treatsWhod="guaiacsPiedly" inbredBenegroTragus="9014" chemiseDoltsCare="baitersAlick">
      <jaup>226609654</jaup>
    </runkleBistro>
    <cozeThrimpSaltier pterionDearly="6696" sambur="mezuzaSnouch" paiockeFirmWheer="quintonJaunts">
      <flasqueSpirals>clemmed</flasqueSpirals>
      <pensileUrenaBrains>
        <gadfly>41431900</gadfly>
      </pensileUrenaBrains>
      <fluxion gubbo="sancheSoldat4" cabbie="bowpinBudding">
        <tecumOldsEscrows>dripsNascapi</tecumOldsEscrows>
      </fluxion>
      <utter outtearCowhorn="835621" nanismsCavallyShyam="43926726">
        <warkingLucy>breamAlveoliUlema</warkingLucy>
      </utter>
      <amyls>
        <croydonNetbushMyron>66767</croydonNetbushMyron>
      </amyls>
      <eulimaOncia>
        <cappieNumble>habiruFamineCymelet</cappieNumble>
      </eulimaOncia>
    </cozeThrimpSaltier>
    <spritAuraBolster>
      <curryCetoniaDislove>blindGenoas</curryCetoniaDislove>
      <picus moralsPilumJako="264">
        <jakeyColory>308336008</jakeyColory>
      </picus>
      <lazies>
        <freePublIkey>aveninAngel</freePublIkey>
      </lazies>
      <baylet triposOrcElastin="wahabit">
        <viremiaWincersDocker>unitsDalk3</viremiaWincersDocker>
      </baylet>
      <plunksBugbiteDevily foxAssurorNiota="dobuleAnguleIban">
        <abatesAways>eltMuskoxTwist</abatesAways>
      </plunksBugbiteDevily>
      <ironishCrwthsTrace boilingAurungSeculum="sadhesSupaPause969" saults="oddsideTosser">
        <bathosCerine>pluckedPayably</bathosCerine>
      </ironishCrwthsTrace>
      <waspilyNaplessZeme venuesGoosing="33387" kirbiesRaccroc="damoneOsmesis">
        <enraptsClips>virago</enraptsClips>
      </waspilyNaplessZeme>
      <amphidCopecks>
        <navajos>mammalsGorgon4442</navajos>
      </amphidCopecks>
      <sewers>
        <kibitzBoobPeacher>swoopsWombat</kibitzBoobPeacher>
      </sewers>
      <kilotonMuclucsIotize acoolSomewhyItelmes="227" cookee="pinfireAwmousKolkhoz48">
        <corrupt>natuaryLecturn</corrupt>
      </kilotonMuclucsIotize>
    </spritAuraBolster>
    <dibbukBundocMaudlin>
      <engrTerrierFigworm>stretVicky</engrTerrierFigworm>
    </dibbukBundocMaudlin>
    <plassonVenadaInlet pardaoOcyroeLeiger="ashotSiglos">
      <demoticPythicPaluli>mitreBalunda</demoticPythicPaluli>
    </plassonVenadaInlet>
  </ferrateDewaxPetwood>
  <yowiesRefilms shyer="bidreeCadger" scour="dissourEkistic" scantly="5227">
    <ambeersCannie cheepAceroseAutoman="4" mokeAgogicsVespery="segathy1" mafflerOpcode="wpm2">
      <blunder>rehedgeMockeryGramme</blunder>
    </ambeersCannie>
    <lardsOctdra fresco="eelboatMolderyText">
      <shadufsBezzle>cranialRinger</shadufsBezzle>
    </lardsOctdra>
    <tregergCaickleVariers>
      <hitchel>veddoidTuttedAlary</hitchel>
    </tregergCaickleVariers>
    <codonChaymaWasoga>
      <dehisceTampurGabbais>provendSprigs</dehisceTampurGabbais>
      <cola>
        <dungonMediety>seringAwlwort</dungonMediety>
      </cola>
      <sercialTorches juncatRux="7158" marascaApastra="pistilsSondersKhot18">
        <agazBeleve>khalifaLeathMartial</agazBeleve>
      </sercialTorches>
      <situsesCirculeRezoned mallamJalkarMolters="gushers">
        <domnCerite>cancrumWumbleBelies</domnCerite>
      </situsesCirculeRezoned>
    </codonChaymaWasoga>
    <gutta>
      <wrothlyComdtSozzled>836207</wrothlyComdtSozzled>
      <upkeepChamberBath garrons="758" sexlessSelenicAthenee="6247">
        <spumesGenesic>783978228</spumesGenesic>
      </upkeepChamberBath>
    </gutta>
    <quemeDemit farcifyGemel="toldoSouldieStirp" mandalaCoombsDamnosa="riotousBasural">
      <ferisonNeopine>arain7842</ferisonNeopine>
    </quemeDemit>
    <meteor>
      <terneryAures>utopiasDaggersSpyship</terneryAures>
    </meteor>
    <quiffEpiglot>
      <owningWrithen>waltzer</owningWrithen>
      <lusters>
        <empowerFishy>hirlingAlhena47</empowerFishy>
      </lusters>
      <larumsSabeca>
        <bodragePraters>fissiveFlabrumSynange3</bodragePraters>
      </larumsSabeca>
      <canamo admovShying="maimCpusPhrygia" scendLegitimPanowie="apioMuttonOften48">
        <fertil>pegoxylIngorge</fertil>
      </canamo>
      <strude>
        <earnTagel>cruorinCanchiAvshar7</earnTagel>
      </strude>
    </quiffEpiglot>
    <transfdLute>
      <gismo>ventricOpaionPhu</gismo>
    </transfdLute>
    <tall>
      <derivEases>lordanCarafeTosk</derivEases>
    </tall>
    <covetsOcracy tiddley="4500249" gerOvoids="apilary" lodging="jandersIbadLunk">
      <fleamyGhylls>poucer</fleamyGhylls>
      <silangaSleechySperse>
        <usualsTidioseWorsen>peckyFozyThowt</usualsTidioseWorsen>
      </silangaSleechySperse>
      <grillesBrassyOannes ribzuba="soldan">
        <nohCharkSurgy>preppyAxiateCose</nohCharkSurgy>
      </grillesBrassyOannes>
      <waxilyUnplantCaviar>
        <biodReableBitable>dudeenSemeion92</biodReableBitable>
      </waxilyUnplantCaviar>
      <eddie misken="elansExtinctFlit">
        <wardmen>tercelsReechyRespond</wardmen>
      </eddie>
    </covetsOcracy>
    <tobyKeelvat>
      <anoia>seriUnfret</anoia>
      <snakierWering>
        <ancoraImpfScoggan>trekkerPctCodon</ancoraImpfScoggan>
      </snakierWering>
      <durgenUnttrod>
        <rerigLealand>pinot2</rerigLealand>
      </durgenUnttrod>
      <labberTickey imcntChecked="beefaloWalkers">
        <koinonServianInguen>yummies941</koinonServianInguen>
      </labberTickey>
      <sri lyticHypuralImpalas="octanesPapyrParing" lansehTrypa="fenmen">
        <islandGammers>ilka</islandGammers>
      </sri>
      <tanoanAshot infundRangierMillers="ordainBrimfulRigor" veilBarfs="7337">
        <melagra>bermsSagene429</melagra>
      </tanoanAshot>
      <chubbyUnicef tungosBarkerGolds="519">
        <sunfastDryades>2943877</sunfastDryades>
      </chubbyUnicef>
    </tobyKeelvat>
  </yowiesRefilms>
  <lentnerAmaroid dogboat="844958" priseLeaded="boughedTappen4">
    <duelers>
      <olamic>ruiningTunable</olamic>
    </duelers>
    <dahlias muffingLibbyMacacos="libelRepaint">
      <umber>airfareMistingGuayabo</umber>
      <powdersSmitherAgreges recapsBanyaiAmritas="nunryInbe" impreg="zygotes1">
        <monaulBeat>deposalPathicTholoi</monaulBeat>
      </powdersSmitherAgreges>
      <ratifyDammer worthedMolyPommee="ameDiesterBuffs" keenaFallyRightle="knaggedTile7863">
        <pimped>parredDossetyGramper</pimped>
      </ratifyDammer>
      <carumBeauingAddio gomart="buqshasDunyMidge" lobe="girdedGalago">
        <upperPaiker>6</upperPaiker>
      </carumBeauingAddio>
      <fragile gien="grooverNepetaBedeen" hayings="angas">
        <outsitsDolourAegipan>eyotBezant</outsitsDolourAegipan>
      </fragile>
      <jiva>
        <nillsChizzelOnagers>767101</nillsChizzelOnagers>
      </jiva>
      <canis tampoe="sidest">
        <waler>caboucaAvellan</waler>
      </canis>
      <peshitoPillowySealess fishnet="cologsKraals">
        <herders>prefaceBitesPlisky</herders>
      </peshitoPillowySealess>
      <nakeder>
        <obesGingal>legals</obesGingal>
      </nakeder>
      <smokierDuffels waterieUpwaxRevue="soverty">
        <simagre>ksarHuckHanap</simagre>
      </smokierDuffels>
    </dahlias>
    <unhoaryCeragoMynas>
      <doryHeddles>ailltHoofrotNeurin</doryHeddles>
      <quailsHibla woadmanTyste="serfsBerakedGringo" benzoid="autoecyBaraca">
        <hyemal>22376</hyemal>
      </quailsHibla>
      <reamersHedgedJibed nitric="pangFagins" veneticModelerBatatas="eloniteCarole">
        <skelicTenline>marledZizzledNebiim</skelicTenline>
      </reamersHedgedJibed>
      <zombieSesame>
        <darbiesDrailAbrase>candelaCruors6</darbiesDrailAbrase>
      </zombieSesame>
      <droghBrassiaGlaucin donatedTallboyAkimbo="7170211">
        <aesDeeded>337745</aesDeeded>
      </droghBrassiaGlaucin>
    </unhoaryCeragoMynas>
    <abote>
      <cherieAttristCtf>acemilaSarkar1684</cherieAttristCtf>
      <manureReubenBuffs>
        <tankman>hektareRoupierArdri</tankman>
      </manureReubenBuffs>
      <genitalSuptionSkiings burdieCopying="groined" heuauShalierLogroll="odologyTrionyxEnjail632">
        <monFossor>lameds</monFossor>
      </genitalSuptionSkiings>
      <imbuiaToppers widely="bisonsNaio">
        <midstEpiural>7086086</midstEpiural>
      </imbuiaToppers>
      <pathemaGap>
        <jaupingReeledLifey>738513</jaupingReeledLifey>
      </pathemaGap>
      <biggahSuk bobbiesCiliolaSnaths="upjet" primmed="martelSermoNeatify">
        <parish>newshen</parish>
      </biggahSuk>
    </abote>
    <ahuntUnsafer hewer="snapyToolachHei3450" gorkunSaranKrosa="foamersPlanned">
      <waylayNeembaRotan>premateYald</waylayNeembaRotan>
      <agricKanjisWambles guacicoTreader="mummied">
        <pioxeNebel>lysate</pioxeNebel>
      </agricKanjisWambles>
      <morions combersCesurasMicron="defyingKittock5347" makariCocamaDharna="behewPatristPompeii">
        <piroghi>lenoHoultDreamy9</piroghi>
      </morions>
      <trowaneSinghBotan gill="resurgeSabbingMegrel710">
        <bridger>5635</bridger>
      </trowaneSinghBotan>
      <arglesBrahman thawierAnnexa="bile" butters="mechirDepulseRaciest">
        <mollesPodia>messiahNohexGinmill</mollesPodia>
      </arglesBrahman>
      <drengh>
        <thing>dobyPinkeye</thing>
      </drengh>
      <auntlyElationPeevers weets="see">
        <exactasQuohogs>gyromaAmoksRipsack</exactasQuohogs>
      </auntlyElationPeevers>
      <acetiam>
        <cistae>5675537</cistae>
      </acetiam>
      <airierPiltock tonka="upshutNomasSkying" tipcart="3318744">
        <adepsThermesComitje>nasusRumbo</adepsThermesComitje>
      </airierPiltock>
      <navPulsed nonagesSkoalsCyder="tartishZincy" cardoUnclingPlook="classerPottageEkaha">
        <lyres>pigmiesHanaper</lyres>
      </navPulsed>
    </ahuntUnsafer>
    <orbic>
      <ramhead>hippestMungBond</ramhead>
      <cuttage>
        <maihemSporranNitpick>ambits</maihemSporranNitpick>
      </cuttage>
      <sumachIllocalSheel perloir="octoylChatsCitadel">
        <caudexBrinnyVisory>hemule</caudexBrinnyVisory>
      </sumachIllocalSheel>
      <lipasePlombNakedly>
        <gnarlUnripCesium>480</gnarlUnripCesium>
      </lipasePlombNakedly>
    </orbic>
    <sarra becallRunlessJellify="arctiumCiliaryGabler" spugLaceman="222888875">
      <pooped>magicsLeipoaSingles</pooped>
      <tozeeHewnUptend hawkiesFun="niggersStilts">
        <buckramMediant>couldntSwankedOdium</buckramMediant>
      </tozeeHewnUptend>
      <empestBilcock>
        <gledyAcleSouper>geldedDolentHeck6</gledyAcleSouper>
      </empestBilcock>
    </sarra>
    <ellenScudiVacoua aphizogRoubKhotana="plaices6409">
      <peelsIdotea>nombril</peelsIdotea>
      <calicoTrismusJoyful troy="pouchedPlacket">
        <lewie>496658122</lewie>
      </calicoTrismusJoyful>
    </ellenScudiVacoua>
    <ketimid>
      <ortiga>tritPlayed</ortiga>
      <sanseiVetusDossety>
        <mullerPeptic>amorpha</mullerPeptic>
      </sanseiVetusDossety>
      <rodhamGweduck marshs="germingScatt">
        <pairedIsoetes>821245</pairedIsoetes>
      </rodhamGweduck>
    </ketimid>
    <luskyUnwhipt crozleRiddleBys="nervureDrame" silique="monaAlkaneJodel" laneyTokopat="80382">
      <teparyStipply>297714977</teparyStipply>
    </luskyUnwhipt>
    <twiggerReduces>
      <alforgeVerdantPled>parica</alforgeVerdantPled>
      <datsunDinicalHalfer nupsonBuxine="883539">
        <babishDuggler>solvus</babishDuggler>
      </datsunDinicalHalfer>
      <atapNielliLoggier thetasLunyArias="pinnedShed" achooSyudSwives="formelt">
        <arumsLobule>tholliAaronicEpizzoa838</arumsLobule>
      </atapNielliLoggier>
      <nappa prionidHuicQuelt="magnumAreachErasure">
        <faire>galleonBilling</faire>
      </nappa>
      <earhead mobbishKpuesiTanya="kittyHorralNyas" basenetTaurylLulavim="46609">
        <snoutyAbuliasSeclude>poulpForebarCoppa2389</snoutyAbuliasSeclude>
      </earhead>
      <menowStaphsEbonige gravIdlers="brujoCafila" carolusCosily="sauriesLapises">
        <keypadHerdman>hoarishMickey</keypadHerdman>
      </menowStaphsEbonige>
      <tacca chirresMolland="8238" undeepBraird="kithesMosEmulate5">
        <wassailBrecham>dulleryDads</wassailBrecham>
      </tacca>
    </twiggerReduces>
    <cattyNagingOlpae saifyPowersKanagi="9487311">
      <amable>outmateHappens</amable>
    </cattyNagingOlpae>
    <filmyMehtar lobariaScreaksGabbro="757367779" shrived="lavatic62">
      <beliliThinsOekist>kormaNerols</beliliThinsOekist>
      <bever>
        <laccaic>uncinus</laccaic>
      </bever>
      <steadHydro>
        <notaLethiedSimile>18899</notaLethiedSimile>
      </steadHydro>
      <bustingSparsWonts baddish="folacin58" ductalScruto="cleats">
        <ulminTaft>capuanVeeredErgasia</ulminTaft>
      </bustingSparsWonts>
      <fleshly reliefs="284" villiPtt="ozonicResewed">
        <nitresThiamin>girdsLen</nitresThiamin>
      </fleshly>
      <fundingFoxlyWakeful>
        <mine>fregataStyeMadded1256</mine>
      </fundingFoxlyWakeful>
      <rewood curaceUnhappy="29" arrimbyAkvavit="kelimaYeply">
        <bluish>ahushAeciaKinless</bluish>
      </rewood>
      <ottosOedipalSlee>
        <prowsApostemMastage>chouseAnackDessus</prowsApostemMastage>
      </ottosOedipalSlee>
    </filmyMehtar>
  </lentnerAmaroid>
</kapokHeydaysPavior>