<?xml version="1.0"?>
<trivetWhoringDouping>
  <vulpesBated cutdownDiosmaCoeval="tackify" meethSymtabValeral="curpelSconesToddles9" unsnareYeelinsRabitic="dubb" mittleEsseeUnshift="aidant549">
    <cahiz>
      <mauriceDishornTanyoan>musangDuhrClernly</mauriceDishornTanyoan>
    </cahiz>
    <spatingBeadierParmese>
      <nylonsHandsaw>vadoseVee53</nylonsHandsaw>
      <ardeid nostocSpicy="angiloToomEroding" refootLombard="presume">
        <cooleyUnturn>258034780</cooleyUnturn>
      </ardeid>
    </spatingBeadierParmese>
    <minimisPuerer warfareDeluges="chambre" talZaparaPosthoc="spilths">
      <foxyBerogueFiver>abaObese</foxyBerogueFiver>
      <tournayChawn ganofSmirks="tesuque">
        <gemseMilks>platens</gemseMilks>
      </tournayChawn>
      <nidiTatted nidget="palponJackers">
        <cauteryMirks>862152</cauteryMirks>
      </nidiTatted>
      <kaberuHyoidDawt cruddedZygnema="btiseRontgen">
        <jnanasQuinetBogey>cratedEdgily</jnanasQuinetBogey>
      </kaberuHyoidDawt>
    </minimisPuerer>
    <aunts shooledTalkie="knive">
      <carkingDepel>28571958</carkingDepel>
    </aunts>
    <rebait abaris="mucinsPeytralWived">
      <fluoridUmbers>91192</fluoridUmbers>
      <shamans dattoRyenSlosher="7" oxeateDozzled="5695444">
        <tottle>rasse</tottle>
      </shamans>
      <aveugleCalfs>
        <succoseBooliesScraped>neri5</succoseBooliesScraped>
      </aveugleCalfs>
      <peavey okesMeawAugend="comma" rhymy="beliefsBitumedAbutted">
        <fumishChiralDroud>gnosisCecily</fumishChiralDroud>
      </peavey>
      <lizzie>
        <caserneMumpingBombast>vagitusWaymate</caserneMumpingBombast>
      </lizzie>
      <biologyHydeCordon leprosyAgile="cheepy">
        <avarishCarica>isodoseDeposalFooyung29</avarishCarica>
      </biologyHydeCordon>
      <zookersPye>
        <jimpBehale>shusherRavings</jimpBehale>
      </zookersPye>
      <ronyons ddtNerkaMyxopod="lactamNaig1158">
        <hitterHoarser>tegmentGrimier</hitterHoarser>
      </ronyons>
    </rebait>
    <corsetsStamenKeel reaffixDandlesMhg="figures601" cade="minimal">
      <fursCrimpGozzard>fausterUpslantOchrana</fursCrimpGozzard>
      <guaqueVirgoRoilier reshineGowpen="ecole">
        <muffinChalconSaki>jiggishPupping</muffinChalconSaki>
      </guaqueVirgoRoilier>
    </corsetsStamenKeel>
    <lechKaguraHad>
      <caputBedbug>cohenLinda</caputBedbug>
      <greeseTogae bungee="atis" amishMolting="nota">
        <knead>edaphonAbettalCreamed</knead>
      </greeseTogae>
      <takeoutMaypop refan="floppy7" uphoardNonpeakOctose="86">
        <estrumsIlliteLollers>crowingTenuto</estrumsIlliteLollers>
      </takeoutMaypop>
      <cowyard>
        <sawanRaquet>youpFogieMermnad</sawanRaquet>
      </cowyard>
      <pinkish glitzy="alamedaCrampsFeued3" botcher="bugdomRhinion">
        <salukisCopulae>dawned</salukisCopulae>
      </pinkish>
    </lechKaguraHad>
  </vulpesBated>
  <yeelinAcajousPawned jawabRaveled="dungari">
    <anorthKilohmRunic mileageGrigsGetup="1">
      <topsailPycnial>8406763</topsailPycnial>
      <smithsDineric aerobesFaddle="tskingMmfd" subtone="occas147">
        <guillemVereyRayah>joyceRecluse</guillemVereyRayah>
      </smithsDineric>
      <chirpsCatheadCyans tuleJarlsPumple="forwhy" blendeUnfull="smutty">
        <resoledBrahmaCortez>allegedFelly</resoledBrahmaCortez>
      </chirpsCatheadCyans>
      <acaenaCardo decantSingphoCapomo="aciculaGip">
        <wambais>twankayAgibleGast</wambais>
      </acaenaCardo>
      <tiffle output="dyeings">
        <phaserRoubleMaungy>meliola</phaserRoubleMaungy>
      </tiffle>
      <bittersAraneaeAbler whau="54909" sulkier="methoxy">
        <pridyShooi>324741473</pridyShooi>
      </bittersAraneaeAbler>
      <aricin>
        <ritz>falange</ritz>
      </aricin>
      <swollenObtainsBecuiba ginRyked="145719">
        <ovonicStipe>8469</ovonicStipe>
      </swollenObtainsBecuiba>
      <raveledTetrad jezail="evictee">
        <delphinRalf>creekLademan7318</delphinRalf>
      </raveledTetrad>
    </anorthKilohmRunic>
    <datisiCanglerMislay peaker="4520">
      <cuishReavowsGunroom>41558</cuishReavowsGunroom>
    </datisiCanglerMislay>
    <gearViiiSandak>
      <plunged>barbe</plunged>
    </gearViiiSandak>
    <sdumpSellesMamie kompow="ranAffloof" elfwortUnamend="alipinPickupIntroit">
      <relower>2973292</relower>
      <opsonia facersObcludeFoveal="mammonJawy" waceUdosPeleng="lorateOilcupGte">
        <stogaCostrel>reviler9</stogaCostrel>
      </opsonia>
      <quasiUnnearUnpay cooedHottish="yellowy" shammerSexisms="entailAwastePreveto">
        <burleskNomialBinning>snaths</burleskNomialBinning>
      </quasiUnnearUnpay>
      <avgasArpents quarmenDukkha="chatonsCakeboxOxazine">
        <nar>coupesMadlingAporose</nar>
      </avgasArpents>
      <bungerMovesPuccoon>
        <cecrops>pulajanMarkersLeaned</cecrops>
      </bungerMovesPuccoon>
      <satrapyObeliacAnnus follisFleshCliqued="unclotFontedGaraged" goers="chem840">
        <toners>savableCoyote</toners>
      </satrapyObeliacAnnus>
      <puttiedGored grinded="bumpkinSafrolSumi" bransleKruPaseo="unshyGalvoWaac">
        <oam>2</oam>
      </puttiedGored>
    </sdumpSellesMamie>
    <prequelBolster sewansShindy="burierHouhere" exigentQuata="zonular" exsurgeEctaticSkulked="priviesMahranBordels197">
      <lotahIonised>fedoraPlagate</lotahIonised>
      <yaply gasmanHogfish="mucusHarier48">
        <complyJaggy>38205739</complyJaggy>
      </yaply>
      <mowburnSkookumFeuage>
        <astir>amblerAlbumin</astir>
      </mowburnSkookumFeuage>
      <unarchAristasDeixis>
        <rochingNinths>copterLimners</rochingNinths>
      </unarchAristasDeixis>
      <curve>
        <mouseeWunner>17628</mouseeWunner>
      </curve>
      <azoxy unscrewBaklawa="miosisCivismYukking">
        <toyVeneral>rightly</toyVeneral>
      </azoxy>
      <turvesCrimpyMadras>
        <sponger>suggil</sponger>
      </turvesCrimpyMadras>
      <bougar urnaUrinoseAurata="ethnogBudgeBoiling">
        <glitzy>lethalsLunatic</glitzy>
      </bougar>
      <pudenda koaliCooksCoatee="alrightAediles">
        <cocoonSeaways>algousBecrushJalkar9363</cocoonSeaways>
      </pudenda>
      <nohHajjisMohur>
        <jaggedHattismWinesap>solenGellert</jaggedHattismWinesap>
      </nohHajjisMohur>
    </prequelBolster>
    <marlKenneth>
      <hopsackBarger>tubingAgleyKona</hopsackBarger>
      <curval breadsGouges="wishaTots">
        <piffles>papule159</piffles>
      </curval>
      <dichtTreaded glowKochiaBare="leveledCopout" otiatryTamersGratton="partile">
        <caid>scaledGrained</caid>
      </dichtTreaded>
      <verekCheaplyRemaim cornadaUpsoars="bettas" laccicAins="carderBowled">
        <kishon>sanes</kishon>
      </verekCheaplyRemaim>
      <gucki distyle="nigged">
        <updrawRefels>sandflyBosomer</updrawRefels>
      </gucki>
      <dialin astrionBecurse="chenica9">
        <asarumIthacaPari>9359717</asarumIthacaPari>
      </dialin>
      <wench kloshKahalaBemusk="shypooAntibugAdjunct">
        <zonaDemerse>23051</zonaDemerse>
      </wench>
      <hausens>
        <solisteNinetedBucker>runawayFondusYakked</solisteNinetedBucker>
      </hausens>
    </marlKenneth>
  </yeelinAcajousPawned>
  <dowed reboastModulusDiamyl="schemesTielessDish" />
</trivetWhoringDouping>