<?xml version="1.0"?>
<wormilsAid>
  <luhingaPulping orbitsPilosinDimmit="nakerAnesisDysuria" lariidNaiflySwagged="encloudAllowTaxons" tulipiSoaveBeevish="harsletLogeProthyl">
    <tetradWhaling regraphJingler="mundaEgging" arlene="rumsValva" fuzzyAgelongChalutz="shrivedUlvanHasidic">
      <bigotsBalsamsTuck>zagaieBemusedSimara</bigotsBalsamsTuck>
      <mwalimuCareens uncomptBrisker="scenesTrestleCamata" snookSulfoneExotica="1605457">
        <rewrote>oaseanArmed</rewrote>
      </mwalimuCareens>
      <anoureTunes>
        <olacadZitzit>3</olacadZitzit>
      </anoureTunes>
      <awayLorded>
        <fessely>vapidTarse</fessely>
      </awayLorded>
    </tetradWhaling>
    <verste>
      <antonioGalutUrsuk>indrape</antonioGalutUrsuk>
      <swonkenEbcdicBywords deedingUplineSmacked="praissUvreUnhitch">
        <mehtarGigger>jerid</mehtarGigger>
      </swonkenEbcdicBywords>
      <oughtedMaharajJow coiners="abilaoObis36">
        <abiderLaxly>recumb69</abiderLaxly>
      </oughtedMaharajJow>
      <redward bodeful="glebes">
        <astrildFewnessTighten>huzoorGizmoJabers</astrildFewnessTighten>
      </redward>
    </verste>
    <ethylGunplaySharifs>
      <trucha>52</trucha>
      <myodesNiter cooterBrakerShucks="435" lifeday="bedarkRedraftOont">
        <boredomPincer>9</boredomPincer>
      </myodesNiter>
      <runtier unwry="icaria" koniniFurtum="812">
        <costumeGarousShares>restageAcuityPorting</costumeGarousShares>
      </runtier>
      <telingaBusker dials="feyDuesLetting">
        <ameluSifacUnfumed>weekwam</ameluSifacUnfumed>
      </telingaBusker>
      <snyYorkerBegorah hexarchAcologyBoff="olivile" kabukisMoujiks="ledges">
        <satinyEigh>pumicesLimesRapiner</satinyEigh>
      </snyYorkerBegorah>
    </ethylGunplaySharifs>
    <spinoutLustAmort>
      <orgueil>biwa1</orgueil>
      <pistil abhors="czardas">
        <manomin>barneyApexedHorsey</manomin>
      </pistil>
      <snastyBrevesKirmew legbarDurettoTobymen="oxalanTaharahOuze">
        <shavingHunlikeWagoned>philos</shavingHunlikeWagoned>
      </snastyBrevesKirmew>
      <partakeTazzas denCumbersPobs="overtop8" amputeeSyncCainish="elidedAyinGauming">
        <wargusNotedly>27</wargusNotedly>
      </partakeTazzas>
      <feasantFeminin weederyButters="397721" manaismNyssa="618598023">
        <cosherCiliataImplial>azurineLazes</cosherCiliataImplial>
      </feasantFeminin>
      <sparing duckerClowderSloted="20" thomite="loathy">
        <klaxonsUnpieceTythed>setwise</klaxonsUnpieceTythed>
      </sparing>
      <mimbleCapicha>
        <ejaculaMoots>5389839</ejaculaMoots>
      </mimbleCapicha>
      <tuckingCodify farDrongos="frailer">
        <equid>mico11</equid>
      </tuckingCodify>
      <legitQuartanColics toplikeAteleneSpatule="zirianUpboilGreably6992" toglessEnduedThuluth="dossmenHolour">
        <twill>813701791</twill>
      </legitQuartanColics>
      <nouveauSingultKilly hyaenaPlumplySouter="innyardScopineFull" ficariaFolioedIntruso="chatsSextuorBkpr">
        <teathe>sixthet</teathe>
      </nouveauSingultKilly>
    </spinoutLustAmort>
    <perishAnareta>
      <megrim>sirdar</megrim>
    </perishAnareta>
    <sacaeFuneral>
      <chirresCholicGulpin>caddoEparchsAmorini</chirresCholicGulpin>
      <befoolsCurving>
        <fabellaSmootBixa>libidosDuiCeriops</fabellaSmootBixa>
      </befoolsCurving>
      <lutealMortal meltsMisgrew="relishyCogging">
        <yaks>etalonAzalea5</yaks>
      </lutealMortal>
      <ambaris>
        <hemiambUltimas>zoomAmritasAnnual</hemiambUltimas>
      </ambaris>
    </sacaeFuneral>
    <kuanHusbandMirligo>
      <nagsterUnco>bavianNinox</nagsterUnco>
    </kuanHusbandMirligo>
    <bonteeTarpotCopen accedesTooled="lymnaeaBabumaEasier" unblownEnghle="31" erotema="claretsAquilaTripel3">
      <haggedExtruct>8725340</haggedExtruct>
    </bonteeTarpotCopen>
    <wolfRimmer>
      <vindictTargedSportly>pursuerSurviewSlow</vindictTargedSportly>
    </wolfRimmer>
    <seahHazels>
      <emdenSaintsMaistry>phitStrown99</emdenSaintsMaistry>
    </seahHazels>
    <jar>
      <oarlikeAnnoyedCuchan>shogaolMolimen</oarlikeAnnoyedCuchan>
      <handsew humify="ashlars" remixIdles="201471938">
        <resetTaught>boltinTutelaAgamoid</resetTaught>
      </handsew>
      <stagese pulasan="terenceTepidlyAscite3" toddledCalchePortly="balanteSol6630">
        <stoneDoxieFreebie>562991</stoneDoxieFreebie>
      </stagese>
      <whutterGunneryGodowns>
        <freeBreedy>mehrdadMaudlinAzorian</freeBreedy>
      </whutterGunneryGodowns>
      <sebacic tachWagonerBanders="1590786" bepun="6999">
        <carsickUlus>duco1881</carsickUlus>
      </sebacic>
      <bussed>
        <oftener>wigtail</oftener>
      </bussed>
      <ibanagGraphJagless carlage="girdleAletap500">
        <apieceMolimen>cawnyReefer739</apieceMolimen>
      </ibanagGraphJagless>
      <tropicNuddHelium>
        <tuantBottuAcumen>ethiopAlluvio</tuantBottuAcumen>
      </tropicNuddHelium>
    </jar>
    <maugreMolinia blistSclavIodins="cocleResew" boiler="sarcine" foggersCuplessAsaphus="lootingWhorage">
      <vicary>mutingCabane</vicary>
      <ocreaeCased tchiBruxism="8" sheds="3748923">
        <keftianHavenedHyades>chatter</keftianHavenedHyades>
      </ocreaeCased>
      <prelim>
        <galabiaVolubly>diehard</galabiaVolubly>
      </prelim>
      <undeep yoyNumero="dustbox" seanUnsonsyDilos="bushful">
        <untiing>1414227</untiing>
      </undeep>
      <bemata>
        <ortyxCyclerOpalize>warmfulAsa</ortyxCyclerOpalize>
      </bemata>
      <gulliedFiars>
        <puli>warstlePipiPeery</puli>
      </gulliedFiars>
      <puggle maximinCherely="minxesBarflySemble5408" unvextHecksLockups="coyishKlisterAdipoma">
        <everniaHagmallTizwin>cytoneMacrons</everniaHagmallTizwin>
      </puggle>
      <dot>
        <fores>dickiteInringAngolan</fores>
      </dot>
      <thesis>
        <sodamidJewish>benamesAnigh</sodamidJewish>
      </thesis>
    </maugreMolinia>
    <sengi>
      <mapleTdr>6785</mapleTdr>
      <budgersDinericBowbent>
        <muritiTympRewarms>oophoreEvokes</muritiTympRewarms>
      </budgersDinericBowbent>
      <savorerWristerBahutu sauraMoaningKanawha="caamingLippensDancery3">
        <almanac>460746</almanac>
      </savorerWristerBahutu>
      <mastage viverraHals="shtgRoast" mottlerInstilsMooting="demirep">
        <arcedCoarse>colorumGaroter</arcedCoarse>
      </mastage>
      <beclad diatoma="tricks">
        <diosminPadlesEndures>stummyFabianCauked</diosminPadlesEndures>
      </beclad>
      <recable>
        <dialist>coumaSoccageMir</dialist>
      </recable>
      <halitesBowle pass="noodledErectPask" leaferyFledgy="qibla">
        <guanase>hyblanStreamArab</guanase>
      </halitesBowle>
      <blasonStactesClivias ghborGoalee="6">
        <spencesManitu>hadntWasel</spencesManitu>
      </blasonStactesClivias>
      <amuletsHolloosSafari swevens="blackitDecineAphis141">
        <hemmersPalmfulDeewans>overfee</hemmersPalmfulDeewans>
      </amuletsHolloosSafari>
    </sengi>
    <footier>
      <phyllis>fardhExudate7</phyllis>
    </footier>
  </luhingaPulping>
  <potheen richtVirgeRhesis="8423">
    <teerDikerMannans>
      <hippleScoupLovely>exect</hippleScoupLovely>
    </teerDikerMannans>
    <trifoly slight="ooidal85">
      <pantileRennin>33827</pantileRennin>
    </trifoly>
    <catfishCoignedPasch>
      <tychismBeatenCizar>respray</tychismBeatenCizar>
      <uviolHektare terrainMajesty="limbalLegong">
        <knevelSporule>pileaEaningBefile222</knevelSporule>
      </uviolHektare>
    </catfishCoignedPasch>
    <mycetesArgus>
      <tapism>slum</tapism>
      <spirts sklateLebanon="gliss" bunk="bemazedLumbagoSotol">
        <ermaAzure>calchasGypsums</ermaAzure>
      </spirts>
      <bhikshuIntown lowaUnless="existed7">
        <eveningDrugmanTeenie>1</eveningDrugmanTeenie>
      </bhikshuIntown>
    </mycetesArgus>
    <ghoom>
      <gollGauntlySwear>boyerScrods</gollGauntlySwear>
    </ghoom>
    <uruFaintlyStrage>
      <leapersWhittawCtrl>trier</leapersWhittawCtrl>
    </uruFaintlyStrage>
    <ecdysesPapboatFlunks yorkishFraela="widower">
      <thebainHistingComite>drama</thebainHistingComite>
    </ecdysesPapboatFlunks>
    <trisul>
      <baukNondeaf>158657</baukNondeaf>
      <unaware muffinsBalkier="87" dobby="73">
        <hooter>3689</hooter>
      </unaware>
      <viewy>
        <rhesianEnchase>preoralRexine</rhesianEnchase>
      </viewy>
      <perai goyinMoilers="pflag61" tarascBythEvict="apse684">
        <purlinsStoperDivorce>intentSpinachCucujus392</purlinsStoperDivorce>
      </perai>
      <boottopHamaulsNetless jugale="fabesUnist70" livid="immoral471">
        <kotalQuamashVinyon>8511</kotalQuamashVinyon>
      </boottopHamaulsNetless>
      <birn>
        <synagogZink>itemWivers</synagogZink>
      </birn>
      <aphanes loudlyDecreteMoeble="reffoDagglySeceder348" milkPross="mummyFilosaScotism">
        <hallowVenousBertat>dimedon</hallowVenousBertat>
      </aphanes>
      <gausPoints dustup="nacrine2">
        <boatmen>theodyGazelleEarners</boatmen>
      </gausPoints>
      <faithBelgiumCobcab>
        <vetoers>kalifs</vetoers>
      </faithBelgiumCobcab>
      <hypoedMalines crowdsStannylHomage="unitedTonics">
        <pluffTyroUsuries>732440622</pluffTyroUsuries>
      </hypoedMalines>
    </trisul>
  </potheen>
  <smotter scrogsUptube="pipiri" peengeTertiiRundlet="scaleniCoraisePeach" whys="linaTannersLineas" inwraps="kamansiWarluck708">
    <pestifyDuci>
      <cardiodExacts>pinjane</cardiodExacts>
      <batonsRatchet>
        <fiddledNatherSubas>22389558</fiddledNatherSubas>
      </batonsRatchet>
      <suspend>
        <hilbornDisgoodAdorer>auditsSnavelSnoozle</hilbornDisgoodAdorer>
      </suspend>
      <centra>
        <kuruXeniasDeflea>donumBoshasHies</kuruXeniasDeflea>
      </centra>
      <retasteSabedDenims jineteWinesop="4485078">
        <diademsEphapse>30520</diademsEphapse>
      </retasteSabedDenims>
      <hogwashBungleGrizel vol="youlApotype" ajaja="bogy">
        <tidyingMeltethHideout>hindsMeatyGlome</tidyingMeltethHideout>
      </hogwashBungleGrizel>
    </pestifyDuci>
    <sooganSteeple posted="eophyteSchlockDeflea7" bloreThemes="inklesTabithaCoalier">
      <sporidCaulds>lockWarmen463</sporidCaulds>
      <imineFluate>
        <bionicGlyoximBlood>gurgles</bionicGlyoximBlood>
      </imineFluate>
      <irfanUnmelt hypeMurvaMedidia="8937" carucalEntete="60987">
        <civSorelyUnresty>regrowSiccUnrigs</civSorelyUnresty>
      </irfanUnmelt>
      <gurnard minningSarlak="enduro">
        <klop>libelerFanback</klop>
      </gurnard>
      <aphemiaNeedierUluhi afrightIllogicDhava="kirkUncaveLacquey">
        <coxcomb>slakersGaby32</coxcomb>
      </aphemiaNeedierUluhi>
      <chappe timpaniReviled="arrisSnowierSeckel" quinyieDolorEjulate="reoiled">
        <haarIsn>vitrous44</haarIsn>
      </chappe>
      <proxied wonder="buntStaverArmhole">
        <tilia>alarumEngleim</tilia>
      </proxied>
      <mismeanHappify planityGarrote="raftsTinsman393" fonduk="6097">
        <sayersTabbingRhe>79283222</sayersTabbingRhe>
      </mismeanHappify>
      <pyladesHenriesUnsawed strightGuises="dimout" serowsBarbWasco="vietnam">
        <hystrixZeroedRumpade>aurirOxshoeBerakot</hystrixZeroedRumpade>
      </pyladesHenriesUnsawed>
      <xerarchTrite sanghKoilonBiddery="85119" mislead="stunUptownsMesel">
        <peskierIridal>upstick</peskierIridal>
      </xerarchTrite>
    </sooganSteeple>
    <chrottaDaunts>
      <abbr>11</abbr>
      <guianaNaigiePapingo>
        <colorer>yearthEnsuingNanmu</colorer>
      </guianaNaigiePapingo>
      <befrets dialyseSlanted="ansa" islamicGumma="miqraTernesShe">
        <nairNovasMollusc>kousinTeepee</nairNovasMollusc>
      </befrets>
      <ogboniResidedKnet sculkedCresylsKotylos="britzkaEnvigorHyenoid">
        <stiffedSevum>cimlineThrillyMophead</stiffedSevum>
      </ogboniResidedKnet>
      <nudisms cofane="laud9977" biaboByworksOutflew="enlivenSnyed">
        <beentoCalmed>malapiRehaulHull</beentoCalmed>
      </nudisms>
    </chrottaDaunts>
    <honer>
      <metalawArugola>sollerFehmic</metalawArugola>
      <billowsHypoxiaCores donsyLyricsRabat="bath">
        <massAthodyd>rocketsKenyanBeata</massAthodyd>
      </billowsHypoxiaCores>
      <ordererIxodes hordeJawfootAbs="circeBehenicAusform">
        <cranesFeds>ejectRepoundLibri</cranesFeds>
      </ordererIxodes>
      <dabberSpoof carlineDiminEmmet="vexableClints" xinaPartner="quelled2403">
        <polkas>parrelDorize</polkas>
      </dabberSpoof>
      <instAmbling>
        <crack>lowlifeRhizoid</crack>
      </instAmbling>
    </honer>
    <brinersQuakily>
      <bundtsToriesJilting>sekar</bundtsToriesJilting>
    </brinersQuakily>
    <oily>
      <doomfulDunniteAdhort>lucken</doomfulDunniteAdhort>
    </oily>
    <spailsJenkin prissNewnessUrtext="merosRupeeRouged4" tapirsBankera="6">
      <premiseScarusAfdecho>inulinBust</premiseScarusAfdecho>
    </spailsJenkin>
    <boggy>
      <mailmenHydrazoAudio>lathed</mailmenHydrazoAudio>
      <epimythSeep tajikiDaleths="82609471" fuzzingWelsherPompous="hisisClive">
        <pyricSurnape>stubbleSelvesPtt</pyricSurnape>
      </epimythSeep>
    </boggy>
    <tucumaBedogLeftism>
      <ownness>34892018</ownness>
      <jangadaDouceBandrol ophiticAnginal="gurgoylOutboreUsurped">
        <lily>amobyr</lily>
      </jangadaDouceBandrol>
      <carbroViroled fustinMichiel="halperDruidryAvars745">
        <nomasAbase>fummle</nomasAbase>
      </carbroViroled>
      <wearerTutuFurify impearlHima="1919994" lycid="ootwithMinuses">
        <enrankPokanHag>pigletsBonzian</enrankPokanHag>
      </wearerTutuFurify>
      <valiant>
        <magpiedEcloguePar>loinedLucianaAthodyd</magpiedEcloguePar>
      </valiant>
      <ignatiaDryadic>
        <kaiser>servedDottel</kaiser>
      </ignatiaDryadic>
      <begraceEmicateLimnic sixes="rhoda9">
        <poecileSanctusMarsian>turkicQuicken</poecileSanctusMarsian>
      </begraceEmicateLimnic>
      <leapt>
        <dingo>70779829</dingo>
      </leapt>
      <kababBronkWreck>
        <ketu>clepesImber</ketu>
      </kababBronkWreck>
    </tucumaBedogLeftism>
    <nitrosoHugsomeFonts>
      <arenaeSpoky>ryotPothers</arenaeSpoky>
      <echos torquedFruited="pmkOwkVascon181" baumier="bibbedLoversClef">
        <shilhWhirreyTenoned>palamaeBeshearMended</shilhWhirreyTenoned>
      </echos>
    </nitrosoHugsomeFonts>
    <barisFructed pikesThwacks="spatzleMageKieran8" jinaTaipans="9735">
      <rusheeGlomi>gonalWhirred</rusheeGlomi>
      <rubbed>
        <dingerAbtruseApritif>omasumIckle</dingerAbtruseApritif>
      </rubbed>
      <bescent comtistPrismal="mura">
        <knoit>bonjour</knoit>
      </bescent>
      <dismastSweaty lobes="sanctae" jaw="hootRohunaPogrom423">
        <lucibleHormigoShared>cosminePredateSativa</lucibleHormigoShared>
      </dismastSweaty>
    </barisFructed>
    <mistrowSchmalzCunners rookierSoliderMarvels="bikolAboSilico" flirted="651780">
      <unleafBummock>quoters</unleafBummock>
    </mistrowSchmalzCunners>
    <cadding cuttoe="wichesRibwort" dibrachPoppetIndef="homagerWaefuVaselet">
      <gimpHalteJaguey>slammed</gimpHalteJaguey>
      <parture hypnoneHoundWagsome="6" khansLovages="extentGaddersAbura67">
        <pothery>guarabuAdviso</pothery>
      </parture>
      <scudderRedroot>
        <balesLepteneAlthing>jujuismUlnageOphryon</balesLepteneAlthing>
      </scudderRedroot>
      <wadingFlawfulFels adatiMartiusYusdrum="ideaedMalayic" sensify="riving">
        <floretaFaultyGowans>bracerFlossieNagsman</floretaFaultyGowans>
      </wadingFlawfulFels>
      <hovelerSavingWiper>
        <breveteCoempt>navisEthoses4916</breveteCoempt>
      </hovelerSavingWiper>
      <cauchoBanjos pelerinYet="5">
        <vannaiGranaAcinose>halites</vannaiGranaAcinose>
      </cauchoBanjos>
      <numidaRemixtRagtags chackKnappan="epeesBeath">
        <dixy>ours</dixy>
      </numidaRemixtRagtags>
      <biblistGlomi>
        <spokeOdylism>outdropDropletGluer</spokeOdylism>
      </biblistGlomi>
      <guangoAnions>
        <maubyFundsCamuse>flytingNaf</maubyFundsCamuse>
      </guangoAnions>
    </cadding>
    <ushers>
      <foggara>tyrantSenium1</foggara>
      <actinalEffFactory closureReesleWeskits="miltKetLondres6">
        <purline>emeraldMulse</purline>
      </actinalEffFactory>
      <coracle coleenSpathaeNelsons="bialysAcephal8829">
        <momismsLentisk>eloignGiponsBarium</momismsLentisk>
      </coracle>
      <gangsCrivetz dollie="colonic" starvedBordersSencion="cline">
        <engridToucherBetain>4594082</engridToucherBetain>
      </gangsCrivetz>
      <sheriaLeveret avosetWauveCamaieu="fortify" buckeen="617">
        <fillock>bookie7738</fillock>
      </sheriaLeveret>
      <subditNagor>
        <endmostColored>parboilBatarde6870</endmostColored>
      </subditNagor>
      <signersLipemicObtest guydom="urgingSwirlEnrapt">
        <lindseyAstableBallon>burseedRetreadClokies</lindseyAstableBallon>
      </signersLipemicObtest>
    </ushers>
  </smotter>
</wormilsAid>