<?xml version="1.0"?>
<lalledChallot>
  <htelSolaces dandledMonadicWatts="parelleFameuse" corkedLlautuBlawing="461" />
  <flitty stappleJargle="346998" oftnessPlasmin="pathwayGlaceLyken" />
  <hagGesterAgitate hotel="pielikeVerdantImps" lee="hockeyBaeria" narcose="gueTaotaiJelick5493" talieraSabras="scraich">
    <chewSofaNoyaded tingles="swanpanTumion">
      <panthea>humerus</panthea>
      <charrasUngaiteCen>
        <arenig>boregatRekissAnaitis</arenig>
      </charrasUngaiteCen>
    </chewSofaNoyaded>
    <amnesiaJemidar damans="smuisty" javahaiWied="waffles2740" clattyEucalyn="sunbows911">
      <wasSellieChadri>chrysis</wasSellieChadri>
      <yoickSubbeauRoster>
        <taeBesugoCuracoa>luckingDeemed</taeBesugoCuracoa>
      </yoickSubbeauRoster>
      <haiariHetterTchwi mimersSlade="931880998">
        <weedingNandinLeucon>adapter</weedingNandinLeucon>
      </haiariHetterTchwi>
      <scuzPockilyShakoes thrower="artlike" ugtBipeds="dregsHaspsMowhay96">
        <calciTreadBenorth>elkuma</calciTreadBenorth>
      </scuzPockilyShakoes>
      <leersObarne>
        <nightieOpenedConder>979900</nightieOpenedConder>
      </leersObarne>
    </amnesiaJemidar>
    <dizzierCupheaMammy>
      <lewises>arcus7115</lewises>
    </dizzierCupheaMammy>
    <whilterMedleRetooth gremmyRusin="6915216" bendAxon="teddingAdenoma618" molto="kilan">
      <seesawKluckGauric>soleasLoginMugwort</seesawKluckGauric>
      <doiledNorna>
        <lutaoTresche>brosse</lutaoTresche>
      </doiledNorna>
      <hegari amable="overhot" logshipAcier="komarchTurncapCupman">
        <homeownGoloeSlashes>kiluckHalfwitStotter</homeownGoloeSlashes>
      </hegari>
      <suwarroFemur>
        <unvividWingman>gabe</unvividWingman>
      </suwarroFemur>
      <cable gardenTroversDigenea="71">
        <euterpeBumfs>domicalInfaceEnhappy</euterpeBumfs>
      </cable>
    </whilterMedleRetooth>
    <inlandThrasoDumber>
      <upshotHostry>misnamePassant</upshotHostry>
      <outdoesAgyAkonge>
        <datablyPuppiesMiddies>8</datablyPuppiesMiddies>
      </outdoesAgyAkonge>
      <jellabIntoArbor>
        <reagreeAsrama>601069</reagreeAsrama>
      </jellabIntoArbor>
      <damasScale>
        <unheadySullanHombres>knotterBoca1935</unheadySullanHombres>
      </damasScale>
      <picidaeChoiredIodines ramtilsEjulate="khud" duddie="jetHopoffGages">
        <siftersHaemin>forwornReginBlype</siftersHaemin>
      </picidaeChoiredIodines>
      <unmoist>
        <imputedAmish>loculesOutvoteAzotine</imputedAmish>
      </unmoist>
    </inlandThrasoDumber>
    <oneidasPour>
      <houhereVespoidDunlap>wiryBoeGilders</houhereVespoidDunlap>
    </oneidasPour>
    <jumpPollet ulexitePapelonCedi="bield">
      <borghiCalculiLydia>reincurBabiismCalques</borghiCalculiLydia>
      <ample hasanKinchWittols="messrs">
        <gayway>turnsSuppl8716</gayway>
      </ample>
      <nullo isn="jinxesUngular">
        <barbu>deaderCrullerUntipsy</barbu>
      </nullo>
      <baldwinSleezyVesture>
        <gloater>rewoodBracts</gloater>
      </baldwinSleezyVesture>
    </jumpPollet>
    <sculledSoireesSimblin>
      <cadmic>osteal</cadmic>
    </sculledSoireesSimblin>
  </hagGesterAgitate>
</lalledChallot>