<?xml version="1.0"?>
<feofforThalersIdryl>
  <starletAraceae />
  <bandedPythianOoliths darker="machaonArtsyGaudier74" atoneAmusJoiners="7994" eutocia="bleaLooing" hailedMammodi="165790852">
    <bozos>
      <frae>34044798</frae>
      <piendPfd>
        <youngerAbbestGahnite>cantyOttroyeSubanun</youngerAbbestGahnite>
      </piendPfd>
    </bozos>
    <rosebudWyve>
      <rundi>46</rundi>
    </rosebudWyve>
    <shaikhJointsCoarsen siwan="alastorOutdoBatis" cabersQuiscosChapt="51179441">
      <taipei>23630</taipei>
      <popie sacatonDefamedTahsils="geumGadders">
        <deedfulOwlerBabery>obfuskBarriosDargo135</deedfulOwlerBabery>
      </popie>
      <uremiaVamped yeggChecksClokies="maulviBefSen80">
        <nipaZillaMayhap>lodemanNicetyEnvies</nipaZillaMayhap>
      </uremiaVamped>
      <kairineWists woohoo="37508" fumish="spaniolGoutte">
        <calmantGeegaws>seabirdJuturnaLigable</calmantGeegaws>
      </kairineWists>
    </shaikhJointsCoarsen>
    <cebur>
      <wappatoSynaphe>orarion</wappatoSynaphe>
    </cebur>
    <hep outwishAlepotRollway="formatRegimen">
      <muse>deafishBuffy</muse>
    </hep>
    <shammosTipiti>
      <shagShewedDetruck>aflareEggcupTanists</shagShewedDetruck>
      <taxineRsvpAbating amic="gudesSaccos" outwileRoodle="kalisCollowAbalone">
        <paraibaTillageSifted>bleatedFinnic2</paraibaTillageSifted>
      </taxineRsvpAbating>
    </shammosTipiti>
    <bezziAurore>
      <ocreaScotchyArborea>drachenRenomeeBinna</ocreaScotchyArborea>
      <hondo spiryBedaubs="unfightAlumen">
        <grazedGladii>arean</grazedGladii>
      </hondo>
    </bezziAurore>
    <bromiteLucinda>
      <wondieCarhopsAgouara>flambee</wondieCarhopsAgouara>
    </bromiteLucinda>
    <plotter amorphThankeeAarrghh="6">
      <lendersAcheneBenders>commarkGonium</lendersAcheneBenders>
      <tanzyHopeful whandClaiverCoffees="forbidLambkinSowed" libbet="firkingWirebarDynasts">
        <birsyTchast>480456</birsyTchast>
      </tanzyHopeful>
      <omasum grendelIndwell="flaunt">
        <lourdyLalo>curvityFalloff</lourdyLalo>
      </omasum>
    </plotter>
    <fritted>
      <maimsTingleWales>116</maimsTingleWales>
    </fritted>
    <gagglesParral occursMenfolk="tinosa" stokersYarthen="toatoa" warnothComoid="cymric">
      <ruelleHypnoidGraving>51593314</ruelleHypnoidGraving>
      <truncusSlashy turvy="zuisin66" wails="lintolsGunnelGosport">
        <booing>892250</booing>
      </truncusSlashy>
    </gagglesParral>
    <atheous brainer="3140">
      <amidinsGranteeDeparts>bertatPintailFooder474</amidinsGranteeDeparts>
    </atheous>
    <talker>
      <trsTapwort>defeitJeanne</trsTapwort>
      <dehwarLycaena carvistRotularOrf="frisureResedasLomboy939">
        <hieingToward>gilo</hieingToward>
      </dehwarLycaena>
      <timothy suffersBelindaNomes="folliedEtoileMousse">
        <roosa>rapierDulls</roosa>
      </timothy>
      <roachThills>
        <sacateTerreno>employsNidiMoline</sacateTerreno>
      </roachThills>
      <modisteScooped snorkPrajnaRougher="aerobus">
        <emerick>unborneStannicOmniana</emerick>
      </modisteScooped>
      <deedGayest>
        <achape>kababs</achape>
      </deedGayest>
      <myrosinSurgery>
        <wineier>estadalOxidateEnact77</wineier>
      </myrosinSurgery>
      <simpsGrandly corodyNeeborFcp="railmenHuddled" abjurerManwaySynodal="457">
        <brans>megafogTacticSalviol</brans>
      </simpsGrandly>
    </talker>
    <birdmanAmusedOrra vesanicDwamish="5369390" toodleBorons="7">
      <swiwetUnglove>guichetObbBulgers8</swiwetUnglove>
    </birdmanAmusedOrra>
  </bandedPythianOoliths>
  <defleasDonny />
  <walkupBahoWimble haggishWolf="lunularTamales" oncomeTwiCulches="boydomNeaps" />
  <langursArabic>
    <hawkeys>
      <chokierDevicesLikest>elutesHuffishDrummer</chokierDevicesLikest>
      <bedarkSympusMouthed>
        <lesteBuck>leafsBurnup</lesteBuck>
      </bedarkSympusMouthed>
      <brockleAbiponFumble lachesMaracasHonks="skylook">
        <edomite>pangeneMoiety</edomite>
      </brockleAbiponFumble>
      <oltondeChicanoBauds>
        <airersCicer>virguleBebeastEosins</airersCicer>
      </oltondeChicanoBauds>
      <monied xinca="373808179" kaldani="alkylicLouting">
        <cigalaDecadicNohow>recoverAdeemShofars</cigalaDecadicNohow>
      </monied>
    </hawkeys>
    <azurean phoebes="chapahMygTheines" smartlyPlagateAcumens="lapisRolfe">
      <clumOctuply>cannedEnjoyVoilier</clumOctuply>
      <balaraoLapisApician>
        <bijouxBibbler>loboseTallols3</bijouxBibbler>
      </balaraoLapisApician>
      <retax quimperArthralBriguer="burbarkBlamerPimlico1360" degumBecovetBuhl="patenerHomageWoolded">
        <unultra>natura</unultra>
      </retax>
      <oxidise miracleLiyuan="duppa">
        <tillaea>unkept</tillaea>
      </oxidise>
      <disbodyCanarinAnda>
        <bokom>lazuleRoster</bokom>
      </disbodyCanarinAnda>
      <axonalMarrows>
        <bluishAffere>loxSpurreyUtopia</bluishAffere>
      </axonalMarrows>
      <reachyTurbitPretium daricsWiddrim="rebukerPavingFargite" plushedAegeanFiscals="shojiMarshaSweeny">
        <hawser>unpot</hawser>
      </reachyTurbitPretium>
    </azurean>
    <prussic repoursHoydens="stapler">
      <ramhoodWoefareSutra>1</ramhoodWoefareSutra>
    </prussic>
  </langursArabic>
  <restioFicelleFaying beware="mestDisowns9931" ambrainNinth="262">
    <sillerShowerSedges chirredCroceusTrefa="relataPlan" kabarGensengCypriot="rinsingGuerre">
      <pisteSimians>piacaba</pisteSimians>
    </sillerShowerSedges>
    <indolylCockupsBristol>
      <outsin>dunesCevenolLoros</outsin>
      <rabbinsExacted mindfulGeulah="37795" isotach="kaurisJawfootExotic30">
        <gadeanDogleg>891</gadeanDogleg>
      </rabbinsExacted>
      <dhaSarlyk soeverInsetsYarer="herosCofinal77">
        <sulliedSpait>apay</sulliedSpait>
      </dhaSarlyk>
      <echinalClachanLoiter mobleDotardyTatu="pulayan">
        <thecataOctansBalolo>87502</thecataOctansBalolo>
      </echinalClachanLoiter>
      <regaugeAbjectAnetic undevilPrewireFogram="5" algoresMermnadNeglige="lattins">
        <kilting>palmic</kilting>
      </regaugeAbjectAnetic>
      <noterAdielTemplon ninut="towdie296" swash="54209">
        <asp>iyarAdreno</asp>
      </noterAdielTemplon>
      <engrace associeMasher="wanes3">
        <oenolicAlpha>ovamboSclimbTithes2462</oenolicAlpha>
      </engrace>
      <aburbanTertiaBugging efformCoddySouslik="biurateIronism" tessaraSloom="592">
        <smirker>orbital4155</smirker>
      </aburbanTertiaBugging>
    </indolylCockupsBristol>
    <anchovyRangy>
      <tanegaIctuses>lushlyMewing</tanegaIctuses>
    </anchovyRangy>
    <tanite drouthsVigourDaryl="70293094" iswaraFennish="stupexLufferCamphor">
      <sinkbox>pardieu</sinkbox>
    </tanite>
  </restioFicelleFaying>
  <yapons uckiaKorona="hoopman" corulerVeneneLacunae="aghaPiro" henlikeTermage="yorkForelegBateful" fulgent="templetWesleyAslake">
    <hestiaBootiesStrate>
      <mukdenKeenly>octantsQuaichs</mukdenKeenly>
    </hestiaBootiesStrate>
    <mitogenBelloRemask>
      <fetuses>humeanCyansChopine453</fetuses>
    </mitogenBelloRemask>
    <submitsRegives>
      <rebegetBanjukeUnusual>hichuWattest1</rebegetBanjukeUnusual>
    </submitsRegives>
    <byworkEmendsMask>
      <battled>76504208</battled>
      <nipas gascons="warns">
        <arseWomen>90159115</arseWomen>
      </nipas>
      <broguer pressorNide="turfTantawyFirked">
        <cizarSpicous>248990</cizarSpicous>
      </broguer>
      <unstoreSucces milner="sqqDaidled" stodgedGreigeYell="klamath">
        <chirmed>nomenMaters</chirmed>
      </unstoreSucces>
      <refroze>
        <eruptsAnnuentRemeant>vergery</eruptsAnnuentRemeant>
      </refroze>
      <hydrasDozilyCrumpy siccanLactoseSinapic="781354853">
        <petosStaitheAlmery>unraspy</petosStaitheAlmery>
      </hydrasDozilyCrumpy>
      <keyways thuggedKnobblePanful="86807522" cartedFull="atomsPuliolRewan">
        <pocketsLestPavise>679447401</pocketsLestPavise>
      </keyways>
      <allowWoodyQuito>
        <mandyiWith>6316596</mandyiWith>
      </allowWoodyQuito>
      <bestingBromize bobcoatQuaighs="tyloteBruits">
        <lianoid>ashramMonismsAmmonea</lianoid>
      </bestingBromize>
    </byworkEmendsMask>
    <mottoes>
      <spinuleLaiJadded>swoopsSynacmeVienna</spinuleLaiJadded>
    </mottoes>
    <pinbone bedazed="stinkVerbenaNearest" rustledTerai="cappaghAvertedAfright88">
      <rookingDonorCloy>flavidSprettyMusal</rookingDonorCloy>
    </pinbone>
  </yapons>
  <unslit sturteWraxle="amalettYakshiSkhian" carrusFiculaVirtu="skulker" sarawanWelchedKinks="carlock" vinataDestinAffine="raplochAvoWahhabi20">
    <garnets>
      <himneTuttis>berberElymi</himneTuttis>
    </garnets>
    <detPuddled>
      <sisesMagbotePilea>76853182</sisesMagbotePilea>
      <venturiSuasive enwheelNakerThugs="69869381">
        <maniuYappingLanson>oxalyl</maniuYappingLanson>
      </venturiSuasive>
    </detPuddled>
    <canals>
      <dogsledAgatizeRatchet>nesioteCotlandGnomes</dogsledAgatizeRatchet>
    </canals>
    <arukeForges dielec="koodoosArtemia" wattles="lampoonCliquey">
      <phlegmsScreenoPurre>garrupa11</phlegmsScreenoPurre>
    </arukeForges>
    <gomukhi smokerGluteus="56091">
      <surahiCestas>657</surahiCestas>
    </gomukhi>
    <elemiAlaund>
      <dreyntToolerUnplain>filibegSaurWhindle</dreyntToolerUnplain>
    </elemiAlaund>
    <carotinCauterAppal foolerySafer="bombleSunglow" pliedAugustaTortor="lydditeDoblDegass7234">
      <trinkPalilaBaguio>geanGrumpedBarny</trinkPalilaBaguio>
    </carotinCauterAppal>
    <clauberVeruledWinnock>
      <octuple>59412002</octuple>
      <famedChalukaBacchae>
        <chemiseUnrakedPashim>sirpeaDinicalRedound</chemiseUnrakedPashim>
      </famedChalukaBacchae>
      <eryopidPlaticKnobbly dhenebTertium="nonpoetCloserIncudes" buttersEeliestVeiners="6235191">
        <brailleDocentFinal>arsenyl8</brailleDocentFinal>
      </eryopidPlaticKnobbly>
    </clauberVeruledWinnock>
    <sacianLookout exion="213">
      <fatidicPawsRedated>abroach</fatidicPawsRedated>
      <ccws>
        <joshiPeascod>joyDunbirdRivages</joshiPeascod>
      </ccws>
      <bordurePricy quoitedWurstDruttle="hushesGlide">
        <uberous>2</uberous>
      </bordurePricy>
      <curlersFilaEqpt youpons="kososTyrWiglet">
        <naturalReaped>brusher52</naturalReaped>
      </curlersFilaEqpt>
      <denselyDuadsTribrac forbornEngager="guggletFoils" hamzasAxle="lignumAkebiHerniae">
        <cucumisPretUnrigid>besplitHamitePoebird</cucumisPretUnrigid>
      </denselyDuadsTribrac>
      <gubatBiplaceStruma>
        <ludgateUnsownUpget>alamoMycetesGirasol</ludgateUnsownUpget>
      </gubatBiplaceStruma>
      <doggiesWurmalDessous rabbits="25">
        <barbute>muslinsSeedlet595</barbute>
      </doggiesWurmalDessous>
      <emeutesKettle>
        <maze>8492937</maze>
      </emeutesKettle>
      <mammula>
        <creneleKilij>814681924</creneleKilij>
      </mammula>
    </sacianLookout>
  </unslit>
</feofforThalersIdryl>