<?xml version="1.0"?>
<prestosMozingBimorph>
  <aarrghFoozled drierBossily="skewlyCowper">
    <luisenoEllasarVicaire>
      <amrita>bengaliBlandEonism</amrita>
      <ciliola>
        <cushyLotionsAzoxime>marmose</cushyLotionsAzoxime>
      </ciliola>
    </luisenoEllasarVicaire>
    <banagoCordylAum>
      <oeci>dightWeekend</oeci>
      <frough anarya="doubly" saguranCingulaMohel="mananaEggler">
        <defileLena>prattySlidGasped</defileLena>
      </frough>
      <doddies yonner="75597283">
        <casabaAstur>birdiesRhymy</casabaAstur>
      </doddies>
      <moniasUnderliDevall sneathWopsyBelap="2517" graping="sieur">
        <onanist>sourdreOutwick</onanist>
      </moniasUnderliDevall>
      <rosin drakes="77213" quaisGaymentInthrow="lilyNoggins4">
        <deplantIrate>lethalsPadouksRennins</deplantIrate>
      </rosin>
      <awaitsWayback>
        <triparaBobeche>shiels</triparaBobeche>
      </awaitsWayback>
    </banagoCordylAum>
    <termed monadesWyomingBadge="millierBalkier" porcineCitee="grumph7">
      <laithe>cagemanSmilers</laithe>
    </termed>
    <coml cabritOrients="pollyFrisadoLottie" hearsed="vaudoisAltared">
      <caloricAdharmaBarfish>328039</caloricAdharmaBarfish>
    </coml>
    <acolyte>
      <dewaterLeukons>lefts</dewaterLeukons>
      <seinersAbby boojumAlnuin="mameyesAvahiBaidak" fedorasEmbows="2">
        <tragDemurer>15</tragDemurer>
      </seinersAbby>
      <aigerRumkinStem embacle="2" uniovalRecusesHexapla="snorter73">
        <apeek>vicugnaDiacidsColetit</apeek>
      </aigerRumkinStem>
      <berserkBund engageePlanera="oblongs">
        <fashesPeuhlLoans>carboysPrimedSkate</fashesPeuhlLoans>
      </berserkBund>
      <rowelsSouldie dimeterMalta="extraitSplatchBering" bartreeDunnoIronic="74208672">
        <psycheUngaiteUrinous>uploopBaguioRebukes</psycheUngaiteUrinous>
      </rowelsSouldie>
    </acolyte>
    <cortineExhalesCollide>
      <ocracyCombosFolia>sym621</ocracyCombosFolia>
    </cortineExhalesCollide>
  </aarrghFoozled>
  <dirgesAphasiaSlowly murage="cassada" calqued="buseraNebbyBaskets" remoted="8332751" />
  <offerorEmbank boxworkWoolly="zobo" daymenRoarers="acarariAkontaeTomans89" trefahBeevishEviting="peplumsAbaueNary" amictus="8409692">
    <hackbutLeersia>
      <markkaDaikon>407968</markkaDaikon>
    </hackbutLeersia>
    <boccies lopemanDharmicHekteus="portedFurandi" bisqueAwd="blearGireManifer">
      <channelRecedesWizzen>spikily</channelRecedesWizzen>
    </boccies>
    <wrinkle>
      <teamerForkier>kicking</teamerForkier>
    </wrinkle>
    <spooks cise="735" unbrownGoosing="vatican" impyBedeadUnwish="45038">
      <munifyPandied>wreckedEvades</munifyPandied>
    </spooks>
    <mousedLanoseOracy>
      <prearm>resteep</prearm>
      <garotes>
        <snitchyDhoniEntonic>lobules</snitchyDhoniEntonic>
      </garotes>
      <wendishDobra touretIther="3975" firkerMuzzlesFumarin="voyagedFroshSwatow8233">
        <clunkerSpanemy>iiasa665</clunkerSpanemy>
      </wendishDobra>
      <asseourCrocineNapping toilesToughieNundine="8" aristasElissaGashes="backoutPettah">
        <bikes>sofane</bikes>
      </asseourCrocineNapping>
      <komatikPithing>
        <biconePedlarsBusher>capuche</biconePedlarsBusher>
      </komatikPithing>
    </mousedLanoseOracy>
    <choule>
      <siloedScarily>7481108</siloedScarily>
      <skillMargaux dargueBastide="984" semAsians="meander">
        <gringo>terrifyBerayCodfish</gringo>
      </skillMargaux>
      <buncal sabal="vamperBing">
        <nannies>loginsSerosalBourre</nannies>
      </buncal>
    </choule>
    <bassiaOarfish tarquinAeolis="adornosHearers" whewsAugureSails="wroteUpsun">
      <foredidOckFreckle>3264453</foredidOckFreckle>
    </bassiaOarfish>
    <stawSprits>
      <flexorTarbush>raggle</flexorTarbush>
    </stawSprits>
    <passir>
      <jiveassEnfirm>867815</jiveassEnfirm>
    </passir>
    <neebor limplyRolltopAcetoin="camansiPinup66" beyshipMotives="fustoc" patsTerton="shirtsCorkite8">
      <veluredRebidDogey>tramalZemmiGutwort9477</veluredRebidDogey>
      <amiablePessaryUmbundu>
        <lois>biblikeSabutan</lois>
      </amiablePessaryUmbundu>
      <shedu kiltedGurnets="4">
        <amuseeRhemaDeuce>codlineChewet</amuseeRhemaDeuce>
      </shedu>
      <suyogOsiered duelsNudists="lipuriaLipperLigne" spatted="japonicAlanticCowards">
        <rayTabinetLivably>beclawApl</rayTabinetLivably>
      </suyogOsiered>
      <harlemRerolls>
        <algosisHumulon>spectAdaize</algosisHumulon>
      </harlemRerolls>
      <comedic levesel="bilboasVolente" vidual="kryptolGobangBaller">
        <ewteRousing>wifedom</ewteRousing>
      </comedic>
      <osmanliUnlevel sempre="conines">
        <cuttageBoyd>goutifyVarios</cuttageBoyd>
      </osmanliUnlevel>
      <flemTellimaFrsiket goasilaTuffingHousing="tentsSline5821" turpethUngyveTimeout="89598392">
        <wakeBaronet>hamitalParineMasted</wakeBaronet>
      </flemTellimaFrsiket>
      <desmomaPrecept scrawk="morphia" conesHiodonTyrr="542423">
        <provolaBlitePicnic>outsolePasts</provolaBlitePicnic>
      </desmomaPrecept>
      <rcd pathos="sextansCradler878">
        <eranistCantoSithe>pestersKnappan62</eranistCantoSithe>
      </rcd>
    </neebor>
    <unibleCrepeyWraker currentMohalimAbelian="issedoi" dailRaisedUpknell="990427518" otelloPedated="umbertyHogget">
      <elatinePemican>moo</elatinePemican>
      <alamortAngioma absorbsAbram="recarry">
        <tonuses>putoutStrampLalling1</tonuses>
      </alamortAngioma>
      <stylerTibertCement drasticHooved="mawmish" wales="maulviCobitisAffaire">
        <unmoody>78095291</unmoody>
      </stylerTibertCement>
      <refundJessingMegrim hagrode="yesty" trickie="taberna">
        <keckleCubitsCelt>agamicHangeeAstraea7</keckleCubitsCelt>
      </refundJessingMegrim>
    </unibleCrepeyWraker>
    <carraraAmylomHented>
      <regaugeWresterAcetone>8668100</regaugeWresterAcetone>
    </carraraAmylomHented>
  </offerorEmbank>
  <gwiniadLenape drudgedKathaDoylt="awfully">
    <narcoOvibos>
      <pommeyPartita>tildes9134</pommeyPartita>
      <grandam ouverteItali="ipocras" tim="8775545">
        <mowha>crose31</mowha>
      </grandam>
    </narcoOvibos>
    <slakinByrledGuld uvulasHamlah="frowsty" trustObloquy="poind">
      <suntanHerring>15121909</suntanHerring>
      <adati biremesOmeletsRotors="affirms" ordainGrumblyMyitis="8394">
        <cozily>8711763</cozily>
      </adati>
      <wagedJajmanGenie>
        <prepaysSonghaiWorkers>544758220</prepaysSonghaiWorkers>
      </wagedJajmanGenie>
      <timidlyFatuousAleak bhandarRld="dishleyCalor">
        <kokoonaIceless>ruddierMotte</kokoonaIceless>
      </timidlyFatuousAleak>
      <rawnieHosta pregameNiblic="litiopa" tunningJageerDacoity="nast">
        <nidusBrachUpmast>349</nidusBrachUpmast>
      </rawnieHosta>
      <disamisJemble>
        <tobiraDoge>reefierAani</tobiraDoge>
      </disamisJemble>
      <avogramCaupoAgneaux>
        <goaveFilar>curved</goaveFilar>
      </avogramCaupoAgneaux>
    </slakinByrledGuld>
    <exsurgeKiwai behn="863">
      <flukesSnaper>fumilyCibaria</flukesSnaper>
      <overgoFrag easilyScomber="293">
        <zemeismOsteria>onychaFerried</zemeismOsteria>
      </overgoFrag>
      <southsHas gilimMediateKumbuk="arsheenZambraBudmash">
        <milchyNonusesSlabby>twangs218</milchyNonusesSlabby>
      </southsHas>
      <rehook>
        <leprySthene>fatuoidFezzan1828</leprySthene>
      </rehook>
      <pulpers filtreBlunnenKeens="9">
        <priscan>mankin</priscan>
      </pulpers>
      <chetahs pretire="newport">
        <waistsArchesVeda>staying</waistsArchesVeda>
      </chetahs>
      <epoptes soliped="pukishSarment">
        <comital>ungodlyBetelsWear</comital>
      </epoptes>
      <godhood boylikeStares="chammaBitchy" snitsSithens="niseisAlbany">
        <ablQuafferGreenly>brawnPrills</ablQuafferGreenly>
      </godhood>
    </exsurgeKiwai>
    <moues>
      <xylopiaAxeVenatic>goysPasse</xylopiaAxeVenatic>
      <podlikeDated inductOrgasms="pyosis">
        <rabboni>beladleTrefah</rabboni>
      </podlikeDated>
      <boskage hollMalfedGlanced="contesHeezyPilkins" serting="57996253">
        <tannedAphra>rattailManid</tannedAphra>
      </boskage>
      <pretorFoulageDually acaroidKaithiConcert="arrha" aliptic="ruptiveSimpled">
        <sandhisBabbitInigo>ham</sandhisBabbitInigo>
      </pretorFoulageDually>
      <ziarat tups="nightsDungedSkidder">
        <reduit>70353</reduit>
      </ziarat>
      <voceForbade>
        <wursetIonised>craiseyAdaizeEctypes</wursetIonised>
      </voceForbade>
      <embrueFontedWived ingenue="578425985">
        <citatumPieties>yolkSteem</citatumPieties>
      </embrueFontedWived>
      <toppingPassee roweled="anapneaJazzmen567" probataTangueDevs="distillMisticDewanee15">
        <raccrocPistrixBespake>compsoa</raccrocPistrixBespake>
      </toppingPassee>
    </moues>
    <suchosNahuatl>
      <acomiaNassa>dyinglyTuffetsAdits9</acomiaNassa>
    </suchosNahuatl>
    <nutteryChoateTypha>
      <impactsGreyfly>kinchButanol</impactsGreyfly>
      <enfortInlet>
        <imparksRimedPiscary>baresConvey</imparksRimedPiscary>
      </enfortInlet>
    </nutteryChoateTypha>
    <enmaskSamian sieurs="fulfillScanmagWoppish" rottoloStirCoroa="lessee">
      <arrtezSkilder>3</arrtezSkilder>
      <pentane outsellMuscae="jeeteePedataGondang94">
        <muddlerBrike>peikthaShorn</muddlerBrike>
      </pentane>
      <parodeOwl>
        <unedgeSkidway>denudesBabyism9</unedgeSkidway>
      </parodeOwl>
      <antlerAlteza rerose="skipwayWipers">
        <kurnPencelCookout>3</kurnPencelCookout>
      </antlerAlteza>
      <befilePreburnSmeek alkenylMatrix="sidlinsCheaplyVenture" racingCrampedMedius="aspiresSundek">
        <frypans>redcoatMopusJawp</frypans>
      </befilePreburnSmeek>
      <naperyCottageHit blowsedSetwallEulima="tempoInsectaGadis" enode="loriesCaroms">
        <rattledSmudder>fanOrbletOoblast54</rattledSmudder>
      </naperyCottageHit>
      <malam jackrodVerditeRelace="680" mugaZoocyst="rubiconEnwrite">
        <justus>pacingGoodish</justus>
      </malam>
    </enmaskSamian>
  </gwiniadLenape>
  <huhBellhopUptears okasNegroid="filings632" />
</prestosMozingBimorph>