<?xml version="1.0"?>
<biviousStoppel>
  <jowlopAgarwal fingery="stafferSavingsDinnery800" reamersGeoffRunoffs="9866855" falsiesQuakeUnrow="33" cinelBoltage="sulfateSalud" />
  <crottalWidows>
    <potheadNumaBolimba>
      <rubbisyThrummyPlatode>1002028</rubbisyThrummyPlatode>
    </potheadNumaBolimba>
    <redeems>
      <rhizinaBolled>seamingLacunae</rhizinaBolled>
      <pentolNebule tumulusClimePicks="oxhouseEpirot" franklyMergersAdo="transl">
        <vidduyRefreshImbauba>durnRomps</vidduyRefreshImbauba>
      </pentolNebule>
      <genipMazdaDhan>
        <helpersSarcodeElevens>gigasSkywayDinked</helpersSarcodeElevens>
      </genipMazdaDhan>
      <bandaidHogyardDashers czarismSourishDappled="twizzlePipping">
        <nouMashy>morinda9</nouMashy>
      </bandaidHogyardDashers>
    </redeems>
    <junMuzoonaLaniate hoopersMoorageGonid="leftDigyniaIgloos">
      <unheldRheasJuergen>chirpy</unheldRheasJuergen>
    </junMuzoonaLaniate>
    <tarairi>
      <custron>32055</custron>
      <tardeGie aster="767940">
        <wayworn>zante813</wayworn>
      </tardeGie>
      <egglikeYasnaGenic resuitIngesta="derate" agata="barmingCollery2">
        <woyReuneKoines>thecateLeeshyy1</woyReuneKoines>
      </egglikeYasnaGenic>
      <testifyFold charily="unedgeAckeysZimmi">
        <furrows>herbyIatric8994</furrows>
      </testifyFold>
      <restiveCalycle braysFlancheMeteors="pedatedScuffedCoypous">
        <antuNosher>alidaJewy99</antuNosher>
      </restiveCalycle>
      <gobberErotica>
        <shinglyUnamplySindle>blanked</shinglyUnamplySindle>
      </gobberErotica>
      <chatiEach imbedWinona="macronsNonsaneDruttle" amisCabaa="givethLimityHelenn">
        <higdonSpelledLir>ensurerTalonThrills</higdonSpelledLir>
      </chatiEach>
    </tarairi>
    <glycicLinkmanMusting allboneFulsomeMastras="cessedGrummetAddda9" ovile="taxinGenesisAntar">
      <calkers>3321</calkers>
      <prefab>
        <wahwahVoyagedBavary>sanchoDerries</wahwahVoyagedBavary>
      </prefab>
      <genette>
        <gadeanGulch>naskhiCithersAttabal</gadeanGulch>
      </genette>
      <saladin silaneChousDebite="tushEros">
        <animine>358562080</animine>
      </saladin>
    </glycicLinkmanMusting>
    <tummyGrolierLaralia forheedStayedCornet="brickEvades" talonsBushwah="coulis">
      <plumpSilphaHarbi>missed57</plumpSilphaHarbi>
    </tummyGrolierLaralia>
    <moduletUnregalKenno scute="1" palliaEntame="nasuteSpoiled" bathylFedayeeBriggs="meakGorkunAmoral">
      <tenuesSpawl>88262089</tenuesSpawl>
      <lacto>
        <camp>gehennaResmileFozy19</camp>
      </lacto>
      <ommiadCerebri skoals="6573" smicketBuzzleFulcral="dibatag">
        <sussexVendueQuelme>myrmicaGreylyJurevis9</sussexVendueQuelme>
      </ommiadCerebri>
      <picrateSnagged hankie="persaltCoes8741">
        <koriDoors>67102</koriDoors>
      </picrateSnagged>
    </moduletUnregalKenno>
    <ketty>
      <caudaVelella>795505</caudaVelella>
    </ketty>
    <dottingGorhens>
      <wimples>4140326</wimples>
      <brierFarrandTorcel>
        <unkinGraipDaint>trabesCurdooGrovers</unkinGraipDaint>
      </brierFarrandTorcel>
      <nags sugh="turdsCamataYantra">
        <frocked>scaledEmotersNeth</frocked>
      </nags>
      <tilapiaMispickBaw amountsItching="swoun" buffoIgnWarling="97">
        <surianaPiculsFungo>glucineMagic</surianaPiculsFungo>
      </tilapiaMispickBaw>
      <chamiteBongedPyxie ophitesMyocdia="quenchAcerliMangana">
        <perv>medishGostherFlytier</perv>
      </chamiteBongedPyxie>
      <deplumeBhoot>
        <whitenOlsonTaygeta>moilsTrowel768</whitenOlsonTaygeta>
      </deplumeBhoot>
      <pacas>
        <scorkleCodas>bursaryNepoteMenfra</scorkleCodas>
      </pacas>
      <rigidStilbum oppianFootier="fraiserAker" freddieDeanessBurp="thecataCassava">
        <maut>flaxesWraxledFiddler</maut>
      </rigidStilbum>
    </dottingGorhens>
    <menzieSquirms>
      <leda>behedge</leda>
    </menzieSquirms>
    <filarTori outlove="barongaCornfed">
      <huntsWhiss>vinaliaKaraite8679</huntsWhiss>
      <gladeyePlumoseCains>
        <rheumsLydianQuarta>requiemFlammed</rheumsLydianQuarta>
      </gladeyePlumoseCains>
      <muraenaRadulae chahar="frescosStalag">
        <cuteLuntingScared>32936</cuteLuntingScared>
      </muraenaRadulae>
      <farrage monadicInshaveCimier="stiltySterkParker4" lineups="6524812">
        <tottyBustoToadlet>20895350</tottyBustoToadlet>
      </farrage>
      <shieldKeepers>
        <farleuPablum>untrodChimingFezzan214</farleuPablum>
      </shieldKeepers>
    </filarTori>
    <neverAngule bottled="centesmParsee72" adminMiscDigests="450730">
      <unheedDeirid>sakisBadrans457</unheedDeirid>
    </neverAngule>
    <remeantMalate sued="recumb" bruitKerseysCurney="spouseAbyes58">
      <saumon>craters</saumon>
      <aliyothLacking>
        <atresicGlirine>mutch</atresicGlirine>
      </aliyothLacking>
      <snubs milkersKeelsAzo="4922562" exalteeStanjenCrawdad="tavColog">
        <greyhen>inbbred</greyhen>
      </snubs>
      <pannamChatot>
        <hoboeQuilez>repleteGree</hoboeQuilez>
      </pannamChatot>
      <cutch septoic="coefBonnnesChaft" telemenHarmost="camanayWone">
        <previseRecoals>4330</previseRecoals>
      </cutch>
    </remeantMalate>
    <cirrhusGulp mussickEugenie="cukesSmiles" cussesGrayest="diarial" chess="slantMizzleExcise">
      <marree>ugliest</marree>
    </cirrhusGulp>
  </crottalWidows>
  <thiuramThripelFoute />
  <tallageBoggedCupeler cierzoElanKovil="modyWhether" depark="teindJoyantKabel" oxmanBaddyBsh="6">
    <misjoin>
      <sheuchsDetenus>notitia</sheuchsDetenus>
    </misjoin>
    <guguVulgusUnfool>
      <triedLxxRipcord>swobberSovranScandic</triedLxxRipcord>
      <infieldBarfyPallet>
        <sah>caravanRebecca</sah>
      </infieldBarfyPallet>
      <gyresKittie snightKossAnchors="889" jogglerKerchug="limpkin">
        <poesieDutiedMoot>5469</poesieDutiedMoot>
      </gyresKittie>
      <nonceGloated cables="71" desistsCancrumDrill="pummiceNards">
        <skidway>palatuaSumpage</skidway>
      </nonceGloated>
      <almondyStellioShirr iconizeYarpha="pawErrorAlong">
        <nitrile>oscinis</nitrile>
      </almondyStellioShirr>
      <melsNapererFideist reducerCacks="callateSop">
        <shriver>33227270</shriver>
      </melsNapererFideist>
      <oxeaGaucho taupouAbbr="cobola">
        <abvolts>atherisLavoltaStubby</abvolts>
      </oxeaGaucho>
      <perdueSolusDormers seminal="46339573" adiceaHetLimeman="syciteAscitb">
        <leafcupGowf>wineierGpcd</leafcupGowf>
      </perdueSolusDormers>
    </guguVulgusUnfool>
  </tallageBoggedCupeler>
</biviousStoppel>