<?xml version="1.0"?>
<acushla>
  <stasima hab="eozoonAminate" nowaySlasher="seiurusVeiningUnannex" myalDicebox="quantumSteenie" slatesBletted="rotateHippoidIngeny297" />
  <geir abomasa="knopiteObtest">
    <algarad>
      <dipylonAmentPeatier>daunchBobcats</dipylonAmentPeatier>
      <uptrussGrundy ensate="unmasksTaxy">
        <jiffiesDinkies>lounLavabosPewtery</jiffiesDinkies>
      </uptrussGrundy>
      <swabianNacrine theticCatgutChloe="55798229">
        <malva>gravedoGentGuarani</malva>
      </swabianNacrine>
      <wrathedWarmthLurers manwayMollugoSeedbox="kitersSlusher52">
        <oriform>batemanShirrelTrass</oriform>
      </wrathedWarmthLurers>
      <cantishPunditsSoldans pashedCystoseSpaces="dionizeWorseRewet2455" levulicTassels="thanahOitavaChobdar67">
        <tafwizSandmenEastman>rerun</tafwizSandmenEastman>
      </cantishPunditsSoldans>
      <resents stroudMadigaFlexing="vernier">
        <ikeyRouteFoe>cryalAliciaShovel8695</ikeyRouteFoe>
      </resents>
      <pipetCrura adorner="10647">
        <romicUreidCoan>dimmersBlazing</romicUreidCoan>
      </pipetCrura>
      <chumpaThrum emporte="untinBlad" nahor="phonierLexemic">
        <endark>baryte</endark>
      </chumpaThrum>
      <droolMosksSmoko floridUtility="inshell" tufaUnarmsGiunta="tubersAwm">
        <tiletteApathiaPeavie>unstung</tiletteApathiaPeavie>
      </droolMosksSmoko>
      <refuteEnamGrisly paho="laughsTuckyArriba" rabbet="skatole">
        <thanageApheticVolent>cibory</thanageApheticVolent>
      </refuteEnamGrisly>
    </algarad>
    <unovertBartramGimmor>
      <unwieldCecil>gluersDatapacSkipway</unwieldCecil>
      <seedletInoneUgli dachas="9791456">
        <mudfishRepawn>anser</mudfishRepawn>
      </seedletInoneUgli>
      <titmanReknitsArvejon quilesCircles="lollsUnflankRasour">
        <solenneBehowlLecture>brachet</solenneBehowlLecture>
      </titmanReknitsArvejon>
      <fleecyBedmanTenet waiters="quinary">
        <nolleChanceCep>figura49</nolleChanceCep>
      </fleecyBedmanTenet>
      <klippe morcha="itonamaScatch">
        <poalikeLankly>746435</poalikeLankly>
      </klippe>
      <duetsClockerHaveral gaupusUnheadyRakery="beglueBrochtClamper" kwanza="perukesVayuDosages">
        <secondForgersTsade>victimsAugerTwicer</secondForgersTsade>
      </duetsClockerHaveral>
      <coignyPhphtHetchel>
        <alchemy>58555</alchemy>
      </coignyPhphtHetchel>
      <notedCwrite dullerAcrook="2480767" tweeterLaotianDiobol="duitBarcan">
        <xerotesEnocyteFlakage>ceriseMuscadeYipped</xerotesEnocyteFlakage>
      </notedCwrite>
      <enwoveOutseesDeltic kokoBroose="metesBaclin">
        <orchilGunnageSimuler>pieman60</orchilGunnageSimuler>
      </enwoveOutseesDeltic>
    </unovertBartramGimmor>
    <sandmanYetterJerk>
      <groatSpringSchelly>slickenScreichMatin</groatSpringSchelly>
      <logans>
        <onagri>1</onagri>
      </logans>
      <ainalehMenura manteauInvidia="encoresFilterBys">
        <altezaStagion>80</altezaStagion>
      </ainalehMenura>
      <hasMondayAkinete eriniteShawy="nenesCozes1" litotes="size">
        <morus>raddingFronds</morus>
      </hasMondayAkinete>
      <avitic darting="246">
        <undeify>2</undeify>
      </avitic>
      <berwickVarella aladaSusaneeMeubles="382" beckedBheestyMaills="2936416">
        <argineStoep>virileSpoiledErbium</argineStoep>
      </berwickVarella>
      <crazingRetying driftyGrottySamp="obolaryDasiRemover">
        <abscond>arjunGoofierThickly</abscond>
      </crazingRetying>
      <bloomedSkenesStoried>
        <zapote>upeyganDeerflyUraeus</zapote>
      </bloomedSkenesStoried>
      <cereal theroidGrawlsThyrsus="maizesDashee" tameinNeslaveFelts="inseeFramed">
        <centena>juicerMuilla</centena>
      </cereal>
    </sandmanYetterJerk>
    <masjidTonganZippers>
      <whisked>pandani9</whisked>
    </masjidTonganZippers>
    <vanessa>
      <ambalam>lateralOgmicBecrust</ambalam>
      <gallizeOutrush>
        <turnup>frizingDeener</turnup>
      </gallizeOutrush>
      <wadyCroatanWaw actionFrights="norit">
        <dialyzeTuneupCopied>chams3828</dialyzeTuneupCopied>
      </wadyCroatanWaw>
      <prig crocin="sedTapeteCars">
        <lutesGuyer>oilyLionHowish</lutesGuyer>
      </prig>
      <willieAdjudge fangingFootles="sunketTressPyemic" virgerUpstaff="foxierHelipad">
        <aladaCloacal>tickler</aladaCloacal>
      </willieAdjudge>
      <brucineCoursed descantOutkeepCroppie="lusk" heartenBeseems="93000734">
        <hutchie>canale</hutchie>
      </brucineCoursed>
      <panned>
        <lanchaTopline>45324554</lanchaTopline>
      </panned>
      <stanielEuonym relongUnfeed="unsalt8397" plurisy="donecUsucapt">
        <restrip>funicBlemishRegush</restrip>
      </stanielEuonym>
      <coning>
        <ruptileSoogeedFluency>471996120</ruptileSoogeedFluency>
      </coning>
      <ursidWabby tattva="begums" pochardOwenite="baggaraAahingSpanker">
        <felts>55</felts>
      </ursidWabby>
    </vanessa>
    <dingeAlisier lingyKoruny="pluchea749" retorts="globinKakiDongs">
      <etapes>exmoorNiseisStire233</etapes>
      <apricotBeglic heron="795135" waisted="animant24">
        <rubbisyVriddhiChiding>coastUpperch</rubbisyVriddhiChiding>
      </apricotBeglic>
      <shoes intrateGoody="zafree" ploestiCorveesMisbill="kithara">
        <violalSpiliteMovies>hintingKickoff</violalSpiliteMovies>
      </shoes>
      <mateTeest>
        <bemirePaulistBoning>aldols</bemirePaulistBoning>
      </mateTeest>
      <peggerApelles>
        <rodingProsingTulnic>batekesLepomis5</rodingProsingTulnic>
      </peggerApelles>
    </dingeAlisier>
    <wyesSylphidTarsal>
      <jorams>engrainLagtingBarbels</jorams>
    </wyesSylphidTarsal>
    <multiFibrilWilier>
      <biology>apepticHeckledFlorin63</biology>
    </multiFibrilWilier>
    <sporontBuffet>
      <flanesBatesLear>colutea</flanesBatesLear>
    </sporontBuffet>
    <bifilarEntoirePenlite>
      <rimpledCladoseGryllos>shantey</rimpledCladoseGryllos>
      <eloine aghori="drew" jiggingCattery="taunterGizmosKvutzah38">
        <diminueZenobiaAmalic>imshiColSacbut</diminueZenobiaAmalic>
      </eloine>
      <acrawlDugSuppnea salishChazansLoftman="joe" cocuisa="lobale">
        <testaoSuldanBiggest>37276550</testaoSuldanBiggest>
      </acrawlDugSuppnea>
    </bifilarEntoirePenlite>
    <forcedHeldOvertip primiPippen="pascha">
      <nobleyUnhiredAclemon>tokedTetch</nobleyUnhiredAclemon>
      <hols>
        <felled>rikshaw</felled>
      </hols>
      <rumoredBibasic>
        <curstUnmoors>dotletCorkite</curstUnmoors>
      </rumoredBibasic>
      <xeresVeneers barney="cohered">
        <atonies>yokes60</atonies>
      </xeresVeneers>
    </forcedHeldOvertip>
  </geir>
</acushla>