<?xml version="1.0"?>
<sherpas>
  <ulceredOlidGlim>
    <tipeWallaStyful>
      <litotesAblatesLaudes>hodmanLota</litotesAblatesLaudes>
    </tipeWallaStyful>
    <shawneeCenNondo>
      <easies>314295</easies>
    </shawneeCenNondo>
    <poruleCrowdyHalyard>
      <ophites>alneinEuvrouStiller</ophites>
      <diasciaHilted baniwa="cadboteGinnery" pattaraNookery="fablerTruest">
        <nodding>440020</nodding>
      </diasciaHilted>
      <grailGreasyRifle>
        <minorsDigne>detract</minorsDigne>
      </grailGreasyRifle>
      <ausuJovite vamperSilkilyPeewits="poyAupaka">
        <concitePocksKoyan>leftAlcaldeMgt</concitePocksKoyan>
      </ausuJovite>
      <feudalMudweed shylyTwaLorimer="43203934" axolotlTombalKeefs="746472577">
        <emicantCanjac>607705</emicantCanjac>
      </feudalMudweed>
      <interim chopinCryRealest="pros" flapper="mafuraMerchSainte">
        <diss>922922336</diss>
      </interim>
      <scornsAridityRoared eyah="prozone">
        <hansoms>15</hansoms>
      </scornsAridityRoared>
      <ulster>
        <raver>dicastFangsLinen</raver>
      </ulster>
      <coifing andorra="860" cuemanGlioma="poggyNowther">
        <nationsUnshawl>jettonsShastra</nationsUnshawl>
      </coifing>
      <replierOafsBuggies juraraTabbied="baghdadSallooFeuars">
        <opposedAlums>crop</opposedAlums>
      </replierOafsBuggies>
    </poruleCrowdyHalyard>
    <yogurtCiruela sarusSidleGraters="kephir" adonai="93">
      <pulperSebacic>hollinIgneousDhobis</pulperSebacic>
    </yogurtCiruela>
    <sarraf>
      <hairst>kitar</hairst>
      <gigotsSambur>
        <jatSpaits>ohias</jatSpaits>
      </gigotsSambur>
      <jookSlaysTipful shamalo="1">
        <fleur>83150</fleur>
      </jookSlaysTipful>
      <petter>
        <duenas>serrano</duenas>
      </petter>
      <exposesWebfedBukshi quinolTiensWiseman="762301">
        <swonkenCadyIgnaw>jugaJapheth</swonkenCadyIgnaw>
      </exposesWebfedBukshi>
      <strait>
        <pinings>ureidesYankees</pinings>
      </strait>
      <adobeHabab>
        <propend>6515</propend>
      </adobeHabab>
    </sarraf>
    <kalangLamiidMushily>
      <muskitPlataneTamandu>udasiRotated</muskitPlataneTamandu>
      <rediptUnclog illudeHoboUtterly="rekill" snipishMyosis="pignus">
        <pinwaleTroolieCapoc>almanacRinserSpinous</pinwaleTroolieCapoc>
      </rediptUnclog>
    </kalangLamiidMushily>
  </ulceredOlidGlim>
  <pittingTerrits unroof="jeepersAtelesPrecule" xatTayassuNasch="4" />
  <wistitiDruseMosan venulaeTangumPlacode="bingiesHubber">
    <damier potteryChenicaPorcate="unkirkRusky">
      <boatlipQuintanMarrams>refrontAselliLyomeri</boatlipQuintanMarrams>
    </damier>
    <quoitUngoneDreamer shillet="1916" admit="940481343">
      <jubhahDirex>teazer</jubhahDirex>
    </quoitUngoneDreamer>
    <tarokSuckageBoolian sawdust="ominousSeawans" path="pondletEdessan" machairUnmold="dipygiTrent">
      <overput>tailteAshless</overput>
      <blebsGoelismTweag pincerPyrrol="kevyn">
        <domageGiftie>4661931</domageGiftie>
      </blebsGoelismTweag>
      <untidyDykeDrosera>
        <proposSkillElamp>clypeIridium</proposSkillElamp>
      </untidyDykeDrosera>
      <fissive>
        <cauboge>shirk</cauboge>
      </fissive>
      <coaidAerials breakCouxiaFez="kobVulturn">
        <acouasm>perdy</acouasm>
      </coaidAerials>
    </tarokSuckageBoolian>
    <choel>
      <fices>448758</fices>
    </choel>
    <bulla>
      <mewledCaribe>nowisePahari</mewledCaribe>
    </bulla>
    <junkmanCoosers>
      <bahmani>pinonBurrish26</bahmani>
      <lyraidPilfersMeable tayerKoloAlamort="humphsKelliaLubra">
        <expedeScotomaOnehood>clumsyStoga</expedeScotomaOnehood>
      </lyraidPilfersMeable>
      <coaeval>
        <cupolaKayos>becrustKeeperLollers</cupolaKayos>
      </coaeval>
      <launDorcas nohSanche="sizier" limbyShriner="unwon880">
        <cistudoDoweral>pixButeo</cistudoDoweral>
      </launDorcas>
      <iwoundBedpadAbaton>
        <immyToxinesPossy>valAbelUreide9</immyToxinesPossy>
      </iwoundBedpadAbaton>
    </junkmanCoosers>
    <crimpleSaurKlister>
      <huzzahAmercerRillet>8333456</huzzahAmercerRillet>
    </crimpleSaurKlister>
    <comarum dang="haggai">
      <featestDoughy>poached</featestDoughy>
      <toggingGelatia beparseTimbrel="8085">
        <eunicid>vastityBohmiteInby</eunicid>
      </toggingGelatia>
      <myonemaStereom>
        <trottedCavernShamal>teleses</trottedCavernShamal>
      </myonemaStereom>
      <reharm privy="lapidesBaobab9083">
        <pooty>dorymenUnamiAlif</pooty>
      </reharm>
    </comarum>
    <aedine>
      <ritards>malineUndye289</ritards>
      <jailedLohan goldbug="grawlsClumpstShopful">
        <careyZebroidSheeves>1582947</careyZebroidSheeves>
      </jailedLohan>
      <iradesLeewaysGrapta baulkyCassiriHyssops="pucaHatress">
        <jelibWizesSnowy>sousingZooterGraben7449</jelibWizesSnowy>
      </iradesLeewaysGrapta>
      <pudBrothelMendee>
        <joyancy>25</joyancy>
      </pudBrothelMendee>
    </aedine>
    <abiuret>
      <paravaAnthillTackify>policy</paravaAnthillTackify>
    </abiuret>
    <hintingBocal enwound="marmLooingNides" savatesLabrys="spuriesPalter" treks="ascites">
      <cercis>moeck</cercis>
    </hintingBocal>
    <mullen>
      <loofasBielid>nuzzleRefined</loofasBielid>
      <dockets potluckTapiroLestrad="279112">
        <tobaCliffedThorny>gazelOutlet6224</tobaCliffedThorny>
      </dockets>
      <bleymesLooming knewRopandChorine="skere">
        <llama>53279</llama>
      </bleymesLooming>
      <defyingPeroxyl paviorsOgygiaAnana="enerveCebilChera">
        <goutyLirHominal>zeugmasFilmingPickets10</goutyLirHominal>
      </defyingPeroxyl>
      <fikery kettlerRectos="6757442" delimedInmatesBungos="malicesSpankTrayne">
        <dyas>etiquetPolaccaMandyas</dyas>
      </fikery>
      <pirootUntie peined="larineLidosAflare">
        <oxidate>ratelsMoudieWaverer</oxidate>
      </pirootUntie>
    </mullen>
    <unvying>
      <gimpLohanTulsi>kodakerIrksFivish</gimpLohanTulsi>
    </unvying>
    <nemeanAsepsesFreyja>
      <gantslCoxalgy>184964</gantslCoxalgy>
      <wenchowCobbles stadicKaffirs="benacus" wagonedVolet="tunoIwwortPontic">
        <orgiacSquadsLiquer>118</orgiacSquadsLiquer>
      </wenchowCobbles>
      <blout>
        <toatImpact>aphididPranks9</toatImpact>
      </blout>
      <minUpendsSheeny grufferHoising="amoved">
        <makah>abovePieletKitting</makah>
      </minUpendsSheeny>
      <sradhaSankhya sissyPyrales="tugboatLettuce">
        <tressedDemeore>volublyPolices</tressedDemeore>
      </sradhaSankhya>
    </nemeanAsepsesFreyja>
  </wistitiDruseMosan>
  <paiockVerierSmokeho avariceSeamyMaidan="14842505" burrahVanir="canfuls" thiasi="monnionFearingMills39" somewhyAnoura="oddsWend">
    <arake>
      <khedas>stingosNicker</khedas>
    </arake>
    <sennetTuffets>
      <merlionRoilingFloral>glycanNongasRitzily</merlionRoilingFloral>
      <amniaConcernElkanah randiesHuswifePrides="tipiUnpick3">
        <coronet>53514865</coronet>
      </amniaConcernElkanah>
      <shoji chouanTheos="revile">
        <malleinWaroriIsomers>codium3</malleinWaroriIsomers>
      </shoji>
      <neuropeQuasses kaon="6" siecle="7681826">
        <turpSubtlerWilkin>suzuki</turpSubtlerWilkin>
      </neuropeQuasses>
      <hurtlesEpeePiaffes>
        <fairs>beguess</fairs>
      </hurtlesEpeePiaffes>
      <palatiaIonsEyoty feynessScalena="intuit">
        <tedgeGuggled>38286</tedgeGuggled>
      </palatiaIonsEyoty>
    </sennetTuffets>
    <vigia>
      <zaffirsReusing>clarity</zaffirsReusing>
      <curled farsiDorneckShrills="moaning">
        <kicksMcphailBrooch>orgasmLagenae</kicksMcphailBrooch>
      </curled>
      <addrestEjected assetKenaf="theseusWarmthsGozill" mutTommyDeglute="89201">
        <chacona>isozymeAisIronish</chacona>
      </addrestEjected>
      <balaicDomitic aketonGocartPowwow="14849081">
        <pandureStge>gravely83</pandureStge>
      </balaicDomitic>
      <nonactGoyle epistAdjuredPosolo="scudsAlliageAbove" orgeat="outbyOutslid">
        <inphaseDomini>bostonUnqueen</inphaseDomini>
      </nonactGoyle>
      <bamalip>
        <levesel>sindhiSquinchStyrene</levesel>
      </bamalip>
      <abomasiSubherd>
        <feridgiTecomaTurm>gaunterOdoredRoofs</feridgiTecomaTurm>
      </abomasiSubherd>
      <aspFlurn upstemPalmary="loesses" fleamyEdgingFaculty="mererSolands">
        <moppet>margaysYahoos</moppet>
      </aspFlurn>
      <dayglowShaded hallierYaffing="bairamStoun" bellonaHasid="20">
        <mph>92681</mph>
      </dayglowShaded>
      <cloqueHiringsDradge inhameMacaws="adangleDormantPentite">
        <potpieStiller>comvia</potpieStiller>
      </cloqueHiringsDradge>
    </vigia>
    <hootsSpaes itauba="sketeOrgasm">
      <sagesseAdhereFagots>cupels</sagesseAdhereFagots>
      <huffing poonacRelata="5286518" swearerCapon="mashieCutwalCabs">
        <neoramaGeneral>bussu</neoramaGeneral>
      </huffing>
      <buzz togueReprune="founceDrisk511" enskyAmandusCumulus="6">
        <madmanMetro>jowsMannie292</madmanMetro>
      </buzz>
      <tinoPhytoidGoogul cindyPieing="39" lycopinHerpBlad="scowls5230">
        <bledMaltheAmebous>28</bledMaltheAmebous>
      </tinoPhytoidGoogul>
      <raggiesReticle>
        <zunian>890646077</zunian>
      </raggiesReticle>
      <amomum kalongsAdpPyrrha="isatic5">
        <grugrusGaura>wintleSeguedNatalie</grugrusGaura>
      </amomum>
      <remusScot chayotaUntarHervati="towelryVrouws12">
        <barvell>waura9633</barvell>
      </remusScot>
    </hootsSpaes>
    <daystarBenjoin baw="baldribEmptio" soojeeWhiningOtkon="129753" unwoundEdgeman="jowl">
      <bancosIbadNotcher>centimeIsotere</bancosIbadNotcher>
    </daystarBenjoin>
    <copyistBrahmanNaphtho>
      <abasicEpitaxy>898</abasicEpitaxy>
      <archeryRotala proasEulogiaCalefy="birderOrgeat">
        <spadLisa>ketole</spadLisa>
      </archeryRotala>
      <limens steekSniesBenefit="bedamp1782">
        <projetArchaeFaddy>swearer</projetArchaeFaddy>
      </limens>
      <rickerEscopetBeteem pimpishDapplesWagoma="jewed" griftedAizoon="clootsHeafPailoo">
        <corder>skaldicSlammer</corder>
      </rickerEscopetBeteem>
      <fierier aureolaDumka="cantrapCattalo" mussuckTaffies="yeuk">
        <kpuesiFury>dyarchy</kpuesiFury>
      </fierier>
      <sahhJubilusOilcans>
        <cooking>bequalmCorcassSliving</cooking>
      </sahhJubilusOilcans>
      <natrPastingTipburn nodsZapping="daunerDragger5859" arkiteMollah="deadlyMerit">
        <fooner>enface</fooner>
      </natrPastingTipburn>
    </copyistBrahmanNaphtho>
    <censing>
      <pliesUnglossChalehs>haughtySleided275</pliesUnglossChalehs>
      <sonars>
        <earningGemses>fuzilsTyto</earningGemses>
      </sonars>
      <vadyTruesRypeck doomJambos="santirs">
        <hendy>asrama</hendy>
      </vadyTruesRypeck>
      <puppily subzoneTelomicLiegier="67" pokerNosed="iplVitallySolutus">
        <unadultExalts>dirtiedHashishMoyite</unadultExalts>
      </puppily>
    </censing>
    <miming shippyBrushedCoca="moraeaHodurePuisne" ager="orcTrommel" asherimMatsuriAussies="990057">
      <batiste>adrip</batiste>
    </miming>
    <scopet unshownGyppoLefsel="71098929" soberNorgineTonging="283291311" chaymaOnagriImmixes="conte">
      <trueman>cuecas6176</trueman>
      <comid barrToldEgma="expectsWacker">
        <sneezedCadouk>fotchedBrokerJanes</sneezedCadouk>
      </comid>
      <winos speaned="preteen" pamiri="mutable">
        <fecksGesterWatcher>reversoCodecsPainty50</fecksGesterWatcher>
      </winos>
      <becladBoozingJanner framers="scabSasaAcapnia">
        <famulliJavanee>59000069</famulliJavanee>
      </becladBoozingJanner>
      <chirlMoran>
        <mormaorMangleYede>ssuSurfs</mormaorMangleYede>
      </chirlMoran>
      <abrasaxGoodman neemsSpadishBuphaga="xenia3">
        <itemsBemud>kendy</itemsBemud>
      </abrasaxGoodman>
      <rounderClariesFatback octavia="selsynsUllaged">
        <cyniasMidwestRerival>missaid</cyniasMidwestRerival>
      </rounderClariesFatback>
      <jarbleAchene>
        <tephraTwixtBayness>488887</tephraTwixtBayness>
      </jarbleAchene>
    </scopet>
    <snotPeevish noted="phaeismSalpidsGlauber">
      <discLare>brattieLagetto39</discLare>
    </snotPeevish>
    <unagedNance doorbaCannach="herbsArtiestKrills">
      <scolds>77845820</scolds>
      <ipseand>
        <toffeeAwane>9</toffeeAwane>
      </ipseand>
      <jellsDawed fordeal="mondesRaceme">
        <chiaOxidFaddle>guffawsJowlsCurious</chiaOxidFaddle>
      </jellsDawed>
      <thiolPulers aroundSannupWhines="foresey28" goupenUmbroseReen="guaduaQualia">
        <imprevu>propperWabbler</imprevu>
      </thiolPulers>
      <wiglessUnroyalSikh>
        <earlikeTensasHydrids>puddledStiffly</earlikeTensasHydrids>
      </wiglessUnroyalSikh>
      <gravidRetour adjutor="warnerFleabag6767">
        <hairifHerms>623417341</hairifHerms>
      </gravidRetour>
      <isleman>
        <bagoong>muricid2200</bagoong>
      </isleman>
      <sattvaYukPeoria>
        <verierHypnoidPialyn>dimatis</verierHypnoidPialyn>
      </sattvaYukPeoria>
      <childes>
        <fiversEthrogsJernie>leafenUpglean</fiversEthrogsJernie>
      </childes>
    </unagedNance>
  </paiockVerierSmokeho>
  <bassia gunky="molpeAxe" />
  <unbowed leerilySwelly="clerks">
    <stale holland="dotGimmalResmile" relator="6568433" giglotMalocaStenter="featsGezApache">
      <siseJarvie>245559</siseJarvie>
    </stale>
    <pricersBlear bebedLynch="66287">
      <afearTrigla>ashirKen8</afearTrigla>
      <backs drollyDendaAsdics="decessWheyey" fiddledFarther="punto">
        <ulnariaMealiesUnset>zirkiteScharf</ulnariaMealiesUnset>
      </backs>
      <tubik>
        <saraFudger>9943670</saraFudger>
      </tubik>
      <bidreePollersAlbugo>
        <crankRiverly>ammono5</crankRiverly>
      </bidreePollersAlbugo>
      <cobbedAlismalTardier>
        <broeboe>43068</broeboe>
      </cobbedAlismalTardier>
      <crickedEpic biteche="84">
        <nepetaFlipeHurkle>9519</nepetaFlipeHurkle>
      </crickedEpic>
      <acoine dozentBesugo="99942951" shonaLarine="quotLoggiaIgloos">
        <ethnic>dillesk</ethnic>
      </acoine>
      <barlowUnfactCalalu>
        <weftEncarpaPlutter>maximum</weftEncarpaPlutter>
      </barlowUnfactCalalu>
      <pstRestung travaleZymic="wansBumwoodLimpish" makar="zoster">
        <remanieSompneOscules>radomesNaifJoypop</remanieSompneOscules>
      </pstRestung>
    </pricersBlear>
    <thuyaMeharisCocin tarocs="revival" darks="calcino4952" rebid="bugeye9748">
      <metalSungarPottier>smartsEncense</metalSungarPottier>
    </thuyaMeharisCocin>
    <nouses>
      <tarrishIsh>jabsOselaMangona</tarrishIsh>
    </nouses>
    <yacks quaeres="155" twittle="compendInbeJalap2334" cortaroPodarge="vermuth">
      <pintleSorgosArariba>dipyreAquilon</pintleSorgosArariba>
      <arabisDoiliesPinyons>
        <decil>stereomFootlog</decil>
      </arabisDoiliesPinyons>
      <divulseTopogVans samkhya="darogahSurferAtwist">
        <aegean>gazaboSlichtSynnema</aegean>
      </divulseTopogVans>
      <hieldDebby>
        <speelInningMalakon>strove</speelInningMalakon>
      </hieldDebby>
      <spanged trigonaQrsReplate="viscousTypo">
        <anopias>altheaIdolizeGibier</anopias>
      </spanged>
      <rhenicLuiginiBosques pedageCanalerInflesh="biallylBagpipeRatters">
        <gagsterDairi>mulingUssels689</gagsterDairi>
      </rhenicLuiginiBosques>
      <vendingBroken>
        <burins>phymasCoonsArar15</burins>
      </vendingBroken>
      <oinks pycnidKremsRecheer="trayfulFoleyeTautly6">
        <gorbetJohnnieFant>22969433</gorbetJohnnieFant>
      </oinks>
      <burghalKrivuTumbrel vacant="chefdomChunderGuerite">
        <banjoesGauferLygeum>alphyn</banjoesGauferLygeum>
      </burghalKrivuTumbrel>
      <quallyKgfSubtext raisCalquesGulae="kitcatReverieCcitt" hubbubCleuks="tankertLittler">
        <cace>tangedWakon</cace>
      </quallyKgfSubtext>
    </yacks>
    <remusGearbox>
      <ushered>peasonAckmenUnprim</ushered>
      <myitis formol="wedgyNovaleKnappan">
        <wallasEloign>7728907</wallasEloign>
      </myitis>
    </remusGearbox>
    <ogrisms>
      <ingenieMennuetLibral>2194</ingenieMennuetLibral>
    </ogrisms>
    <presage beziqueCranage="brothy" bouffesLame="doorbaSolar267" crappleVagally="5">
      <larigotBise>cornutoTorteau</larigotBise>
    </presage>
    <regreenSerer topo="elaenia" thiever="causse">
      <pausersDismaskExtancy>cozeysMaimMaven</pausersDismaskExtancy>
    </regreenSerer>
    <frisketCestuyDizened>
      <deck>sunsuit</deck>
    </frisketCestuyDizened>
    <bloomedJunkie rowdyChile="blotchyDaubedAggers" rezoneGlop="brows" mudirHallman="scarferMather">
      <banchiTopiary>morningLowell30</banchiTopiary>
    </bloomedJunkie>
    <thochtBillmanBraes>
      <tulisanSara>toricThirl9845</tulisanSara>
    </thochtBillmanBraes>
    <dictum>
      <linkedBraches>6836534</linkedBraches>
      <greedsBromismZemi>
        <tyreAcarida>abrahamNambyTabor</tyreAcarida>
      </greedsBromismZemi>
      <roofageGlobin>
        <uptie>84</uptie>
      </roofageGlobin>
      <bonk waltzerEndlessDehull="gawgawSkilpot">
        <scarrowTemin>damplyReswearPolyene</scarrowTemin>
      </bonk>
      <tyloses sudsier="poaBizoneBaklawa">
        <erodium>vicaVolansStyful90</erodium>
      </tyloses>
    </dictum>
    <kelchin atrial="sycheeConcrew" renownsChoices="untrigBoomboxManiva">
      <sarinsDurningKinetic>23811329</sarinsDurningKinetic>
    </kelchin>
  </unbowed>
  <neums esnecy="804289">
    <untrueSconce>
      <gigback>sariEstafa</gigback>
      <clivalMelaminArdass samoaTweel="minings">
        <gazella>42085</gazella>
      </clivalMelaminArdass>
      <floridaGladesCocotte cagyMikingDuan="hotspurFancier">
        <ineyeNignye>crouke</ineyeNignye>
      </floridaGladesCocotte>
      <feuder>
        <hawaii>10471164</hawaii>
      </feuder>
      <malic>
        <sabresGotta>tecoBreast</sabresGotta>
      </malic>
      <fermisDefect cookishJabbingGemsbok="2" irsJared="106126444">
        <sittineShops>2177</sittineShops>
      </fermisDefect>
      <addBlueth>
        <player>huelessNutmegs</player>
      </addBlueth>
      <siftage>
        <avoids>nurserFleamsSuff24</avoids>
      </siftage>
      <evened mohairs="beray" bestoreMedusanMafey="maltolOutcryGuars">
        <hollas>ootsCalcDatos</hollas>
      </evened>
    </untrueSconce>
  </neums>
</sherpas>