<?xml version="1.0"?>
<refuteMucago>
  <vejocesCooncan beginsUphoistToys="mergerPlats" furyMenkind="fjordsFencing" madlySlowishTurnip="856622388">
    <whiskyBibbler>
      <minxish>gambrelRathedTersely8</minxish>
      <shoersOgpu>
        <ruderalButyrin>gobblerDraffy</ruderalButyrin>
      </shoersOgpu>
      <mashiesDusksSmiley unshrewPyoceleBullion="inutile">
        <injoinIlium>epicismVesicaNiding685</injoinIlium>
      </mashiesDusksSmiley>
      <taposa>
        <sanyasiSybowRepay>rosineBluismTamably</sanyasiSybowRepay>
      </taposa>
      <thickAmylomSweeny impedAntiquaAviates="forbearToeing" mozo="caribal">
        <brashesBrulzieFirlot>profert</brashesBrulzieFirlot>
      </thickAmylomSweeny>
      <medusae>
        <bourneAbider>waugh</bourneAbider>
      </medusae>
      <avowed>
        <cheechaAims>ferter</cheechaAims>
      </avowed>
    </whiskyBibbler>
    <tendantPlayed>
      <bemoltLactid>maes</bemoltLactid>
    </tendantPlayed>
    <scripto yquem="grailImposerNephite892" hoarserRedbugs="makuEnwomb">
      <orage>sapindaYakinClima</orage>
      <brinjal radarsHulk="atelier">
        <clarinoDices>epirot</clarinoDices>
      </brinjal>
      <dragEldFeminin>
        <griege>250740</griege>
      </dragEldFeminin>
      <kameelHerds>
        <towersCringed>79</towersCringed>
      </kameelHerds>
      <dishpan loaveLegatedXenurus="rained">
        <baddieUralRhexia>tabaccoKrakens</baddieUralRhexia>
      </dishpan>
    </scripto>
    <pestsSirloin>
      <nullo>toorock5</nullo>
    </pestsSirloin>
    <eagre tanzineCrisset="violetMexitlAnarchy">
      <phytol>53</phytol>
    </eagre>
    <inkfishDigoxinRadome>
      <aussiesCushaws>58268</aussiesCushaws>
    </inkfishDigoxinRadome>
    <decimalKrna>
      <zoysiasMombin>39987722</zoysiasMombin>
      <gracile zeroethPulldoo="tartingArrant" tananTaccadaStaph="gowningAhaunch">
        <comatic>absurdsSorchin</comatic>
      </gracile>
      <ceraArsonicOutpray>
        <syriacFerrumsRutic>editionBlued</syriacFerrumsRutic>
      </ceraArsonicOutpray>
      <juralGorraBdl>
        <misciteMosso>alertAlakiFlybelt</misciteMosso>
      </juralGorraBdl>
      <casateBesagueBiggy>
        <mahal>athriveSmeared</mahal>
      </casateBesagueBiggy>
      <savagesKorahWinding corvenMisbindMakars="lenadNettle76" barbar="puttyPipes">
        <twainUnlandGazebo>cubitalVertepIcasm</twainUnlandGazebo>
      </savagesKorahWinding>
      <retries>
        <chytraTimmerHasnt>frivols571</chytraTimmerHasnt>
      </retries>
    </decimalKrna>
    <carrykeSauteedOctodon>
      <rodletUnmaidYamato>latices</rodletUnmaidYamato>
      <oodlins ostosisGopakCrena="sonicCaufle">
        <parchy>orlopsFlare5373</parchy>
      </oodlins>
      <tjenkal pian="aleckLulaBulkily" enginedUnneatPossets="dioramaCoes">
        <timar>66527816</timar>
      </tjenkal>
      <mattes wisses="damaraAsquintWhabby">
        <zanjeroPropjet>23707</zanjeroPropjet>
      </mattes>
      <modeled>
        <sprankKirkingChebec>33</sprankKirkingChebec>
      </modeled>
      <sapoursDingles tardity="gaddingTonguerBotch">
        <syriansBahamTiki>genipap</syriansBahamTiki>
      </sapoursDingles>
      <nipterSoccersAngered fusingCauk="marwariGelilah" truceDevilsBlash="winslow">
        <citoyenInducDiffide>girella</citoyenInducDiffide>
      </nipterSoccersAngered>
    </carrykeSauteedOctodon>
    <unfleshInosine cagesEdgrow="toluoleNyssa" jorams="bucklum">
      <pogyBoneletEtouffe>bedcase4</pogyBoneletEtouffe>
    </unfleshInosine>
  </vejocesCooncan>
</refuteMucago>