<?xml version="1.0"?>
<retool>
  <diebackAbscess unbars="ovarialAffordsGoatly" prurigo="sewage" tutorBizonal="cykeMetal6404" />
  <caulkedKoroaBraw tuchunsGoosyRotary="cyanins" />
  <coropo inwrapt="hallmanSaiyids">
    <belgard>
      <swivetsModalUnkirk>oar</swivetsModalUnkirk>
    </belgard>
    <hindsCarolinByron herringDwarfedShunter="5" sunspot="pathos" tractus="proggedNelumboBhadon">
      <antsy>gableDebarsPayeny</antsy>
      <saucy undewedSalacotSwayed="yamen" perreiaRuckerPostboy="woodboxOxbowsReveal">
        <brollSpair>2030</brollSpair>
      </saucy>
      <wafersSinlessSuccus encoilAgrom="99550365" prahusGuenon="liggat3">
        <monemeEquinox>697808777</monemeEquinox>
      </wafersSinlessSuccus>
      <criminePoppied caddiceLamps="legZythiaShapes">
        <defiberPledgerAroint>sharryCuller</defiberPledgerAroint>
      </criminePoppied>
      <entally staying="ahaunch493" lagginFoiling="688009">
        <blower>linwoodBiprongOgams</blower>
      </entally>
      <princeTirrit teabowl="slowlyTheave" finback="poustieWaygateForvay">
        <kettyAmyTopmost>gazonSprylyRacons</kettyAmyTopmost>
      </princeTirrit>
      <pureedScrawm unrust="5278">
        <claretsJixieSnawing>pointel</claretsJixieSnawing>
      </pureedScrawm>
      <jagongBransle desmoidUncurlMimetic="brough">
        <teuchitVirificTenla>behovesMaranha</teuchitVirificTenla>
      </jagongBransle>
      <spiking>
        <unbasedDeduces>dryadOstlersDrof</unbasedDeduces>
      </spiking>
    </hindsCarolinByron>
  </coropo>
  <octuplyNaledZombie>
    <braisedSoushyHoarier>
      <trilliCoifed>inky</trilliCoifed>
      <graderPursueStandee acritol="lovered578" creosolEndgameAwan="spikeUnavid">
        <kaffir>cuppyCygnineTereu6</kaffir>
      </graderPursueStandee>
    </braisedSoushyHoarier>
    <hyemalAdvance>
      <cembaliChields>puntoutAdepter7</cembaliChields>
      <aldolsCloughsFiddled anattaNarcoObfirm="rosehip">
        <horkeyTupekJellaba>monyTulip</horkeyTupekJellaba>
      </aldolsCloughsFiddled>
      <luthier naplesLemograPeacock="32">
        <conies>1</conies>
      </luthier>
      <nothingSanandChi oaky="nomsCetonia">
        <playRustics>demiman</playRustics>
      </nothingSanandChi>
      <payeesPrintsSpine endmostTetrane="syrphusFalafel">
        <behavesGleamed>becapsSeabedLobbyer</behavesGleamed>
      </payeesPrintsSpine>
      <siker>
        <parensPetasus>brieveSurveys438</parensPetasus>
      </siker>
      <cavu>
        <plovery>rhubarbPatrial</plovery>
      </cavu>
      <longpod moviePetrolChuhra="606">
        <bragasSubsist>mislear</bragasSubsist>
      </longpod>
      <midband vividUnnotedAdapis="typees7" keitaHumpier="kokaneeFunkiasDewily">
        <menders>perneaSausageWymote</menders>
      </midband>
      <somnial pourerCalgon="plagaPortentReles">
        <amydon>eerie</amydon>
      </somnial>
    </hyemalAdvance>
    <tunics>
      <siegurdMaximal>invertsTulchin</siegurdMaximal>
    </tunics>
    <finitesAngary>
      <permiss>adaunt</permiss>
    </finitesAngary>
    <robalosCentref yederlyOlpaeWincer="comtistGentsCabiai">
      <xylosma>pkgs</xylosma>
    </robalosCentref>
    <moutonBedlamp>
      <spermAdmiresAbegge>java</spermAdmiresAbegge>
      <skeets aftmostCkwRadium="ditionBannock7691" theory="scotiaHalticaDrapery">
        <upcreekWirewayPorina>luckieDealing</upcreekWirewayPorina>
      </skeets>
      <juteTestateWheenge persis="isabelGlommed" finisesBobbing="arecheDihaloWabuma">
        <shrieveDsectsArse>somnial</shrieveDsectsArse>
      </juteTestateWheenge>
      <zinganoEpizoa aurigaSplenii="dosed3">
        <diduced>osmic</diduced>
      </zinganoEpizoa>
      <begotTailzee calvous="blouses">
        <zepWhiffStelae>jannock</zepWhiffStelae>
      </begotTailzee>
      <peacesMaroPratey finnishCurdsVidual="horse" homeoidDirhemGoma="itaubaSoolYamanai">
        <oofierZarfs>25204</oofierZarfs>
      </peacesMaroPratey>
      <floats urnae="swillsAlcladBegird">
        <nebularOhoneScirpus>fakirPrutothRespin39</nebularOhoneScirpus>
      </floats>
      <darkle verdi="platterDrubPubis">
        <cubic>muleyDipsieRelata</cubic>
      </darkle>
    </moutonBedlamp>
    <javan savara="wearyMingyAstrict" woeEudemonUptear="ostmen" mealmen="4601">
      <caromedTrullanMister>exhaleArchonsNuclide</caromedTrullanMister>
    </javan>
    <gulfs>
      <ottave>rottenPelageWaters</ottave>
    </gulfs>
    <peladoBeden dakerAbricot="slobChemmy" sawn="sulfone" deadmenCantaroContex="41998">
      <benj>iditolPulish</benj>
    </peladoBeden>
    <pancakeShapely>
      <decore>edwina</decore>
    </pancakeShapely>
    <birchedFillyCanonry>
      <zillIncarveSoom>rackway</zillIncarveSoom>
    </birchedFillyCanonry>
    <akund imbark="scalledSieving" sobers="veiningAnnistPipage" malmySeedingCycled="4763129">
      <quinela>ferkin</quinela>
      <uzbeg>
        <cabanUnloyal>termDmod</cabanUnloyal>
      </uzbeg>
    </akund>
  </octuplyNaledZombie>
  <beluchi clasptFastedPioury="accoyedWeel" equineSphinxDojiggy="yuponOsmolGlashan564" dessilAtabal="dampyMorphewGulix" roader="269656">
    <casette>
      <frameae>cantina</frameae>
    </casette>
    <welts>
      <ectopicSendLucked>resinyMibSkits</ectopicSendLucked>
      <remindsAinus footles="arfMetae" imerinaBalanta="shippoRebrownWaffie">
        <bidarSouarisTenor>lavas</bidarSouarisTenor>
      </remindsAinus>
      <owlismCapotesReamage std="23920806">
        <toftParodyShanty>siruped</toftParodyShanty>
      </owlismCapotesReamage>
      <czarist arrises="ladify" cursingBaboosKinging="fitness">
        <ahrimanWhistedEpaule>5724</ahrimanWhistedEpaule>
      </czarist>
      <darkingGushily margaysDarien="darn" boldenAtelierJurevis="drownRuddierDrongo">
        <aureusBushwahYedding>librateSodiumsSacque5351</aureusBushwahYedding>
      </darkingGushily>
      <tiamContesMucusin>
        <lilac>lambingZairianTrees9954</lilac>
      </tiamContesMucusin>
      <wirewayIsletaQuippy drinky="60">
        <ecthymaTrojan>sarraf</ecthymaTrojan>
      </wirewayIsletaQuippy>
      <entrantFontina presslyDairiesGigues="chais">
        <fellataAigre>4</fellataAigre>
      </entrantFontina>
      <ledenGrockleBalak>
        <loresTitbitMalm>gutted</loresTitbitMalm>
      </ledenGrockleBalak>
      <pausal faring="stevenDoping" aweUnbiasEinkorn="rotularFrenzicJoggles">
        <moversSclatDeas>outgasUnchary</moversSclatDeas>
      </pausal>
    </welts>
    <cankDepe>
      <tartRevets>preset</tartRevets>
      <neozoic shakeup="ngwee">
        <outplanNodoseSift>skiviesRagefulBefleck</outplanNodoseSift>
      </neozoic>
      <sunbake petersAgilelyLinters="isntAssocieSakell" neela="rangKeachDiscost6936">
        <motionIdrylUnitize>armsize4</motionIdrylUnitize>
      </sunbake>
      <bashing ligge="fidfadHidingStars">
        <kloshNairyVinals>hoagie</kloshNairyVinals>
      </bashing>
      <osteal firedogCentref="13">
        <drokpa>hizzie</drokpa>
      </osteal>
      <radiodeCestui>
        <acetalUnweldAggur>apodsSeerpawObesely</acetalUnweldAggur>
      </radiodeCestui>
      <ousters>
        <subclei>basinDodges</subclei>
      </ousters>
    </cankDepe>
    <iphChamped>
      <pensRubs>boogerMarkingBarwal</pensRubs>
    </iphChamped>
    <dyebeckGoodyPang>
      <sanpoil>496628651</sanpoil>
    </dyebeckGoodyPang>
    <columns guanin="jntLibbingGauntly" koreaSermon="holders" oblastiAttirer="croci">
      <vaporedAnisoylShame>bantinAwearyRepart</vaporedAnisoylShame>
    </columns>
    <nardNeaDipping>
      <provenSedTarmac>pined</provenSedTarmac>
      <epicarpSwayed>
        <ayuyu>majorTranceDecane</ayuyu>
      </epicarpSwayed>
      <insteamExodoi>
        <rammishWursts>1110</rammishWursts>
      </insteamExodoi>
      <frijaFurlanRemint ravelinMingles="valuedPiddledTwait70">
        <stitheKaraokePeroba>scattsDerryGunnar</stitheKaraokePeroba>
      </frijaFurlanRemint>
      <puttierNobatchBeydom chamletSurview="70864" grimaceSubvola="hydageLoggin">
        <cypher>carrom</cypher>
      </puttierNobatchBeydom>
      <onlessLigninsSaves>
        <lyssaTrickly>cabullaMoit</lyssaTrickly>
      </onlessLigninsSaves>
      <outgush atty="huashi" defadeDustingHolmos="dogboltUnhewn">
        <regime>flaggedPedagogLoaden4</regime>
      </outgush>
      <whattenSnortleBepaper>
        <berstelBuglers>brid</berstelBuglers>
      </whattenSnortleBepaper>
      <quietly morongTrystePaunche="legbarProoBielded">
        <addedlyGanoine>85089796</addedlyGanoine>
      </quietly>
    </nardNeaDipping>
  </beluchi>
  <pelisseThrastNomial wagglesChapote="listerUnroast64" kitabi="eagererDiotic" isatineAamEnlife="chunga" unsetsEuhagesEnvigor="507104821" />
</retool>