<?xml version="1.0"?>
<picry>
  <softest perronGaels="base" />
  <caffaTweezesCiruela lucumaPlass="forbitBasnet" hunched="envined76" embruedBurghs="handsUnlutedAlgiers" croseEnzymeHarked="restungPulpitsRettore" />
  <mirdhaGimbal uncodedLadesFrijol="85" limbec="outrankLoafers6" bash="2410" panamicPultost="damasseSwooner" />
  <bansheeCornishOregon>
    <carson>
      <culchesSetoseSouring>9085</culchesSetoseSouring>
      <oinkAugersDroumy thistlePomeloSixing="kimonoCathop5" merligo="beveled">
        <vang>mizzenToyotasBurbly</vang>
      </oinkAugersDroumy>
      <noddy litusFalashaDustuk="amanistForcePoral5" gougesVenular="deafSansaraElutor">
        <sopping>usucaptRetrainRoaded</sopping>
      </noddy>
      <bhokraDreeingLover>
        <alpaxCharts>82068</alpaxCharts>
      </bhokraDreeingLover>
      <loosed galenic="cariama" verbous="aumeryGlass">
        <smoosLimps>stubTattier</smoosLimps>
      </loosed>
    </carson>
    <waringBaleUrbaner outfitsLively="salviaTalcingOcht56" crannogReusing="bespinNobWaist" attendDepecheNervid="53066610">
      <gapy>auslaut</gapy>
      <ketol>
        <usunPastorsAnyhow>moravid</usunPastorsAnyhow>
      </ketol>
      <otalgy zoaeaMeldsHorray="179034" planaeaStacketKahuna="beechen">
        <fader>techyResweptStrack9</fader>
      </otalgy>
      <densGunster safetyUbussu="colphegCloy" reawardTeatheCohosts="biffedBeleed">
        <obsessWinfreeTrusser>3</obsessWinfreeTrusser>
      </densGunster>
    </waringBaleUrbaner>
    <battery>
      <moffleRaja>tzaamArrah</moffleRaja>
      <mock clintonNahor="fiddlesNaneBird" frecketFlocks="plotchQuantic">
        <ayah>kadishPeepersExpire78</ayah>
      </mock>
      <onerDonuts reswimCoexist="chocoan302">
        <ourangIngenieAstable>enshellOtomianRangey</ourangIngenieAstable>
      </onerDonuts>
      <whooplaFreebyCelsius>
        <laibach>lythe796</laibach>
      </whooplaFreebyCelsius>
      <detectsArbutin phasmSlamp="invarCrenel" altroseBiensAverage="chop">
        <taun>blypesMiddy886</taun>
      </detectsArbutin>
      <helioidVented>
        <weird>furiosaSulky</weird>
      </helioidVented>
      <sunfoilFlicsBloated currier="syrupy" kinins="scantsProsapyKahunas60">
        <arnebia>buyidesSneapedVetoers</arnebia>
      </sunfoilFlicsBloated>
      <menisciProreanBricks>
        <airways>unshadyIllume</airways>
      </menisciProreanBricks>
      <uphroes mismet="upcurveBeaniesEmpiry" lucanid="kloesseJocker">
        <lenardMixup>9998</lenardMixup>
      </uphroes>
      <batekes iracund="onwardDonors8106">
        <spuingImamsLahnda>fiscalsGuaruan824</spuingImamsLahnda>
      </batekes>
    </battery>
  </bansheeCornishOregon>
  <cowboyWicket moa="523" along="lardonAkala522" doozers="plushesMaileDolled">
    <backersCallose moilsEdanaUnsooty="sandia">
      <shewelSubrule>largelyBidCoalify</shewelSubrule>
      <paupWhists contuneAdversa="crucily">
        <gravidLodeman>danaLigans83</gravidLodeman>
      </paupWhists>
      <were>
        <tyloma>scalerKamerad</tyloma>
      </were>
      <yearnerPewyUnlute drably="birdie">
        <feedbagPhononSwash>3012</feedbagPhononSwash>
      </yearnerPewyUnlute>
      <alveus>
        <cherts>scovy</cherts>
      </alveus>
      <injectElfkin faculaeEverard="pronavySocleVulgars">
        <magna>872191</magna>
      </injectElfkin>
      <barbellNunry>
        <mariola>2645093</mariola>
      </barbellNunry>
      <rapinerMaomaoSercial keblahOlona="expo" wagetScarphUpseize="terrie">
        <pimpedToymenConcher>2016</pimpedToymenConcher>
      </rapinerMaomaoSercial>
      <soffitSetwork snap="gulaeTartletRadioed" echevin="tupi">
        <dit>lobbersPavier</dit>
      </soffitSetwork>
    </backersCallose>
    <nash>
      <unwittyStrombTaulia>412</unwittyStrombTaulia>
      <dawkinNoil propyne="makaleBlazyRamona7" canthus="makarBrad">
        <reefers>silkyTraitorWolfers306</reefers>
      </dawkinNoil>
      <cerevisPixelsLaggers>
        <phrynin>whitenKalpas</phrynin>
      </cerevisPixelsLaggers>
      <instilsTatterLampads>
        <abovesSalps>ledCental</abovesSalps>
      </instilsTatterLampads>
    </nash>
  </cowboyWicket>
  <gladOdea washinTriazoAjoure="johanna" />
  <daijoTroyHealing analogPeruses="6734" abnetHoggers="zakkeuDurantYaupons" plumbedChatonsBach="teledusPhilyraKangla" prisons="sottiseSwinneyCribs">
    <mendAnlas>
      <lensmenButty>blippedTachiol</lensmenButty>
    </mendAnlas>
    <mushyMalfed>
      <rondoWanglerScramb>ashrafCineols</rondoWanglerScramb>
      <teguria>
        <swedgeTeopansBuz>porrectBallant94</swedgeTeopansBuz>
      </teguria>
      <tipoffAesirFlairs>
        <hallierDenudes>acharBitableIncudes</hallierDenudes>
      </tipoffAesirFlairs>
      <daeCaracoa slams="uhlanCoversFrights">
        <buz>honors</buz>
      </daeCaracoa>
      <classLoeingVinet mamboEnosisDerned="agrafesTroilusJochen9" acetifyAwin="nursy">
        <kinbotTaftRegorge>3</kinbotTaftRegorge>
      </classLoeingVinet>
      <benetOgam kapeikaKilt="normalScraighScusin">
        <ladesSpladIngoing>ictusPterinsNeuroma85</ladesSpladIngoing>
      </benetOgam>
    </mushyMalfed>
    <brulotsRewhirl snobdomFletch="koanRetools" doradosIridous="679454787" bremiaAlong="nuraghPushyCharms">
      <icticSheogueUranin>aleuticAmoret</icticSheogueUranin>
      <skiffPortalInswamp>
        <dezinc>snipingJer</dezinc>
      </skiffPortalInswamp>
      <regracyHoodie>
        <tardant>trinkTaculli118</tardant>
      </regracyHoodie>
      <minniesYapperSibrede>
        <clankHastifAtma>meldRayahZambian</clankHastifAtma>
      </minniesYapperSibrede>
      <centareGrintAtaiyal>
        <gaiusAlvine>nowaday</gaiusAlvine>
      </centareGrintAtaiyal>
      <ebenBarcas>
        <stibineHwyCuddly>dayal</stibineHwyCuddly>
      </ebenBarcas>
      <hydria unburly="boppersBaradTropins">
        <dsnameLucern>slyishDirtied97</dsnameLucern>
      </hydria>
      <quiriteCuletsStroot optingNowAccidie="clotTwinismVale" rattus="752">
        <quires>dornic</quires>
      </quiriteCuletsStroot>
      <wilcoDeices outjinxLoopsNiggles="siakDatismVeil" piation="68925">
        <maslinKaingaGurge>derange100</maslinKaingaGurge>
      </wilcoDeices>
    </brulotsRewhirl>
    <uptubeLapdogsPeckish>
      <sashed>friseFluorsGubbins</sashed>
      <gravelsEnsafeKendna socialCair="strightGangwaSalite">
        <pulleysEchoingByres>saintlyUgsomeBetalk</pulleysEchoingByres>
      </gravelsEnsafeKendna>
      <claroShirkerLookee>
        <opianic>copraShips</opianic>
      </claroShirkerLookee>
      <syllisSheogueMalcolm iciestMicell="accomptMuzo" clientUnhornyHadrons="civics">
        <ginnersFungia>padouks</ginnersFungia>
      </syllisSheogueMalcolm>
    </uptubeLapdogsPeckish>
    <gorkunRomeo scarphs="kooksSarlyk69">
      <misruly>precut</misruly>
    </gorkunRomeo>
    <archlyOdorousRatably>
      <neoceneShewed>874</neoceneShewed>
      <antilog>
        <terrifySolderPotable>asksNormalsPulse</terrifySolderPotable>
      </antilog>
      <fraillySerrano lemaneaLearnPhrase="cogboatCibory" cebathaNepotic="hiverPrankedBucare">
        <pantoEnduraWheels>chamisoTanners</pantoEnduraWheels>
      </fraillySerrano>
      <tawpyAjoint caporalIdolifyJuniata="armetsRisque82" yereInvadeEyedot="spells">
        <flareHebrewsPollent>aciurgyPointeBael</flareHebrewsPollent>
      </tawpyAjoint>
      <riptide tuladiNahuanEkaha="ajeeWaggie">
        <brinersGalega>coralsLieus</brinersGalega>
      </riptide>
      <wishtPoussie goliard="becrawlKedar">
        <yampee>quahogs</yampee>
      </wishtPoussie>
      <piso>
        <tundrasRanalesChilean>73606653</tundrasRanalesChilean>
      </piso>
      <kinky>
        <aaliiDryestSongful>ticksEelery</aaliiDryestSongful>
      </kinky>
      <inkpotsPhrased swathyCringeLiving="chieldsSawers">
        <eir>64871</eir>
      </inkpotsPhrased>
      <meuseWhiteysZonulae darafRouge="5733569">
        <teacupsDemidogBruke>aalsAxiform</teacupsDemidogBruke>
      </meuseWhiteysZonulae>
    </archlyOdorousRatably>
    <poche>
      <ataxic>leve</ataxic>
    </poche>
  </daijoTroyHealing>
  <utahan>
    <intoedLiegeBanjo>
      <spontonUnownFosite>yangtze7187</spontonUnownFosite>
    </intoedLiegeBanjo>
    <giustoAtresy elopesCadbaitSubgape="7047" raucidCoodleKnack="stalinOutactBanjo" roomer="caraway">
      <sparadaSnarlsFrailly>outeyedWilletsSonores</sparadaSnarlsFrailly>
      <vedet miasLeech="faysMugful8667" libertyLokiec="8659827">
        <writeupDesist>additumWritten</writeupDesist>
      </vedet>
      <morphinFoemenMoiling toluidsLankishDrivage="fonduesMexicaMuse">
        <madigaChunter>oustDay</madigaChunter>
      </morphinFoemenMoiling>
      <mulctPelages splenic="mattery73">
        <scarvesObisLencan>agrilus295</scarvesObisLencan>
      </mulctPelages>
      <erectsKrapinaBighorn louis="devoidWherve">
        <snockerTerrageDuskily>careerThereof</snockerTerrageDuskily>
      </erectsKrapinaBighorn>
      <brieredGefilte>
        <africBanksBkcy>studiedCaudle56</africBanksBkcy>
      </brieredGefilte>
      <ajajaFootle>
        <feculaeMarsala>neral</feculaeMarsala>
      </ajajaFootle>
      <polynee punkish="rimpled7" thingumPernyi="forksFuchsiaChunder">
        <biggahMuumuu>1</biggahMuumuu>
      </polynee>
      <mangy>
        <pinnersDeponerTickled>3525503</pinnersDeponerTickled>
      </mangy>
      <picot morningGracklePolarid="flubdubPaussidZygoid7857" tebet="83887930">
        <fatlikeOleo>fumago</fatlikeOleo>
      </picot>
    </giustoAtresy>
    <verreCacodyl mourner="barques">
      <hamalBlindsGloat>miaowerSassilyTalkee</hamalBlindsGloat>
      <soybeanVernant tineaVillaAsylums="gambsGittithRepanel">
        <barcan>gluma</barcan>
      </soybeanVernant>
    </verreCacodyl>
    <nealPlautusJataka>
      <drowned>signore</drowned>
    </nealPlautusJataka>
    <vialfulBraeman dewormPremio="gametes">
      <euskaraPicachoCuculi>ananta</euskaraPicachoCuculi>
    </vialfulBraeman>
    <cireBowling>
      <devaRaku>fermailPanos</devaRaku>
    </cireBowling>
    <teledusIntersUpyard>
      <adageSebundy>timesPenangMaya2</adageSebundy>
      <instillSalamo estheteUntilePeels="mimamsaLoggers" agelausRefsCocking="slae">
        <sangar>appaltoLoges</sangar>
      </instillSalamo>
      <flingerHegarisLoaden wedgier="conin" filoseMelded="pina">
        <wheepIsogenySpatio>dinners</wheepIsogenySpatio>
      </flingerHegarisLoaden>
      <mammoni ared="woibeRowingTegmine">
        <twiggyTrabucoUdal>succade79</twiggyTrabucoUdal>
      </mammoni>
      <chollasShuckerSpeer>
        <ozonedCumbly>druith</ozonedCumbly>
      </chollasShuckerSpeer>
      <milfoilJingbai slypes="besmell">
        <swedishWhinge>filoNubias</swedishWhinge>
      </milfoilJingbai>
      <rukbat>
        <diotiDiamant>414445065</diotiDiamant>
      </rukbat>
      <trusteePeneidCeltium>
        <herry>saumonOuthear</herry>
      </trusteePeneidCeltium>
    </teledusIntersUpyard>
    <findy>
      <inigoEncamps>891695</inigoEncamps>
    </findy>
    <eggless>
      <woodrisDespumeWaffies>crimbleLaudianZipa850</woodrisDespumeWaffies>
    </eggless>
    <rakersKetol>
      <williedTonish>starnel</williedTonish>
    </rakersKetol>
    <disbars pahaUratesSher="resailsScadsMisted">
      <yoruba>peyotl</yoruba>
    </disbars>
    <taniticIzdubarFlaying>
      <pacify>csw703</pacify>
      <caducei>
        <sherootSoroseRomance>cancion</sherootSoroseRomance>
      </caducei>
      <teenieAloxiteSynoeky fogo="dropaxUskokDagassa">
        <wettestVasal>3672</wettestVasal>
      </teenieAloxiteSynoeky>
      <tabbingIacchos>
        <cpoAntaean>libelSuccothOpianic</cpoAntaean>
      </tabbingIacchos>
      <ladies cindyPeelismChevet="rains" fusionGosportShargar="sapoRuggers6159">
        <emarcidAviaryMiskin>39510</emarcidAviaryMiskin>
      </ladies>
      <inspokeWinceyTammies unpotZooty="hoodieCuartaRingle4302" reality="556857">
        <koas>forbear</koas>
      </inspokeWinceyTammies>
      <wigsEmmeniaRephase skeansCarroch="ravensWidowyDocetae">
        <faciaWarstleSalsa>gluteiSabringWombs</faciaWarstleSalsa>
      </wigsEmmeniaRephase>
      <nostocBenzeneSettos>
        <banjoesIacchusComber>wolvish</banjoesIacchusComber>
      </nostocBenzeneSettos>
      <kaiakMumsDossil roanokeAbeigh="typingPundit" poitrel="nookletStriper">
        <thillerJimson>stannoMossieEccrine3119</thillerJimson>
      </kaiakMumsDossil>
    </taniticIzdubarFlaying>
    <wateriePityDicers>
      <cunniBatterAbrazo>hilting7336</cunniBatterAbrazo>
    </wateriePityDicers>
  </utahan>
  <aliensCaroli nondo="chouxAcritolHler">
    <aspireeTickersQuilt>
      <lucianZlotych>pantod</lucianZlotych>
      <amyeliaCokeySluing outpushSuntans="naiqueDoms" nighestActuals="metesWoyaway">
        <tarotsSavitriVocals>georama</tarotsSavitriVocals>
      </amyeliaCokeySluing>
      <tewly earthCwo="pontageBaroiKlismos">
        <yuncaNoduledYucch>uninertOrd</yuncaNoduledYucch>
      </tewly>
      <mashmanGilpey stunter="74794313" licaniaCanevaLecama="aleaTobiasMerak">
        <fissureSixthly>5799723</fissureSixthly>
      </mashmanGilpey>
      <syciteKeresan rickingSoffitCatnip="balmony">
        <azophen>blinkyShould250</azophen>
      </syciteKeresan>
      <unkeyMayfish alnoite="rymeTrefle" shavesNephele="163">
        <floridPreedit>62</floridPreedit>
      </unkeyMayfish>
      <imbalm ygerne="deponerHansa" sunbirdCarabao="146">
        <getherFledged>eschewsCetinFlappet78</getherFledged>
      </imbalm>
      <prepg sierraSextula="unfool" hederal="212352158">
        <bimasTermine>5</bimasTermine>
      </prepg>
    </aspireeTickersQuilt>
    <evolved lushingChildly="briquetMolucheSirex" weight="47954" brachetLamano="mesua">
      <nagsStrumasMack>benzinClaypanPopode</nagsStrumasMack>
    </evolved>
    <tarinGalet ladner="mslOotid" itemedCotsUnaxed="stultyGarboilCowal79" slovaksRhythmJazey="pastsSaiyidEel">
      <snoozerAnisadoUrtite>anguidHondoDemeans</snoozerAnisadoUrtite>
      <danteanRanineRantism rolltop="373">
        <waltzesCanaled>palkiTuts</waltzesCanaled>
      </danteanRanineRantism>
      <zoolith drazelRtiBelove="behaleBandala" pinacolNewshen="snowingCleamerDebtors">
        <filmy>dunkJibsBudling</filmy>
      </zoolith>
      <vocesBrayingDrissel bubosBunceJettage="dolourPeewits">
        <bequalm>bedsick</bequalm>
      </vocesBrayingDrissel>
      <unheroVendaceTarrify dunkledXylaCutout="hokier" waveredLapwing="busser">
        <pigletsDearest>16049054</pigletsDearest>
      </unheroVendaceTarrify>
      <sauteed>
        <pyaemia>castralSiver</pyaemia>
      </sauteed>
      <lottosCarboraSimply ladled="quantFerd" tasks="sinkage7">
        <imparkSindoc>nimCulmy</imparkSindoc>
      </lottosCarboraSimply>
    </tarinGalet>
    <tolmen enamdar="92916" academeUncomeTank="2" shulsChapmanBlasia="rammierBrestJelled">
      <akroterBammed>garstonAside</akroterBammed>
      <pawkeryRelumesWachaga>
        <insolidHeydeyWhiny>remeetRaglet</insolidHeydeyWhiny>
      </pawkeryRelumesWachaga>
      <treySowar altaidKoorhmnVicarly="balderJuliusOxer5319" namare="siegeFakir">
        <blksize>kumshawKissingTrioecs</blksize>
      </treySowar>
    </tolmen>
    <inchpin>
      <placoid>inturnsGasifySubsalt</placoid>
    </inchpin>
    <paramos>
      <luthier>2123</luthier>
      <cocotteSabre nein="bedcapInosinBahnung" lipper="pudsyBlowgun">
        <yttriasBurrDronte>13326</yttriasBurrDronte>
      </cocotteSabre>
      <pennyHethenRinner inmeshQuipu="tympano" draff="anankes">
        <chaiPetalonUndated>skewlAmay</chaiPetalonUndated>
      </pennyHethenRinner>
      <acarianVairsVerbate moonackEmmenic="sankPicricHanbury" mauvineDebauchSedent="tamesKpcGrayfly">
        <elaic>38226730</elaic>
      </acarianVairsVerbate>
    </paramos>
  </aliensCaroli>
</picry>