<?xml version="1.0"?>
<dinkyMexico>
  <snurp metamerDoles="mauledUnvalid">
    <skidlidTroveSteaks reengeDecoyer="bowlesUnderdo" vizoredArsinic="athwartPlook">
      <compassCoateeHowdahs>myophanLetchy</compassCoateeHowdahs>
    </skidlidTroveSteaks>
  </snurp>
  <ahaVarus eyefuls="nabsAudibly" poiluMyra="19906920" commiseSprangVacuum="793406278">
    <kamsins>
      <isleGarbRetal>chuddahTrefoilAdmove</isleGarbRetal>
      <cavernKeywdDisruly globingCozesAlbania="eyas" bayonetPataria="sennaBrame">
        <decked>85500</decked>
      </cavernKeywdDisruly>
    </kamsins>
    <oxgate>
      <abitVelured>bobotieLordly6692</abitVelured>
      <maraeBimetal engraveYeshiva="53139358" effeir="dhangarEmbargoJoy">
        <elfinsCanaba>plenyUpupoid</elfinsCanaba>
      </maraeBimetal>
      <borana>
        <ripplyChazy>caroidUpbye5944</ripplyChazy>
      </borana>
      <yamilkeCistoriSekere dossingSourest="gozillBleatsScanian8" trommelLikinCribber="sellout">
        <rufflyLapises>crewmanAgeusiaSplat</rufflyLapises>
      </yamilkeCistoriSekere>
      <relais unkissRubbery="4" niters="towkay7147">
        <darkeySkeer>deess</darkeySkeer>
      </relais>
    </oxgate>
    <unloathInflame>
      <tonedFailingCowrie>rewiredNickeysNacred</tonedFailingCowrie>
    </unloathInflame>
    <sterolsKurgans>
      <friskUnornlyDisbud>yfacksHeved</friskUnornlyDisbud>
      <scogger runklyBodier="reppBaynessDerail" daltonCrouke="otidiaPelicanWadder">
        <winceysChereCombure>pedlars</winceysChereCombure>
      </scogger>
    </sterolsKurgans>
    <relyingEmyds>
      <lotosJade>averiaSilvan</lotosJade>
    </relyingEmyds>
  </ahaVarus>
  <devant boules="sewedPelite" emptier="tutrix" salukisCaroid="493">
    <poufed>
      <janty>sissuEgotizeFoulder6171</janty>
      <pusleyAlans>
        <liplikeCuffed>molluscJervia8762</liplikeCuffed>
      </pusleyAlans>
      <ariaValvedGhosts brieryCobraOftness="2801717">
        <aspringGasesArided>wrung</aspringGasesArided>
      </ariaValvedGhosts>
    </poufed>
    <piqueroRameanGhana hymen="maghribKvinterAliens">
      <sgd>ogumFormols</sgd>
      <pigtail>
        <elec>lannersLentic</elec>
      </pigtail>
      <anabong>
        <sinaeOrgasms>chafery</sinaeOrgasms>
      </anabong>
      <antship dubs="buliesFemptyFulmen">
        <tidying>snies</tidying>
      </antship>
      <plutean tornalLibidos="githZephyrs" maniaHemoid="gruttenKilnman9">
        <poeticsHuddleJankers>baffler</poeticsHuddleJankers>
      </plutean>
      <mikedPardner>
        <fendingNoucheScrotum>ingraft</fendingNoucheScrotum>
      </mikedPardner>
    </piqueroRameanGhana>
    <alteredWarb>
      <bobetWarier>7986</bobetWarier>
    </alteredWarb>
    <snoozerHouseZoona gresBillmen="surcleLabibiaBox" sifeCoses="stating" brayedPurples="phylum">
      <somalia>4627</somalia>
    </snoozerHouseZoona>
    <bemanDomal>
      <cogon>trellisBoldoUnfast</cogon>
      <neotypeKnarryBuyback liftersLgth="80">
        <cuffingSpooler>owkCrispyMewled</cuffingSpooler>
      </neotypeKnarryBuyback>
      <soodle tuglikeAsitia="47158" slickenFlogIhleite="benselCogger">
        <hammalsSoavesAlgy>796872</hammalsSoavesAlgy>
      </soodle>
      <rummeryRagComber speave="5973" jaunerHadean="soloingSyboticSissoo">
        <lintelBanusSenatus>4162829</lintelBanusSenatus>
      </rummeryRagComber>
      <fricti arrand="manticUnhuman6405" slaggyLawnlet="maboloGucks">
        <sperageNoebcd>176761</sperageNoebcd>
      </fricti>
      <pinotFinspot>
        <meissaMendingEnfin>ditchedGrippy</meissaMendingEnfin>
      </pinotFinspot>
      <halibut>
        <maserEndotys>fatalePoche</maserEndotys>
      </halibut>
    </bemanDomal>
    <mantapa>
      <illitesProlineWand>fittyPaschFreaky</illitesProlineWand>
    </mantapa>
    <cires surnaiInchantNahoor="8" laevoDamnsMechael="arched">
      <photic>fixing</photic>
      <beancodKeppedCanst joeyKoroa="6845">
        <fertile>oneyerMashies</fertile>
      </beancodKeppedCanst>
      <ozonisePasmoDesmid>
        <tuscheWhen>bellotaPampers</tuscheWhen>
      </ozonisePasmoDesmid>
      <cogons soodlyLulavim="88051328">
        <trotted>bode</trotted>
      </cogons>
      <kurukh mimlySorters="poppelMoots" pnceConnate="parringPatter6">
        <nicheLepteraMuras>woaldsGove1</nicheLepteraMuras>
      </kurukh>
    </cires>
    <oregoniKreatic plisky="eruptedCocklet">
      <toetoeOften>outrapDebelKelps</toetoeOften>
    </oregoniKreatic>
    <carafeChokies>
      <zimarraRacings>876254499</zimarraRacings>
    </carafeChokies>
    <saveySnidestNoecho>
      <wullie>578480864</wullie>
      <naigieUranianSclaffs>
        <sughedFerulaShamer>topsoil</sughedFerulaShamer>
      </naigieUranianSclaffs>
      <inaxon scolionTicca="wyvernSperminLourd" healsBegrimeThoued="92237">
        <brightsPanaceCummock>bambaraMaltedDilluer</brightsPanaceCummock>
      </inaxon>
      <hopbineGosterAbattu>
        <timberyCalces>adits</timberyCalces>
      </hopbineGosterAbattu>
      <edificeDrupaInrol thickyAluco="wasnt">
        <guaicanQuerist>pelotaDuppingTripes24</guaicanQuerist>
      </edificeDrupaInrol>
    </saveySnidestNoecho>
    <vims>
      <rookus>crucifyBalitiGamble</rookus>
      <ignify lacingsScranFleeces="907186">
        <lordsSprawlyTwazzy>79</lordsSprawlyTwazzy>
      </ignify>
      <boozingTwanker collops="784073">
        <wherein>corodyOlepy</wherein>
      </boozingTwanker>
      <awl mizrah="flav">
        <tiliaBatcher>holilyPatrick</tiliaBatcher>
      </awl>
      <impower>
        <elemisSadhNither>miosisCullied</elemisSadhNither>
      </impower>
      <compare joshers="aquiverBoeotic2017" recomb="985">
        <stuiver>hosting</stuiver>
      </compare>
    </vims>
    <unwealUpside katunMinyRetain="86537">
      <nonsaleDeodarCaviar>stionic</nonsaleDeodarCaviar>
    </unwealUpside>
    <whereupSerrateAlowe>
      <xxiiNambyChalaze>balawuTornus</xxiiNambyChalaze>
      <outmenFriary marshaHoaxers="handySebumsChowk" napalm="shaptinRib">
        <joughFriezed>fusionAdipousCanelle</joughFriezed>
      </outmenFriary>
      <burrowsKoswite>
        <teguria>saughsTautenDuties</teguria>
      </burrowsKoswite>
      <impowerSouls chetrumUntruckHoddens="jib13" gnomonCanakinPyurias="orbits">
        <kippinMalmagSougher>bootie</kippinMalmagSougher>
      </impowerSouls>
      <remove leafer="31517548">
        <melosEndue>obstetSummate</melosEndue>
      </remove>
      <transe>
        <ligninsBureauxTonnage>776475</ligninsBureauxTonnage>
      </transe>
      <feazedValours>
        <pyeSlakeSylphic>90469949</pyeSlakeSylphic>
      </feazedValours>
      <fumage>
        <statismIroko>65783</statismIroko>
      </fumage>
    </whereupSerrateAlowe>
  </devant>
</dinkyMexico>