<?xml version="1.0"?>
<chapote>
  <patarinPoplet flocciCasinetGung="shyest" blamingBroil="yokeageClokePlunker">
    <glottidEnnuyeeBreek upstemMinnyFellon="hasping" petcock="staynilDihalo">
      <aroon>54</aroon>
      <gangava>
        <prinkyUnfrostRipened>whereasStrue26</prinkyUnfrostRipened>
      </gangava>
    </glottidEnnuyeeBreek>
    <hertzesAlbe>
      <ketupa>teetTajikiArrect</ketupa>
      <outwept vedet="pipageBolty" suzBogoMona="mfd">
        <symmoryQuotUnfits>furiousFlawyShikimi</symmoryQuotUnfits>
      </outwept>
      <dowlUrledEchoist>
        <uzarinStalesNefast>scarpedNimblerAgedly7</uzarinStalesNefast>
      </dowlUrledEchoist>
      <wagging teng="lycTophetCandida">
        <feezingTastilyRebus>8681717</feezingTastilyRebus>
      </wagging>
      <lewannaRanales aahedPalikar="chassis">
        <quiteBecrawl>hafterBewiredGummata</quiteBecrawl>
      </lewannaRanales>
      <jollopDidact hawkingMinuetsMudir="ascii">
        <fuse>teacupHexosan</fuse>
      </jollopDidact>
      <flote knitterClocks="evelineCobra" hotta="fussilyMiggAkin">
        <kodkodMudfishRenable>keyhole</kodkodMudfishRenable>
      </flote>
      <nigelAmmonia subfiefTaiaha="1015210">
        <jowpy>brick</jowpy>
      </nigelAmmonia>
    </hertzesAlbe>
  </patarinPoplet>
  <pituiteNeustic loessicMammea="uzbegTerral" thisll="licenseNoonlit5920" lits="khamalAerily" teamman="cheungMafiosi" />
  <starchy dingles="joy" zamangZanonia="98" cassinePyrryl="402047" />
  <ingate stalingLelwelRuddily="5757" jupatiDecease="yodeledStooker5">
    <drainRhoncalTaily talons="pattuBere" glassesLuteicSpurl="1384910" petersMasconsFlanned="wesselJohnnyAcyloxy">
      <grantChallot>344</grantChallot>
      <haylift outgoerFanfootHostess="aiawongGlewDoyle7" scythes="baning">
        <mawworm>7</mawworm>
      </haylift>
      <chambrePlaices>
        <thongedLofter>triagesSkipway</thongedLofter>
      </chambrePlaices>
      <enlists>
        <brazasTurcian>duffleEktenePirner</brazasTurcian>
      </enlists>
      <bigam otiticPhrasePerpet="lichenBlurt" chermesRottersFrosh="adipylShellerVotress92">
        <alascanIos>powdikeGiojoso</alascanIos>
      </bigam>
      <vestMide>
        <risquSweltryUncaped>marvels</risquSweltryUncaped>
      </vestMide>
      <pirr allod="tulchanSkeelyKurd">
        <lapsesSabianAbsi>99</lapsesSabianAbsi>
      </pirr>
      <flying wafts="spatiumChonkCairene">
        <seismol>103604</seismol>
      </flying>
    </drainRhoncalTaily>
    <fooderInarms jobbersBolled="2299115" blimpGargety="pastlerLampionTythes255" augites="13028349">
      <heaumerWogietBeman>cobbles</heaumerWogietBeman>
    </fooderInarms>
    <causeurMiscue>
      <potatoFanga>reconsCecropsAyenst</potatoFanga>
      <palauSynoecyMoulvi>
        <aspsGuacoQuinas>wachna</aspsGuacoQuinas>
      </palauSynoecyMoulvi>
    </causeurMiscue>
    <closestIsogoneImogen>
      <heartlyCroupyBaalist>puddly98</heartlyCroupyBaalist>
      <selsynTendonsCapias redoundSomeway="antingSkeg">
        <bassieOmegaArborer>ninetedLycidaeObeyer</bassieOmegaArborer>
      </selsynTendonsCapias>
      <adoniad>
        <alinersCalvus>73</alinersCalvus>
      </adoniad>
    </closestIsogoneImogen>
    <glagaCerotic>
      <puddingBlennyOrlean>hajiBalija4</puddingBlennyOrlean>
      <redrove flookanDispar="141999928">
        <behen>semiarc</behen>
      </redrove>
      <cordies shutout="cambric">
        <tressedLiniestDeeding>4</tressedLiniestDeeding>
      </cordies>
      <wilrounTaperer polices="splungeCopiedMealing2" corporeKiltedNastier="ragingRetakenSawn">
        <chouses>hasidim8</chouses>
      </wilrounTaperer>
      <blockerPinangsTramell sulfion="48793">
        <ohms>975968</ohms>
      </blockerPinangsTramell>
      <singe claps="batfishAxmanRefurl31">
        <retama>hunsVowingJerque</retama>
      </singe>
      <cuissesFolious cranedBeknot="golemsScalesManxman">
        <heats>makouaGauntryPadasha</heats>
      </cuissesFolious>
      <dittyRetint>
        <hexerei>41976337</hexerei>
      </dittyRetint>
      <moldy omniMundaSaya="parmaHypha4" ginzoesSkycapLym="keepers">
        <gulasFezzy>italyEgotism</gulasFezzy>
      </moldy>
      <jezebelWecche>
        <howdiesRuddied>madzoonSalp</howdiesRuddied>
      </jezebelWecche>
    </glagaCerotic>
    <coppersEntenteCruelly>
      <mols>dwarvesCust</mols>
      <prewhipTicken>
        <shoutsFlacker>425759684</shoutsFlacker>
      </prewhipTicken>
      <aggrace meitheiBaldie="727242798">
        <coinersWolfdom>liniest</coinersWolfdom>
      </aggrace>
      <william bahmani="koreTydieHyle">
        <tapitSpear>3335095</tapitSpear>
      </william>
      <reifierEudist galletJaywalkEuglena="loculi" comradeClashyFelup="218464">
        <verrelParesesInvect>834395</verrelParesesInvect>
      </reifierEudist>
      <capotes nominalExamineTankers="khutbahCumay" netsmanCessingSubset="kefiricSperonKabob">
        <hornful>hooperMayasWaxlike</hornful>
      </capotes>
      <drearly trioxidAtli="pocked" inditer="769">
        <tazia>bicorn</tazia>
      </drearly>
      <quaifeHeathyPummice sottishOenone="341529" probitsWeakly="arhar">
        <hawingLoukoumStair>veena</hawingLoukoumStair>
      </quaifeHeathyPummice>
    </coppersEntenteCruelly>
    <druposeOsierGritter>
      <dependsRestyleElatery>glack</dependsRestyleElatery>
      <trabal chaitBetailTrawley="989769" lovedSyceeTripody="saysSenoufo">
        <splurtCherely>949</splurtCherely>
      </trabal>
      <mammeysLawterDamsite ineunt="druxey" ibad="gabbier">
        <curine>91060</curine>
      </mammeysLawterDamsite>
      <tintage randonIdcueTiffle="gleefulSall">
        <brises>chaftedDecor</brises>
      </tintage>
      <cooeyPlaitsPostbox nuncJubhahEmbrue="6735164" chromo="36606">
        <piculsHalpAllice>resined</piculsHalpAllice>
      </cooeyPlaitsPostbox>
      <gemmeryLegeBourd nawtSpats="cambaloRacistsChelys4885">
        <blype>unburnMoneysArabin</blype>
      </gemmeryLegeBourd>
      <hissesSheepy>
        <nepit>diegoPunkas1205</nepit>
      </hissesSheepy>
      <cadelleDhamnooKeita toit="dollia9396">
        <piitisWaybird>7269116</piitisWaybird>
      </cadelleDhamnooKeita>
      <revues>
        <whaly>wagwitSeptums19</whaly>
      </revues>
      <impestJermHaeing disgownUnpasteChillum="brendedSudoralKanten726">
        <paisaEnclogEarwort>bazigar</paisaEnclogEarwort>
      </impestJermHaeing>
    </druposeOsierGritter>
    <plew dorperGhisPiedra="lory" upsurgeSunlit="rinserLimmerSnawed">
      <jonas>dulses</jonas>
      <palankMaleos>
        <inceptsBirken>940</inceptsBirken>
      </palankMaleos>
      <afield uncoachKagus="52792526">
        <ranchePupsSharpie>breastsRosineMediant</ranchePupsSharpie>
      </afield>
    </plew>
    <staiderTapeats>
      <withsawEnchafeCulbut>dibHoagiesSidi</withsawEnchafeCulbut>
      <landAufFidawi>
        <caveaeTallolDative>pursesPrefectSoom</caveaeTallolDative>
      </landAufFidawi>
      <scrimIrpexJumble kaolinEscuelaDwindle="37">
        <blokes>fleered54</blokes>
      </scrimIrpexJumble>
      <garotteJerichoCohorts ficoesCyprianFanwork="triquet651" mutularWraptOgmic="7">
        <revvedHentsRout>nuttersLikinHypnum</revvedHentsRout>
      </garotteJerichoCohorts>
      <storksAcarol picnicsModder="dightSomet" ahmedBivinyl="43661">
        <unclifyBranle>rapportInportRadiov</unclifyBranle>
      </storksAcarol>
      <header broiled="suckle8195" pivoted="prasoidToolsyColumna33">
        <sicca>siphonsStooledLyctus</sicca>
      </header>
      <heartlyVizirs>
        <drammed>winlessRave6</drammed>
      </heartlyVizirs>
    </staiderTapeats>
    <ing>
      <segathyPoundedAbl>destuff9037</segathyPoundedAbl>
    </ing>
    <ccoya>
      <oraches>miaowerTrooperLakatoi</oraches>
      <solunarKarnVioler>
        <velvetWintun>vepsishXoanonAvenous</velvetWintun>
      </solunarKarnVioler>
    </ccoya>
  </ingate>
  <rubdownTrough haverelYouthen="hyadesCordons" melaenaUlyssesAdjurer="moioBorrowInspeak" detant="blooth" />
  <encinaLangaha becurse="kerseyBenneGuilts" clypei="ornary" coletitDartle="rouladeNikonDiamat745" beshagJangleAgouti="crumenaSafaris">
    <agrom>
      <flaxyRua>amoebas</flaxyRua>
    </agrom>
    <mammey>
      <groma>parchSurfedTurtosa</groma>
    </mammey>
    <endymalBuskersGules curiaBreechHassles="kinkled" fickly="kishkesArauna">
      <waxbushWherret>congrid87</waxbushWherret>
      <pundita tamulicGadite="closestCzardom" geraraBilkerSeagirt="yankyGrappleUnlath">
        <savery>amigo</savery>
      </pundita>
      <planes leudesScawPooka="stomodeMelosMucuses" peatmanRecruitIntagli="inturns">
        <flamedEyeboltVanda>budwoodAvale</flamedEyeboltVanda>
      </planes>
      <opacusSargos unseel="winnaChinos">
        <cayos>491</cayos>
      </opacusSargos>
      <skags waleParsed="poisesKook" tradedArbaThomite="kapeika">
        <manedTestata>4</manedTestata>
      </skags>
      <eland bradleyAlcaic="usurporSliddenCornule" pattieBended="beglucMouldy">
        <tandour>4482</tandour>
      </eland>
    </endymalBuskersGules>
    <whirry jacks="saboted">
      <vol>unsternTebetParing</vol>
      <miggDemursCrochet>
        <bodge>attid308</bodge>
      </miggDemursCrochet>
      <cicad deadpan="morelScrooAsaphic" disneyVermeil="bollock32">
        <joeyes>slae3833</joeyes>
      </cicad>
      <kella hayweedSapindaRennins="uprootLustredStonish1">
        <unness>mochudiSadoMichabo</unness>
      </kella>
    </whirry>
    <ulsterIroniesBablah hegumen="shuModiliYowt" citingTombolo="baybush" ourariTalukAmazes="awolsBudmash">
      <boogumGlidersSasine>wongshyPlim</boogumGlidersSasine>
      <resweep exilianRyokanPouched="waferSalter7288" bomb="850">
        <kurn>stromaAurigid</kurn>
      </resweep>
      <jawropeDecadeMusales opataTalter="wiverns">
        <dewoolBryoninDucats>devicesPrunted</dewoolBryoninDucats>
      </jawropeDecadeMusales>
      <cerebra rooky="formous2303">
        <venetes>81274</venetes>
      </cerebra>
      <spannerCarpels bullied="quarryFriar" partedAlapPageboy="bromus">
        <takerAnswersKhat>sclaff</takerAnswersKhat>
      </spannerCarpels>
      <messorThrackSkellat triggedMammiesEscheve="20" slewsCluesTories="genoasFoined">
        <ichs>truffle</ichs>
      </messorThrackSkellat>
      <heavedDespectTzaam artiestSyrniumSnyed="1387953">
        <isntPielike>reloadFulgid</isntPielike>
      </heavedDespectTzaam>
      <omnesMacaw forages="707" causticSmurtle="algomanHeehawsRomped9">
        <nonage>janua6055</nonage>
      </omnesMacaw>
      <annelid trachea="auxinic" stir="pronavyTalas">
        <canersRowable>806884529</canersRowable>
      </annelid>
      <benthon>
        <dissaitAbluted>blunketHaplont</dissaitAbluted>
      </benthon>
    </ulsterIroniesBablah>
  </encinaLangaha>
  <zincode mistide="4098405" indictAppere="sildYarwhip" pensils="9">
    <tigressMucks>
      <enhydraIsthmus>aligned</enhydraIsthmus>
    </tigressMucks>
    <excludeNeatly>
      <rfoundLiquor>sandbarWhapperCarroch</rfoundLiquor>
      <brewsMenuraKmel>
        <scorer>cumminJill</scorer>
      </brewsMenuraKmel>
      <amakebe lavetteUpbear="515">
        <belie>oolongsFlyback</belie>
      </amakebe>
      <extolsHoomCobola nagaKnivey="minow" sikhMitty="cobbler">
        <langelOxalan>mutatorAeginaHeelers</langelOxalan>
      </extolsHoomCobola>
      <truckedGimelsUpattic adviserBeadyChullo="hutchGomer7">
        <barbed>derivalYouthyFuzils</barbed>
      </truckedGimelsUpattic>
      <vaticanBypNihils>
        <freshedYapping>selfdom69</freshedYapping>
      </vaticanBypNihils>
      <prances>
        <myricin>elegiac</myricin>
      </prances>
    </excludeNeatly>
    <untoxicSynodusChaffy>
      <lauriteBlasted>797180292</lauriteBlasted>
    </untoxicSynodusChaffy>
    <smolderRuppia>
      <debugsAristWhaling>ygapo33</debugsAristWhaling>
      <baho>
        <filming>guergalSeghol</filming>
      </baho>
    </smolderRuppia>
    <vitrageCrowSayers trashesNowElision="borning">
      <filasseStifle>entomCharr</filasseStifle>
    </vitrageCrowSayers>
  </zincode>
  <kunziteArchin gnarlyBesra="4355" nusfiah="1" tenioCineast="mahmal" tubicenEstmark="72413057" />
</chapote>