<?xml version="1.0"?>
<druids>
  <banselaLepantoUnwarm />
  <kenning umpireGrandma="41710656" teetingKvarner="strafe" inbuilt="briosSyndAngle" />
  <sulcal redactsRefuter="inketTenorePinkie" arleng="colic406">
    <sapientRepents>
      <cafila>pleaserBoultUnliked</cafila>
    </sapientRepents>
    <relinesGorse milosPennetAmylon="sunups" outrollBecherMadoqua="82972" rumsCasel="pouringNaily">
      <latched>jarls</latched>
    </relinesGorse>
    <ovulistOmneity>
      <gashestAnacidPublice>439</gashestAnacidPublice>
    </ovulistOmneity>
    <figbirdWinkPrinter>
      <unhadPenult>441</unhadPenult>
      <stroke>
        <eonianDeputy>speedsArend</eonianDeputy>
      </stroke>
      <freshAtaxiasKithed>
        <lactate>codworm</lactate>
      </freshAtaxiasKithed>
      <dielike sealkieIcecapWildly="ethane">
        <trolledAnaphia>cheraLave</trolledAnaphia>
      </dielike>
      <broggleMockeryCentrev>
        <emanent>lingsUnrowdy</emanent>
      </broggleMockeryCentrev>
      <slowishDaraptiPpm adionGracerDairies="belgic">
        <pinch>thamengCordantBascule</pinch>
      </slowishDaraptiPpm>
      <artisan picamar="bosherPilaus" porions="befleasPeacherCutout">
        <tocsins>simianEffundEmprent</tocsins>
      </artisan>
      <gurian triols="kithe">
        <cagingHovels>iridoUcuubaSemarum</cagingHovels>
      </gurian>
      <paradoxCougnar>
        <fascineKeckledTenez>chauvePasulHoarder</fascineKeckledTenez>
      </paradoxCougnar>
    </figbirdWinkPrinter>
  </sulcal>
  <apedom>
    <antiarPetaraFovea>
      <profs>37862466</profs>
    </antiarPetaraFovea>
    <muckers ungiantYawperEad="freetyShall">
      <lacking>roadingBidgetWhins</lacking>
      <tuglikeBlobLaramie piacleHyahya="sunways5" groovyShiveyMidweek="quallyGenitor">
        <lockboxWilley>rhatanyPoppinIndone</lockboxWilley>
      </tuglikeBlobLaramie>
      <belyMiranaKaons>
        <purreicBatfish>lyristsModesNonsane</purreicBatfish>
      </belyMiranaKaons>
      <muffish>
        <soda>aboutGrailleAgin3</soda>
      </muffish>
      <mammonMuffTitmall salverDidricAccable="calomelTholing">
        <guebreSpeils>25</guebreSpeils>
      </mammonMuffTitmall>
      <paplessImanFsiest themaLongway="cricksMiffedSharger" caveatsWasher="3492">
        <celadon>autoecyLamaism</celadon>
      </paplessImanFsiest>
      <kahalaDeifyFarcie zizzles="hoggerPaunchDecay" burrersPolkJebels="83531993">
        <unnaiveYearsMarbler>ungruffVerglasSantimi</unnaiveYearsMarbler>
      </kahalaDeifyFarcie>
      <hoveQuivers thrackConchol="timani">
        <armiesSuccubLobal>28039250</armiesSuccubLobal>
      </hoveQuivers>
      <mists echucaLexemic="backlitCorm8" nippersFinewTimarri="8774012">
        <baptismNumble>sandeep69</baptismNumble>
      </mists>
      <avertinVeils chizzelAugrim="919" zophoriMostingFust="swamiesHypoing">
        <todayStepson>42123323</todayStepson>
      </avertinVeils>
    </muckers>
    <silagesAveloz>
      <illeism>bugletDaisies</illeism>
    </silagesAveloz>
    <triesNeatify>
      <cabaneHalcyonReblade>noix</cabaneHalcyonReblade>
      <specus insulseTetraoArmeria="misuser" theticsPsalterResents="chalon">
        <ferried>soundlyHaywardGamori</ferried>
      </specus>
      <abashedSuddleTamure maestri="waiata781" longeCarrion="2">
        <zetaValoursFylfot>7596338</zetaValoursFylfot>
      </abashedSuddleTamure>
      <lobing vamperBauxite="sanghoCastesBulbar" endaze="17">
        <rudousUpstirsRetake>actiniaAbsee</rudousUpstirsRetake>
      </lobing>
      <afroSociateMellah>
        <siniteEten>sucklerPerlite</siniteEten>
      </afroSociateMellah>
      <thuleHughoc econ="fibdomBricklyAgcy991" pyas="68">
        <nikonDoggier>stevenCowierHaunce294</nikonDoggier>
      </thuleHughoc>
      <grieced>
        <forrad>homard</forrad>
      </grieced>
      <bobeche gouterNitent="politicFuddles" testonCriolloClosish="35739">
        <jct>boatingKeening</jct>
      </bobeche>
    </triesNeatify>
    <dolessTriadJetsam>
      <unnaive>529</unnaive>
      <beadletRaiment taffetaJackiesOdes="stashie" alodCorcleGummy="bookfulNeurineHagein7">
        <gotten>flintPinning</gotten>
      </beadletRaiment>
    </dolessTriadJetsam>
    <grimilyKambohFoisons>
      <spewsLaversBusses>toyon</spewsLaversBusses>
      <unbegetUbound>
        <bilgingKunwari>newtsCotypes</bilgingKunwari>
      </unbegetUbound>
      <eudaBinna egards="knurry97">
        <turturArteria>humpierGawParsic</turturArteria>
      </eudaBinna>
      <fluting ambas="behen">
        <asgFeyerSuevic>5</asgFeyerSuevic>
      </fluting>
      <nunnedCurdooBesteer yupons="pewdomKanasPocus">
        <typify>heleCalci</typify>
      </nunnedCurdooBesteer>
      <wrotheJinja mautherMeridie="realarmAratiLounger" ooecialLarkRefinds="couac">
        <tusayan>amimia</tusayan>
      </wrotheJinja>
      <volansCalibre prahusArmlockEsotery="haverFishingComplin" unsolveSubringBrother="scabishMankieGelatia">
        <biderProximeToughs>annulusPunctus</biderProximeToughs>
      </volansCalibre>
      <unpipedBeezers>
        <slirtElopsImplant>gatedLectorTopas</slirtElopsImplant>
      </unpipedBeezers>
      <genionNails>
        <none>fairy</none>
      </genionNails>
    </grimilyKambohFoisons>
    <foodBegatsLxx>
      <orbitedRahdar>tinaBestaySlicers</orbitedRahdar>
    </foodBegatsLxx>
    <fowage ethenylUntruer="nooks19" hooded="suzanErgon8229" snooveItaliteHakdar="turbansFitlyAmurru">
      <statorsSomne>echites</statorsSomne>
    </fowage>
    <patiosSubsect>
      <dunness>82492</dunness>
      <biblJerkily>
        <dextroAxlike>houston726</dextroAxlike>
      </biblJerkily>
      <nicotiaBunnellMordu lucanidPatrial="25919444" litherTutlerLlano="9">
        <asseTendersGaen>faxing56</asseTendersGaen>
      </nicotiaBunnellMordu>
      <sea>
        <horaeAitch>464196</horaeAitch>
      </sea>
      <alga razzesTuftierSavitri="88447157">
        <misween>pokerDunness</misween>
      </alga>
      <wallHhdLentigo silvius="hasta">
        <trucingUnie>certieBagassTelos</trucingUnie>
      </wallHhdLentigo>
      <hapaleMinyansSlighty retasteNearer="pinuelaRosets" elongRemetAlgine="11">
        <wilsonHums>feat</wilsonHums>
      </hapaleMinyansSlighty>
    </patiosSubsect>
    <garageOperon safrolPotreroUnbelt="704715052" ilthLairingRebloom="complin" retorn="djinnCarpiumDozzled">
      <bluntlyDeimosGoyish>chaksiWharrow9845</bluntlyDeimosGoyish>
      <glimpsePredefyFraile musion="lassikyCombesVenin">
        <sort>hobbitMnioidPlates</sort>
      </glimpsePredefyFraile>
      <beadman>
        <fellaniXylomas>2216</fellaniXylomas>
      </beadman>
      <midribsSineSemina>
        <makes>crinkumAztecsXerus5</makes>
      </midribsSineSemina>
      <eleve azoticMeindreStichic="rewaxHawbuck5387">
        <unmaze>38</unmaze>
      </eleve>
      <uredosAgnosisRefuged hurlers="funningCericSundri" accusal="yohourtOutpurl">
        <toplikeAgnesRemount>oxytoneDoddartAstir</toplikeAgnesRemount>
      </uredosAgnosisRefuged>
      <pretextDeeds tingDobsonsThrou="moonal" kitharaUpgleanElaine="odontic">
        <skewl>yawlCraping83</skewl>
      </pretextDeeds>
      <hippenSmirchDrubbly>
        <chakraPhidiacKamseen>maltsNeorama</chakraPhidiacKamseen>
      </hippenSmirchDrubbly>
    </garageOperon>
    <jauped monel="tangier" bridalePrance="fonnish" dervSoldado="learnsRelamp">
      <styeEnfoul>patinaUndonStelled</styeEnfoul>
    </jauped>
    <refan>
      <blatted>goerCuret</blatted>
    </refan>
    <pomaded>
      <totems>eozoicAtazir2</totems>
    </pomaded>
    <bowelsLoonsEves>
      <dossal>toyless</dossal>
      <whereasHoodcap cereUproom="foughtOrpinc">
        <cumpChirpyUzbeg>wisted</cumpChirpyUzbeg>
      </whereasHoodcap>
      <yaxcheDolleyAit>
        <edsRefuseSpancel>teazledImmixt</edsRefuseSpancel>
      </yaxcheDolleyAit>
      <unpured pipkin="tushy" whompsHoorahSattva="toppled">
        <mendedNomsSikhra>idyllerYazataPianist5464</mendedNomsSikhra>
      </unpured>
      <dizzardWoodcoc>
        <wobbler>balian</wobbler>
      </dizzardWoodcoc>
    </bowelsLoonsEves>
  </apedom>
</druids>