<?xml version="1.0"?>
<orkhonAmbeChoctaw>
  <tores tabuing="dauntonKeech857">
    <psalmedUnamiFlasher>
      <ability>rowleyNearUnwarp6711</ability>
      <daffy vaughnBalebos="prox" lummoxBuqshaChunam="3">
        <hogfish>naosBondman</hogfish>
      </daffy>
      <aswevePegma nooSneaksGrandma="yojanBryan" rollockDespair="korait">
        <mundariSectismAbide>670758</mundariSectismAbide>
      </aswevePegma>
      <gravureAile prosistHoddinsFaddier="sunfishScarers" tampangNotalia="magueyReflateFraying57">
        <antaivaSnottyJetted>argoKaroo</antaivaSnottyJetted>
      </gravureAile>
      <ogam>
        <djinnMantoVangeli>rhizoma</djinnMantoVangeli>
      </ogam>
      <gaudfulWonning bun="salved">
        <envoi>weedily</envoi>
      </gaudfulWonning>
      <wouldnPutoutTonetic bialiDumby="yanaLeproidAnimi" awklyRakija="gestaeKlatsch">
        <sucks>tenueDuftery</sucks>
      </wouldnPutoutTonetic>
      <bebossAlpist mussackLethals="vitrite9">
        <raioidChained>musjidsRavinedQuasar</raioidChained>
      </bebossAlpist>
      <powsDismal>
        <satiRunoffs>tighten</satiRunoffs>
      </powsDismal>
      <shaly peucyl="mold">
        <edifyOozooidKylo>porcula</edifyOozooidKylo>
      </shaly>
    </psalmedUnamiFlasher>
    <wolfingEchinal querlPhilyraFest="upspurt236">
      <mammoseWombier>beady7893</mammoseWombier>
    </wolfingEchinal>
    <situpCrinumsCarmel>
      <elcaja>owenite</elcaja>
    </situpCrinumsCarmel>
    <areteBoricPinguid>
      <freestArtRetail>hallanBewigs</freestArtRetail>
    </areteBoricPinguid>
    <holokuPuttees>
      <tossingIntrShilly>bushTrabeaeAnisal30</tossingIntrShilly>
      <tigrai>
        <haskyPinheadLongbow>spelk</haskyPinheadLongbow>
      </tigrai>
      <typesRhenishPressed synopFuzzJackets="yearthGlimpseReweld96" loamilyFlytesDentist="unrobed">
        <scaloni>scleria</scaloni>
      </typesRhenishPressed>
      <auxinicOraison nunlikeMuncherGigant="scagliaElleck3823" cabobsAvocadoLimetta="548162512">
        <twinerPariahs>onliestNichaelErst</twinerPariahs>
      </auxinicOraison>
    </holokuPuttees>
    <correlFowlery ductsLarkishAglare="pernor754" rivulet="veeriesAquerne70">
      <nurl>dolente</nurl>
      <caudexUmptyEyesome voicingHorrid="awaitedCunzie" misknowEmplumeStrawer="neepCasern">
        <glossae>5731835</glossae>
      </caudexUmptyEyesome>
      <gumihanToucheKyrios costBaccareOner="catelUnurned60">
        <guttusOssicle>salvosBoulle</guttusOssicle>
      </gumihanToucheKyrios>
    </correlFowlery>
    <raspisPolynoe>
      <rivalsToited>areasNiflingLienic</rivalsToited>
      <diducedPotash simpaiParada="gowdyChanges37">
        <mascBoobery>microKiltsMusked</mascBoobery>
      </diducedPotash>
      <odel ferrelsMeeting="77318975">
        <paganryMistbow>iricism</paganryMistbow>
      </odel>
    </raspisPolynoe>
    <knolledGastBuzane>
      <kolackyGaveled>coveredImbibesWiseguy</kolackyGaveled>
      <limmockTawerCigar amarantBorneolAnorn="machina">
        <triops>sorningZaqqum</triops>
      </limmockTawerCigar>
      <ghuzUnsaneHumean>
        <amphionSlutDefats>ethionOscnodeHeaten1914</amphionSlutDefats>
      </ghuzUnsaneHumean>
      <hydridAverts dispope="enigma">
        <wastelyToniestWairs>bypaths</wastelyToniestWairs>
      </hydridAverts>
      <siculiLit mydausZeed="56" bunts="kugel">
        <baignetMedium>patternDustrag</baignetMedium>
      </siculiLit>
    </knolledGastBuzane>
    <grasStiesHeired andiron="calkinsRubbles" lulabsGallonDartos="hautain" resortDebrideDivan="eductsHosterLasket">
      <scarrowSlaty>77</scarrowSlaty>
    </grasStiesHeired>
  </tores>
  <lithiResolve enwiden="preemieLatests" androidRowers="dedo">
    <naa>
      <howadji>arvos</howadji>
    </naa>
    <flisky>
      <pureesCrotalAmel>17386716</pureesCrotalAmel>
    </flisky>
    <pelmet>
      <stirpTaffiesRebuoy>raggee</stirpTaffiesRebuoy>
      <chawle batteau="3">
        <ruts>molompi</ruts>
      </chawle>
      <aramisFlexors teeingCursesDrosser="limeanCurcasJarfly" bedrugsSwiftieGlands="9">
        <eonism>sewnSeduct</eonism>
      </aramisFlexors>
      <agaContise keckledTercer="crankly" lumens="peacedBoother">
        <boundenJulolin>graineTradeZoon</boundenJulolin>
      </agaContise>
      <chapedIvy>
        <finnickPycnic>nimboseHogger</finnickPycnic>
      </chapedIvy>
    </pelmet>
    <despose>
      <hunkSomdiel>bays</hunkSomdiel>
    </despose>
    <bensell palmar="wriestPoongee">
      <lamden>seraphs</lamden>
      <rabTutenagCoontie dewaniIncur="gape">
        <slayers>semeiaRejoneo</slayers>
      </rabTutenagCoontie>
      <benzoleEarpick embolumBegum="gregeHippedLowy">
        <pciCaumaUnitize>nonageSubsult</pciCaumaUnitize>
      </benzoleEarpick>
      <bescarf>
        <dadScrape>skis</dadScrape>
      </bescarf>
      <pinetumModally>
        <minxishIredFirk>claspt</minxishIredFirk>
      </pinetumModally>
      <estreatWaftedPicryl caseose="yuncanDevsJubili3">
        <artlikeJuniusOllapod>rinsesUnderly</artlikeJuniusOllapod>
      </estreatWaftedPicryl>
      <hurdledSubtaskPierce sinaeEclairContact="nyalas" helicalCyanol="moppers734">
        <parbateTwirpsBillets>tertiiAndria</parbateTwirpsBillets>
      </hurdledSubtaskPierce>
      <bulling>
        <esteemsKludgesUnroofs>mannersRabinetHarns</esteemsKludgesUnroofs>
      </bulling>
      <coupureYocking rocolo="67115" wady="54241531">
        <acquire>436783</acquire>
      </coupureYocking>
      <sheered phuCredo="terrets">
        <pantryArish>undightPeeverFimble6</pantryArish>
      </sheered>
    </bensell>
    <compageAlerted>
      <chuppahFinifyFlumes>sinkersBongoes1</chuppahFinifyFlumes>
    </compageAlerted>
    <tucanaeDroobCohosh overink="48" nibbleAllasch="60656993" jacobic="chiackXiphiidMuting">
      <guslee>sager</guslee>
      <coded>
        <pyreDrammer>pulledUnrank</pyreDrammer>
      </coded>
      <foraZuluizeSubjee>
        <globateUgandan>williByronicCurcuma</globateUgandan>
      </foraZuluizeSubjee>
    </tucanaeDroobCohosh>
    <spancelLichamPole>
      <genUnfazed>esprove1</genUnfazed>
    </spancelLichamPole>
    <diiodo>
      <copings>kiddier</copings>
    </diiodo>
    <abattuCutwal stampee="seising">
      <cripple>yocked</cripple>
    </abattuCutwal>
    <subgrinUnhull>
      <mescalSpean>derechoFecit</mescalSpean>
      <ipsoChukkarClown towbar="broads3">
        <cavdiaAtwirlMabel>840294</cavdiaAtwirlMabel>
      </ipsoChukkarClown>
      <ecdysonCaried snagsAlchimy="cogonalDrawbarRua70" egal="doggess">
        <pinjaneTaeniasBiceps>hypnum430</pinjaneTaeniasBiceps>
      </ecdysonCaried>
      <hypoxic moyite="32672307" reengeKeefCoyest="sonchus">
        <crutFailure>concionTophous</crutFailure>
      </hypoxic>
      <ensueOutsea>
        <yettsSestuorBrazier>joreeDrueryAcicula</yettsSestuorBrazier>
      </ensueOutsea>
      <adicity>
        <malmockKeylet>toadlet</malmockKeylet>
      </adicity>
      <allylicSkive>
        <samorySouchy>urases</samorySouchy>
      </allylicSkive>
      <premiesPlutus>
        <shoughFinnoc>wallfulHoppled</shoughFinnoc>
      </premiesPlutus>
    </subgrinUnhull>
    <skeechOneiricHoise upbrim="slurUncurbRynt" mellerGoboBandana="91254">
      <painingRillets>boroSleep863</painingRillets>
    </skeechOneiricHoise>
    <swackenInclusaUndigne>
      <enstamp>sceggerChirmCetacea</enstamp>
      <scuppit tsatleeZincoidDaniel="758593431">
        <braunaApiaca>unrigVota</braunaApiaca>
      </scuppit>
    </swackenInclusaUndigne>
  </lithiResolve>
  <pudgyProbitsAoul silico="misactsPirogue" tickeyWistfulBiacid="paiwari" />
  <sudariaDesk mesianBident="blesbokDauby" assurerKhanjarPigmeat="paying" perkUnread="ashySachetRedrew69" victrix="5199041">
    <dewUnsexed cabletDelubra="apogeic" essling="waapaSuit8764" pucciniLeapersLabrys="sunckeSophies348">
      <dreche>76235</dreche>
    </dewUnsexed>
    <smoked sida="beday" grummer="wreathCobbinSpiked">
      <canaFoamerMered>rimpled</canaFoamerMered>
      <spued>
        <bkg>veenaBanditConfit</bkg>
      </spued>
      <coffersUnplantAshless familiaAjivasBalky="letoffStoater">
        <baston>looverCoonerHoggy</baston>
      </coffersUnplantAshless>
      <podsnapSextula>
        <brazier>abomasiUmbelsTrant</brazier>
      </podsnapSextula>
      <racketsYaplyTanak renuSyncoms="nefasPargo24" hydatid="zonicCleech427">
        <cutinPoodler>knobFlowkFeds</cutinPoodler>
      </racketsYaplyTanak>
      <chufferKhansEroded damianaJewlessDiseurs="hexode" sansara="priusRivulusNama">
        <illume>biremesErotismTulle</illume>
      </chufferKhansEroded>
      <forleitMousleAnarch>
        <liaisesTib>raucousCausalsPlakat</liaisesTib>
      </forleitMousleAnarch>
      <sumpageWedels piling="retestCalvedTsuba" repavesMetredLehi="donsieArris">
        <bavaryBeewise>planarLambers</bavaryBeewise>
      </sumpageWedels>
      <chemics gilding="cymbals">
        <dadeSoftyTowzie>fittyHldSay</dadeSoftyTowzie>
      </chemics>
    </smoked>
    <regush>
      <albatasUnkissEuropa>seadogsAssedatRedust</albatasUnkissEuropa>
      <palarKohen pre="328676">
        <unempt>nogaiSinewedMolinet</unempt>
      </palarKohen>
      <crommelBerserkBittium finland="348218688">
        <cobbleSwindle>demeter</cobbleSwindle>
      </crommelBerserkBittium>
      <stamps rhachis="ipmCaudles">
        <oreilet>chawedZingedDimedon</oreilet>
      </stamps>
      <regrade>
        <biologyScogBearhug>chinkedAwat447</biologyScogBearhug>
      </regrade>
    </regush>
    <grimmerOstiaryShatter>
      <gambaOughtedIzar>alemLetRom</gambaOughtedIzar>
    </grimmerOstiaryShatter>
    <awinkCalker aratoryMoither="steeryAmanita">
      <kirkifySwobbed>ubangi</kirkifySwobbed>
    </awinkCalker>
    <dklHadedMonomer>
      <fluvial>donisMeakingCauson</fluvial>
      <auneCurple rhatanyTheticsKoila="shebar">
        <nourishChinosKamba>835</nourishChinosKamba>
      </auneCurple>
      <agral eyeyDishleySiddurs="418">
        <warselBylinesGaudies>bluffy</warselBylinesGaudies>
      </agral>
    </dklHadedMonomer>
    <akazginThorps>
      <extolLancersRauli>clokiesToots7</extolLancersRauli>
    </akazginThorps>
    <outtrot>
      <eeyuch>taise</eeyuch>
    </outtrot>
    <emigrRabbity altumalDunairUnarms="wattlesPeepeyeVatical" roscidSawflom="faring" daimyo="454453">
      <broncos>met</broncos>
      <toits ireneRunrig="aphidsDivots" cockle="angeyokBugheadBecomed">
        <theatryDowitchSaic>burleskBaccaePeauder</theatryDowitchSaic>
      </toits>
      <kallegeVisage>
        <razzedExportTamenes>neumAcerYankees</razzedExportTamenes>
      </kallegeVisage>
      <minicabIbidineFocus tutoryDelint="birledCaback">
        <bolomenBabysatUpprop>decuryWormish</bolomenBabysatUpprop>
      </minicabIbidineFocus>
    </emigrRabbity>
    <tannest>
      <mestiza>crafts</mestiza>
    </tannest>
    <brazing bagnutScabidMuffer="daddyAffordsHick1" typiconReemitsPlummer="135684">
      <maioidChauiMukden>hattock5961</maioidChauiMukden>
    </brazing>
    <conurusTernion>
      <talariBogomilAugure>wetchedUpgazed</talariBogomilAugure>
    </conurusTernion>
    <micellsAko>
      <tongan>buffing</tongan>
    </micellsAko>
  </sudariaDesk>
</orkhonAmbeChoctaw>