<?xml version="1.0"?>
<behovesHochJameson>
  <cawnieQuash pangamyJalouse="pendentCannetUnlowly" birodoMartenUntelic="dogey">
    <collageDharmasBirler wilders="stanchTuamotuRatel">
      <bullingPuntos>ruptile4</bullingPuntos>
    </collageDharmasBirler>
  </cawnieQuash>
  <parodoi mantuaHwa="coursesCroche" />
  <lacer sneezyPeriod="219739697" headsawCosecsBlunged="turmoilSacques" recluseGutsilyAlswith="marvin187" />
  <lupulusLungeeChild juftiGaleeny="enfileCuckooBannack" weznIkanJaegers="tiddy86" foxfeetTamablyQuerido="6455" robust="13421760" />
</behovesHochJameson>