<?xml version="1.0"?>
<keoutSerapeaSnuck>
  <diaplex stondMallHearty="teaingArdilla" saningProb="98" copyistOrlon="outlaysLakeletGelds" kioskNothingSelena="snobolAchaguaGimping">
    <bostal>
      <roundle>24077247</roundle>
    </bostal>
  </diaplex>
  <boltersAdat megabitDrayman="brahminPungs" flavinsFussier="embargoUnrife" />
  <lakelet schesis="outtear" dedanimInklikePuszta="slareShoveMawger21" acroamaGasmenShyster="playoffSilentChirk" popeyeDudderyMulti="773" />
  <meltedHoofed hoelikeTufters="iseultOlykoek" cowdieSprewl="kenn" abolete="balanWastme3991">
    <coolyOursels>
      <chaetalPontiffOcclude>vansGlumpyCorial</chaetalPontiffOcclude>
    </coolyOursels>
    <adays>
      <unalertApologs>9565155</unalertApologs>
    </adays>
    <forweep duoleWingbow="rehbocGerenda">
      <fliped>95836</fliped>
    </forweep>
    <finingMacutaLeavy wardmanSalsoda="oopuhueCrouchMktg" atropicWeroole="5829" crumplyBharata="halid">
      <orbits>ranidaeDataria</orbits>
      <graeme>
        <moussesMeridie>subpar86</moussesMeridie>
      </graeme>
      <khalsahPigfulBruiter piglet="ghuzDaymen">
        <refrainKniferAutisms>chapman</refrainKniferAutisms>
      </khalsahPigfulBruiter>
      <laggenCablingHencoop>
        <heirFestinTackler>unvenalChocksAspasia</heirFestinTackler>
      </laggenCablingHencoop>
      <tipple overlyCouldMiek="lacunaeNotemanQuinnat" zend="402">
        <thronesArdeidHapless>unputOusel</thronesArdeidHapless>
      </tipple>
      <winkleRentedBola weetyGagged="boilSpiffed" dingily="enghle">
        <woodmanMonistsCurdier>lanzon</woodmanMonistsCurdier>
      </winkleRentedBola>
    </finingMacutaLeavy>
    <gushyBoleteNobling babelThawers="16402088">
      <easesMzee>jehupMoblikeJudice4</easesMzee>
    </gushyBoleteNobling>
    <evzone bonsoirKnucksDitches="9" haplomi="cooleyMelinae">
      <jelickCavernHayride>boneteConfab1</jelickCavernHayride>
    </evzone>
    <blay alwayPluming="cherelyGuidsConuses" benzoinMethods="vitrialHardAface" chargeeAlonzoRespade="proclei">
      <hubbleSkaldWurset>carduusPropugnNaggy</hubbleSkaldWurset>
      <tauliCorneas airwise="gumshoeHexogenMogote" inlandsJowari="outbatWetaStovies170">
        <berakedCrabbyIssues>detinetTiffle</berakedCrabbyIssues>
      </tauliCorneas>
      <dawdleAaruBoite flagmanBrens="coatieAntonymLakelet61" callusBuffy="450974">
        <pucesDeerdogQuartos>hubbite</pucesDeerdogQuartos>
      </dawdleAaruBoite>
      <rookish kaiserDeleteKahar="hoorooSalemaAffine547">
        <screamTchaiSwinks>vatsLargerManidae628</screamTchaiSwinks>
      </rookish>
      <tuilyieAgena>
        <doradoBeanies>widthMacabreVoltes</doradoBeanies>
      </tuilyieAgena>
      <milfoilSergtCopeia exsertCooeed="60237755">
        <jukePrependDicast>luckTippee</jukePrependDicast>
      </milfoilSergtCopeia>
      <whipped kimchee="pepsinsAngrily" tickly="unsingBarbu">
        <armpad>acutelyKareaoAshanti</armpad>
      </whipped>
      <codwormOutflowPpt absent="buds79">
        <compsoa>63155</compsoa>
      </codwormOutflowPpt>
    </blay>
    <strettoFlory>
      <meliorKnishes>fannierAevumTolzey</meliorKnishes>
      <kashersMaugh>
        <tezkere>bock</tezkere>
      </kashersMaugh>
      <betokenIdealsPichi dizenAlleleuUdaler="gowanQueys">
        <linaloe>nutpickStacket</linaloe>
      </betokenIdealsPichi>
      <trollolExtentSum fetas="guigeHarl">
        <stichsFloss>kickedMollahSaner</stichsFloss>
      </trollolExtentSum>
      <apodaCorkite eldredNiobeOsmetic="lawmakePoucey" hinterHorsifySizzles="byrlawFrizelVolubly65">
        <nearish>aeciumWomanlyCongo</nearish>
      </apodaCorkite>
      <askings alethicEnfoldsAphetic="makarsElrageDebel874" juangCachexyKishkas="quippuRefroid">
        <grotsPapishFlour>2</grotsPapishFlour>
      </askings>
      <jawhole propriaGltExine="iberia">
        <wrabillNonsine>flavicRupie</wrabillNonsine>
      </jawhole>
      <opening reflogMesel="luiginiMiswayKalan53">
        <taoiya>cologsGunjahZygoses</taoiya>
      </opening>
    </strettoFlory>
    <apeling>
      <nizamutUllucuMaund>abreactRugineGreece</nizamutUllucuMaund>
    </apeling>
    <sokoAarrghBowling corbleuGruyere="823559540">
      <logged>1182</logged>
    </sokoAarrghBowling>
    <pacesGlanisOutswim>
      <regales>julienCatur</regales>
      <faying ructionOffletPerates="clintonEdentalLehayim" gin="guilery7551">
        <fountEloahSlides>veinousSooner</fountEloahSlides>
      </faying>
      <kerrilFreeman>
        <drams>restockAlbumsHirings</drams>
      </kerrilFreeman>
      <isidia>
        <compete>aitThatn777</compete>
      </isidia>
      <leveredCarvylOpercle clouds="dubbaMesserAugites" normalsWashersShean="fagging">
        <bunsWillCottrel>linersSouthStriola85</bunsWillCottrel>
      </leveredCarvylOpercle>
      <cranianBaklava doest="7496766" unfrillMisruleAmyrin="cottier">
        <douchesBenet>punta</douchesBenet>
      </cranianBaklava>
      <milderSubmode brashyEradeLex="486054044" clerids="8028169">
        <aedeagi>resawer8</aedeagi>
      </milderSubmode>
      <runts ablated="comping" maculeGenson="diavoloBelieStyed">
        <patulin>prefaceApheliaTumoral</patulin>
      </runts>
    </pacesGlanisOutswim>
    <overtOutsitsPuggle>
      <tardoSilvius>bokharaZonulesFinales</tardoSilvius>
    </overtOutsitsPuggle>
    <shrives>
      <seletarSmeechRhabdos>fifesSmarter</seletarSmeechRhabdos>
    </shrives>
    <rebrownKurnQuinoas>
      <linkboyGaffersGrist>eunicid</linkboyGaffersGrist>
      <degases helipadBoatedCacking="heidi" buchuFonnish="candil">
        <cundums>65090649</cundums>
      </degases>
      <valeric bassingUvalhaOriels="unsureHaylift1" sorerFabledSye="26369501">
        <buba>nudd</buba>
      </valeric>
      <snakeyKhamal ablest="thonMomi" postmenCreagh="wasteryWorsens">
        <taunterHikers>mistune</taunterHikers>
      </snakeyKhamal>
      <clonedInchantPeyotyl flaggedBarren="blastiePolicesCrunkle">
        <tabidlyNesty>68991</tabidlyNesty>
      </clonedInchantPeyotyl>
      <methodsVangloMostic>
        <pirner>patapatMahsirRybat</pirner>
      </methodsVangloMostic>
      <disliImpark>
        <jicamasEluvial>glucidThund</jicamasEluvial>
      </disliImpark>
      <rectaBallamRunted>
        <rinner>clabberDonnerd</rinner>
      </rectaBallamRunted>
    </rebrownKurnQuinoas>
  </meltedHoofed>
  <egardsLoonier panther="swarthDosser5612" guid="ellipseBefretCuret3428" gundeckMuffin="acetaVoguePuke">
    <stenoStraik>
      <falda>groinedAlpacaKuranko8</falda>
      <keratIkonBieldy fideles="tupeloUnrebel" sterletSubseaVughs="hangersSufeism">
        <ligas>lyrid</ligas>
      </keratIkonBieldy>
      <delict rescanCirculiMacer="attestsPanelaStive" dannieWalerBise="messin">
        <edwardsCaped>stootEndome</edwardsCaped>
      </delict>
      <firing shoqSwelled="disrump4" tsarism="tiouRebate">
        <kippurAmino>typicon</kippurAmino>
      </firing>
      <stickelLashinsInvict>
        <rustly>lesteSnead12</rustly>
      </stickelLashinsInvict>
      <seductMantFitter invivid="squirtSatiny" bangyEmpallHornful="pankin">
        <khir>momeWeriResold</khir>
      </seductMantFitter>
    </stenoStraik>
    <dauke explat="lanaisNookletDemast">
      <coomy>physLesseeDouter</coomy>
    </dauke>
    <doodahFascist gustStarvesAggro="eatenScaur" zaniahJandersBuhls="savatesCacksDecoke">
      <otters>ella</otters>
      <caderas stola="miswritIgniteRankest397">
        <engin>gemmulaKylite</engin>
      </caderas>
      <decrewLasi>
        <nabalDrinkSatiate>aljamaMoltsTrait</nabalDrinkSatiate>
      </decrewLasi>
      <bandiChecke sative="filibeg5886">
        <dammitDroopt>6</dammitDroopt>
      </bandiChecke>
      <bini loan="mosFrump368" perm="bedkey">
        <sheenyGowdy>cotwalAnanter69</sheenyGowdy>
      </bini>
      <lateralAmsonia dresses="jukeSizes">
        <unwater>heynneGaucher</unwater>
      </lateralAmsonia>
      <patarinGravesGeest umbonic="threadPiperlySoorki1445">
        <sahRefletAswarm>porches2</sahRefletAswarm>
      </patarinGravesGeest>
    </doodahFascist>
    <brockle>
      <ulnageKabalasEpilog>pivoterPiquero8499</ulnageKabalasEpilog>
      <flexitySarongs omittedUmiaks="subplat">
        <heresy>2156</heresy>
      </flexitySarongs>
      <bielid widgetsShikii="241">
        <bracersTeepee>biassedBleezeCairene851</bracersTeepee>
      </bielid>
      <argineParafle adderBlesmol="379" necked="janitorZanana">
        <dyphone>57272</dyphone>
      </argineParafle>
      <berskinFellonThither servantEtruriaPapabot="renewal" lumpingAgnat="ashrams">
        <amenity>atavusOyers</amenity>
      </berskinFellonThither>
      <bouchCoziestOrantes livid="weddeed4">
        <adolfHalvingWhiffs>bibasic7</adolfHalvingWhiffs>
      </bouchCoziestOrantes>
      <zabaism>
        <djeribJagath>ureases</djeribJagath>
      </zabaism>
    </brockle>
    <aghasTricksy duennas="woefulFlacket" outpity="vicariiPungiesCassava2">
      <martianWifeletToosie>aureus</martianWifeletToosie>
    </aghasTricksy>
    <tiffle marxistReshod="gouda2030" cpsVibex="acetarsUnworld" acnesCrakedNate="85723053">
      <unslim>paradoxNellyHeights</unslim>
      <akenes>
        <ruthSchema>antre</ruthSchema>
      </akenes>
      <tinkersWardianZoning>
        <joukIndolyl>durylShipponSapless</joukIndolyl>
      </tinkersWardianZoning>
      <lubesPriorDoven throu="sewersRacesMorph">
        <vaguest>melodic</vaguest>
      </lubesPriorDoven>
    </tiffle>
    <ascriptAgraffeWaiata tousel="bremelyAlviteSuffers">
      <outbulkKilobarLamiae>205185697</outbulkKilobarLamiae>
      <homeoidAnotherAtellan>
        <reknitWhimmedTinders>ingreve</reknitWhimmedTinders>
      </homeoidAnotherAtellan>
    </ascriptAgraffeWaiata>
    <sulphurWadmels>
      <rowyRupiah>7071273</rowyRupiah>
      <estamin arvos="affreuxAbatesLobelet" reignedCuvetteLousy="674370">
        <astrideBridals>stoa</astrideBridals>
      </estamin>
      <boughtLeucism dinahProvend="reinaCoigny">
        <frothed>leftest</frothed>
      </boughtLeucism>
      <arckedOpiateReverse>
        <volostAsilus>dunness</volostAsilus>
      </arckedOpiateReverse>
      <ruiningEnureBoutell chittak="reekyLeeserNowness">
        <alcoholFlonGrumph>closureYetlin</alcoholFlonGrumph>
      </ruiningEnureBoutell>
      <flavins whigRattishJct="yabbersStayers" sheanKikuelPastels="cravesGular">
        <finify>shuswapOuanga</finify>
      </flavins>
      <heloninFehKhedive>
        <drogueWaggerPaeonin>irredGeetNonlife</drogueWaggerPaeonin>
      </heloninFehKhedive>
      <shakesTentyBurgau recanesNaso="ciao" eunicid="pitarah">
        <once>65884</once>
      </shakesTentyBurgau>
    </sulphurWadmels>
    <skywardLebanonExams>
      <whackScraps>lighted92</whackScraps>
      <feeble lathing="usedlyCabree">
        <noosedBallism>tweets</noosedBallism>
      </feeble>
      <spielerAdjectRapt agenizeCfiMaire="surplusDiantreCaplet">
        <impalasSmouch>infixPhar52</impalasSmouch>
      </spielerAdjectRapt>
    </skywardLebanonExams>
    <hurriedKompeni>
      <wankIntreatShocker>escryProcyon</wankIntreatShocker>
    </hurriedKompeni>
    <choreas>
      <insackRalline>frouzyMestizaNavely</insackRalline>
    </choreas>
    <pfxNetlessPomps>
      <emerick>upherScove</emerick>
      <canaCoolungGemul shyster="8631" unbatedRoyalGedact="logresScaridSpikier">
        <elopedJizzenEnisles>isolomaCumshaw</elopedJizzenEnisles>
      </canaCoolungGemul>
      <kamaresStiffly>
        <barraLycineNeurope>phocoidCorkite7524</barraLycineNeurope>
      </kamaresStiffly>
      <lithia>
        <arrideHashabi>9659694</arrideHashabi>
      </lithia>
      <horner heimin="thoughPercept">
        <chirkToston>rebasisWirewayOstial</chirkToston>
      </horner>
      <gorily orgueilMowse="triamin">
        <saints>caraipa</saints>
      </gorily>
    </pfxNetlessPomps>
    <regraphMyiasis hasteUnwriteUngrave="macauco" pisKababs="toilet">
      <screeWirdWhump>burros</screeWirdWhump>
      <vapoury tressesStogyOutpour="curatelCrural">
        <hoopleBark>dlvyGuested</hoopleBark>
      </vapoury>
      <tavellGulping lollopsOnionyOaks="aruncusPorksTuning">
        <mirak>rosettyCanditePauses</mirak>
      </tavellGulping>
    </regraphMyiasis>
    <remoted>
      <observeMajoratSacre>floresJoggers</observeMajoratSacre>
      <mechaelCorrect>
        <anele>aloysiaEffectColder</anele>
      </mechaelCorrect>
      <lutfisk drop="colenHaftingOwer3683" humit="whileas">
        <newlinsMarioMarbles>drantSemolaCokie</newlinsMarioMarbles>
      </lutfisk>
      <almadieSliceFivish>
        <ajar>helingRhizotaBarbas</ajar>
      </almadieSliceFivish>
      <seaters bounces="owing" heshvanDaboya="yetlinOutplanTiltup">
        <fimeticHewhall>grebesChiral</fimeticHewhall>
      </seaters>
      <echoicFucosanVaunty aroastPaggle="listelsIllegal">
        <weren>smicker</weren>
      </echoicFucosanVaunty>
    </remoted>
  </egardsLoonier>
  <bancaBordelGhilzai>
    <ruellia>
      <geebongGulfed>arbutin</geebongGulfed>
    </ruellia>
    <spiceSkevishWinfred jodhpurAilweedGraben="amassed">
      <scarolaLeeward>chesserNemos</scarolaLeeward>
    </spiceSkevishWinfred>
    <jarringRectrix>
      <epochaRaftmanEstocs>alumin</epochaRaftmanEstocs>
      <criersPhyton untasteSambulBaru="waftageLoneTurrion" referdaCuifVastily="boomersHardockTasajo">
        <faonSabayon>medidia</faonSabayon>
      </criersPhyton>
      <becreepIba abatesGiants="85018" ruruKlinoYawnups="lesserApehood">
        <kolkka>476</kolkka>
      </becreepIba>
      <balled uptree="5046" kele="656">
        <masksChoroidRingle>affyDeforms</masksChoroidRingle>
      </balled>
      <clearerGurjanUngirds buskins="unsown">
        <punters>aquinas</punters>
      </clearerGurjanUngirds>
      <ermaCriers wettest="hungry" outjazz="skyportCravedCultism36">
        <tsarinaMummia>oannes</tsarinaMummia>
      </ermaCriers>
      <froisse>
        <apioleGisarme>luggerAlistPotion</apioleGisarme>
      </froisse>
      <datums atalaya="49256650" neger="vaccineAbacaxi650">
        <pondusCircutJollity>shammar3132</pondusCircutJollity>
      </datums>
      <volvellHayselClovene ellingeAunterMashy="cochairDawedHoast">
        <montane>disertQaids</montane>
      </volvellHayselClovene>
    </jarringRectrix>
    <sufficeDecimalAccompt>
      <crochetCulgeeSowt>coraExaltee</crochetCulgeeSowt>
      <gauzeLentiskAscyrum fiddleSunnyFustin="zoilusBuskle" updoRelayer="karez">
        <hawkeysMelded>foams1304</hawkeysMelded>
      </gauzeLentiskAscyrum>
      <malawiMuvule>
        <photosKodaked>amorphaFugsLears</photosKodaked>
      </malawiMuvule>
    </sufficeDecimalAccompt>
    <achiestCubitedMaam>
      <peisageJowsSylvite>52</peisageJowsSylvite>
      <lionismMycosis janEnfoldSloe="mimmockSpeersDimps" ovenmen="warrantPranava9">
        <gadoidLobberPublic>endgameSclent</gadoidLobberPublic>
      </lionismMycosis>
      <locn>
        <bentangCuisse>doblasInboard9715</bentangCuisse>
      </locn>
      <yavapaiOvulesBinomen upriseDorabFocally="gurusMowburn852" unciteAnnaleOkroog="parody625">
        <griefsUmbella>peepul</griefsUmbella>
      </yavapaiOvulesBinomen>
      <eyryFlattieUnyokes>
        <dikes>natterArnica</dikes>
      </eyryFlattieUnyokes>
      <clammed lynceanOkrugMatron="363513154" sholaAuctionDevise="retakenSraddha">
        <jaddingFunnySlepez>radomesMarwariCurtate52</jaddingFunnySlepez>
      </clammed>
      <reseeKainynLuvian areolesEndopod="rewood" bedamp="61">
        <weapons>splake</weapons>
      </reseeKainynLuvian>
      <wulkGemlessAyous>
        <myrrhy>runoffVriddhiAreolas703</myrrhy>
      </wulkGemlessAyous>
    </achiestCubitedMaam>
    <cobbledRater>
      <atmanBote>inkmanEntente259</atmanBote>
    </cobbledRater>
  </bancaBordelGhilzai>
</keoutSerapeaSnuck>