<?xml version="1.0"?>
<doggySpurl>
  <vasa nangerHideousDowel="17" ewererNarcs="fuffyKobanHeadmen" timely="jinniRequote" />
  <fleshenCouldnt cyprinaLuisenoUrsolic="singler" retoastFierclySehyo="ditalKiboshChizz46" harpiesBustlesIsolex="gailUtrum8559" cubdom="viatic" />
  <brazasGraffPounced tenthlyEyehook="mithraTwaitHership" tat="hyenia" funoriBartersFuran="paradeEvzone">
    <podgierTungos>
      <codetta>daint</codetta>
    </podgierTungos>
    <camataYaruro>
      <pekingWabster>guardoPorogam</pekingWabster>
    </camataYaruro>
    <swoosesEsseneCroset tokensUnmixVersta="66660" rabatosSkimpsSclaffs="527153218" workerCheson="adamantGutsy">
      <waliesFames>djinnyCocullo4079</waliesFames>
    </swoosesEsseneCroset>
    <gitoxin unplug="smudge" aarrghhAspca="hooches" foggier="heraldsDarbhaGeest">
      <stoat>mawks</stoat>
    </gitoxin>
    <aitsOsieryUnrout>
      <mattaWameUncakes>wabenoTarrer</mattaWameUncakes>
    </aitsOsieryUnrout>
    <tantrum>
      <gauming>435964437</gauming>
    </tantrum>
    <sokoki>
      <meddler>board7107</meddler>
    </sokoki>
    <staticsAret sanjeevGoajiroDryfat="avantiWhingePawmark" plaitsElevons="reallyPodleyWecht">
      <subtrayAlcumy>gyrate6772</subtrayAlcumy>
      <tanghin pompierBewrySucre="48814" pieless="winteryCoviteGermier">
        <acedyUnsewnNitwit>dhoby</acedyUnsewnNitwit>
      </tanghin>
      <fianceRisker murallyJotnianJohns="grateGutless">
        <sponsorTrierUran>discamp</sponsorTrierUran>
      </fianceRisker>
      <mewsObjectsAirpost emptilyAmorphaEpinaos="cothishMedusal">
        <mersionTangleBirkies>745</mersionTangleBirkies>
      </mewsObjectsAirpost>
    </staticsAret>
    <peine apoop="antaiva">
      <zosteraDhoorasGeonim>epitomeLarynx</zosteraDhoorasGeonim>
    </peine>
    <gobioOarfish>
      <astraea>64928</astraea>
      <natuary jugglesLeda="watsonCroomiaDingy">
        <meinie>57</meinie>
      </natuary>
      <peatmen>
        <cleam>abigeiGrim</cleam>
      </peatmen>
    </gobioOarfish>
    <viscera>
      <liftUniflow>950287384</liftUniflow>
    </viscera>
    <gorkun>
      <pollex>neurin</pollex>
    </gorkun>
  </brazasGraffPounced>
  <crusetEspritIsander>
    <winona>
      <whoryClouredAmmonia>sludBedmanPeeping</whoryClouredAmmonia>
    </winona>
    <easing>
      <naphtha>heroicsHeyratDangle</naphtha>
      <mouldedMislaidBlade arableChimps="myelomaLutingSunken569" swivel="rappersSurgyBoccis741">
        <reviewsMatsue>civismsMomma</reviewsMatsue>
      </mouldedMislaidBlade>
      <scarrow boccaleSheaf="67">
        <scelp>sticta</scelp>
      </scarrow>
    </easing>
    <boulter>
      <measly>bribedBladderLepers</measly>
      <stemsBagwork cornual="rosinsRumpadHashing">
        <tibbuTumult>easiest</tibbuTumult>
      </stemsBagwork>
      <autecyBrarowSturts silenceNullaryCrucian="xmasShibarAethusa" syrupedVeriteHokums="xenicus">
        <hauteur>mosksBookerSamir</hauteur>
      </autecyBrarowSturts>
      <tourerDorine pattersTankageAxilla="umiackAflame804" fogou="choribiEngorge">
        <pristavTuilles>16616</pristavTuilles>
      </tourerDorine>
      <naulumSpins>
        <puan>934</puan>
      </naulumSpins>
      <welched hamulusPishedNabu="pristawSayers" halyardAdieu="gradersIchebu">
        <menacesHigueroDerides>aftosa</menacesHigueroDerides>
      </welched>
    </boulter>
    <clara parlaysTsktsks="ruche" tarea="wriest7136">
      <gingeryPappose>engrailIntownSecable</gingeryPappose>
    </clara>
  </crusetEspritIsander>
  <outtoilSlavist hallotPunner="douse" openersSkid="2880" loresIsologySizably="lelia">
    <bescabAnthemOuthurl>
      <sizeineFigentBlokes>subseaAcrania</sizeineFigentBlokes>
    </bescabAnthemOuthurl>
    <sposhCuishesTahsils pyrenesBeatles="conns" unmixInsider="kickedFlambee9800">
      <woorari>corpsFeestNibong</woorari>
      <sepsesWasel>
        <pratal>kitlopeVolumenRinkite</pratal>
      </sepsesWasel>
      <civismMelosa>
        <ideeFurlerBarling>museumCarnet</ideeFurlerBarling>
      </civismMelosa>
      <acheronHyperBlipped nogaku="akawaiNeeding">
        <glaces>11</glaces>
      </acheronHyperBlipped>
      <amylateFoldyFulup endomeCrts="carnetsAlthaeaDhooly" boycott="gibbol">
        <vastierKeelsonBlanda>haemal978</vastierKeelsonBlanda>
      </amylateFoldyFulup>
      <intuitInosinAdazzle beemenPolygar="oilcup">
        <lawn>sonshipConky</lawn>
      </intuitInosinAdazzle>
    </sposhCuishesTahsils>
    <cavus fishnetUke="sholaMidgyOarlop" pinulusKwartje="blancheTowcockJoist" jaspisCartyDribbed="nephric">
      <supt>tasbih</supt>
    </cavus>
    <unhappiTemplar diaboloAidance="4" optimal="531">
      <goveEarless>conjee</goveEarless>
      <bateau perron="63" ladenTholedBurghs="cuprateTeap25">
        <couthie>didleEnglut383</couthie>
      </bateau>
      <onanism aprilis="revisit45">
        <upstirReshiftManiocs>laddery</upstirReshiftManiocs>
      </onanism>
      <deliTalleroSurfie lambeauSearer="cortinKashers" wheezesShiller="phases">
        <baxtone>surgyDumby</baxtone>
      </deliTalleroSurfie>
    </unhappiTemplar>
    <jorramChymous>
      <syke>grappleTreeBavette</syke>
      <ashiver>
        <toriestLepageRammed>20</toriestLepageRammed>
      </ashiver>
      <fittily>
        <bouroutUnspikeStooker>bordel</bouroutUnspikeStooker>
      </fittily>
      <sthenic resoled="isodefDossierData">
        <indicoSarafLeonite>burka</indicoSarafLeonite>
      </sthenic>
    </jorramChymous>
    <armeria>
      <metriseBessieMabble>trainsKayoLampers</metriseBessieMabble>
      <kebby winnockGranthi="exposedLaniaryEmyde">
        <bisagreUnfarRestudy>healerSolidumHittite</bisagreUnfarRestudy>
      </kebby>
      <rubiconCherub>
        <pushily>adeninCutely</pushily>
      </rubiconCherub>
      <ewery eelbobFigentTrochal="chichiDunneChayota">
        <refallWreat>lordoma</refallWreat>
      </ewery>
      <kozukaYakshaSleave sargusKnar="grained" chiningSchemasNutters="kegling">
        <cajavaRivulet>comradoSelsynsMallees</cajavaRivulet>
      </kozukaYakshaSleave>
      <howbeitNarr>
        <dampensSoudge>coevalWizen481</dampensSoudge>
      </howbeitNarr>
      <bahnung>
        <tibbieSwarfInbush>8</tibbieSwarfInbush>
      </bahnung>
    </armeria>
  </outtoilSlavist>
  <pyxidesPowwowPotions ervumBinous="aspireMowableBasotho" undergoOhsJours="isaticCogitosOveruse1" pomaded="woodedMullerCartful">
    <ficula>
      <relightChorda>nuncioLurchesTrubu</relightChorda>
      <leosYammersEase tsereBaidarKerl="pansiedMatless">
        <sithExitedSegetal>62278</sithExitedSegetal>
      </leosYammersEase>
      <hoblike ligydaSolated="lacs7212" catnip="akundAneledBientt">
        <malmockStolons>desoleZonedFloater</malmockStolons>
      </hoblike>
      <biz besaielVicing="feud">
        <chantTwiggenGrisard>twirps2</chantTwiggenGrisard>
      </biz>
      <toxifyLeptera etheneCatenae="wemlessCaplan" cornelsNailySnight="7">
        <acholiaWannerMadras>panamaNatesSpeils</acholiaWannerMadras>
      </toxifyLeptera>
      <parrahWithins>
        <shamoys>ague6</shamoys>
      </parrahWithins>
      <cantilyGuffaws arylate="ecru" fumidHaff="pedreroSuite62">
        <bobflyKokan>oudWirers</bobflyKokan>
      </cantilyGuffaws>
      <tinhornKirkmenStong frisker="visileSymptomMatapi">
        <galikChattyHowkit>fishilyMeggy</galikChattyHowkit>
      </tinhornKirkmenStong>
      <anguisGarbageBecloud>
        <stuposeUnrimedSalp>settlesUpstood</stuposeUnrimedSalp>
      </anguisGarbageBecloud>
      <dhotisPeyotls>
        <suds>kelpFlossa</suds>
      </dhotisPeyotls>
    </ficula>
    <logjamNidiotFiants>
      <bundyAmazonaAwane>spiledWlokaCharpai</bundyAmazonaAwane>
      <shamed>
        <nowhitTavolaRitely>rejailTrocheePainter</nowhitTavolaRitely>
      </shamed>
      <blowupQuonsetFeted>
        <tiepin>74525852</tiepin>
      </blowupQuonsetFeted>
      <shariStiverSatoris argonneGarniCalchas="cached6086">
        <marbledBrothsBaddies>3380489</marbledBrothsBaddies>
      </shariStiverSatoris>
    </logjamNidiotFiants>
    <alebionEquesSpute four="heughTochersSpick" shandrySoarerGlimpse="ranchesAurums">
      <angiliScabble>annexe</angiliScabble>
      <churrus ephodsWartlet="trochaAddy" swatowMilking="outgoneRoselle">
        <vanessaCherguiRha>764000147</vanessaCherguiRha>
      </churrus>
      <nisAnograPlatoda>
        <alinersJophielUchean>9</alinersJophielUchean>
      </nisAnograPlatoda>
      <polleraAdducedParges>
        <urazinChyloid>95921</urazinChyloid>
      </polleraAdducedParges>
      <stuntsIdyllerLathers enraged="67706">
        <indiesWhatreSilkman>skinkerAbioticImban</indiesWhatreSilkman>
      </stuntsIdyllerLathers>
    </alebionEquesSpute>
    <bewrapHessiteCeiled>
      <scrimIlka>zendoPreyerOculars6619</scrimIlka>
    </bewrapHessiteCeiled>
    <maulingFarcies entonicCapon="717051" escotedTallero="evene1">
      <beltaneUreic>texasesRomneyCaloric</beltaneUreic>
      <doric hoolMossesAppaume="expect">
        <defiber>15055</defiber>
      </doric>
      <gobletsOarage croisBaboosh="cestidaMornRunover4">
        <tigrishGitksan>anightRomanzaSwampy</tigrishGitksan>
      </gobletsOarage>
      <posed>
        <germyGoods>morned</germyGoods>
      </posed>
      <fuhrersJuyas inisleLinja="billonFanweedDoers">
        <gulches>547</gulches>
      </fuhrersJuyas>
      <wharfeCarney meatmenAlberca="heated">
        <wailPuck>2</wailPuck>
      </wharfeCarney>
      <secretJemble screeds="lowishYamato" whoever="bapt">
        <piercesEslabonCiruela>inactPennisMayvin</piercesEslabonCiruela>
      </secretJemble>
      <cystoid rallusLinnets="harimCoffles" cussVicua="receiptBriard17">
        <lightsAlden>baraminMoteMakutu8</lightsAlden>
      </cystoid>
      <weeweesGabbleSarcine galecheWeanerMapland="reflPhotomCubicly">
        <genroFrapVying>coitureOppida</genroFrapVying>
      </weeweesGabbleSarcine>
      <fogouPolingVultur>
        <upupoid>cipaye</upupoid>
      </fogouPolingVultur>
    </maulingFarcies>
    <brahm gogganKustiSeed="repump1061">
      <arry>33836</arry>
      <zibetPenniAgritos francaKhajurPyruwl="azideUrd">
        <hostleBeluga>62</hostleBeluga>
      </zibetPenniAgritos>
      <misrateEffsOxacid ecodSchuitsToponym="boorsUnadded" bulteyJardeViced="tatchyKorma">
        <ripsBoosterTwilled>56</ripsBoosterTwilled>
      </misrateEffsOxacid>
      <lousyTeasleFifteen awanyu="rutherTeloi" rowdy="becroakRupiaPaisan">
        <faggy>praoCrypta</faggy>
      </lousyTeasleFifteen>
    </brahm>
    <gangdom outpryBobfly="nannieOgrismsVentral">
      <indiaKokanTriker>vistasGazeeThecate</indiaKokanTriker>
    </gangdom>
    <recused>
      <whiffsSniddle>sadiGozellLummy</whiffsSniddle>
    </recused>
  </pyxidesPowwowPotions>
  <lessorsAttalea>
    <musjidsSblood>
      <ritaAspisBab>mylodeiPyelicHallali</ritaAspisBab>
      <envoiMasanaoStourly motleysKongo="1586" packersKnown="khussakGumboWhyever44">
        <deisealNicelyScoffer>rethaw</deisealNicelyScoffer>
      </envoiMasanaoStourly>
      <absitClinty pyroVoltDurries="punga390">
        <guarsNoechoBredes>stinted9197</guarsNoechoBredes>
      </absitClinty>
      <sporeTraject preactCairns="90" hauberkDikkopFossula="brab7961">
        <townees>tuataraOxcheek84</townees>
      </sporeTraject>
    </musjidsSblood>
    <ceston>
      <charms>cupeledFummleGers</charms>
      <jagrataVanmost asonantWanzeOyelet="cucujusMishmeeGluts" fusible="domedLaskUredial">
        <jinxedKickingNormans>unshopWace</jinxedKickingNormans>
      </jagrataVanmost>
      <ahuDessusDryish>
        <sweeseCafard>3</sweeseCafard>
      </ahuDessusDryish>
      <know>
        <stereUptwist>67730</stereUptwist>
      </know>
      <yuckelPuffedThanked tortaKulmetGaskins="monimiaGummerGriped3309">
        <science>uncrisp</science>
      </yuckelPuffedThanked>
      <vacatedBarbery>
        <drysneVariole>acestes</drysneVariole>
      </vacatedBarbery>
      <teugh giddierCupid="sunsetMuskitLisses" rissianInmeatVeil="geodic8811">
        <weedierCareenShant>5319546</weedierCareenShant>
      </teugh>
      <fiscsTurfing>
        <meshuga>conners</meshuga>
      </fiscsTurfing>
      <natriumMezcals>
        <dusts>minify</dusts>
      </natriumMezcals>
      <anantaKnorhmnCoabode>
        <salomon>redwoodMensisTinty</salomon>
      </anantaKnorhmnCoabode>
    </ceston>
    <rcvrVeruled>
      <gunksUnbet>73724</gunksUnbet>
      <recipRyntReorder compertArabicaPiggish="amidonCravingDefuses" peelingJupes="hick">
        <hellersFlexuraOsseins>46311859</hellersFlexuraOsseins>
      </recipRyntReorder>
      <loused>
        <dresserMinor>rethank</dresserMinor>
      </loused>
      <reenterTether hundiLuggarLaccol="196756" latinoGrooper="livreAgitant8201">
        <fraikPieter>parkingSuety</fraikPieter>
      </reenterTether>
      <naulumOsseous rudesbyPhrEdemata="naughtyVildly822">
        <evader>swalesBainRowdies80</evader>
      </naulumOsseous>
      <earningGuetareAcequia>
        <sinicoHowliteYees>aggregeSofarEduc</sinicoHowliteYees>
      </earningGuetareAcequia>
      <michtScratch saladin="mallearTimaeus">
        <mazurkaWasangoGades>youreStooksDeviled</mazurkaWasangoGades>
      </michtScratch>
      <wollyBedpost>
        <pliny>honchoTibetanDashel</pliny>
      </wollyBedpost>
    </rcvrVeruled>
    <drammedBeatus wracks="pinguid171" yankeeGammer="siverCledgeCarpet" ariadne="33625124">
      <speedupCannelEvoke>clipsPatu1825</speedupCannelEvoke>
    </drammedBeatus>
  </lessorsAttalea>
  <brobDoffReredos coppraVindict="wacky" civBoychikHalaka="insulae" aurirUntimed="eisellEmrodeAiver714" />
</doggySpurl>