<?xml version="1.0"?>
<streetsCruddyVica>
  <berith ripeLouie="animeRelated" slangs="8370" raringOutgun="rhondaCamposHoover" asgdBanselaMiltos="ning">
    <granolaLenin>
      <pruntedGlamourAlacran>cnidae906</pruntedGlamourAlacran>
    </granolaLenin>
    <genty>
      <hdlc>mimpeiWolly</hdlc>
      <handPiglike>
        <raobYampeeWurrup>932</raobYampeeWurrup>
      </handPiglike>
    </genty>
    <joram>
      <forfars>choristSynaphe</forfars>
    </joram>
    <cholentSaved>
      <pumpkinBes>crup</pumpkinBes>
      <disbend>
        <forbearWoa>kindredKnoppie</forbearWoa>
      </disbend>
      <kittelAmnioteOopak>
        <tolter>firsts2</tolter>
      </kittelAmnioteOopak>
      <cades alkool="pardalBervie4545">
        <tabiraOpianyl>33</tabiraOpianyl>
      </cades>
      <sanctumGorcockNarcism apnoeicRetrot="66" unidly="greingPokomYangs">
        <icesparHamletsFlexo>yauperOnkosMoither</icesparHamletsFlexo>
      </sanctumGorcockNarcism>
      <emceingCatjang>
        <kef>karlukSaltsStichos</kef>
      </emceingCatjang>
      <incusesImpings lochiBandarGinner="387424464" imputHullo="1">
        <dismawFlees>gamebagAmantOpens</dismawFlees>
      </incusesImpings>
      <mecateDeutonCaption tamanuWratackWindup="wenchow" targetBraiesFlexile="suberinArvosRedue">
        <skellyPavins>behenDisazo913</skellyPavins>
      </mecateDeutonCaption>
      <silique hoya="bobsJubardy96" fingian="argPredateReentry">
        <hedgyCivicalCrewe>oaterIsotopyAnc80</hedgyCivicalCrewe>
      </silique>
      <foregoRpm vendueDisourHitter="473721" jibers="540169">
        <sudsersBrominsCebian>topwork</sudsersBrominsCebian>
      </foregoRpm>
    </cholentSaved>
    <ornithKnawels>
      <crigFoldingBindles>poonacVictual</crigFoldingBindles>
      <sludge remetalSkepsisEnrib="bxs55">
        <artwork>brissesMindfulDrying4</artwork>
      </sludge>
      <luckenReaumur bourockTortieBdellid="lindsayIonizedLesser" dartoid="earletFogeysUntie">
        <encoresHamatum>8458710</encoresHamatum>
      </luckenReaumur>
      <kiddingSherrisCuca kleshaFaipuleApepsia="carhopDullard">
        <bliaut>defendOzonesAirted82</bliaut>
      </kiddingSherrisCuca>
      <strixObeahUniquer hethMucker="exequy">
        <flaxesToodleWarm>rolleyCenturySolach</flaxesToodleWarm>
      </strixObeahUniquer>
      <spatter bustled="827067980">
        <carportDuelist>makutas839</carportDuelist>
      </spatter>
      <kemal>
        <psisEnteral>22</psisEnteral>
      </kemal>
    </ornithKnawels>
    <scubaPalisCardoon huppothGenroLipide="wraithFiestaVolta" kansa="jest">
      <stewbumAntonym>teniaKnorhmn</stewbumAntonym>
      <comberArnaut newlineBecalmRejoin="fleshlyIdealsCabby18" xenosNitery="7">
        <eclegme>gowpenPreaverChewers</eclegme>
      </comberArnaut>
      <upmastHyalts turtleCowpokeFrogs="inurnedDibbersEphors">
        <belial>wagerCapsian9614</belial>
      </upmastHyalts>
      <servesGumlahStosh daflaMisharaClads="elaylWidensTrepans">
        <kusamKyang>906360626</kusamKyang>
      </servesGumlahStosh>
    </scubaPalisCardoon>
    <inrailQuartzDonary>
      <dustragRantreeSitten>usurerHostsBellona</dustragRantreeSitten>
      <officeOoseHamzah canaan="ramus726">
        <pulayan>dinmontBraggedAecium</pulayan>
      </officeOoseHamzah>
      <greeksOutersJinkers astite="17635" perbend="lyfkie">
        <cutelyGlued>burringMussing</cutelyGlued>
      </greeksOutersJinkers>
      <betided sestiTilers="ubiqueCrampit" segged="7">
        <dakLarix>cynaraCored</dakLarix>
      </betided>
      <cullsStive balkarBeep="trifolyHits" babistForgiveDiscamp="askingCorsyNauseas">
        <unfattyHasletsTarrie>wynnsGauzy808</unfattyHasletsTarrie>
      </cullsStive>
      <petersRebaleTorero hoselKiter="8620740" windoreUprisenShandy="coupageZinciteScramb">
        <misbedeWavesBises>archeusLowthCooba</misbedeWavesBises>
      </petersRebaleTorero>
      <impleadVingolfFoggara>
        <slightsBlucherBroeboe>bemanLiukiuFease</slightsBlucherBroeboe>
      </impleadVingolfFoggara>
      <crustsTypesAnglic robot="5384227" erringPuttoEndgate="aylet">
        <bistros>misshodEstivalUds</bistros>
      </crustsTypesAnglic>
    </inrailQuartzDonary>
    <capella vaqueroAcapuChoak="gun16" rebopMiami="pukedWethersHewhall">
      <speiredBumfs>ocelotCapelanPrev</speiredBumfs>
      <repasts regald="349372">
        <touterVizsla>unbiasForlaneRacoons</touterVizsla>
      </repasts>
      <doubly grubbleLugandaStooks="expdtLassikyCrabbed" boccias="splashDomyUrlar">
        <sewings>baft</sewings>
      </doubly>
      <haviorsUndrawnBuffbar bromous="stopple85">
        <stood>274</stood>
      </haviorsUndrawnBuffbar>
      <playaUpbankUntaut>
        <corvesBecallYester>holdupsStumperCastro</corvesBecallYester>
      </playaUpbankUntaut>
      <gaybineApinaeErrors phasemyChloroFleyed="4776468" cabalicHerald="standi">
        <galena>lantanaHells355</galena>
      </gaybineApinaeErrors>
    </capella>
    <untidyManess>
      <enduro>yinsDorian</enduro>
      <veldtEjects>
        <runoverDrawnet>hangieGates</runoverDrawnet>
      </veldtEjects>
      <jewdomSuezQuieten maizerAeons="83529">
        <yockChude>onicoloEffluve</yockChude>
      </jewdomSuezQuieten>
      <raccrocUniaxal coffingOutgate="ostaraThong">
        <jubesEnjoyer>esthAssuageBarbudo</jubesEnjoyer>
      </raccrocUniaxal>
      <treasGuavinaIslets>
        <krooniOgtiern>firryTurnoffGoaty6</krooniOgtiern>
      </treasGuavinaIslets>
      <strathsPlasmin meropia="jomonBepillMidpit" unpick="jogProjetDimers">
        <cloffDined>searingSeducer</cloffDined>
      </strathsPlasmin>
    </untidyManess>
    <kubongMiurus>
      <environ>benamee4830</environ>
      <stifledDippierDeafer worriedBongarIndue="lappersChirpedHereof">
        <knocks>flambe</knocks>
      </stifledDippierDeafer>
      <coptine sootiedPaddlesTotty="rutylBacaba" contePrimomoDupery="2">
        <spentDwarfsDrachen>57982866</spentDwarfsDrachen>
      </coptine>
      <misbias subpartTaxite="puntilMulseRamage">
        <bushier>revokedNidor90</bushier>
      </misbias>
      <bravas>
        <tournayLatedHeadbox>6</tournayLatedHeadbox>
      </bravas>
      <nudgerLovefulWitworm>
        <mislayFarrand>sikkim</mislayFarrand>
      </nudgerLovefulWitworm>
      <tamarauUnobese>
        <moreenUlmic>luriReignerWilrone904</moreenUlmic>
      </tamarauUnobese>
      <yoven noctis="moble">
        <incomeSurdent>flimmer</incomeSurdent>
      </yoven>
      <sawbill saucedPinbush="retiary" toroid="racoonRoove">
        <weedilyPunese>misterAmazonsAnthony</weedilyPunese>
      </sawbill>
    </kubongMiurus>
    <antisunConuzeeBoronic upwentBoggard="mossy" neseLuckily="sousedBeseige">
      <peengeTortes>crenate</peengeTortes>
    </antisunConuzeeBoronic>
    <balatePanted matronsSnippyImamate="antigodSuaharoCumol" dotlet="yessedSigned21" atmaMellah="942034555">
      <tubbierHaida>521887856</tubbierHaida>
    </balatePanted>
    <revestsThus chukchi="71" serverGoalieShohet="kickoffDrakeKinbote" pulex="wairchZogo13">
      <cwierc>carneau</cwierc>
      <snugifyIntonerDespend>
        <requoteBooseRemises>pyrexic</requoteBooseRemises>
      </snugifyIntonerDespend>
      <untidal>
        <morneAristo>oxonium509</morneAristo>
      </untidal>
      <awny deeplyActiumCareful="lor">
        <peeksConstatTutelo>flitedTalasSnape</peeksConstatTutelo>
      </awny>
      <wean sabbingGoralOdontic="solisteDis">
        <spicoseTazzaCloke>spiesWoomp6</spicoseTazzaCloke>
      </wean>
    </revestsThus>
    <jemidarOutrushBeatuti>
      <heiniesGemlike>lugmarkNeedily</heiniesGemlike>
      <afright veinuleOutjutNephron="cruent" robertsPanzerChan="unangryShraveAestive9">
        <chazanIodal>ouabaioBututs</chazanIodal>
      </afright>
      <boredOcker>
        <cosaqueReaps>pont994</cosaqueReaps>
      </boredOcker>
      <pre yournChampsEntelam="clunter" yasna="magahiNiggles">
        <wisdom>calci</wisdom>
      </pre>
      <edgersOdiums sheerAddle="suedine" odsoTratler="carratFurcule">
        <cither>tigers</cither>
      </edgersOdiums>
      <piazzeIslesFalbala jamnutStertorTapasvi="lactean">
        <kasSaburraLoessal>flyboyDunkers</kasSaburraLoessal>
      </piazzeIslesFalbala>
      <lumpierMaxims seityRailsZosma="1" dispartFinnierFatty="5">
        <rond>bedfootTodidaeHaunch723</rond>
      </lumpierMaxims>
      <squeaksRecks snasteGaol="rifartErrsynBravura" mummyChloryl="scrogieUpsetsKeffel7526">
        <assumptSmugFerrier>illishAdetGanoses</assumptSmugFerrier>
      </squeaksRecks>
      <bousedYahWaefu>
        <merceryMistralHanover>9925</merceryMistralHanover>
      </bousedYahWaefu>
      <grenade>
        <ipmJetesAlumna>9</ipmJetesAlumna>
      </grenade>
    </jemidarOutrushBeatuti>
  </berith>
  <bara />
  <tourist niagaraUntakenTost="sojournSozinFulmars" />
  <jobGiglioIndow catskinRepouss="unguyed" holloKuge="lueticSpinal" randomMomentoLawmen="glucine" />
  <barradMedinoCowal platinaIsed="germinTrifolyMamey" deodate="haftTenuesMolding" stigme="358" knoller="lavaBoxyDragman42">
    <coombsMolderOvampo>
      <istlesCussed>geraninOdallerCulpon</istlesCussed>
    </coombsMolderOvampo>
    <setlingPlumulaLaders>
      <nitrite>firingsDrinky88</nitrite>
      <gisantsFaciataCopist vailsUplands="yateCowardsPereion" lot="7">
        <wardens>camperCertifyRerate</wardens>
      </gisantsFaciataCopist>
      <mimirSuasionAdviser owlhead="aquariaFelucca">
        <sabbats>enteriaDesist</sabbats>
      </mimirSuasionAdviser>
      <lgthSussoSha chiclySeptaSweert="nobelOakesiaGorging" okesFogus="ftncmdYellowy">
        <pharoAladaHamites>720</pharoAladaHamites>
      </lgthSussoSha>
      <rowyAlarums twirpRustleWizens="8199102" daseWassailSkhian="cutoverUnimpedArsacid">
        <ummMell>bortPurdonIrfan6547</ummMell>
      </rowyAlarums>
    </setlingPlumulaLaders>
    <crewels>
      <diquat>xyridYapping</diquat>
    </crewels>
    <quarks duckieApaceMuskegs="etta" ceteraBurl="footlerFoppishSixtus">
      <nardooTueironFatally>mahmudiVila3587</nardooTueironFatally>
    </quarks>
    <obtentWorkboxFowl>
      <befilchTrush>navite</befilchTrush>
    </obtentWorkboxFowl>
    <channer>
      <desReglows>3515</desReglows>
    </channer>
    <cebusShoqSpeight>
      <verves>oldenedYuch6</verves>
    </cebusShoqSpeight>
    <lagunasWutAgitate>
      <onefoldXipeItenean>fluvioArrach9</onefoldXipeItenean>
      <taredPaddock>
        <oniscus>tapiroForcutFunnel</oniscus>
      </taredPaddock>
      <talcStabile solatesHutchPiperic="wels" shoverRedbugFrizer="76328">
        <unbusyRopewaySledder>2</unbusyRopewaySledder>
      </talcStabile>
      <humanerFlushedGoalers stokvisDipodeGrig="6155">
        <fumagoDaylilyAlmud>tzetzes</fumagoDaylilyAlmud>
      </humanerFlushedGoalers>
      <maral rachelPiculetOto="macrli">
        <kippageArchineScoriac>crosier</kippageArchineScoriac>
      </maral>
      <mimmoodMailers bedsockMpretZande="neffyAbv">
        <ethiops>subportRanatraExtort</ethiops>
      </mimmoodMailers>
    </lagunasWutAgitate>
    <bornite>
      <trachleResworeSyke>adenylsHarder</trachleResworeSyke>
    </bornite>
    <chatonBoyaus>
      <safaviKalians>8317998</safaviKalians>
    </chatonBoyaus>
    <valetsKilij paphian="shaders">
      <footage>soln</footage>
      <setoffsAnnamScathed farettaInsurge="dishleyStaMantis" buriedCryptos="larval">
        <tahgookCasabas>abiezer</tahgookCasabas>
      </setoffsAnnamScathed>
      <agroundRecoat>
        <candockVenial>bilaanLeasingMuled9510</candockVenial>
      </agroundRecoat>
      <buggerGawker serveFerret="unkinkTepefy">
        <hex>soohongChalets5</hex>
      </buggerGawker>
      <croppedDirhamHowe nilghauSestina="vallisCooeyedRanina">
        <pierrot>fouldreAdmetusViduity</pierrot>
      </croppedDirhamHowe>
      <retros meminnaImpendMoo="taglockCassena799">
        <vinealDaultPedante>styloSharingTonsil</vinealDaultPedante>
      </retros>
    </valetsKilij>
    <zacatonKuman>
      <chonArcuale>palpalTussler</chonArcuale>
      <mohicanYouffPythiad>
        <nuragheSchorls>scilManhead</nuragheSchorls>
      </mohicanYouffPythiad>
    </zacatonKuman>
    <spawnCrapwa craigPrankyMule="upgrown" pantunPisachaWeanyer="serbdom" widens="ticulDimber">
      <pawer>skaff</pawer>
    </spawnCrapwa>
  </barradMedinoCowal>
  <seekingSapaLustrum>
    <warmupsExition>
      <dinghy>60799</dinghy>
      <kammeuZyrianBritain>
        <mandola>futileWhand495</mandola>
      </kammeuZyrianBritain>
      <delianReeject>
        <rotters>9444</rotters>
      </delianReeject>
      <ammiPli swashed="grimful" sufiBarbet="saccate">
        <unnew>bepat</unnew>
      </ammiPli>
    </warmupsExition>
    <slourErisPeesash>
      <farrantTeether>ascriptLaura</farrantTeether>
      <aurumDewools>
        <armidaWhatdTowline>48026</armidaWhatdTowline>
      </aurumDewools>
      <bounty>
        <twilly>twinismUkelele</twilly>
      </bounty>
      <sirdars cystin="renovelExarateCollier">
        <izoteHurdledEcol>batinoRubinCabled</izoteHurdledEcol>
      </sirdars>
      <tabour auksinuAdamasPed="isms" sebificHilloaJumbled="tipsifyBysackiGoings">
        <gaminErasure>spathal7356</gaminErasure>
      </tabour>
      <amebousTying boringsHearseDiluvia="evacueeJoannesHelen" winfreeDiseuse="dabb8">
        <crownet>5523786</crownet>
      </amebousTying>
      <yearns wishes="beglare">
        <dmarcheKen>eruct</dmarcheKen>
      </yearns>
      <zimbSabring plimSyph="fliestEcceMonades" evanMedlarsThester="krumanGhastlyAmusgo">
        <ramjetsThou>abbessPentene6</ramjetsThou>
      </zimbSabring>
      <pinda tissualCroisad="tourismGamone" propelsBelamForlore="rowthCimbri">
        <gluepot>limital238</gluepot>
      </pinda>
    </slourErisPeesash>
    <embush>
      <cousinPlookLace>stolons</cousinPlookLace>
      <panacheTypiestTurgor exesion="cymbal" coenla="busteeIberia44">
        <neatensWeblike>toher</neatensWeblike>
      </panacheTypiestTurgor>
      <flotageHiguero calotteVictorShrog="astrionManacusSexes" novelet="1164480">
        <jags>atmoPonying</jags>
      </flotageHiguero>
    </embush>
    <mallTourismFurrowy>
      <essays>peartCossets</essays>
    </mallTourismFurrowy>
    <aweek>
      <thwait>tenguFloatyWedders9066</thwait>
      <whatzit balu="silkedStannum" usurerAcetal="68430">
        <poco>graylyFoldoutVerso</poco>
      </whatzit>
      <saulieJimmied gistsGrapy="lovages">
        <simblin>submitsHussarBibcock</simblin>
      </saulieJimmied>
      <besped duddieBounden="shoosPalette" mezairTravelGranage="tradyKnursGhaut">
        <lantern>gilpey</lantern>
      </besped>
      <obligerClarinZonoid nude="aneathEnigmaJuba">
        <retchesFathByplay>settledLeashedKelps243</retchesFathByplay>
      </obligerClarinZonoid>
      <recede wamuses="elderlyFernery">
        <limpyParisii>foxedConsortRegnant</limpyParisii>
      </recede>
      <alcidaeCeruses corbulaSclimInfill="barwalIceworkFavorer3575">
        <railsEblis>handilyTaetsiaChorous</railsEblis>
      </alcidaeCeruses>
      <torii induna="piferoMoroseBeprose" clunter="nievetaCuchiaCaptive4092">
        <dialledWansome>papposePyrexia</dialledWansome>
      </torii>
      <miskillHuggerDelude florealCuitKiters="6">
        <deinkZirciteEmplace>insulseMeacon</deinkZirciteEmplace>
      </miskillHuggerDelude>
      <animi>
        <kaldaniSkepOyer>konkaniReeledUnlock5</kaldaniSkepOyer>
      </animi>
    </aweek>
    <robingSpiritTryouts>
      <octectsMilrindPali>sacculiWeightsBorel2265</octectsMilrindPali>
    </robingSpiritTryouts>
    <taimenSnastyWhidah hoodooKerbaya="honanPerronsPopode">
      <yearendWhooses>juriNugatorItalic</yearendWhooses>
    </taimenSnastyWhidah>
  </seekingSapaLustrum>
  <timar piecerGrizardHodden="dittosMorian" cotwalEgardsKurbash="altunCaranxInosite" biggen="syleneAgrom" carolynDinkyHairlet="bulteyMbalolo">
    <sondersCobang>
      <wideIngirtSouaris>pardesiSkibob10</wideIngirtSouaris>
      <seth doura="searcerRoelikeLimba" subjBaltis="reasons">
        <apresCordite>accreteLoobilyIsseis</apresCordite>
      </seth>
      <scasely>
        <gazet>gummedGumshoe</gazet>
      </scasely>
      <creelsSorty bestar="lecheryQuinyie">
        <asiaticSculptPiazin>brahmasEither</asiaticSculptPiazin>
      </creelsSorty>
      <blanCough moulyPyropes="unquick" themesScratch="rapeye">
        <averySiresYeaning>hamitic</averySiresYeaning>
      </blanCough>
      <flitAmidone quiredCorpn="105459916" stepneyTambalaRokey="dorismUlmous4719">
        <libelUnfitty>pronity</libelUnfitty>
      </flitAmidone>
      <bewall>
        <feraeAngie>cloes3</feraeAngie>
      </bewall>
    </sondersCobang>
    <playpen>
      <reinTuboid>furoicVacateAbnaki</reinTuboid>
      <embelia>
        <jarp>azotea</jarp>
      </embelia>
      <toppingJamesonPepsins malterOutpurl="derekTurdineSulci3117">
        <rarelyPities>numdaAcarina</rarelyPities>
      </toppingJamesonPepsins>
      <inachusKers strewCuonCassady="queingPaybox5" cabocloRotches="71502535">
        <lulab>cymbel</lulab>
      </inachusKers>
      <letdownLiteralGlack almousDiademaZeoidei="euchresReachyGreyish">
        <restrap>griphus</restrap>
      </letdownLiteralGlack>
      <dispendWoopsBubber>
        <slueCruellyTamzine>unbruteBurlaps</slueCruellyTamzine>
      </dispendWoopsBubber>
    </playpen>
    <shaptan>
      <frenate>rasenObscureSiums</frenate>
      <cloke succula="789949449" gratesHyp="spiraea">
        <fulcrum>uptime5675</fulcrum>
      </cloke>
      <terassRepentMahesh ascon="natalie">
        <chil>38</chil>
      </terassRepentMahesh>
      <hureZebeckSeiche bargees="damplyBeltis" exhalesEvadedDaturic="15">
        <reaffixBourageEyalet>skatole</reaffixBourageEyalet>
      </hureZebeckSeiche>
      <afreteThoriasPresent referUnbed="whitsunDuppyJimper" munifyVotableDanize="markupsWirlTeabowl">
        <darwan>727752487</darwan>
      </afreteThoriasPresent>
      <verayBalls>
        <mawnYakUptrend>hetmansCayMyrrhol</mawnYakUptrend>
      </verayBalls>
    </shaptan>
    <revReargue aldide="syrinx" foxierBroeboeMaculas="hemagogVigilsLiners3803" devisee="gledes">
      <simpledYarkeeFlair>yin</simpledYarkeeFlair>
      <hinchElhi ruttingSpangly="fresne" etymonsNativusUmbrere="foreseeJaypie">
        <meanestUnaimed>ethnog</meanestUnaimed>
      </hinchElhi>
      <lobulus>
        <hindu>hegarisSlum</hindu>
      </lobulus>
      <wigs allodia="charta">
        <nounEpicarpThermel>clew</nounEpicarpThermel>
      </wigs>
      <chatotLogcockBillyer>
        <papoulaCaddied>turrumOvigerHaptic</papoulaCaddied>
      </chatotLogcockBillyer>
    </revReargue>
    <waheheHasletsGrovers>
      <divider>hipnessFaverel</divider>
    </waheheHasletsGrovers>
    <bigrootPrankyCiboney>
      <sangah>7846</sangah>
      <redawnDaimyos algorKetene="wadisFogoBaretta">
        <selfismKoreroUrushi>2705896</selfismKoreroUrushi>
      </redawnDaimyos>
      <karwar forseenGibbet="upbayPtelea">
        <statantUprose>dactylsTraceThio</statantUprose>
      </karwar>
      <yearsDonnas>
        <incasFlushes>slangKobong</incasFlushes>
      </yearsDonnas>
      <flagons sampler="tamburTulareTwifold">
        <pamperoAreason>incestsTrigonaJaded57</pamperoAreason>
      </flagons>
      <punnersAttendCultch>
        <cockardMing>gurshCirceanHoking</cockardMing>
      </punnersAttendCultch>
    </bigrootPrankyCiboney>
  </timar>
  <balmTickeySels shorPuttoGibby="muskatCalzoneStamnoi" hexapod="puncePrpVoodoos" prattKemal="tanoDoobFact" mopanBreveOutpomp="gowf" />
  <despot athriveThuyas="tucson992">
    <ocellusArchlyOcelli>
      <rampirePepperyNugget>hypoedEysogeEffulge3</rampirePepperyNugget>
    </ocellusArchlyOcelli>
    <hudsonGolems lodging="rewriteFdubZack" ethylinMpondoPrey="juga">
      <atoxicHustlesWhr>tearoomNervily</atoxicHustlesWhr>
      <deplore macleBulbs="naoi">
        <waget>2508</waget>
      </deplore>
      <gruffedTetanus ooscope="palisseAtweel">
        <health>astorWitwormLigase</health>
      </gruffedTetanus>
      <filmetQuilter verdictChrysin="66133">
        <pialynClombenMeson>lash334</pialynClombenMeson>
      </filmetQuilter>
      <dantePrudyGarawi>
        <pressieFranzyNarking>jungianFocal</pressieFranzyNarking>
      </dantePrudyGarawi>
      <andor shut="miriest" hyde="59044731">
        <jibbaMenowRaiyat>carreauFainted</jibbaMenowRaiyat>
      </andor>
      <diggers corpseTachyonProtyl="4">
        <demursExcused>typika</demursExcused>
      </diggers>
      <indamin>
        <meetenTrinodeFrauds>upcrowdSplent</meetenTrinodeFrauds>
      </indamin>
    </hudsonGolems>
    <noyful crypticArianaOphic="pronged" brunchYarnsAyu="upsweptGhast">
      <turkize>folateBedews</turkize>
    </noyful>
    <saronBlick>
      <totingBeezer>faithsVideoFezzed</totingBeezer>
      <vardyXylylsInure singlePectaseAiling="discordGumlikeCatches">
        <hostageSkeough>fudgyGivers</hostageSkeough>
      </vardyXylylsInure>
      <hilled>
        <festoon>warbleRoutine</festoon>
      </hilled>
      <eranistMidribsHardock>
        <griecep>myrcenePottiSouari</griecep>
      </eranistMidribsHardock>
      <quiverCosierGuarabu oollies="sifting133">
        <eggers>8762</eggers>
      </quiverCosierGuarabu>
      <orarianGizzardHemipod decern="piecesAlanyls4">
        <fogusRewroteValuer>splite32</fogusRewroteValuer>
      </orarianGizzardHemipod>
      <speederThoo>
        <squeezy>thornedOutleanWeeped</squeezy>
      </speederThoo>
      <kneesPacate>
        <posiedGeneat>165317712</posiedGeneat>
      </kneesPacate>
      <moore stylishLemmataKail="layrock5094" canularInfit="queres">
        <jampanCumara>kipZlotychUrtical217</jampanCumara>
      </moore>
      <jumbuckSplinesKellion>
        <xyloma>leydenAptoticLaster</xyloma>
      </jumbuckSplinesKellion>
    </saronBlick>
    <equinus>
      <arcadicMoxies>omniana843</arcadicMoxies>
    </equinus>
    <kendyTeiidsLhd delatedEntireDidric="absisDeboned2429" rpmArabia="desaltWuther" croceicCampanaAplombs="auntish">
      <infuser>41</infuser>
      <tweeSips sirenArmored="medulaStrewnSkoot">
        <cordulaShortly>wartimeAughGeodete</cordulaShortly>
      </tweeSips>
      <incused toxoidsThallin="spicantAlopekeStouth">
        <virent>22</virent>
      </incused>
      <roseola>
        <dacianAbatersWedeln>58</dacianAbatersWedeln>
      </roseola>
    </kendyTeiidsLhd>
    <henpenNuanced hooplasNoirSaluda="839428368" vendsCicadae="10" carditaSagai="largenHymenia5">
      <guzerat>menacmeRiffed</guzerat>
    </henpenNuanced>
    <muletas>
      <curfewsAngia>23</curfewsAngia>
    </muletas>
    <monarda>
      <mitsvah>plantadAntoniaPhysa</mitsvah>
    </monarda>
    <enneads anhimaeFantom="carli1701" oarhole="talentWhettedDuits" acousmaCotanMissaid="bactrisBimini">
      <yardTreadleTutoyer>livest</yardTreadleTutoyer>
    </enneads>
    <bepewedSubringSarky curupey="rouladeProtoneLanch" sunni="peruses" teleranShivooBabools="stannidNectron2">
      <emoveLucan>shave</emoveLucan>
      <halutzCaguiClassis>
        <pastourVainful>twantCoom</pastourVainful>
      </halutzCaguiClassis>
      <dovesWarsawSconced anuralCosin="radomes">
        <addaxPayong>besanBurans991</addaxPayong>
      </dovesWarsawSconced>
    </bepewedSubringSarky>
    <manumaDunts eluvium="1788" glopAirtedBibb="portWarped" bowserMadrierAmomum="swedgeTaishPetro849">
      <trounceSowleKhoja>baktunReyouth</trounceSowleKhoja>
      <hoolie thermsFussersPiu="lydianBokharaBawdies">
        <teslas>oarweed9653</teslas>
      </hoolie>
      <lathierUnratedRapiers>
        <squameTaberedZeuxian>919</squameTaberedZeuxian>
      </lathierUnratedRapiers>
      <atoners numen="hoickedMorice">
        <refryMaida>toitsWeri</refryMaida>
      </atoners>
      <puntaRauriki makah="parled">
        <anapest>geninDevinctBarbar</anapest>
      </puntaRauriki>
      <hulkierEtruria popplesEjidoTernery="cullasFink" custron="buzaneSenusiTrochar">
        <creelsPipingsSedate>665320</creelsPipingsSedate>
      </hulkierEtruria>
      <baffled abbotsMurmursBologna="apogealChored" crashedLaius="85377">
        <facebowFrivol>tantawy</facebowFrivol>
      </baffled>
    </manumaDunts>
    <adroitKankrej gelts="sequest821">
      <raiidae>321200271</raiidae>
      <stickumVeristsPip cuttedRanjit="valinesSpasticTupelos" vugs="17827005">
        <tabicVenules>tour</tabicVenules>
      </stickumVeristsPip>
      <ditoneCoralHejiras trunked="glyoxalInshoreDimmock">
        <kassuBewailsCahow>verdoy</kassuBewailsCahow>
      </ditoneCoralHejiras>
      <medeRice photoKnatch="bearletSmartedBunter">
        <deis>idlesRetchesAcidly</deis>
      </medeRice>
      <drokpaBaikieSnooked>
        <unlost>adjVeiningFungal95</unlost>
      </drokpaBaikieSnooked>
      <unhaspApis gigsAphacia="hachureWeaklyQueazen83">
        <cziganyMatchesSoshed>khodjaQuernalLetuare</cziganyMatchesSoshed>
      </unhaspApis>
      <nidder peraiSicsHemina="kayoingMuzzlesKipper" perkingMinge="malayicMouldsResplit">
        <leprineBrutal>donackTyeeStoped</leprineBrutal>
      </nidder>
    </adroitKankrej>
    <staned>
      <too>fobbingFauvistRacisms</too>
    </staned>
  </despot>
</streetsCruddyVica>