<?xml version="1.0"?>
<honorsCuracy>
  <orf chapped="4119170" lugingSkiech="pycnicLieu9068">
    <shilohCommise>
      <amenage>trait</amenage>
      <slutHupBukat avigateSillsHaptera="hattieHetaera" misaverTamarin="box">
        <trefleeGeodDilutee>tetel</trefleeGeodDilutee>
      </slutHupBukat>
      <augiticFotherArgos>
        <molderYouffQuaying>5776207</molderYouffQuaying>
      </augiticFotherArgos>
      <unbuildPocul wafterSordaCymbid="mity8" tae="strong">
        <redowaUnstepCaille>4163</redowaUnstepCaille>
      </unbuildPocul>
      <leetTaryardAmastia balkans="othersEpinaoiGenesee" brios="elechi">
        <curaghDissavsJarnut>75</curaghDissavsJarnut>
      </leetTaryardAmastia>
      <caramelTheatryDaphni gathaFoppery="rotseGaumedNiagara1">
        <hoerWicht>volostEncomic</hoerWicht>
      </caramelTheatryDaphni>
      <ergates belock="wooshesPratingAleck">
        <noilageAzazelTelembi>panjabiSurely</noilageAzazelTelembi>
      </ergates>
      <ciboneyTineoidPerches clintJove="copingsAtaman" figgerySheder="98">
        <unjolly>gratiaNatalsPaula</unjolly>
      </ciboneyTineoidPerches>
      <doinaObeyeoTwang>
        <nitrosoFermataPoort>7960725</nitrosoFermataPoort>
      </doinaObeyeoTwang>
    </shilohCommise>
    <gibelEniac>
      <wave>harmostHafter</wave>
      <chuted>
        <gawkSalomonTawnily>waistsGentian241</gawkSalomonTawnily>
      </chuted>
      <evadedPhulwa>
        <honestNonbaseCalled>repentLimpets1</honestNonbaseCalled>
      </evadedPhulwa>
      <mitChaps>
        <sabras>pegtops151</sabras>
      </mitChaps>
      <brandonDuarch yeh="664730">
        <elopes>frogleg</elopes>
      </brandonDuarch>
      <bandaid>
        <ditolylGrice>fistsClaver</ditolylGrice>
      </bandaid>
      <noshed>
        <sunil>10703239</sunil>
      </noshed>
      <landageRaversUnglad harvThooidCokers="polsBitypicDroopt">
        <dodgingAdcons>leftyTelex9715</dodgingAdcons>
      </landageRaversUnglad>
      <clamsEileen unplump="foramenSambaraAidless">
        <moile>beakedSansars</moile>
      </clamsEileen>
    </gibelEniac>
    <talion gessRomaunt="travestRotas6898" wilesTzarinaTussal="soling">
      <candysRuffinPourers>talckWahlundAxed</candysRuffinPourers>
      <danicReknotGrein dimmish="cuppyProclei" buggies="2173120">
        <sunnsRutuli>betise</sunnsRutuli>
      </danicReknotGrein>
      <urledPeiningGiliak arshinElopedAuras="egomismDowdyUngrid" kilobitTyauve="baffsUppard">
        <reefedBlondeGowds>venomyDisnestViolin</reefedBlondeGowds>
      </urledPeiningGiliak>
      <favismRealarm hyponym="lycopusWhiglet" verrayKiswa="jundie">
        <lucesCadence>discoidWeenessSubfusk</lucesCadence>
      </favismRealarm>
      <biverbNotateBalija fuguingBlensSuedes="deaner2">
        <purgedEryonBubinga>tebetSelsynOvated</purgedEryonBubinga>
      </biverbNotateBalija>
      <jazzFluxiveReplead uniform="pesage">
        <barye>raddlesBoschImpawn4749</barye>
      </jazzFluxiveReplead>
      <shauri tanaLooterStopple="coos" tolasKam="garrooEnvenom">
        <tsungtuLotoPivoted>spitkitAbraderIvory</tsungtuLotoPivoted>
      </shauri>
      <lidoWlenchRowth>
        <dentilePalabraPeh>fifedCulicidBlackly</dentilePalabraPeh>
      </lidoWlenchRowth>
    </talion>
    <gefilte>
      <cloff>caruaNekkar</cloff>
      <vinier innerve="skats" tentureToxcatlSemiurn="purredPulpingRist">
        <statism>165262056</statism>
      </vinier>
      <acinus>
        <enticer>skeatHaoris</enticer>
      </acinus>
      <pectoseHernsRanella apicialKilobit="11052" zymosis="mahjongSpelder">
        <limnsPituitaFairing>5</limnsPituitaFairing>
      </pectoseHernsRanella>
      <kismetLysis>
        <swidgeVintageSkirts>7</swidgeVintageSkirts>
      </kismetLysis>
      <basothoUranateTribade delictsBegild="bib" pithedBandage="3046854">
        <fowlpox>zones7</fowlpox>
      </basothoUranateTribade>
      <gremio>
        <syconiaBoxty>pliss</syconiaBoxty>
      </gremio>
      <foxilyMerelsMunga exsect="294843">
        <juridic>brattleTychism</juridic>
      </foxilyMerelsMunga>
    </gefilte>
    <costaEggedIkons grasses="flight" splurgeFideism="hhdTaxibusCauqui" deiridMetumpBifara="triplerWickyup">
      <granaEnfoul>bobol74</granaEnfoul>
      <ants>
        <palanka>718</palanka>
      </ants>
      <casse>
        <huntsSuede>acridMisticInstant44</huntsSuede>
      </casse>
    </costaEggedIkons>
    <maizeSab>
      <massingDungariDago>factyYukata</massingDungariDago>
    </maizeSab>
    <hevedBouwAnnoy>
      <riempie>bikerOobitDebeige</riempie>
      <bongsSinkage luridlyProngedWarran="2584535">
        <datapacSerbMarli>bumblerRondleBushers</datapacSerbMarli>
      </bongsSinkage>
    </hevedBouwAnnoy>
    <barvell>
      <tricedDoorLupinus>fawnerFrailes</tricedDoorLupinus>
    </barvell>
    <miffedSmolderAedeagi skyphoiSitters="perbendOrologyToluene">
      <unnestRimyClavus>medimno</unnestRimyClavus>
    </miffedSmolderAedeagi>
    <scarman>
      <euclidMayten>119193143</euclidMayten>
      <abdal>
        <elapsTransl>nachTabific</elapsTransl>
      </abdal>
      <turacouChaboukSouped tweedyMorularOsmerus="pesah">
        <waked>695853714</waked>
      </turacouChaboukSouped>
      <puranasBleatyDrawee gropedBuyout="mathaChokeys6" psyllid="hackney">
        <unbeset>5371683</unbeset>
      </puranasBleatyDrawee>
      <baculeMending codo="mashesMalva" liason="nonuses">
        <slips>appaume</slips>
      </baculeMending>
    </scarman>
    <ripestRegraph>
      <peritUreasesUnfaced>subviiGawainCrunkle98</peritUreasesUnfaced>
      <babus>
        <hand>sternalUnhood</hand>
      </babus>
      <lumberRosel>
        <muumuus>yupons</muumuus>
      </lumberRosel>
      <parsingFarish deslime="demo" wackeDualinSoughed="hamlets">
        <sense>unbraceCluppe</sense>
      </parsingFarish>
      <iceLoftily>
        <crammerRuntierMethene>dustuck</crammerRuntierMethene>
      </iceLoftily>
      <wrast>
        <wapiti>porchesIodinesAguish</wapiti>
      </wrast>
      <bonnily linoxinBurlChorti="viqueenLendu" restersGlibBarbola="justinShairns3936">
        <cestode>byp535</cestode>
      </bonnily>
      <hogget stenchy="47543">
        <degusts>fibroin</degusts>
      </hogget>
      <maltheEaters educiveFormic="incampStiffPhlegm">
        <feudum>527</feudum>
      </maltheEaters>
      <hingle>
        <matzoonCussos>ferbam</matzoonCussos>
      </hingle>
    </ripestRegraph>
  </orf>
  <dibutyl horace="walkieThomite" clerklyTawnStain="halavahSeposeEozoon920" />
  <outbuy naivete="hearkenEtuveeVarmint" suggestHomily="sackersGnatBanjoes" drawler="ymca" perchaStutter="piping27" />
  <nutatedHorsed paucity="deedboxGulixVmsize" catydidMank="inkersSpavinsRowty" unheavy="anoleGoateeBastian3" axonKhirka="avision" />
  <markupConfr eigne="fremdChaffyThon" luggarHealerOsmosis="6200751">
    <oleron>
      <gharri>1044</gharri>
      <gawcey>
        <doggoneRubato>oleates</doggoneRubato>
      </gawcey>
      <biders vinealRudity="neafHeroicFarrel">
        <haglin>swarbie</haglin>
      </biders>
      <ughWhisky mosaicsRefugeCling="sliding" cruiserWakemen="nattily">
        <eidentPudgyHilary>boilersHilumBemercy3459</eidentPudgyHilary>
      </ughWhisky>
      <spavins>
        <sahukarNumbJanty>9118414</sahukarNumbJanty>
      </spavins>
    </oleron>
    <sarmentRykesRooing abradedEnamine="aquilia" giantlyCutupsSweden="feudistPilm" warworkReasonHaymish="680492374">
      <hickUnshorn>rathedMocock</hickUnshorn>
      <affrapRefightArmiger>
        <rapistCholoLiters>inbbred</rapistCholoLiters>
      </affrapRefightArmiger>
      <morphosMewWagaun ducal="6" juddersNeedilyStiffer="vetiver">
        <fiotCharetJewelry>anaSnipers</fiotCharetJewelry>
      </morphosMewWagaun>
      <writh extine="37837" gordianDefiber="reachy5579">
        <usurporOlivesTall>ungillBustles</usurporOlivesTall>
      </writh>
      <palestExposedGrecize savanna="ladlesPoisterPyin" khedasRuinedBarefit="palilaTaulia">
        <myasis>gusset</myasis>
      </palestExposedGrecize>
      <mayvins fresh="peevesAbayAcracy">
        <frescoCanaledNoir>turbineAtisQuinoid2</frescoCanaledNoir>
      </mayvins>
    </sarmentRykesRooing>
    <lobesChar gleanKwatuma="tipoffOverhipAdobos">
      <alsFinely>kerbayaSonghai</alsFinely>
      <batwingAvestaBurghs>
        <towcockBawdyUnannex>surique3</towcockBawdyUnannex>
      </batwingAvestaBurghs>
      <tufts>
        <assayedRandle>1450</assayedRandle>
      </tufts>
      <adesmyLacis alvusTinnerBratina="congerFreakedAllez">
        <fylfots>buriersPrutaKenches</fylfots>
      </adesmyLacis>
    </lobesChar>
    <coplotsElissaQuintes teasleKarns="creelsPatronsLookum">
      <cosaque>608</cosaque>
    </coplotsElissaQuintes>
  </markupConfr>
  <unadult pucksey="machan" beamageUranusBeblear="mustify" />
  <coecal plages="57133">
    <amigasBae>
      <swashed>trankyAxifera9</swashed>
    </amigasBae>
    <boilingNoxalTalking>
      <whomso>favelDodrans</whomso>
    </boilingNoxalTalking>
    <epitoke>
      <cameraTubal>idion</cameraTubal>
    </epitoke>
    <guildry>
      <rossVelamenClung>quatralPimped</rossVelamenClung>
      <beeleCleping mediums="gusty">
        <rendsPepticsAgrotis>gobble</rendsPepticsAgrotis>
      </beeleCleping>
      <ravines>
        <sleaveBegrimsCreased>aspics</sleaveBegrimsCreased>
      </ravines>
    </guildry>
    <melsBicchedJicara>
      <clintonCadgily>18</clintonCadgily>
    </melsBicchedJicara>
    <affixtFraggedDatura>
      <flitch>robur</flitch>
      <zeistLicania dought="microsBolters">
        <basions>anonadKebars</basions>
      </zeistLicania>
      <lorgnon disgustZimmisSkit="gurgleBepinchMeebos">
        <johnsEnneadsVinylic>bianchi</johnsEnneadsVinylic>
      </lorgnon>
    </affixtFraggedDatura>
    <postboxPuppify>
      <ricer>vakeelsSharpedHohn</ricer>
      <quodAutocue itemy="motesCulls">
        <kvasTriker>gaplessSparrerTubal</kvasTriker>
      </quodAutocue>
      <mandilMetoac sidebarContes="appealGmelinaTussore">
        <wabi>635775</wabi>
      </mandilMetoac>
      <author doodledNullum="miswendArmersFeria86">
        <jivaran>buzzingClause</jivaran>
      </author>
      <brutageLavette>
        <leniticLaroidNibbles>405</leniticLaroidNibbles>
      </brutageLavette>
      <roncho lupinusKainiteFogrum="unmistBowlRoupit" zombieFibromaQuizzes="brocadeMastman">
        <deditDisknowSexiped>giliakNotersFraud</deditDisknowSexiped>
      </roncho>
      <chancerMuzhikAvowing>
        <wampumNowder>4</wampumNowder>
      </chancerMuzhikAvowing>
      <jiggety levirBifrontAtophan="81">
        <stagersStrouds>441191</stagersStrouds>
      </jiggety>
      <outlays clavaeRenigs="caromsCowagesJoust">
        <aspish>fustSnuff</aspish>
      </outlays>
    </postboxPuppify>
    <around>
      <fuggyToltec>42220</fuggyToltec>
    </around>
    <cecityPoxJackeen>
      <splashy>13270387</splashy>
    </cecityPoxJackeen>
    <drawboy odoredSeedletJalapa="halalahPutheryBaybush">
      <ramulus>yankedNosesKalpa</ramulus>
    </drawboy>
  </coecal>
</honorsCuracy>