<?xml version="1.0"?>
<eimeriaWadgeMallard>
  <dobbed />
  <gifture gobbing="flitedBaillieTorsk2">
    <czech>
      <tamil>294</tamil>
      <bulkMildewsClaval>
        <crampsEelback>damsel9</crampsEelback>
      </bulkMildewsClaval>
      <madafuLochlin>
        <pelages>dassiesJeopard</pelages>
      </madafuLochlin>
      <bismer>
        <cruder>friese</cruder>
      </bismer>
      <armfuls>
        <peakerSapota>tarish8424</peakerSapota>
      </armfuls>
      <fullest anilityAcarus="assists">
        <balderDiglots>outhearGelableMobs9409</balderDiglots>
      </fullest>
      <ospermNutpickShortie balebosRoups="trommelJibmanSubtask" roxannePipiriInagile="barmier">
        <parados>71892528</parados>
      </ospermNutpickShortie>
      <nazir coronelSkilderHurlies="73">
        <sedgierHooven>332349</sedgierHooven>
      </nazir>
    </czech>
    <avoure>
      <suckenPellockNomos>sabinoRiotistUplong</suckenPellockNomos>
      <bitumedOutsing gundyBelliesGambols="iatric">
        <adventsPewterTimet>lanugoFewerPencil</adventsPewterTimet>
      </bitumedOutsing>
      <durra cashawsCellistCareful="formantAestureOpianyl" platyAldolRidings="purineExtacieYasmaks">
        <gimped>dancySlidersHipline</gimped>
      </durra>
      <adopterCraves>
        <reichErgotic>snouted1569</reichErgotic>
      </adopterCraves>
      <fattenManjeetWiddle>
        <gnome>bundistInns</gnome>
      </fattenManjeetWiddle>
      <saucersNedderLahuli>
        <anatiraHarst>4490750</anatiraHarst>
      </saucersNedderLahuli>
      <demistCarolGujrati obtend="ketubahShreeveGnat9" breamsNutateSirocco="admiralTenuateUngated">
        <asiarchJarnutDasyure>3901</asiarchJarnutDasyure>
      </demistCarolGujrati>
      <babiche>
        <czarismPersioOptably>alaninsSextar</czarismPersioOptably>
      </babiche>
    </avoure>
    <unknewKopEyers>
      <mbundaValance>iguanasJaguarsLobelia597</mbundaValance>
    </unknewKopEyers>
    <deisMoraine>
      <penochi>sowcarsCalcateAsherim</penochi>
      <josephaHemodia>
        <stumblyAudad>barbing</stumblyAudad>
      </josephaHemodia>
      <flashetRacon stouryAutoingCentage="molas">
        <rytinaIsogamy>ratoZeroed75</rytinaIsogamy>
      </flashetRacon>
      <cholTuchit dacusGunky="illishNonwarRehead" abeam="rimfire">
        <gaunt>8</gaunt>
      </cholTuchit>
      <fermalShadkan>
        <scyphoiInfall>herself</scyphoiInfall>
      </fermalShadkan>
      <skaldLarickVrille cupping="885247865" aefauldGunrack="183">
        <rattageSlackerTua>1</rattageSlackerTua>
      </skaldLarickVrille>
      <thornyRemovesOtary ressala="unslainIdlyMopey">
        <beardyDihaloAnakes>reboltWaughtSagas</beardyDihaloAnakes>
      </thornyRemovesOtary>
      <motonFiestas treasGanamFlavia="touraco19" glashanOncotic="tabefyRibTallero">
        <vomitoTaysaam>liters</vomitoTaysaam>
      </motonFiestas>
      <clashyConfabs reluce="fultzZaptieh" gases="manlet40">
        <salvorUnclot>curacaoUrena</salvorUnclot>
      </clashyConfabs>
      <wraitlyStamps belongFoetalJoggles="9181">
        <frothedOwdUnhitch>manehMamma</frothedOwdUnhitch>
      </wraitlyStamps>
    </deisMoraine>
    <isatinsRandellSwag arrowsRefeteKookie="pommeAssortsBedeaf" reearnUpward="amidate5346" hnyMilvus="inditerBrindedSubaud576">
      <lupin>ilysia</lupin>
    </isatinsRandellSwag>
    <poetsKodoguBhil cooptedFoothotAlmique="turkleCutlet">
      <mustsUsneas>slayerRusksAchiote</mustsUsneas>
    </poetsKodoguBhil>
    <anaxonSpirant reuseSymbiotWakeman="395">
      <operlaMulled>lustingDisegnoKnarle</operlaMulled>
    </anaxonSpirant>
    <cubebWanly>
      <lcdLeaser>89430</lcdLeaser>
    </cubebWanly>
    <ziraiCornersShally>
      <felterFlavidSalema>subduerCombite</felterFlavidSalema>
    </ziraiCornersShally>
    <noctuae>
      <science>564153457</science>
      <omnianaNealChymify conineWather="aggie286" tatuasuCymousSprags="loyn">
        <varech>6033156</varech>
      </omnianaNealChymify>
    </noctuae>
    <retoolMusca shaderApolloPoggies="idiomsVenetes" hithe="maconneSorbedFigging">
      <disally>effetSylvins</disally>
    </retoolMusca>
    <guineasTaruma upsealEyra="spacesReekyDaised">
      <overlowCraven>pileAruspex</overlowCraven>
      <stalelyGranose>
        <unnoisyLobelin>shraveyStonen</unnoisyLobelin>
      </stalelyGranose>
      <blypesRefilesPadrona restsTarri="ghrushRepealPoppied" dealtAcoela="doerMangersFotui">
        <naywordFitting>poxes</naywordFitting>
      </blypesRefilesPadrona>
      <cavePycheEsca apassTaen="idlersCanticEspy" onlyBeatnik="murrahDegreedStoreys">
        <prinkGalahad>utterPithes1795</prinkGalahad>
      </cavePycheEsca>
      <juncoesOdontic attacks="7782" bewrayHopbine="moellonGeicTypist46">
        <slaversReannoy>cicoreeDabbles</slaversReannoy>
      </juncoesOdontic>
      <heists cobbierHaemoid="whamAmildarFilmdom">
        <calcarKyriosResurge>favours</calcarKyriosResurge>
      </heists>
      <azhaScaresUnakin>
        <canuckFustinCoween>repsPardee</canuckFustinCoween>
      </azhaScaresUnakin>
      <hid>
        <flippedMho>primsie</flippedMho>
      </hid>
      <seggarPoister sirocKogiaEaser="phantic603" hydrous="584843">
        <howelOpalizeKileh>pitiersScythed</howelOpalizeKileh>
      </seggarPoister>
    </guineasTaruma>
  </gifture>
  <gabletBoomdas dynodesIcbm="ottar" clacker="88580639">
    <worrit>
      <amulaeCycasesReveals>2318</amulaeCycasesReveals>
      <retiledBucolic schuss="sniffs5543" yunOcciput="7076">
        <chamm>deturDrift</chamm>
      </retiledBucolic>
      <bashersLovered>
        <shaktisPerukesTenoned>clamGriefs</shaktisPerukesTenoned>
      </bashersLovered>
      <peavie technic="knoutedReaders">
        <ucayale>slateHiramScurry</ucayale>
      </peavie>
      <bombastOfficio malduck="keepersAwfullySumphy">
        <pannery>polars382</pannery>
      </bombastOfficio>
    </worrit>
    <malope>
      <smoogeStid>85311845</smoogeStid>
      <amuyonRandirTala immunolScrimpyPleonic="trepan6836" tubmanWurley="peritePisachaBoggier">
        <brithLoggish>6885</brithLoggish>
      </amuyonRandirTala>
      <sclaterMeatus>
        <deadsMondain>unepic</deadsMondain>
      </sclaterMeatus>
      <coghleYawnerSereno>
        <nenesTankleBiotins>adobesUplakeNowther</nenesTankleBiotins>
      </coghleYawnerSereno>
    </malope>
    <jannockPeeweepLance lollop="sawflomStacc" terretBrawns="muntz">
      <dkgMysian>seqed7888</dkgMysian>
      <flimp oxeoteHaddie="sunniahPorail">
        <sewersLewannaMishmee>bibliog</sewersLewannaMishmee>
      </flimp>
      <piuteAluminaIkat sequel="pacasHolistsLeporid" lusoryArabinChock="wawsDovecot">
        <lassockBogueAltar>sangInditer</lassockBogueAltar>
      </piuteAluminaIkat>
      <deratTopingTsades hodsPeppingArriero="tusayanAioli" aetat="bourgs">
        <maugisSnowmen>1597480</maugisSnowmen>
      </deratTopingTsades>
      <skedge machinaEndjunk="calycesAefald">
        <chewyRives>matinalTurtletBemuses</chewyRives>
      </skedge>
      <taloseCunyePumices>
        <alleyed>304</alleyed>
      </taloseCunyePumices>
    </jannockPeeweepLance>
    <mksBwana>
      <babianaWantsOozily>weaningMudee</babianaWantsOozily>
    </mksBwana>
    <kero>
      <trimmedDuodene>licheeSigla9927</trimmedDuodene>
    </kero>
    <warmthsWifedLimma blungerHaskard="athelPorpita" candles="fistedPoppetSunrise" essedeEkronFillet="secretFld">
      <putdownPompeiiFile>belleFlagman</putdownPompeiiFile>
      <zimmi bargeLoto="psoaticBouser">
        <gyricTabued>tragion</gyricTabued>
      </zimmi>
      <gypsum gittith="euaster">
        <schistsArgolic>3</schistsArgolic>
      </gypsum>
      <wheepsRainilyGlacial loofah="genl">
        <cuds>maggot</cuds>
      </wheepsRainilyGlacial>
      <sansiCubits>
        <dure>termine</dure>
      </sansiCubits>
      <salolMarillaCoachy>
        <bettyBrazer>52222390</bettyBrazer>
      </salolMarillaCoachy>
      <wry acetine="sterinUnspicyAnimis">
        <stroup>normansBaized95</stroup>
      </wry>
    </warmthsWifedLimma>
    <razeesRastled>
      <inger>sedansChurn214</inger>
    </razeesRastled>
    <burrowsOrpine pronotaBadder="asexualJestful" upstartExhumes="truthsUndure">
      <fortierFreres>halites</fortierFreres>
    </burrowsOrpine>
  </gabletBoomdas>
  <tofterCoofsSpirous scrotal="ungrowFigure2266" hudSaluterLeviner="65297874" uitotanLear="siper" sturdyCoadore="proteicBualSummas" />
  <tobineDuchies pawedDubVifda="bowieGulch428" lyn="6734457" />
  <tastySidleVii denotedMelamed="acroaBudgers419" malthe="lich" forhale="uragoga" alexiaFoisons="retchMasserSanity" />
  <troggerBlawsTropyl courtsCytulaFratchy="snoops" andingWauchtHarkee="forbearCorvina82" knownPhialae="frangerTyrant" exerceMatzohs="jarbird" />
  <becket tribal="murryBebopsSanify1">
    <herrSetting>
      <biancoJonval>megmhoClews2</biancoJonval>
      <paenulaDisceptCottus oboe="cirsoid" penial="tryt">
        <talloelSquadSidder>chandi</talloelSquadSidder>
      </paenulaDisceptCottus>
      <lampionArtwareOleins exclude="freemanYarkee">
        <assisDonate>63299</assisDonate>
      </lampionArtwareOleins>
      <hurriedTarnal encinaEnajimAnorn="zimmi" fustierLeonid="mallei99">
        <yashtHippia>630</yashtHippia>
      </hurriedTarnal>
    </herrSetting>
  </becket>
  <yoginCertifyCraal hyaenidYodles="4776361" similor="jockeyManicsPeorian" churl="sunroseNavel" />
</eimeriaWadgeMallard>