<?xml version="1.0"?>
<sothoHagglerRim>
  <levantoUnchoke bollardUveiticFilter="mocked" bestuurBummeryPippen="abodesCrybaby90" soryFoliousTolu="gluemanBoaters" reviledLyrics="onaggriAptera">
    <tegmina ironizeFicesBokard="holdupPlumula" harvPyoid="ruinousFaitorBriny" latterFoldsNooning="fouett">
      <clautBosquesDeform>180739051</clautBosquesDeform>
    </tegmina>
    <dipping>
      <loudensDoyliesAdvises>abtRinksRomaean</loudensDoyliesAdvises>
    </dipping>
    <copyboyLobolosBagani cupolarKritonDulcose="shriekyKapelle">
      <monomya>femJingledEyecup</monomya>
      <bilimbiAirflowYoghs muktar="andevo" urling="carum91">
        <fleeing>legion</fleeing>
      </bilimbiAirflowYoghs>
      <threwOutdoesParale hamateUrtica="fedayee" gilverAugerDiaxone="lispund">
        <redound>2967</redound>
      </threwOutdoesParale>
      <oxyaena prefab="pulicid">
        <haterEmpair>taxy</haterEmpair>
      </oxyaena>
      <alloquy mapuche="pavisseCagemanPagans">
        <totalAzide>hertzes</totalAzide>
      </alloquy>
      <plateau>
        <havage>4</havage>
      </plateau>
    </copyboyLobolosBagani>
  </levantoUnchoke>
</sothoHagglerRim>