<?xml version="1.0"?>
<falla>
  <tilda duroc="andarko" />
  <sordsMangyanIncrash>
    <kernosPanaman showierSynch="flaughtKnapple69" piquedStreaksCysts="4" unguesDuelSaviors="preteenMutablyAnteal">
      <luteinsSleyNoosing>kilhig</luteinsSleyNoosing>
    </kernosPanaman>
    <kookBookfulMarish>
      <moor>plumsCoobooPints</moor>
    </kookBookfulMarish>
    <cycas hagseedMyeloma="restesBondingRifi" persianIvywortRestiad="evesHairedCaseum">
      <affix>padgeQualm</affix>
      <mondosToruli>
        <premiaPluff>trashedIta</premiaPluff>
      </mondosToruli>
    </cycas>
    <pus>
      <belord>lakersTort</belord>
    </pus>
  </sordsMangyanIncrash>
  <lulavimKefBeget>
    <baningChangs>
      <pugil>corders</pugil>
    </baningChangs>
    <subaqua lingamsInheresBatting="cierzosTended63" tubbed="zibetsMetel">
      <yabooBiggiesPyrite>tulareBanian</yabooBiggiesPyrite>
    </subaqua>
    <glutaelBlazedMinute>
      <pusher>skilled</pusher>
      <cajuputCordies leavensGigaton="ohmic">
        <nolo>840991</nolo>
      </cajuputCordies>
      <aerTannic hemlTureensGabby="chancedTisicOralogy">
        <flies>sillers</flies>
      </aerTannic>
      <hitler acroseAccueilLoaded="noance" uvres="passkeyFierte">
        <seroKingingMeetly>sporeKanaraSelfful</seroKingingMeetly>
      </hitler>
    </glutaelBlazedMinute>
    <jewy>
      <blarneyCoatisRestudy>33</blarneyCoatisRestudy>
    </jewy>
    <loon pailoloNasialJarveys="4078653" attire="414960">
      <swizzDisrayFivebar>bassi</swizzDisrayFivebar>
      <gagersHaytimeBrisks nipsThyms="191583">
        <suncke>carbyEpilobe</suncke>
      </gagersHaytimeBrisks>
      <tiletteInfulaeShrike>
        <illiticMarital>4</illiticMarital>
      </tiletteInfulaeShrike>
      <ascon styloZaxesWherves="6744" isobarSaidsBarani="cantonsUpeygan">
        <crier>shaderBuggierGraip</crier>
      </ascon>
      <darters acracyBecroak="brumalMiswed">
        <badeSufflueInjoint>pompalStars828</badeSufflueInjoint>
      </darters>
      <bepressPalaverEnfelon>
        <bantu>omeletOverestHuitre</bantu>
      </bepressPalaverEnfelon>
    </loon>
    <wrangle>
      <rentageSenses>dozesUnbung</rentageSenses>
    </wrangle>
  </lulavimKefBeget>
  <tausFunli kidnapBedaubsSpare="6512" rhumb="ousterPeloric" homrai="mestiza" />
  <warship>
    <cunea>
      <hapliteUbietyDisced>uttererPoddishUser</hapliteUbietyDisced>
      <gerlandTaluses celotexSanta="lemnianElegize" tgtVertexDeleads="ruglikeDaseweEgall">
        <cluingUnsunkHeavier>quilted</cluingUnsunkHeavier>
      </gerlandTaluses>
      <dargGhazies>
        <loammiBited>523671</loammiBited>
      </dargGhazies>
      <retortBoca isawa="isoporTripodyAorist183" crcaoPamPylic="cabbler">
        <canelaIndoorsSunstay>camusExp</canelaIndoorsSunstay>
      </retortBoca>
      <bastard cunInnardsBedolt="crampsCrzetteArri">
        <werecatJazzes>babs38</werecatJazzes>
      </bastard>
      <shovedApiolTropist nookiesStreak="inkishNaukrarWyle" boardsAntirunTash="crusherOutrow">
        <tradalBrimlyMacabi>kallegeGiles</tradalBrimlyMacabi>
      </shovedApiolTropist>
      <pepsi>
        <yankees>anormal</yankees>
      </pepsi>
    </cunea>
    <enjoyer>
      <uncrestRegimeTaissle>clanksLowance</uncrestRegimeTaissle>
      <eloign temenos="geryonGrecqueHerne" cwrite="ospreyItemiseAwaiter">
        <gelated>evenestSjomil</gelated>
      </eloign>
      <umauaHighlyHounce tawdryPrivetsFatted="aphtha" tamineTellsBoffin="umphMaculeMizzles">
        <redhead>fitchetKoshare</redhead>
      </umauaHighlyHounce>
      <skelperNeth>
        <withed>its</withed>
      </skelperNeth>
    </enjoyer>
    <dzo disker="leach95" fianceeVougeotLowbred="savDewlapBlended16">
      <bawlersSowarry>zinoberPaviesZygite</bawlersSowarry>
    </dzo>
    <aguajiKae>
      <hens>colob</hens>
      <ammeterBirlinnThuban>
        <aweingUnpuredBawble>reagreeSteanSidebox38</aweingUnpuredBawble>
      </ammeterBirlinnThuban>
      <robbers bandosDjelab="yelpsStudysHommock">
        <lobolo>ferioWisking</lobolo>
      </robbers>
      <talentTanha doesnTouterVacatur="gampsTanghamDames">
        <paalLinelet>douched</paalLinelet>
      </talentTanha>
      <overlie pantle="theelinRoughenCrude">
        <glowflyWindows>6</glowflyWindows>
      </overlie>
      <tufter doorman="embedsEpicalMashlum" hurley="carbide33">
        <zilchesRung>dato</zilchesRung>
      </tufter>
    </aguajiKae>
    <kevanRevers>
      <dusteeDummel>throedAvgHaste</dusteeDummel>
    </kevanRevers>
    <glopSilos>
      <basilMaziest>1885371</basilMaziest>
    </glopSilos>
  </warship>
  <repLeelang zeta="lunettePanaka11" fredAgmasLammie="bredesLuniest36" />
  <dockedCharge siftingLifeyMyra="unhayedPetaled" norelinStipe="whammed">
    <peepEndiveDirgie merkin="wagged" gladierDhan="epeusClaytonArcual">
      <adulter>83516170</adulter>
    </peepEndiveDirgie>
    <timable>
      <izumiSarsiKiddos>64014</izumiSarsiKiddos>
      <barryScruffy toad="slokenAwnings" planersRifling="caldenFeesTwiers">
        <invitee>kylinCivy</invitee>
      </barryScruffy>
      <lambda khansNullismPearler="59129">
        <crawsPerfumePardahs>crampsGadgetsTangles</crawsPerfumePardahs>
      </lambda>
      <forciveCogent ungreatDowsKylies="precipe">
        <cothe>argil</cothe>
      </forciveCogent>
      <rustful>
        <cagefulPunting>grots</cagefulPunting>
      </rustful>
      <randingOutswum rabific="42363" fundersAclinalNritta="vrbaite">
        <risala>nomapGoffers9</risala>
      </randingOutswum>
      <squegsGagersCapella ventinOutgnaw="89416539" kotowerSporous="sutuSavvies">
        <doneesQueliteRejerk>batongaWhalp</doneesQueliteRejerk>
      </squegsGagersCapella>
      <lealtyGernitz>
        <whilterJodelCraws>sailors76</whilterJodelCraws>
      </lealtyGernitz>
      <mixe investsPanelsConfer="khalsahTapalosWhishes" sapota="19457394">
        <consolsWambaisGrads>frypanGaminesPirogen1</consolsWambaisGrads>
      </mixe>
    </timable>
    <diploes slaggerFesters="typhoid">
      <fazedIncestPeru>745</fazedIncestPeru>
    </diploes>
  </dockedCharge>
  <nona enthealFriedaVilli="lawsuitDuroyPredoom57" anselmStereos="divortMatrace" />
</falla>