<?xml version="1.0"?>
<dirge>
  <punanSkootNeedles>
    <atisDoxieBencite wefty="canelSmokierMag308" chequinTuri="glycolFumer">
      <agismsWoorali>junglesWragglePrithee232</agismsWoorali>
      <feltingGentiin siouxKrelos="692">
        <hamaul>bihai</hamaul>
      </feltingGentiin>
      <luxeStonier>
        <waster>3787</waster>
      </luxeStonier>
      <pituite britt="1">
        <succinWorks>caviledClame</succinWorks>
      </pituite>
      <bazoo>
        <sissies>laramieRaped</sissies>
      </bazoo>
      <finchedClanger nth="774004966" lushlyBolagMilty="sublet96">
        <ribaldsBanishHusband>athirstMitzvah5</ribaldsBanishHusband>
      </finchedClanger>
      <dunting>
        <outlainVisored>pearlyMaris</outlainVisored>
      </dunting>
      <acredPosterSalele wittall="tippersPenial">
        <falces>litoral</falces>
      </acredPosterSalele>
      <jingly lynchesDodletFardage="uredosArapahoNogada" weedSpliteWilbur="bawneenDassieDandles712">
        <lacersUllingShaird>achechHafts</lacersUllingShaird>
      </jingly>
      <vainlyGilaZoilist>
        <phasersMakes>bombayShames</phasersMakes>
      </vainlyGilaZoilist>
    </atisDoxieBencite>
    <chakari>
      <obital>odaTakerKilties5</obital>
      <abusiveTallied gledgeEulimaIonomer="bureauAscotVii" ossalBatteau="butaneArenga">
        <gogosUnvicar>39401046</gogosUnvicar>
      </abusiveTallied>
      <wlokaUpspeed wimblesUredium="gabbyAcerata" lithias="663424">
        <frenal>7490186</frenal>
      </wlokaUpspeed>
    </chakari>
    <starrBitches colorTheet="funis" diktatsHexyl="adrenchGarce">
      <chesselSwedgeSwarfs>paxilla</chesselSwedgeSwarfs>
    </starrBitches>
    <sociolBoccale>
      <henoticPungieJersey>basadYaffsShadows</henoticPungieJersey>
    </sociolBoccale>
    <nitrateLucrumImer>
      <lippiaDespoil>taborsLoggingCocker</lippiaDespoil>
    </nitrateLucrumImer>
    <puritanWilly>
      <niaseseDeduitTomcats>axwortBibb</niaseseDeduitTomcats>
    </puritanWilly>
    <dub>
      <sager>altaianIdeasSplit</sager>
    </dub>
    <hopliteGorbitUmpirer amraImparksQuetzal="culledWalloon" iglusMalison="arrivalSacrums">
      <izle>3011688</izle>
      <teck tintageLinwood="laggersIngenieInnuate">
        <ferriArtemon>dayfly</ferriArtemon>
      </teck>
      <uncoilJolting ayuPeelsNdoderm="kitDandie">
        <imideGeezMilks>cuppinAtmos</imideGeezMilks>
      </uncoilJolting>
    </hopliteGorbitUmpirer>
    <bewaresTori lairTonnersEnvoi="recodedEnsoul117" yawnupsStride="11430" violins="60314">
      <kurganAcetate>fumariaNumine</kurganAcetate>
    </bewaresTori>
    <skelter opticon="amaistCoraled" stalk="currie2842">
      <slaysTophous>arrieroBestoreEgad</slaysTophous>
    </skelter>
    <unsmartGrugruBindweb>
      <feckly>alod2152</feckly>
    </unsmartGrugruBindweb>
    <phacoid>
      <cullerRubblesAgons>5</cullerRubblesAgons>
    </phacoid>
    <nutletLands wigansRampish="max" waurCentrex="chakaSonoresPahmi">
      <dietineChazyPaxiuba>cequiWhsleHexanes</dietineChazyPaxiuba>
    </nutletLands>
    <fanesAwhet sodaic="earfulsWinnardBeclogs" silageDetrect="7004950" strode="typerNotaeumAstrean">
      <misobey>kbpsNoerrorHiatus42</misobey>
    </fanesAwhet>
  </punanSkootNeedles>
  <unbearsFerialTonic>
    <semiarcBeadeyeCoatees>
      <rantersWealds>endear</rantersWealds>
    </semiarcBeadeyeCoatees>
    <afieldLeekyReboil papilla="vattedStogaAchango8" danders="aldernEmbarge" nectarFerriAmsonia="souls">
      <grimy>6412</grimy>
    </afieldLeekyReboil>
    <haftersPunkishScove>
      <peises>knucks</peises>
    </haftersPunkishScove>
    <caribes idlessePhoresyAcharne="papawsCurrent" gamebagTugBottom="tapoun207" hainan="378">
      <besmileUnnailsMauvine>wintled56</besmileUnnailsMauvine>
      <walla>
        <distQuizzedDanny>paroleeBasnatEnglad</distQuizzedDanny>
      </walla>
      <khasiMiaousLolled mohabat="unvyingDrovers">
        <twireCoudee>dawtetDromoi</twireCoudee>
      </khasiMiaousLolled>
      <sprags gypsiedTallboyGobang="douma67" frutifyHoneyed="secparsSerrula">
        <acta>fantomsWorlded</acta>
      </sprags>
      <bds lingoeAdoxy="pentaTestateAnzac">
        <dusting>obese</dusting>
      </bds>
      <soffits apraxiaPutidFootpad="cise">
        <decking>nasallyBravery6</decking>
      </soffits>
      <foredid ridgier="fifersAgesSonsier" littlesTawpiesWraw="129">
        <embolumCoypusMix>lockoutPratalPredine</embolumCoypusMix>
      </foredid>
    </caribes>
    <carcer suezTirrit="5">
      <achesNettSijill>unsavor</achesNettSijill>
      <focsleLoadedIrbis nested="minus">
        <nitryl>shapingBowkerTegment</nitryl>
      </focsleLoadedIrbis>
      <etalage>
        <maccus>scotomySylvaOviger</maccus>
      </etalage>
      <mobCordon corton="leapersRudely" yardangWickerImpane="eastHuman">
        <larries>93384302</larries>
      </mobCordon>
      <rulingGaet hurrer="mazedlyValvule">
        <scalers>atokousIrisesUnsteps</scalers>
      </rulingGaet>
      <rapanea imbesel="yecchyDiddlesHilts81">
        <kynurin>jocumaSorosis</kynurin>
      </rapanea>
      <cetyl>
        <goladarHosted>urianSconcerThighs</goladarHosted>
      </cetyl>
      <probeerPhenineAgao>
        <clonalGymel>highwayScriber42</clonalGymel>
      </probeerPhenineAgao>
      <mamoty>
        <moniker>52548</moniker>
      </mamoty>
    </carcer>
    <alkalisRooty>
      <crimini>cedrinDolessPaeonin92</crimini>
    </alkalisRooty>
  </unbearsFerialTonic>
  <hidage modistBabbittGervas="almners" kitlopeRebbesMeowing="champac1764">
    <mammeaDecyl>
      <oreman>unadeptRaucitySpay</oreman>
      <impartsLynxes tentletGesticAffiant="malade" alces="smashes4">
        <joanneFilletsWedlock>northUnhued</joanneFilletsWedlock>
      </impartsLynxes>
    </mammeaDecyl>
  </hidage>
  <ignoredGlycin aphthae="choleraBarges2" gorseddArizona="karriSteedsWines" cremorJervina="hemlock502" />
  <glycyl coulage="liefMeathe" argasidPantonEmbolum="polkaedEndivesInhaul" whereasUnrightOphidia="1689" />
  <sardius outdidGladysTerai="658743" mutuelJerib="lenders3">
    <custron loglike="1004039" monarchEscaperDeevey="ackeySignor">
      <guessedAnthony>512549</guessedAnthony>
      <crescNewmownTristan>
        <rosinsJamnut>outswim</rosinsJamnut>
      </crescNewmownTristan>
    </custron>
    <unpiousSlog bunsen="34669332" musnudMatyKea="21">
      <regaledClaimsArcubos>mitzvahGalahad</regaledClaimsArcubos>
    </unpiousSlog>
    <bacchaeWinkersRectory ochnaAparai="shinglyViolousBeware" horahsPterisBrutage="devotedCrabbitVisne" mastGrazes="gimmick">
      <planury>groping</planury>
    </bacchaeWinkersRectory>
    <algosisMarshaBuy>
      <juicierTaupou>smervyInhiate</juicierTaupou>
    </algosisMarshaBuy>
    <wrathSuitorDeclare bewaterCoonier="525" hurtles="28986">
      <syncomsWaughy>oofiestGipsyryDuskier</syncomsWaughy>
    </wrathSuitorDeclare>
    <gloyIconize rabbetsGibbing="80426" wowwowsAka="crumberYearfulEdicule" griptNitred="17522668">
      <yentesPloyedMotey>kempiteColate</yentesPloyedMotey>
    </gloyIconize>
    <quoddedAlgates odso="8" outchid="ashlars1">
      <satsuma>uroceleRane</satsuma>
      <mackins sonTintaJinn="costersSarsarLoatuko">
        <climaxUnbeast>attaleh9</climaxUnbeast>
      </mackins>
      <frauenVivendiTransom cnida="31918">
        <gallaFully>humanWhitens</gallaFully>
      </frauenVivendiTransom>
      <betaine>
        <rubrify>hereoutAromasEnoint</rubrify>
      </betaine>
      <plenumsErasing>
        <mouillUnmiryCoddy>3042295</mouillUnmiryCoddy>
      </plenumsErasing>
    </quoddedAlgates>
    <egomismCherishCabomba>
      <fubbery>45429271</fubbery>
      <atypyMisrateClow heftedWattledAyre="codeias">
        <guland>6881929</guland>
      </atypyMisrateClow>
      <ungirthSycosis>
        <pirrFaintlyDells>tiledGarrupa</pirrFaintlyDells>
      </ungirthSycosis>
      <hafniaChital>
        <abraxasTypobarHashiya>16700</abraxasTypobarHashiya>
      </hafniaChital>
      <baratteChirmed>
        <kabietSwathedBingos>actaeonForthonCoax447</kabietSwathedBingos>
      </baratteChirmed>
      <fieAlatedPuisnes dohterEnsate="3" emerges="sutural">
        <glaireWavicle>81839</glaireWavicle>
      </fieAlatedPuisnes>
      <japishYerbas anywiseUpshoveDomify="fluibleKnawel">
        <tussahPorn>pavior</tussahPorn>
      </japishYerbas>
      <clausUnthick birkiesMyriare="infinOnwardCarotid" hassleCorreoCurple="58">
        <throngPaularWhap>prillsCatalog</throngPaularWhap>
      </clausUnthick>
      <bengalRebukesDais>
        <abodes>bygonesSpringe</abodes>
      </bengalRebukesDais>
    </egomismCherishCabomba>
    <calamusSubacid zagged="sciathSoftaEclogue" sykeSmaltsCitrin="medaled7">
      <cystic>clopDaybeam</cystic>
    </calamusSubacid>
    <aghas osieredBlowyTartars="outsYugaSedile">
      <kwaznku>chairsInfight</kwaznku>
      <hansa>
        <berlinaAbatisDoges>strigalHastesOrgandy4803</berlinaAbatisDoges>
      </hansa>
      <affichSoony unpegsPirrie="cheaposDingierAonian">
        <gawky>yahoo</gawky>
      </affichSoony>
      <fluemanBrumalVetoer heezieOcas="dorms4164">
        <ifreal>rafty</ifreal>
      </fluemanBrumalVetoer>
      <riftingTeabowl ronionMiladisGrumose="outhowlTweedsShe5">
        <cloves>leucine19</cloves>
      </riftingTeabowl>
    </aghas>
    <ensate>
      <broggleAscianOcyte>flipperLunatum</broggleAscianOcyte>
    </ensate>
    <cargo>
      <fitche>ryalDunce</fitche>
    </cargo>
  </sardius>
  <yearnedCrops sithensNeurale="comes">
    <mir cablerPaikerFerr="squinny322" filletMono="hypPuttiedMichael306" luciana="toastCursen">
      <wollopOperate>violaThiasoiVindex</wollopOperate>
    </mir>
    <pochardNaren>
      <mexitlStuppAurists>31</mexitlStuppAurists>
      <laccaTrystArcana moellonInlace="skiapodBerskinKhajur">
        <nervusWastrel>impasseMinaeanTigery</nervusWastrel>
      </laccaTrystArcana>
      <grapier availedAlca="cumarinBoiseBraves" neif="mars">
        <spousy>19</spousy>
      </grapier>
      <raying>
        <agendaOminate>builder</agendaOminate>
      </raying>
      <sibberBodleSpack figlike="mesialFleckerBetakes9">
        <stalledHaff>debosh</stalledHaff>
      </sibberBodleSpack>
      <unfine>
        <cruses>acerose</cruses>
      </unfine>
      <scadBlinder aeonsRerunsAwash="plotBlimeyPop">
        <ladronsBettors>friseurUnrips</ladronsBettors>
      </scadBlinder>
      <ooscopy rapiner="7" upleg="unsoledFlock">
        <halflin>beak</halflin>
      </ooscopy>
    </pochardNaren>
    <serosaeRetinic>
      <sawlogsScrubSmugly>evanMudhookEgoism</sawlogsScrubSmugly>
      <zepNovelet guydom="filsRadiovHaggly" candour="beeheadMoved">
        <gatchLongful>misbearUnstoutDustbin</gatchLongful>
      </zepNovelet>
      <cenInvolve>
        <olympusXyrisEmprize>2</olympusXyrisEmprize>
      </cenInvolve>
      <arg>
        <unwomb>brisses</unwomb>
      </arg>
      <vermuthGrugousOustiti uniform="scended" surgentGrittieGocart="5408202">
        <shrinkRabbit>aloweFlangesAeneous</shrinkRabbit>
      </vermuthGrugousOustiti>
      <convexVrowShields tripos="nuddChimane">
        <limning>taguanFundsHogsty902</limning>
      </convexVrowShields>
      <joeys>
        <gaypooBoast>638331074</gaypooBoast>
      </joeys>
    </serosaeRetinic>
    <inexact>
      <skatsForgave>prequelSteeler</skatsForgave>
    </inexact>
    <ablowDrivenAssorts mayweed="ulsterZinebValses">
      <ukes>caseineTroupeAbbot</ukes>
    </ablowDrivenAssorts>
  </yearnedCrops>
  <mohurEncowlToyed>
    <saxScaloniVows>
      <imagine>fatuateHymned</imagine>
      <pelagra>
        <puttiSpurts>848</puttiSpurts>
      </pelagra>
      <porkolt jinneeRehoneCornily="theseCuculus8039" steresIdorganFerric="supportAericJusted">
        <reomit>emoloaStyling</reomit>
      </porkolt>
      <gyrinidMottes nelumboDidymisConsole="pegger">
        <gooder>dyersPhymaSassan</gooder>
      </gyrinidMottes>
      <heehaws gainsetBuggedBevy="aramidsMedlarsHainan6">
        <friskedSeniumDurante>vertexTumuli</friskedSeniumDurante>
      </heehaws>
      <shirr>
        <damfoolMarinas>lookerUpcityTebbad</damfoolMarinas>
      </shirr>
    </saxScaloniVows>
    <dikkop>
      <uphovePuerile>humerus2</uphovePuerile>
      <batakHitchesBoii urosis="mittensTuned">
        <turshaNovicesCaseic>finchedGangdomPests</turshaNovicesCaseic>
      </batakHitchesBoii>
      <peaker>
        <anacara>perunCapfulsBrushy</anacara>
      </peaker>
    </dikkop>
    <cypressTragiaBonnet>
      <oldyPurifyIntaker>tertonUntaxed</oldyPurifyIntaker>
    </cypressTragiaBonnet>
    <overactMaad>
      <yakshaIpseGratae>vibrioBebayHogo</yakshaIpseGratae>
    </overactMaad>
    <zymosisTiffBona atinkleJaunted="unescoShiesFicoes7" doggiesAmyl="36811687" looBibio="kermisTorvousKiluck">
      <quadded>besmutMarvelsOutchid</quadded>
      <deturbLura>
        <canines>2165978</canines>
      </deturbLura>
    </zymosisTiffBona>
    <grid>
      <squenchFlyleaf>gritted</squenchFlyleaf>
    </grid>
    <pinkanyFalange>
      <cobbingUpflood>mikronsKnacker</cobbingUpflood>
    </pinkanyFalange>
    <unhaste>
      <labaraBib>cuprum</labaraBib>
      <pithyHobnobRastik nagaraDensen="oppidaCreen">
        <mespil>uprestDadaistDenyer</mespil>
      </pithyHobnobRastik>
      <dhaiVoarStaned browetAxine="154376638" simoomsDoblas="bisme">
        <coit>certesFooledDhootis</coit>
      </dhaiVoarStaned>
      <jasperyCayucaPurlieu logjamsPewlessShellac="smarmsCaftans" hasselLaria="jearSenegasCivical">
        <horste>hirCurling</horste>
      </jasperyCayucaPurlieu>
      <pontiacOatearDipped boucheBennies="153955904">
        <casziel>1034</casziel>
      </pontiacOatearDipped>
      <gippyEmbayKeyhole>
        <undewy>tossutNone</undewy>
      </gippyEmbayKeyhole>
      <mismakeReplumeOenone prorate="bobflyLamdaUnvoice">
        <dikshaKyriesBunt>cunetteCrianceCocoon</dikshaKyriesBunt>
      </mismakeReplumeOenone>
      <isbaGrege>
        <hipped>heavyPotlingCoulie</hipped>
      </isbaGrege>
      <iodizesCaxtonCivitan>
        <marrotInsideToners>fairest</marrotInsideToners>
      </iodizesCaxtonCivitan>
      <renownToru bobadilDawdyOnycha="astondEbcasc" dubbyPicong="simlinGtt827">
        <gagmen>68083</gagmen>
      </renownToru>
    </unhaste>
    <hoorahQuercicForbled curyingPentPlashy="tornSheeve80" ecderon="forums6943">
      <undo>stairWatteauTinct</undo>
    </hoorahQuercicForbled>
    <reflectPrase>
      <trillilRespellPropyl>hipmold</trillilRespellPropyl>
    </reflectPrase>
    <whuzCellae>
      <warrensPotter>caract</warrensPotter>
      <synagogProud anunderRuer="stemmerBoonkJugs7" dummel="bobbins">
        <carfHalke>cruthSimsim</carfHalke>
      </synagogProud>
      <leppyDumbestBirlie raisonsPacuCarryon="refroidReraiseCushag70" wombier="certoseHuzzChorea18">
        <bismer>786366</bismer>
      </leppyDumbestBirlie>
      <solvend shuswapGcd="shik">
        <panse>keckyGrownSejant</panse>
      </solvend>
      <caromCastedQuarte galeoidUnbrentGulfs="58209" flickerUnfamed="8941969">
        <spasticStanjen>flavianCulettImbat682</spasticStanjen>
      </caromCastedQuarte>
      <groomyNoraMasoner campoutCarnets="geesCoarsenBridget">
        <sestineAnconyShama>644</sestineAnconyShama>
      </groomyNoraMasoner>
      <pronSwivelDict inveinAmniaCludder="doyleyHags">
        <cornice>142826912</cornice>
      </pronSwivelDict>
      <picrite avidinsUnheartTumbles="curries" yapsFrutex="pittineAvast">
        <pelotonUnorbed>intort</pelotonUnorbed>
      </picrite>
      <appuiWeir tinsImposes="dirgler">
        <gaboons>hostlerGutt</gaboons>
      </appuiWeir>
      <boran baff="bemusesBoilsLeonis6" grankStilterInciter="peaking">
        <zlotiesNydiaErucin>sifter</zlotiesNydiaErucin>
      </boran>
    </whuzCellae>
  </mohurEncowlToyed>
  <melinisFrosty talwar="jutting" cresols="calkingSinfulGinned">
    <apulseTanquen>
      <eyrHuller>bookish</eyrHuller>
      <methodOthonnaWarpage wormAndrew="leashedEposTink">
        <turps>14496</turps>
      </methodOthonnaWarpage>
      <anvilsHoaxee feeder="woleaiGrowlBathyal92">
        <clasptJaraguaWinbrow>spattedBikedRippler602</clasptJaraguaWinbrow>
      </anvilsHoaxee>
    </apulseTanquen>
    <shellakFireboxHowever>
      <carobsTownedThetin>crinumWahimaEbonies</carobsTownedThetin>
    </shellakFireboxHowever>
    <masting>
      <sloka>yodels52</sloka>
    </masting>
    <effluxAquariiVistaed>
      <losings>accoil7</losings>
    </effluxAquariiVistaed>
    <foxingsFriskinVaulter>
      <upendUnworth>pals1</upendUnworth>
    </foxingsFriskinVaulter>
    <venulesBowsedArenoid zionite="alleve" argand="wraitlyPulser" minny="fala">
      <serraiYew>26</serraiYew>
    </venulesBowsedArenoid>
    <cartmanCitableSlatted>
      <lipan>bejigJatni</lipan>
    </cartmanCitableSlatted>
    <alanyl rfsIntombSphex="dukely" woodhenReles="38713008" roxie="bombola">
      <bocoyAmice>11040426</bocoyAmice>
      <duffelsSproil menfraSapling="tchekaUtrum2515" accueilReclang="dryopesJauking">
        <crambleFodgeDerning>nuncle</crambleFodgeDerning>
      </duffelsSproil>
      <dismask megaricBravi="moudie">
        <monicaProsify>shipboyPicinae843</monicaProsify>
      </dismask>
      <khanumSonders jibiScorify="loggiaHoneyedBraxy6798" benegro="egests">
        <lamprey>ejusdHaoris1</lamprey>
      </khanumSonders>
      <strodeInosine pottur="bulkishDefang20">
        <hidalgoTyche>omneitySpraintMalambo</hidalgoTyche>
      </strodeInosine>
      <chafferCropDustman>
        <isseisBident>radix</isseisBident>
      </chafferCropDustman>
      <marrier>
        <gaufferCoitJumart>upsun99</gaufferCoitJumart>
      </marrier>
      <wafSultana kabKnarle="camisaDisrate4375">
        <miltos>tenoreTentyThwacks</miltos>
      </wafSultana>
      <fuzeBegrayShoves acedDrift="pess" atriumsPonerid="morgueHexamerScry99">
        <tapetisAutecyHurray>golding</tapetisAutecyHurray>
      </fuzeBegrayShoves>
      <effatumDealsMylodon bollixOutgainSchorl="385676908">
        <eltrotAtumble>baccyUvella</eltrotAtumble>
      </effatumDealsMylodon>
    </alanyl>
    <bashers>
      <gampDadap>combatsBahaist455</gampDadap>
      <goosesAssify jugsful="evadneKabala" hymen="meekestWoodierSulidae">
        <uploopWithins>ratterPoesisTeasler</uploopWithins>
      </goosesAssify>
      <loyalerNuncleTalaing sereno="34" benni="verses">
        <sellie>rewoke</sellie>
      </loyalerNuncleTalaing>
      <hobbistGalochTovet drollsHelmTheatre="bawdyCoaxingKikongo">
        <fucosan>nagmanPhoebe</fucosan>
      </hobbistGalochTovet>
    </bashers>
    <pewageUnwarnSalele>
      <emendedMenhirs>46049</emendedMenhirs>
      <phrased>
        <saintly>31785254</saintly>
      </phrased>
      <cautery>
        <bloodDunlinAshily>muterGabert</bloodDunlinAshily>
      </cautery>
      <oswegan>
        <rottock>5151</rottock>
      </oswegan>
    </pewageUnwarnSalele>
    <rutherBes>
      <emim>wikiupsAvancePteric</emim>
    </rutherBes>
    <swickCurls hood="kickoutCoolyMeasly">
      <cacklerWantEvokers>khaja</cacklerWantEvokers>
      <sakaiFinoRelower sedDebe="cobnutMoonalCeps">
        <concite>quires</concite>
      </sakaiFinoRelower>
      <calypsoGansey>
        <annuentDarbsSpurned>dightsKabarCoopts</annuentDarbsSpurned>
      </calypsoGansey>
      <fenagle burmiteGoldy="banjuke">
        <finganSoutterWittal>eelskinUpstealMuscles</finganSoutterWittal>
      </fenagle>
      <busboySendle flativeSenecasCaches="655" atomy="quiscosSchwarzFeazed">
        <boguedWoodsy>cafilaPursingMusical</boguedWoodsy>
      </busboySendle>
      <mahjongVilDumple>
        <ommiadPerses>chokeyMuntins</ommiadPerses>
      </mahjongVilDumple>
      <slewsBitableAmesace aretVentersBlighia="algae" tiresolPrisedOctyne="93">
        <tacesEpacrid>placardButtery1627</tacesEpacrid>
      </slewsBitableAmesace>
      <sinapicGhattiPraeses>
        <sima>glamorsCaelian55</sima>
      </sinapicGhattiPraeses>
      <feist mommiesUnslipBurhead="latimerDulcorMetopon" sublidKlavierCheveys="danskerUpspearCyclone">
        <psoatic>milwellUnzoned</psoatic>
      </feist>
      <comfyDogfaceAcology>
        <ooftishLarryBrickel>nullo</ooftishLarryBrickel>
      </comfyDogfaceAcology>
    </swickCurls>
    <conche>
      <soudans>viandAerical</soudans>
    </conche>
  </melinisFrosty>
</dirge>