<?xml version="1.0"?>
<malichoPootherHuffer>
  <gophers hyphalFightEcarte="gowdDioeciaEase" overlowUnbowelMisstop="427">
    <acredUnawful roastBoersMeazle="2032">
      <cundProsist>212</cundProsist>
      <dammingTachiol>
        <reducerPhenol>almehs</reducerPhenol>
      </dammingTachiol>
      <cupReqd bolosAnywhy="valvaeSpirity">
        <berseemLarcin>98633</berseemLarcin>
      </cupReqd>
      <inched rochets="catechuEpisciaAlrune" gainset="mamparaEconGlen">
        <supersClatsop>franzBrameBefell330</supersClatsop>
      </inched>
    </acredUnawful>
    <madrierTarrow>
      <leonard>stewedSault</leonard>
    </madrierTarrow>
    <haffKyrialeRattage>
      <colliesTolmenProems>bubas</colliesTolmenProems>
      <seckMathaGravely kaif="hipster">
        <sdlcBabai>570105</sdlcBabai>
      </seckMathaGravely>
    </haffKyrialeRattage>
    <heavies bandeng="elidingZone95" aspired="unsoleBeshow8526">
      <fadenWrittenMinimus>mislies</fadenWrittenMinimus>
    </heavies>
    <pricyOdaSquawks>
      <defeats>84904984</defeats>
      <audreyJavelRadula doubletUpget="408775" beknotsSarkit="demon">
        <amimidePleiad>35</amimidePleiad>
      </audreyJavelRadula>
      <weaving>
        <prelossCheeseAlgeria>scillaBendys</prelossCheeseAlgeria>
      </weaving>
      <okapisRenwick hallooVicaPlatier="gromilSpecKeysets">
        <modemPlowter>4</modemPlowter>
      </okapisRenwick>
      <cosmoMaddle renably="unovertDousers">
        <badan>peptoneLarree</badan>
      </cosmoMaddle>
      <hogginReave reaAlcid="bausonMurexes">
        <fwdOffererLikings>darn753</fwdOffererLikings>
      </hogginReave>
    </pricyOdaSquawks>
    <maltaUnblind>
      <driptLarus>impis80</driptLarus>
      <jackass berinse="surtaxCoxitePod" tankaJensonUnovert="sensyneOpining">
        <polk>25488439</polk>
      </jackass>
      <clashedSassierPropine squashyGauderyZelotic="lauders">
        <isidiumTehseelAtocha>outsellFliers</isidiumTehseelAtocha>
      </clashedSassierPropine>
      <enwallSykerly>
        <rodneyTigerLoxodon>bhutRanditeFeuds</rodneyTigerLoxodon>
      </enwallSykerly>
      <dhutis>
        <sistleKyaniteGleeted>orthiteMavisPellet</sistleKyaniteGleeted>
      </dhutis>
      <fluidsUnloath stowp="320520340">
        <terralLaird>glaceedMbpsAmyris</terralLaird>
      </fluidsUnloath>
      <piteousPropersEmpties zoogamySejourEnrober="638926">
        <chicker>siziest7</chicker>
      </piteousPropersEmpties>
      <galaxy>
        <onwards>bendays</onwards>
      </galaxy>
      <whammed uilyAtemoya="logosKelepAdditum" juxtaRelapseRakeful="nogakuJulolinOutvie">
        <rosily>cubitoGlaga</rosily>
      </whammed>
    </maltaUnblind>
    <saharanJundiesMuspike>
      <gormanVenerer>548867116</gormanVenerer>
    </saharanJundiesMuspike>
    <triolsBarit gercrow="replevyGreably81">
      <ultionCodist>fondakGanefSabreur</ultionCodist>
      <ondingAphra babbledKindles="cabasaPledOpaion">
        <congasAcedy>astroidBemires</congasAcedy>
      </ondingAphra>
      <twined demand="mucketTremens" relift="bleeps4350">
        <destinyAlbian>vessesLablabUpwall</destinyAlbian>
      </twined>
      <flexedCokeyUnsown unlidHolds="514531">
        <beldameEmpodiaParura>speiledMartha</beldameEmpodiaParura>
      </flexedCokeyUnsown>
      <offingIzbaKaliums qiviutNoisyNidor="occludeStacyDelace" celsianOktaCephala="sepia">
        <stopsQuidam>columnaMynaPoker9360</stopsQuidam>
      </offingIzbaKaliums>
      <rebecca barbedDoocot="tongue867">
        <bethornBractedFilmish>pinesIncasesSuevi</bethornBractedFilmish>
      </rebecca>
      <agoraMahmudiMiscued>
        <mystes>676779</mystes>
      </agoraMahmudiMiscued>
      <cocashBehooveClobber>
        <ritzier>mendigoAnepiaTetrode</ritzier>
      </cocashBehooveClobber>
      <slojdPulisChamal>
        <justoValeurFaculty>raveVictory</justoValeurFaculty>
      </slojdPulisChamal>
    </triolsBarit>
    <becardChiasm>
      <befile>parleysFistleRoding</befile>
    </becardChiasm>
    <bossdomZoquean gossipyLasing="beyondBoregat">
      <waffies>3077</waffies>
    </bossdomZoquean>
    <rewed>
      <tawniesCarguedStummel>bunkieClonicOther</tawniesCarguedStummel>
    </rewed>
    <longway birler="tonka" egretSloveneBrike="unwadedMangeryJayhawk9131" dense="redrill">
      <putcherArales>17255197</putcherArales>
    </longway>
    <abroma>
      <gulfingFyceStarnie>moroAzines</gulfingFyceStarnie>
      <uredoAwardee cuttoeIntrine="matzoonSunstay225" oxynticNaipkinDefaced="japetus">
        <tedsWhereer>rickingDevisesCautivo</tedsWhereer>
      </uredoAwardee>
      <excisorAtomyNides jefeLuciusSparch="rippier">
        <abbShippedTriter>530632890</abbShippedTriter>
      </excisorAtomyNides>
      <atesTailteKowtows>
        <ezbaIronism>lengths</ezbaIronism>
      </atesTailteKowtows>
    </abroma>
  </gophers>
  <wooldedGrapey gulaeRudishRouille="urgenceSchizo" adoniteSkodaicProtium="subsets">
    <flangedVisiteeImpent>
      <damagerEmbolon>28</damagerEmbolon>
      <sphalmNonsaleLouk>
        <betireTarascCudgels>2085315</betireTarascCudgels>
      </sphalmNonsaleLouk>
      <adactylTedaInkfish>
        <thixleLugsNeptune>septalFlankerBiz</thixleLugsNeptune>
      </adactylTedaInkfish>
      <hashing saulKowbird="39137657">
        <amigaReginasMoons>7</amigaReginasMoons>
      </hashing>
      <durrs tacetTamboo="65" dousedKnockSpill="yemenicTypify906">
        <christyGjetostPakhtun>165917135</christyGjetostPakhtun>
      </durrs>
      <visceraTourers feoffsBedman="hobbled" artemia="merc">
        <churls>5565840</churls>
      </visceraTourers>
      <herdboySawarraIntrait>
        <anthemaWherve>musRuntish</anthemaWherve>
      </herdboySawarraIntrait>
    </flangedVisiteeImpent>
    <imerina berith="658342205" scolion="aubergeEssoignAenean" ouabainKexStrom="quiverTall">
      <boxesWafererDuretto>51036</boxesWafererDuretto>
    </imerina>
    <mullockAsaprol>
      <muggars>loonsRewaxedGuana</muggars>
      <cyclope>
        <balija>bonos5</balija>
      </cyclope>
      <turbehWraithyDatival grillyUnwork="butchGrovesTuwi" wallago="666843533">
        <finkel>fustyCuds34</finkel>
      </turbehWraithyDatival>
      <gitonin furcateBestormSheva="recordsKulanEuectic" ahtenaCockney="mallearSubethNeedles379">
        <kavaBonducs>pause</kavaBonducs>
      </gitonin>
      <fibra>
        <cwriteKugeHiren>123972961</cwriteKugeHiren>
      </fibra>
      <anolis weddedOxherd="trite" illnessCrabletCologs="hoydenAffiesPawner">
        <eulimaRulyAurine>snyedNoriticRoxy2</eulimaRulyAurine>
      </anolis>
      <ceteraMiseatsMooning germansSchlepWurlies="musumeeGlagol">
        <replate>voyageHellman</replate>
      </ceteraMiseatsMooning>
      <lammedCommoteSalish clerkedRushy="gluma">
        <goersWingman>martiteJaggsMant</goersWingman>
      </lammedCommoteSalish>
      <entered>
        <preserGallish>25281291</preserGallish>
      </entered>
      <thews subashi="375161826">
        <dustWhacker>recodeMekong</dustWhacker>
      </thews>
    </mullockAsaprol>
    <through stackTeashop="blarinaDeadestConcio61" thulia="exploit">
      <unbeing>deva</unbeing>
    </through>
  </wooldedGrapey>
  <arrased relucts="vacated" rosineUndug="214899105" buffing="hematic">
    <gostherSalchowNazim kaliumOsmols="dumpokeKittles" dedanRespray="badges2499">
      <cymae>aurifyDemeritVersal</cymae>
      <dhaiBejape beglucLogy="26">
        <tenneSockerNidulus>lonersGrouter</tenneSockerNidulus>
      </dhaiBejape>
      <alaryOutpeerCatonic decrypt="shoneTravail">
        <gypsied>pencilsAnukitObispo352</gypsied>
      </alaryOutpeerCatonic>
      <spaer gezStatua="biotaxyJebusiEnsober" mesodic="piaLobosa">
        <ducatonWeavesHurkaru>beatae</ducatonWeavesHurkaru>
      </spaer>
      <theemimBeaufin>
        <wisht>zaptiehFinnish</wisht>
      </theemimBeaufin>
      <ecteronVerierRhexis>
        <paining>461</paining>
      </ecteronVerierRhexis>
      <bribedBinaryPhaedo desoleJayceeSlugger="perineGuebreClithe" lehay="scholia">
        <reside>873589654</reside>
      </bribedBinaryPhaedo>
      <conandGermPayong vaunceSlyerFritted="68" matokeZemstva="mankPurdah">
        <nesiot>thornenGetas</nesiot>
      </conandGermPayong>
      <bildersJerriesJayhawk lannerGutnicHaik="46378940" capes="winfredAmadousDamsite">
        <bedeman>aculeaeLettrinAgreer</bedeman>
      </bildersJerriesJayhawk>
    </gostherSalchowNazim>
    <tuckingBookieGallify>
      <den>foelikePennageInfancy</den>
      <pigtail>
        <inctriYohourt>tazzasHause</inctriYohourt>
      </pigtail>
      <aegeanMercian retableGabies="28">
        <hoghideBolts>dealersAssith764</hoghideBolts>
      </aegeanMercian>
      <orthrosPricier>
        <stealer>dismalsFred</stealer>
      </orthrosPricier>
      <adaize heils="crood" boxiestKrubisCrazily="uphand">
        <hexapodHawsed>lifenWaise5948</hexapodHawsed>
      </adaize>
    </tuckingBookieGallify>
    <slatchCrone>
      <eniguaTritaphBlobbed>52618</eniguaTritaphBlobbed>
      <topmost>
        <pipless>abseeGreener</pipless>
      </topmost>
      <deratsUranianAtonics roundSyrenImbody="872">
        <handfulVanloadAliipoe>legatorYeukedCusec</handfulVanloadAliipoe>
      </deratsUranianAtonics>
      <mushruUnseam>
        <rodingGalga>goatishPoldavy</rodingGalga>
      </mushruUnseam>
      <appmtOlmCarajas planulaColius="winsome">
        <unsleptBile>17915444</unsleptBile>
      </appmtOlmCarajas>
      <adeems wharpYaponDogra="143466147">
        <spade>rafael</spade>
      </adeems>
      <lumberOpelet fillockBemolMisween="esbay" embelic="5099">
        <danskerStaving>buqshasHutzpaFootman</danskerStaving>
      </lumberOpelet>
      <nymss>
        <spasFitty>peucylCopouts77</spasFitty>
      </nymss>
      <simioidRelot grooveMustela="weanieGleans">
        <dossil>seetheRms917</dossil>
      </simioidRelot>
    </slatchCrone>
    <genomes>
      <ariadneIgniter>purlineAsps</ariadneIgniter>
    </genomes>
  </arrased>
  <calaberChevies />
  <choppyCaza blaynePaucal="rosebudCuratelAborad" swiggerTrinol="ulvanBleoSoddies">
    <debeBesmearHordock serphidBiffinsHeifer="4962" thudDromos="569753">
      <remoldTritCalesa>dyinglyArles</remoldTritCalesa>
      <quaff judokasLassoed="unspent">
        <proems>intrigo</proems>
      </quaff>
      <cannieAlerterBedell>
        <chandooAgon>didusKoan</chandooAgon>
      </cannieAlerterBedell>
      <delictoWidder lactuca="milcherDullityDnieper" bassia="cimaDismalsPlitch">
        <foothilFigged>7612055</foothilFigged>
      </delictoWidder>
      <dooleyStratig alight="apes154">
        <calquedBleeze>tincalRenishTaiver</calquedBleeze>
      </dooleyStratig>
      <lequear analgenKoodoos="2">
        <kanaeDrury>novas</kanaeDrury>
      </lequear>
      <terming>
        <angelim>3071</angelim>
      </terming>
      <wells ethion="warrenLauded91">
        <restio>punsterBeadyModulus</restio>
      </wells>
      <dieticsComposePollees>
        <mareStare>18558799</mareStare>
      </dieticsComposePollees>
      <kemal thickeUnogled="matanza" mutchesPapioManty="mutualsChutesJubilar8">
        <splashyPaving>lunaryOomphsAussies</splashyPaving>
      </kemal>
    </debeBesmearHordock>
    <gneissHubbingRoshi kapp="kinkedComs903" crackupMetazoaSorbol="squillsHymnal">
      <chuet>papier</chuet>
      <miscalBodoni brewer="64035922" dimericVexingSaftly="218166797">
        <weeting>flyflapCanautCordax</weeting>
      </miscalBodoni>
      <spodiumRickey swadderLankyAgrias="regmataApneic">
        <dulcPrilledCetes>whalmVesicalUpslip</dulcPrilledCetes>
      </spodiumRickey>
    </gneissHubbingRoshi>
    <scaffyPufftnScritch lash="tutaniaPlatysNotched">
      <wenchelSusans>amphora</wenchelSusans>
      <courbeFusk>
        <volvoxCribs>atomise</volvoxCribs>
      </courbeFusk>
      <thomistBreardsCraye echiniSodomy="rokeageHuggerSertum">
        <chicsMithan>forkingWuzzy9</chicsMithan>
      </thomistBreardsCraye>
      <beliedMutuantJunked>
        <kewpieFlabDogra>repower</kewpieFlabDogra>
      </beliedMutuantJunked>
      <tavernAlphynRhos>
        <noodlesVillaAskarel>93</noodlesVillaAskarel>
      </tavernAlphynRhos>
      <vagrantDropTypiest ramoseCapito="1650" miriCosine="fiordCroze">
        <adjoins>argSlodderInsol</adjoins>
      </vagrantDropTypiest>
      <abolish>
        <koleaHaresTrass>argufyHazzanBating</koleaHaresTrass>
      </abolish>
      <juecesAlf gossipsPeng="oryza" youths="arilSlowish">
        <noodled>horrahAffPlass</noodled>
      </juecesAlf>
    </scaffyPufftnScritch>
    <henlike>
      <defiantRander>anorthTanoanRhaphes</defiantRander>
    </henlike>
    <scaursToug>
      <unfiled>toaderyDemoteAlife</unfiled>
      <seraGeejeeCinques>
        <piefort>193521265</piefort>
      </seraGeejeeCinques>
      <pleaterShinkinRonga unshotStrakesUnpleat="strumsToled" slappedAlane="56091120">
        <seoritaWhatman>67794999</seoritaWhatman>
      </pleaterShinkinRonga>
      <haloedNonform seppukuLoursShackly="elvanFsiest8">
        <mesoleAglyTokay>ironlyOvolosTictic</mesoleAglyTokay>
      </haloedNonform>
    </scaursToug>
    <prozone>
      <jewis>wrocht61</jewis>
    </prozone>
    <nautKainitsPicking>
      <carnosePawpaw>dikeletPommelPratey5</carnosePawpaw>
      <retama therialBenthal="stunsle">
        <hoch>kompeni211</hoch>
      </retama>
    </nautKainitsPicking>
    <nominy>
      <turdsSubactDaggar>peckBabi</turdsSubactDaggar>
    </nominy>
  </choppyCaza>
  <exogen talonicStomped="torcJoyce">
    <lungyiHoopleXerogel>
      <pavonia>pickier</pavonia>
    </lungyiHoopleXerogel>
    <duskGookyCrasher perterSubcell="21684479">
      <hotels>maunge</hotels>
    </duskGookyCrasher>
    <unquert>
      <biskBuddage>hasselExpulse</biskBuddage>
    </unquert>
    <bakshisBriards>
      <yarrows>sarcoma</yarrows>
    </bakshisBriards>
    <moochesElmiestSquitch>
      <purpuraHosingPansies>876854471</purpuraHosingPansies>
    </moochesElmiestSquitch>
    <ulminGedBelow techedBlabEnsober="wabenaChamberKufic">
      <polandJibbedWittily>omentaEschar792</polandJibbedWittily>
      <lyctid>
        <anonyma>burd</anonyma>
      </lyctid>
      <hawkinsBespinLateen>
        <whopped>ploutMonestKnawels</whopped>
      </hawkinsBespinLateen>
      <eyasEpizoaEnteria mushers="carlishEmceingBlowup">
        <apastra>pharynxTheaterPerfay</apastra>
      </eyasEpizoaEnteria>
      <cogwareStaioCurch hulloaMahewu="29420">
        <madded>921</madded>
      </cogwareStaioCurch>
      <uppiledBurbark smittleFecksBoycott="165329767">
        <ketonesDilAtenist>cumbent</ketonesDilAtenist>
      </uppiledBurbark>
    </ulminGedBelow>
    <cady>
      <geelbecPiaculaAfshah>venderPromove</geelbecPiaculaAfshah>
      <saker>
        <alaninCopies>65</alaninCopies>
      </saker>
      <henwareFalus lurkyEerBoot="ovicideOutbake" bihaiZolle="tigrone59">
        <mobilia>1759421</mobilia>
      </henwareFalus>
      <think quiinaCaper="syntone963" grizzleExultSwaps="acresRenky">
        <colters>spurreyEnraged</colters>
      </think>
    </cady>
    <unhairyUnvoid amita="amberDaviesHybla" baccae="salicPruntedWeir" metumps="cochairGifolaAppetit">
      <tsubo>74</tsubo>
      <browny ballard="5492">
        <aglet>8192064</aglet>
      </browny>
      <alencon alinota="trystedDiuronDemises">
        <gyronImpietyCuttled>lianas</gyronImpietyCuttled>
      </alencon>
      <outtakeDeaconAlga semitic="epeira">
        <eligent>hognutXema</eligent>
      </outtakeDeaconAlga>
      <oglesCucupha kirnsComr="amen" scrimpyRaggedy="vyingMurky231">
        <alumna>slathFlute</alumna>
      </oglesCucupha>
      <moselJingkoFedn>
        <fowageRit>lesbianWenzelOutword5</fowageRit>
      </moselJingkoFedn>
      <premed riling="carmelNancesJets" pozTarres="whinierMuktarMirbane">
        <cadesLeewan>splurtArrent</cadesLeewan>
      </premed>
      <fiorinPeddledTropine>
        <desmidVaguer>dihelyCrambesMadrasi</desmidVaguer>
      </fiorinPeddledTropine>
      <ochryWantfulRemblai>
        <spigots>melderApedCrisset</spigots>
      </ochryWantfulRemblai>
    </unhairyUnvoid>
    <shiners desertJaneXeroma="pechsAldaneAquilid" lucania="cindieKaingaBereave">
      <inwallZooglea>eolianDebonesFranc941</inwallZooglea>
    </shiners>
    <kirnsHipboneSikara>
      <daggarBefretSultry>126</daggarBefretSultry>
      <byways restyle="sawCadent">
        <metamerBurinTwankay>4</metamerBurinTwankay>
      </byways>
      <pilersCornuto>
        <isiacCremes>cementsGiraffa</isiacCremes>
      </pilersCornuto>
      <outdoesZoacumTetty reforms="6" bovistaTarazed="wafflesToskish">
        <anliaBoodhHatsful>midstPorgeNoctua</anliaBoodhHatsful>
      </outdoesZoacumTetty>
      <ans>
        <virgos>pisces</virgos>
      </ans>
      <enamors cromerRedwud="spiel" caxiriHerniaJogs="facesPeplessJagath">
        <tikkun>dottleSottish</tikkun>
      </enamors>
      <nacreLizzie turrLoreal="swomRetallySuiters">
        <stagierBhaluThrums>760194832</stagierBhaluThrums>
      </nacreLizzie>
    </kirnsHipboneSikara>
    <loosing houtLetheEpacrid="1">
      <divedJewlessRearer>86798706</divedJewlessRearer>
      <harangFrappTenrecs diluted="camdenCohensBreaden400">
        <tramalUntold>vacuit</tramalUntold>
      </harangFrappTenrecs>
      <tottumWashita>
        <purdahDruids>coningFilosaSinewy</purdahDruids>
      </tottumWashita>
      <himawanExactas siltsApolarKorari="respueBarerEntour6759" balloteLaurent="picquetMirishOutpray9074">
        <blatsRamsons>dipalaStyleSacral</blatsRamsons>
      </himawanExactas>
      <elepaioLecheryRetrust towOscan="bagio388" giantly="respadeStemLaius282">
        <lairmenMillsLeaker>thoght</lairmenMillsLeaker>
      </elepaioLecheryRetrust>
      <beginsWheetle racesDarts="yowingHoplite6" alteredKhakhamUrbify="leucyl">
        <gomaPylorusAskr>sharryDiademsBurgage</gomaPylorusAskr>
      </beginsWheetle>
    </loosing>
    <rug agrahCabiric="swanky" sorrierGawneyCut="frary" kopjesChavel="fanaJapanee">
      <taleful>77724</taleful>
      <pawns mitingHeraus="lobs" pitauGrailleWrists="waxingsTenon">
        <levoNutlets>wagered3747</levoNutlets>
      </pawns>
      <relievo empathy="dormyOfay">
        <caproylBegob>16463</caproylBegob>
      </relievo>
      <arctosShiiticJanker slicksRadices="coasts">
        <guricUnbegunEbbet>rettornTidifeScrouge2238</guricUnbegunEbbet>
      </arctosShiiticJanker>
      <hutchVialingFeed naggishSonica="brocadePucks" stoleLeesomeMasers="783568357">
        <otologyRebaitSiti>7062</otologyRebaitSiti>
      </hutchVialingFeed>
      <nightyPuneseWhabby>
        <zymosisHissers>redbudsGinningCentrum</zymosisHissers>
      </nightyPuneseWhabby>
      <blights>
        <xylopiaUnknotHogherd>coggle</xylopiaUnknotHogherd>
      </blights>
      <copymanPurer guerdon="kylikes">
        <machThroes>88942302</machThroes>
      </copymanPurer>
      <tufanPredoomIncus pagneHrsMaidens="35897">
        <flakageMahdism>jabotsHtsAftward</flakageMahdism>
      </tufanPredoomIncus>
      <iwurche likestJuviaTheave="bagasseFerahan" ploysBinzuru="lepageErer">
        <azlonsSurahsAisling>tsarinaWallopsPerbend</azlonsSurahsAisling>
      </iwurche>
    </rug>
    <glunchUnavidAwonder>
      <pingingMammersEgotist>cypressTensomeGardeny</pingingMammersEgotist>
    </glunchUnavidAwonder>
  </exogen>
  <civiler move="abdaliPolyzoa" wardingAnaphe="rudestCoachee">
    <zills>
      <delintPardsPuntos>reraise2429</delintPardsPuntos>
      <leglenLungerBadling sheikhExosmicPeching="hawiyaCatalin" verek="minkish">
        <parbleu>jimplySunniSambhur</parbleu>
      </leglenLungerBadling>
      <litchiDuomosSterile>
        <traikyPiuteMacaber>sacrumSpavietWeights</traikyPiuteMacaber>
      </litchiDuomosSterile>
      <kerseyGuilder pirol="locoingFerrean" nunciosMauls="1">
        <coster>spatheClipt</coster>
      </kerseyGuilder>
      <psetta like="lessens">
        <gloriasCotyle>octEyresCroy</gloriasCotyle>
      </psetta>
      <uppityRabidlyMampara>
        <urfQuassesSatires>aioliDispopeOutnook1</urfQuassesSatires>
      </uppityRabidlyMampara>
      <neigherFannyCalico debarkAnopsyBarbra="6" outraveLintel="placket">
        <potboilMeikleRich>fusulaHaulmsPemican</potboilMeikleRich>
      </neigherFannyCalico>
    </zills>
    <ausformTrimsIntake>
      <smurr>disci7712</smurr>
    </ausformTrimsIntake>
    <annalyNorelin>
      <awapuhi>mojoGrue428</awapuhi>
    </annalyNorelin>
    <adverbs shtUpgale="songy">
      <inconel>preplotShrewdyScarier</inconel>
    </adverbs>
    <hedgier>
      <behap>6</behap>
    </hedgier>
    <kaver doatishSaltingEngs="sciotAke" hoghide="tenthScumberPlatt" scotomaXystum="mistbowGaleoidPeto">
      <kabard>restioLegis</kabard>
      <spate hours="hexactUaupe">
        <bureauLuteaClippie>rehead</bureauLuteaClippie>
      </spate>
    </kaver>
    <zenagaDaucusHaed>
      <piking>8945760</piking>
      <legumeCerris raughtShagragKales="yugadaEmbase" stimiesAriserHolyday="adibasiRhodope">
        <sowSkillo>185720</sowSkillo>
      </legumeCerris>
      <daubry trig="tussalShinza39">
        <yazoo>corplOsmosesShilloo</yazoo>
      </daubry>
    </zenagaDaucusHaed>
    <gaiusCotonamSnaily packallArrive="7618">
      <charletAlgate>perwickFoulestKoellia</charletAlgate>
    </gaiusCotonamSnaily>
    <pecunia teufitBespit="sinzerBuncherHirings7">
      <enrutVexers>gladDeepsFaceman</enrutVexers>
      <tousesStrootSophta slakingSeggioSlam="snifted6" hint="wainfulButton">
        <platic>6943</platic>
      </tousesStrootSophta>
      <mosaicReynold>
        <vughUnlatchGametic>spitalEstableYince</vughUnlatchGametic>
      </mosaicReynold>
      <ectases tollent="keylockPeagesBordman">
        <banjosRuffedUpspew>386360</banjosRuffedUpspew>
      </ectases>
      <ennew akaroaAlphean="crozier">
        <orbitCollars>seeablyTogae</orbitCollars>
      </ennew>
    </pecunia>
    <peabody>
      <mirex>pocketyPinnel9</mirex>
    </peabody>
  </civiler>
</malichoPootherHuffer>