<?xml version="1.0"?>
<alandCisted>
  <swottedHotelCoden />
  <hopoffWhippetDingies philipKnelledEuonymy="nareshWifekinGorals" guilingTorrUlulate="spears" />
  <slakeGunatedFretter burkhaTosser="paraxonHommageHappily" gonophsFanfold="simlingOfferor63" cityfulOuverteReswear="sheely" duvetMatacanTracker="hashedHonky">
    <toheroa miladi="maliceBrazil" pythonsIdolish="pelvisDonnickFells">
      <endowerTelexImpaled>unclifyWebsMaroons</endowerTelexImpaled>
      <misput>
        <cometDhurrySycoma>canEngrace926</cometDhurrySycoma>
      </misput>
      <grossenRehemSynurae esteemCautel="circsAuslaut">
        <douchedDukesGenros>birkiesDrachms</douchedDukesGenros>
      </grossenRehemSynurae>
      <storax penangs="orientsDruids9417">
        <durityFraps>heeledVastSegnos</durityFraps>
      </storax>
      <skilty catpipeLawgiveBeant="upgazesAureiInducer" tinge="5451207">
        <brooded>shopmenSclaw253</brooded>
      </skilty>
      <oxlipElegiseMacaw kilimsDargoParulis="lanchaRapid">
        <solido>weetedGabiRascal</solido>
      </oxlipElegiseMacaw>
      <reataGlops cappaeAtangleMediad="13407">
        <onlyXystosMagneto>rubierRandnGalah</onlyXystosMagneto>
      </reataGlops>
      <lagenaOutenTabidly luxateLayiaLars="narciss1673">
        <tambalaRinsingChulpa>pathic</tambalaRinsingChulpa>
      </lagenaOutenTabidly>
      <eugenyHeadly tenoner="abjoint" medusasBedripAlphorn="mirbaneFarcedSeamen">
        <bloomed>5</bloomed>
      </eugenyHeadly>
      <sloperAnahitaCanner>
        <woon>sundaysCloison</woon>
      </sloperAnahitaCanner>
    </toheroa>
    <pirrmaw>
      <meltethDactyli>tamCurves</meltethDactyli>
      <percur cuffleDybbuks="skuseSauryHauflin">
        <fucusUpdos>pinch</fucusUpdos>
      </percur>
      <coachy fating="ryukyuPavanes" sayingTenuity="devisedFurial1381">
        <ausharSereinGoglets>amuzzleDeluxeShacky</ausharSereinGoglets>
      </coachy>
      <morassGuanylMusie inarmedLoftedRanulas="prisonsLeguanPhonics7">
        <seisedCalmedFatale>theseumLimosiAgree</seisedCalmedFatale>
      </morassGuanylMusie>
      <boozed>
        <pickmenGroma>jolliedIcky</pickmenGroma>
      </boozed>
      <skelp termonChurlyFlannel="remue119" sydneyRegma="6873">
        <ingraftCreticBones>40897</ingraftCreticBones>
      </skelp>
      <bawley taxiedAmulaQuib="corpsyAboundsCarvyl">
        <bemol>stylar5</bemol>
      </bawley>
      <yondCarersEvase skiingsOutman="hovelLoreal" dapicoMosGenio="tokaysHarmoutTavert">
        <trammel>baieraViscoseCondone</trammel>
      </yondCarersEvase>
      <keid lingleMennuet="menfolkOverlegDoesnt6" elatha="wanelyPonceau">
        <fossageDatary>3235194</fossageDatary>
      </keid>
      <spinalBifaceTralira hommageCopenTatoos="quitchOgboni">
        <unshawl>672720270</unshawl>
      </spinalBifaceTralira>
    </pirrmaw>
    <meredHeadful>
      <dionizeFixionPlonko>gastrin</dionizeFixionPlonko>
      <reveler>
        <schesisKashan>rabbles</schesisKashan>
      </reveler>
      <hackman mirIdolistZoeform="choiseResmileHale" scabFiat="volencyStratig">
        <tolaneNativesChatons>rajidaeGiddies</tolaneNativesChatons>
      </hackman>
      <lucksDruggy refiresOwenistUptakes="saulsTolidin">
        <unleafPedlersDegame>pappyClangsIceberg</unleafPedlersDegame>
      </lucksDruggy>
      <cachousHeaverRecado gibbingRomauntHyponea="refeel" amuguisThrimsa="45153265">
        <molland>starty58</molland>
      </cachousHeaverRecado>
      <adenose facientIndiana="1055" tintedVestedArabit="gawNicher">
        <worser>iliadAmperesAdds</worser>
      </adenose>
    </meredHeadful>
    <faffyUnsober unratedPuma="purrahRasceta">
      <bon>kevalin</bon>
    </faffyUnsober>
  </slakeGunatedFretter>
  <schmelz orangVagCfi="lysinDreamer5" normansDobieEnjoyer="5" slewedUngonePour="exerce" />
  <estoilPoppleRite warpleEveline="5490" shingly="mopingGeta" stelarWellishScam="skulkSaying" />
  <deathsArless shapeBockeyIwearth="studysMaartenSellers" annelid="capomoDouceurWaapa">
    <reheardCoraAnatomy>
      <whaukRachetsUnland>77</whaukRachetsUnland>
    </reheardCoraAnatomy>
    <adonianBugging>
      <micelle>21563</micelle>
      <botteNaughtsProgger>
        <magiricAdeemed>bolusesColicky1275</magiricAdeemed>
      </botteNaughtsProgger>
      <rills spicantCaoine="435155">
        <remainsAjharHurtle>manufJellicaJauked</remainsAjharHurtle>
      </rills>
      <isaiahSen primusKeelfatRapide="colour" urocyon="mobulaThriven">
        <magogEvesRedocks>560512382</magogEvesRedocks>
      </isaiahSen>
      <orgiastCuddleSenex synnemaHymnodePerpend="tehseelHugging">
        <manto>42570160</manto>
      </orgiastCuddleSenex>
      <rufflerBestraw tecon="resiantOrarion" ephas="roupier">
        <jesterBehaved>sautyNuncles</jesterBehaved>
      </rufflerBestraw>
      <guze>
        <fangerTunicaStoep>fallyCeding</fangerTunicaStoep>
      </guze>
      <cirrous peckful="ericiusHoggetSpahis4761" enzymScrayTrewel="891222326">
        <bedderAltezza>recolor</bedderAltezza>
      </cirrous>
    </adonianBugging>
    <embush>
      <hideout>jocasta</hideout>
      <sneakTagua>
        <chimere>59</chimere>
      </sneakTagua>
      <embelia labberPinguid="rehbocSpeils1">
        <quop>365583</quop>
      </embelia>
      <tzitzisHorlaEnures>
        <dairiesVidyaJodel>243520031</dairiesVidyaJodel>
      </tzitzisHorlaEnures>
      <hullockDeprive>
        <hurtersMisima>862606</hurtersMisima>
      </hullockDeprive>
      <hawkishEntachPilori impoundEsexual="shreeveThapsiaRhagose" outbud="byssi">
        <gangerMidline>fanaticOcht</gangerMidline>
      </hawkishEntachPilori>
      <yournViduageUreases>
        <smallerValinch>99</smallerValinch>
      </yournViduageUreases>
    </embush>
    <dinglyCressedAmps>
      <gaudishCushierLepero>jumblerCutwalTrustee</gaudishCushierLepero>
      <awinkTritone windled="perkinJophiel" grits="availed8">
        <wrokenMeeterSozzly>siltingArthel</wrokenMeeterSozzly>
      </awinkTritone>
      <intradaIntown>
        <biferAlpaxEnsnow>instepsAnanym</biferAlpaxEnsnow>
      </intradaIntown>
      <sewered>
        <crwdStripy>8766262</crwdStripy>
      </sewered>
    </dinglyCressedAmps>
  </deathsArless>
</alandCisted>