<?xml version="1.0"?>
<tanghinMatral>
  <diploisKiddushGimping outwarsRajeev="dobeGaskin458" aver="567390" clift="urinateBullbatPedetic" />
  <slidage paletzHaviors="acetalRegluedHippian" />
  <silicaWhaled knarredSitio="9070381" />
  <julyBitake vinos="argalsGoomaBadiner" sandiesFetials="ungula" othin="rialto" />
  <upshore>
    <ganyie>
      <witched>bumpingRerateBonnier962</witched>
      <calsNitrosArawak mollahRefly="palissePorotic">
        <unobeseHughGunnung>reicingPangenDumpily</unobeseHughGunnung>
      </calsNitrosArawak>
      <popal wummanElzevirIjolite="waftyFellata" serpentKyat="853424209">
        <prlateBratsCadmium>oolemmaBepartVarda</prlateBratsCadmium>
      </popal>
      <fasts>
        <vizorDanai>anker</vizorDanai>
      </fasts>
      <baritFdtypeBrasier masquesMatsueCuppin="75195">
        <mesionDevisedWedgy>primmedDiseme</mesionDevisedWedgy>
      </baritFdtypeBrasier>
      <burtreeIsogons walerItalyNephros="gazefulTind" plotterEss="bianchiMowed">
        <upbrace>9277</upbrace>
      </burtreeIsogons>
      <minyanCavaeGlean>
        <murdersRowboatGrond>coseyChallieDepths</murdersRowboatGrond>
      </minyanCavaeGlean>
      <pridingEnclasp>
        <chicosPyrenicWedana>179208970</chicosPyrenicWedana>
      </pridingEnclasp>
      <inanesNepoteRecuses cyathiPrivet="amazed8305" notistAbducedVolapuk="chocardCubitedBlumea">
        <entoilsLudditeAgley>patana</entoilsLudditeAgley>
      </inanesNepoteRecuses>
    </ganyie>
    <subtler>
      <motCoonier>lupulinMaffiaStrae</motCoonier>
    </subtler>
    <bespiceEuripiLinda>
      <ssuPurityVeadar>tankie4511</ssuPurityVeadar>
    </bespiceEuripiLinda>
    <shaka cordial="1481" choiak="dukkha663" cook="unsolveBlason">
      <lauterPalling>taberLeakLunch</lauterPalling>
    </shaka>
    <blaflum>
      <rect>turbith87</rect>
    </blaflum>
    <maydaFretum>
      <oyanaAlienedBoyuna>9610</oyanaAlienedBoyuna>
      <globs>
        <walking>misnameEmp600</walking>
      </globs>
      <obtainsTubbing amuyongCheetah="lidar" asquint="8">
        <locoCosteanYelloch>diseasyStakedCupping</locoCosteanYelloch>
      </obtainsTubbing>
      <sainteShavers>
        <arryish>68010</arryish>
      </sainteShavers>
      <tyranniHitchySvelter taffia="exineGarnetAchill">
        <golesBilboes>casasRelodge</golesBilboes>
      </tyranniHitchySvelter>
      <medaledMgrTenuit akazginLoopy="florent">
        <ventinBrevity>tushy</ventinBrevity>
      </medaledMgrTenuit>
      <hers coleus="weal" abut="whelpClaiverSymbol">
        <kitheAxfetchLoreal>947944</kitheAxfetchLoreal>
      </hers>
      <ratos>
        <addendRidleys>40980365</addendRidleys>
      </ratos>
      <agnomen resowsNovelly="101">
        <baobab>9</baobab>
      </agnomen>
    </maydaFretum>
    <enveil ferriedLimma="yucca">
      <dukesProneur>rondelMazumasSty</dukesProneur>
      <zenobiaEvelina overbuy="87984859">
        <gumby>655154</gumby>
      </zenobiaEvelina>
      <astroidPillionAlarge sel="termesFakirJiggle">
        <drails>410075552</drails>
      </astroidPillionAlarge>
      <dowagerPinnalVienna teecall="hermaMoodir118">
        <phytate>yeguitaSarin199</phytate>
      </dowagerPinnalVienna>
      <hewingRakeesIliahi>
        <gutwiseExradio>9</gutwiseExradio>
      </hewingRakeesIliahi>
    </enveil>
    <conopidBlazers>
      <salival>58734</salival>
    </conopidBlazers>
    <inkosCordons said="spleet" pottersFylgjurSoftly="thyroldHansard" bucerosClaikTercine="ferrateHowks">
      <gypsyAwebandYachty>swumDalkVirelay</gypsyAwebandYachty>
      <cohue nemine="decreeFleas" monkeyEdemic="hagrideHodure">
        <cozenedJesuist>60422</cozenedJesuist>
      </cohue>
      <reviverSqueege aliyothBakie="outliveUppour" huastecScutula="2350860">
        <jowelFitlyGreffe>ovenmanUnpicks</jowelFitlyGreffe>
      </reviverSqueege>
      <tantricDarreinStentor onehoodEthic="616382383">
        <tempora>gummousSerifSodomic</tempora>
      </tantricDarreinStentor>
    </inkosCordons>
    <desorbsMoorn>
      <malmsey>espadon</malmsey>
    </desorbsMoorn>
    <chickerDevotaRewwore preachyTulisan="titresCoolestPinkly" saddensCsc="shrivelSonsier72">
      <rhabdusTributeMediacy>octopusPilage</rhabdusTributeMediacy>
    </chickerDevotaRewwore>
  </upshore>
  <aukChatta theliumTidally="silvex7" whalesHands="djebelsLogins" ogeedVerbile="smiler" poteens="calking" />
  <outwallMovent ratines="madhucaSexfidRefect" codette="outpage4553" bloodyCowhideAwner="cottPasskey4650" bethumbGluierIsfahan="291922504" />
  <bet>
    <refliesPolkasMugg motorsCurioMuskone="hingHonoursByre">
      <curage>bandalaTyighParens</curage>
      <fiascosPickingAdditur jauks="apogees">
        <hatfulsMens>despotLoaner</hatfulsMens>
      </fiascosPickingAdditur>
      <voulge airishCinemaDetenus="sowarNowther">
        <rocheTirederInsert>olenaLuceresBrecht7</rocheTirederInsert>
      </voulge>
      <fidel mouchedKoliSutra="avengesUppile36">
        <doelingUrodeleSulcar>ionizesGrewPorket</doelingUrodeleSulcar>
      </fidel>
    </refliesPolkasMugg>
    <bumpsMatzah>
      <sagger>streamsSlaysIsogriv</sagger>
      <urdee abettalTonneau="brandle" malgrEstops="amuyonShraveyVictrix">
        <bealaAliyah>lepus</bealaAliyah>
      </urdee>
      <tempreKalema dejectsTelephMinds="usherOverfly">
        <phalanxNocakeExposit>oodlesSacrate</phalanxNocakeExposit>
      </tempreKalema>
      <chaitya abreastUnroyal="333">
        <luxateFlout>repewUviol</luxateFlout>
      </chaitya>
      <carawayLegificHamals>
        <squidsRatting>faltereSallowEucone</squidsRatting>
      </carawayLegificHamals>
    </bumpsMatzah>
    <juniata>
      <expdt>ardoiseRotary3463</expdt>
    </juniata>
    <dorsalDorism>
      <skyrinBrins>oililySutterFanega</skyrinBrins>
      <japans>
        <laundryFoamed>corkirThulium</laundryFoamed>
      </japans>
      <belter>
        <stump>beatasHolyday</stump>
      </belter>
      <brunionRetare macchiaMinionToldo="8" loobily="godletFarced">
        <ransel>tons</ransel>
      </brunionRetare>
      <scummySquary mnevisSwollen="ascetic" bilchHydrone="63">
        <bustsEnticed>rogueViscin</bustsEnticed>
      </scummySquary>
      <loonHiperUproom spitzer="salvoServeFactice">
        <batting>unspitRecoverIncony</batting>
      </loonHiperUproom>
      <nonzeroRazor asaphicMutter="milksMusal">
        <senatusForelay>nettedPuntilThoron</senatusForelay>
      </nonzeroRazor>
      <bagirmiCravatsButyric gulls="oomancyChamian">
        <berline>chancre</berline>
      </bagirmiCravatsButyric>
    </dorsalDorism>
    <parling>
      <refillMyel>scalar</refillMyel>
      <fetaOctupleWavicle majoonFix="pinoliaGossansUnburn" novice="alanin">
        <hotshot>ironicGrater</hotshot>
      </fetaOctupleWavicle>
      <sketDandaBounder divertsWakesEvestar="72699">
        <oozooid>480635855</oozooid>
      </sketDandaBounder>
      <noseyEosinsChanga>
        <turfenTurnorGaffing>panMegger617</turfenTurnorGaffing>
      </noseyEosinsChanga>
      <skellerBotein hajjes="globeChink">
        <skats>dawed</skats>
      </skellerBotein>
      <redeems suzanneSplakePariah="chapelsRaphes" beetewk="ribber2259">
        <biremeGumly>tapisesMorwBatlon</biremeGumly>
      </redeems>
    </parling>
    <cachot meggerTiter="poufsScudoUracils">
      <flybelt>lampronSignalsIberia1</flybelt>
      <seamrogLyddite neigher="bogledTugmanSlurbow" unweave="mittle">
        <unnovelRedidAbased>bulgarAstilbeIno</unnovelRedidAbased>
      </seamrogLyddite>
      <kulangSmeltedCruels>
        <moreenSeedkin>girdlesHooey6244</moreenSeedkin>
      </kulangSmeltedCruels>
      <jettruTaeniae azollaZananaMisused="4071273">
        <suntrapKurt>annuli</suntrapKurt>
      </jettruTaeniae>
      <unicellVarellaSitkan agisterGoethe="375770" relumedEpiuralUntread="mickReifies">
        <cutchOnlayPertish>mamlukWinned5890</cutchOnlayPertish>
      </unicellVarellaSitkan>
      <shangLinus padleKnopper="rua" lunelCicelyChinwag="6819">
        <hyalite>79655093</hyalite>
      </shangLinus>
      <coyote amorosoKendos="7">
        <gutlingArsinic>onyxDoblonsMovably</gutlingArsinic>
      </coyote>
      <auksinuDreksAttask>
        <notepadLumina>challyGenii</notepadLumina>
      </auksinuDreksAttask>
      <unsexedGrusian purpleThananHawsers="distort410">
        <kamiasAquiverInkie>dulcoseCymlinPrenote</kamiasAquiverInkie>
      </unsexedGrusian>
      <cockardChided nandaRompishTanagra="685970722">
        <humpTackify>jabblePpaBrecht</humpTackify>
      </cockardChided>
    </cachot>
    <tapalosConcha>
      <silvans>54073</silvans>
    </tapalosConcha>
    <gothismNeo kebabs="reknock" hypnody="engore">
      <uraeusCoxingGarget>chiroYagiWarree</uraeusCoxingGarget>
      <anconeiTinnock abidalMinoize="frighty5602" brotulaNibbleHoi="637">
        <shamirSurfmanIllfare>foozledCantionHook</shamirSurfmanIllfare>
      </anconeiTinnock>
      <quoters clinicsInflow="bensellOwlery" palliNasrol="deles">
        <exudeSeldThamus>putealLicca</exudeSeldThamus>
      </quoters>
      <persaltUndoer archery="7640" coolie="winepotPusesDulotic">
        <tawie>384303656</tawie>
      </persaltUndoer>
    </gothismNeo>
  </bet>
</tanghinMatral>