<?xml version="1.0"?>
<macaoDagon>
  <meanlyOtolithDegras redared="cipo" wopsyPenlikeUpgush="korahYakaFesty" blote="toughieKilneye" unspedDried="52300971">
    <sepoys municDarnersTue="leefMettled">
      <alexiaMiombo>tofts</alexiaMiombo>
    </sepoys>
    <bembexBesew>
      <phillisMarlsDuddy>dribberTopless950</phillisMarlsDuddy>
    </bembexBesew>
    <fangledFenlandHestia>
      <wagaun>serpariAuxesisDecke7</wagaun>
      <cordsNanoid>
        <jasonPleonFondish>zoealPeytrelUpstirs</jasonPleonFondish>
      </cordsNanoid>
      <thyrsiAltezza tembetaChaisFinny="sighers41">
        <ecoleAlgomic>swagingEupathy</ecoleAlgomic>
      </thyrsiAltezza>
      <tenuity>
        <perpendLege>warineClanger</perpendLege>
      </tenuity>
    </fangledFenlandHestia>
    <sonship>
      <ramblaFettersVetusty>423882872</ramblaFettersVetusty>
      <noticedWoftMalmier ruckingPriced="untress" defacedScrawly="tedgeTway2">
        <subnetEphebea>coirs952</subnetEphebea>
      </noticedWoftMalmier>
      <waylandDudishQuerele tutrix="sextetsPutoffBattues4161">
        <wilkin>floreta490</wilkin>
      </waylandDudishQuerele>
      <orthantTeledusWorble>
        <wakeupAptotic>61634</wakeupAptotic>
      </orthantTeledusWorble>
      <erugoUpttorn>
        <cowed>474265958</cowed>
      </erugoUpttorn>
      <bedpostAnticusDoolees>
        <wonderDaemon>hexamerMafioso</wonderDaemon>
      </bedpostAnticusDoolees>
      <sunburnHickeysOddness>
        <raughtAlidade>heirsTeneralRuffles</raughtAlidade>
      </sunburnHickeysOddness>
      <darksLambiesFlyings>
        <fraiserSlurped>abkaryOarhole264</fraiserSlurped>
      </darksLambiesFlyings>
    </sonship>
    <subnoteAzoxBuchite oshacGenepi="hammalsCurtest" tarriesLaudist="crawlUnlove">
      <oatyCraked>kaldani</oatyCraked>
    </subnoteAzoxBuchite>
    <carrot>
      <summut>xylite</summut>
      <piesFrithsCowshut>
        <fermacyBoilerChores>268792</fermacyBoilerChores>
      </piesFrithsCowshut>
      <gearboxWedCyamid steepsKoppiteAmyroot="boseXerox">
        <bornThelium>priapusPuton891</bornThelium>
      </gearboxWedCyamid>
      <unrated>
        <kwazokuLensed>bennyWorkful28</kwazokuLensed>
      </unrated>
      <guffEtiquet radiate="psig548">
        <sijillDimmitTipup>fuddle</sijillDimmitTipup>
      </guffEtiquet>
    </carrot>
    <apopyle enarmeSotie="limit">
      <battishSeltAverter>burden</battishSeltAverter>
      <impar sworderDipode="kilubaMnesticHacking">
        <debiteGou>cwtMoundyOpener</debiteGou>
      </impar>
      <aloidLeamBuxom cariesCuttage="mitua">
        <snoozesRemodel>caper</snoozesRemodel>
      </aloidLeamBuxom>
      <aidanceBiprismMinder gestorMusefulTitule="slumdomEllipse">
        <billed>5554171</billed>
      </aidanceBiprismMinder>
      <scaur>
        <aurineBesnareHarpa>69384217</aurineBesnareHarpa>
      </scaur>
    </apopyle>
    <usaraBraversParvenu>
      <attaQqv>semigod</attaQqv>
      <umbral tattled="crenulaCoffret">
        <fadedly>joyhopBoylas9150</fadedly>
      </umbral>
      <moujikHaikunOptive todays="papioPlumRupert65">
        <gustyBurlaceSuccubi>6</gustyBurlaceSuccubi>
      </moujikHaikunOptive>
      <nodalUranite>
        <deticksMridangLown>84058</deticksMridangLown>
      </nodalUranite>
      <ruckus>
        <dauded>rupiaHacksawDiol</dauded>
      </ruckus>
    </usaraBraversParvenu>
    <rentierSkaffieAstrer>
      <inportInsue>upthrowSmugism</inportInsue>
      <asaphusRegiaNights saltersMense="deluceOllav" reearnNowroze="dirking">
        <crwthsUnspied>avern</crwthsUnspied>
      </asaphusRegiaNights>
    </rentierSkaffieAstrer>
  </meanlyOtolithDegras>
  <aromalTelegnCarida crustaNeele="centaurUtiLobbed" godwits="stops" esrogMetopicBefriz="arealMenyieRivel" enureScandix="disbarRoupet" />
  <ottoInermes buyer="439774" skulpMider="culebraSindocDish" wilted="madames">
    <scaselyCuspisProle marginsSmitersIdist="cossid" catlapAphonyAlcids="erns" clarityVerruga="hazers8">
      <hexaLeproseRoadbed>bhikshuTaku</hexaLeproseRoadbed>
    </scaselyCuspisProle>
    <astreBaetyl druggetBerne="99243" caroa="6" unhelerAcetal="logoff">
      <petate>4</petate>
    </astreBaetyl>
    <weal imagoAmbitalFub="recycleParable240">
      <comitesDailGomeral>unriven</comitesDailGomeral>
    </weal>
    <munsiffMisshipPhaseal eyrenStoothIlluvia="1856133" renoveBraza="73">
      <molkaScaridZolaize>mohur</molkaScaridZolaize>
    </munsiffMisshipPhaseal>
    <eplotSacque dubbersBeprose="nataka" wahinesSloughsStacte="blowseRousPaseos">
      <warmupInterjCitral>51127968</warmupInterjCitral>
      <orisonsFoveaGammick pluvian="3167">
        <xeroxed>arupaBetorn</xeroxed>
      </orisonsFoveaGammick>
      <oohing massaCamataRangers="58171">
        <yankedTuskCheck>fetesAntheia</yankedTuskCheck>
      </oohing>
      <vicoiteYizkor absoilBelaced="roscianViverra">
        <pastierSevens>detenu8</pastierSevens>
      </vicoiteYizkor>
      <oinkedCrummed dilaterHoppers="yarry">
        <lipemia>hommackKootcha9</lipemia>
      </oinkedCrummed>
      <frayed bassetsAgist="tanakaBarberCordal">
        <roarers>910</roarers>
      </frayed>
      <guzeratShamanCumbly soldSpigot="dakoits">
        <agraniaExiledMoistly>obovalPost</agraniaExiledMoistly>
      </guzeratShamanCumbly>
      <duskly iambistFirma="rathest" coothFormbyHagein="mongrelHaickAttaint">
        <eudoraMattinKamao>790</eudoraMattinKamao>
      </duskly>
      <clankCreeshAlkanol sloops="torpex" oinking="ikanMoraleRibband">
        <brazilsByth>moulViverra</brazilsByth>
      </clankCreeshAlkanol>
    </eplotSacque>
    <paramos>
      <dentex>clos</dentex>
      <lessorMeq ignite="eupneic" mystery="bacchar">
        <yohoPurples>apayDavens</yohoPurples>
      </lessorMeq>
      <cooersBandy bemean="secondsKokuminAkawai3971" cigaret="vibrato">
        <prinkDangsQuandy>unlimbRender</prinkDangsQuandy>
      </cooersBandy>
      <clearsPlaitedCathin devonsSlinky="stookAuksinu" arsenalKnorhmn="ahaainaMires">
        <tartarePinbush>anethum</tartarePinbush>
      </clearsPlaitedCathin>
      <bolognaSmileNuclide>
        <oiliest>mtx</oiliest>
      </bolognaSmileNuclide>
      <certesBotonnyBdls>
        <scruffy>4</scruffy>
      </certesBotonnyBdls>
      <apodal inisleKam="expoCushag">
        <pyche>tetradsFarleuChawers</pyche>
      </apodal>
      <birchenNoechoAlecs sharersStipuleHeptads="59">
        <otisJasmineTimeous>tootingFungia</otisJasmineTimeous>
      </birchenNoechoAlecs>
      <moop evict="selterGremio" revotedArcanal="capocheMolifyMacro">
        <exodoiWardman>datumKsar</exodoiWardman>
      </moop>
      <seneginChokier kinkhab="cytode">
        <wahwah>belchIsisRcpt</wahwah>
      </seneginChokier>
    </paramos>
    <tomtatePellatePrances renwick="chestyElegiacTaking" kisaengLingerVanmen="alum">
      <gasket>xiphiusPlosionNovity</gasket>
      <inact>
        <untrimWiles>belyingRiotersBobber57</untrimWiles>
      </inact>
      <cleamer>
        <oppugnBergere>53</oppugnBergere>
      </cleamer>
      <aloadaeBaleare carcelIsobase="uploom">
        <taintsLethean>788</taintsLethean>
      </aloadaeBaleare>
      <pyoses stabileLeptidTriduam="76549" jacketsFulcrumAviates="cacanaBrusureMocha">
        <blufflyLyric>fiardTilted</blufflyLyric>
      </pyoses>
      <skyishJebelPigherd mesked="syceEyra">
        <nizeyCacking>coixOmlah4</nizeyCacking>
      </skyishJebelPigherd>
    </tomtatePellatePrances>
    <blowoutBulanda rippetHyaenas="8" brasseAdobe="scamble">
      <feh>folioseHymenicJourno4421</feh>
      <unlivesLucrify>
        <appose>dermadSlavize</appose>
      </unlivesLucrify>
      <elided cebineBarmsCentos="dingier" hyphema="syntanHexaceDamasse">
        <vilerAmnesicSuaver>spretIdlest</vilerAmnesicSuaver>
      </elided>
      <blanque>
        <elanetPlummy>584012</elanetPlummy>
      </blanque>
    </blowoutBulanda>
    <cavatePendentSyd spaniolMocoJocker="noughtHyp">
      <gobbin>99</gobbin>
      <timetrp chadTossers="309">
        <furiosoStoolieBaccy>93677</furiosoStoolieBaccy>
      </timetrp>
      <trendyWaferyLoners whinge="4">
        <katieMaroonsSist>ratoHydride</katieMaroonsSist>
      </trendyWaferyLoners>
      <moodsFlings>
        <ribband>missishTurnipy</ribband>
      </moodsFlings>
      <squashAudiosCyclene>
        <maghzenSeletarKonjak>ebonistOlivileMalted3681</maghzenSeletarKonjak>
      </squashAudiosCyclene>
      <mewardQiviut>
        <soakerHepperOodles>kikumonBeauti</soakerHepperOodles>
      </mewardQiviut>
      <fleshesHoamingAgast donald="uremiasCoccal9">
        <parchedRealistAntbird>balitaoAhmadiPresets9595</parchedRealistAntbird>
      </fleshesHoamingAgast>
      <peronei>
        <mesquinShakesDisbase>harkenBrotan27</mesquinShakesDisbase>
      </peronei>
      <paikedGouter>
        <odonticSafrole>mooredSlouchyCarouba8394</odonticSafrole>
      </paikedGouter>
    </cavatePendentSyd>
    <topmastMisease kayward="usable" palluMiskalsUphroes="8041595">
      <ligninHelen>clashyBalky</ligninHelen>
    </topmastMisease>
    <unborne>
      <pouter>rebrushZings</pouter>
      <plateau bensellUnderly="feusRetakePrice" potashVage="jalet">
        <wurrusMomzer>benorth</wurrusMomzer>
      </plateau>
    </unborne>
    <emulge hexsWepman="5136884" sweeper="3394" lyophilHiper="wamusesWigging">
      <grasniDyspnoi>isatin</grasniDyspnoi>
    </emulge>
    <raciest mim="saw8244" ducaton="malacca" westeSquirlDatos="4">
      <fidelioHymnalsPrimos>7806646</fidelioHymnalsPrimos>
      <rohillaDaimon>
        <fockle>milewayDarbLytta</fockle>
      </rohillaDaimon>
      <hobits tomkin="strokerGrumphSilicic">
        <mutinedAquaferBundle>valeted</mutinedAquaferBundle>
      </hobits>
      <teemfulTode equinoxGunungSmellie="271888">
        <casiriSolodVotal>litoralVaccinaScabrid3012</casiriSolodVotal>
      </teemfulTode>
      <worden smogs="baccharCarlino">
        <hegemonAdaxialSuzanne>1537</hegemonAdaxialSuzanne>
      </worden>
      <befilthBabismCashoo liposisAscrive="thulirExonymLetrist" drubbleEnointSeesaw="854728869">
        <wendigoRauli>71834</wendigoRauli>
      </befilthBabismCashoo>
      <abaddon>
        <anaudic>juncatCraal</anaudic>
      </abaddon>
    </raciest>
  </ottoInermes>
  <scrumpThumpVin plaguyPhotonOrestes="plightsSeity" mizens="sows">
    <uppuffLuxusUnideal pickoutTembeta="6417772" nodesSuaharo="closest" webelosSkillo="monsterWauchts">
      <crypted>fucosesDitas</crypted>
    </uppuffLuxusUnideal>
    <beadeyeEmbelif>
      <susan>3</susan>
      <smore>
        <reisnerSappho>veriGrittedMatador</reisnerSappho>
      </smore>
      <doucelyPulmentUronic daggaNull="653899">
        <worstInvict>numud</worstInvict>
      </doucelyPulmentUronic>
      <morusBanshieWaregga>
        <congestThronal>555945</congestThronal>
      </morusBanshieWaregga>
      <phemie mediumDonnism="ramon" machinaAldrin="71">
        <pannesKakar>ribandsAutecyMuffy</pannesKakar>
      </phemie>
      <skivesProas tankingHingers="52380887" canguesUngrand="formousTolesMapwise">
        <uncinct>fellows247</uncinct>
      </skivesProas>
      <hullosCrewetNaggy>
        <swannet>suborn</swannet>
      </hullosCrewetNaggy>
      <plattyEsthExtatic bowlegMarica="nuisomeZabermaSubplot">
        <kapelleMamona>taxablyApseMoneric9</kapelleMamona>
      </plattyEsthExtatic>
      <entererFrisureSweats>
        <imbuWarbirdFaceup>crimineTwerpParvule7437</imbuWarbirdFaceup>
      </entererFrisureSweats>
      <castenMesneIsthmic>
        <paauw>5114</paauw>
      </castenMesneIsthmic>
    </beadeyeEmbelif>
    <meddled cremantPacoHeling="rumePinonicPazaree">
      <hacklogKnobbyGurgle>holdupScutaUntroth600</hacklogKnobbyGurgle>
    </meddled>
    <dowagerManroot>
      <haybirdWottedPastors>stheniaBacchic</haybirdWottedPastors>
      <fideist>
        <pillaryItaliciLycus>nomapRejoinsNatick</pillaryItaliciLycus>
      </fideist>
      <crickedYarest proagonDandies="1490" taataLido="hufflerCeruses">
        <diander>eunomyOfficio</diander>
      </crickedYarest>
      <fungian cozeysCochleaMutular="8087">
        <umm>avijja</umm>
      </fungian>
      <moatingMechant sashay="choutOutwash" phytonsRix="urmanEcbolic">
        <lichtAgyieus>107051802</lichtAgyieus>
      </moatingMechant>
      <hoyles petcock="trocksOneself">
        <carob>curiesFryChegoes37</carob>
      </hoyles>
      <tilingsHowdahs tapiroClich="flamy" spretMoineau="soclesTophusSpaniel">
        <chousUnclearMailers>pulled52</chousUnclearMailers>
      </tilingsHowdahs>
      <rha pixesFudgingWarmish="cooboosYeelins" galops="fcyCaudadPinnas">
        <episciaHalSnaith>tweakerSwimbel</episciaHalSnaith>
      </rha>
      <azhaSlutsTrucing>
        <docious>482474</docious>
      </azhaSlutsTrucing>
      <abote ciguaGallowsSimple="indearPopess" jeddockDingar="31">
        <boulimy>kind</boulimy>
      </abote>
    </dowagerManroot>
    <ragtagFavelas>
      <sherris>alvinaSeedersCatch</sherris>
    </ragtagFavelas>
  </scrumpThumpVin>
  <festalEctirisGlides />
</macaoDagon>