<?xml version="1.0"?>
<frailty>
  <ohoyZoogene whereer="33" dalliesWhey="5956" cuesta="faringTompionBilboes" />
  <albaniaMorWagger poppiesLukanYarely="limber" pitchyAftaba="30091067" />
  <kovil>
    <hurrock>
      <xylosmaBeamers>coddedHitchedDads7780</xylosmaBeamers>
      <axonostKisraLipemia>
        <hirstRegmataFlorist>binitsQuerns</hirstRegmataFlorist>
      </axonostKisraLipemia>
      <dautieBedsockSeedbed dwelt="361340685" sharifsApposesTeleuto="chaneBapt">
        <mume>jessieFuckedFaciend</mume>
      </dautieBedsockSeedbed>
      <jewry>
        <cadmusKua>morsureSummers</cadmusKua>
      </jewry>
      <jazyTaoyin sylvia="beachyValves" xinca="loopfulRandleEnroots">
        <firkerAnally>brokageTortueAlumnol6</firkerAnally>
      </jazyTaoyin>
      <selahsUpsVallies jemidar="raisingCorvoid">
        <turpethFoxfishShi>invests</turpethFoxfishShi>
      </selahsUpsVallies>
      <bibbedBuzzyGilet overcap="lucayan" forlain="654517">
        <jumbal>moory</jumbal>
      </bibbedBuzzyGilet>
      <haeminsHoneyedHahnium quieta="routineGuest" raisinFearfulNavete="71">
        <ingrave>anulomaProwedToffish</ingrave>
      </haeminsHoneyedHahnium>
      <limes>
        <samitesVerdure>heildRoughtTwisel</samitesVerdure>
      </limes>
      <farting>
        <zeroth>634528606</zeroth>
      </farting>
    </hurrock>
    <ejusdSmousStarers>
      <untucksYamensBiffed>91254</untucksYamensBiffed>
    </ejusdSmousStarers>
    <loosenTitiSault>
      <squallPerkyFreyja>99781</squallPerkyFreyja>
    </loosenTitiSault>
    <rastikMioticsAmesace>
      <wallBlotty>400</wallBlotty>
      <arabicJehad>
        <shluhCatalpaDisyoke>71</shluhCatalpaDisyoke>
      </arabicJehad>
      <giglet alarPegAnuloma="cliffedVaryOxonium">
        <parbakeChenAdepter>upendAttaste882</parbakeChenAdepter>
      </giglet>
      <kimonoDragsVotally ullucoCreeks="heimdalClaroes" hereof="birrusInhabit">
        <oxyopyBimeby>toddleBowlingTammie</oxyopyBimeby>
      </kimonoDragsVotally>
      <dishBijouxKits totedGaslockBeblain="nickersUnburstBonus777">
        <warperChammShillet>22080886</warperChammShillet>
      </dishBijouxKits>
      <cafoy kadineMucor="rooing" presselRunoutRehinge="fates">
        <radion>humateDaven8368</radion>
      </cafoy>
      <sansei>
        <escalopWeirder>10298214</escalopWeirder>
      </sansei>
    </rastikMioticsAmesace>
    <scalade nimble="wobblesScutum4656" hawkie="5207171">
      <remedeDaglockCatskin>mowrahPittine</remedeDaglockCatskin>
      <hydaticAccountReburst borage="poddyFilchRodolph5847" islesSiren="4049894">
        <cheerioHankedLooing>13633276</cheerioHankedLooing>
      </hydaticAccountReburst>
      <tzurisRums>
        <sosoish>flierAskew</sosoish>
      </tzurisRums>
      <premial simiaTigrinaTropyl="phlegmaSanctusDroplet4503" lepersDominic="mummer">
        <scraped>coalbag</scraped>
      </premial>
      <tomboysResect becheUprouseSagging="3051">
        <dupes>41262586</dupes>
      </tomboysResect>
      <bogetSlunk>
        <urlarAbkary>50</urlarAbkary>
      </bogetSlunk>
      <manillaCabobsRisings>
        <outgave>7077730</outgave>
      </manillaCabobsRisings>
    </scalade>
    <reichOhelo turcianRivalUnevil="samirHocksPongees" yarrow="paraded37" abrazosDingledPolio="28279">
      <ribososApodan>qantar550</ribososApodan>
    </reichOhelo>
    <liftmanRasslesPyocyst heeling="203869293" halibutSpookyShorted="ravageBlatOutplay66" muzzlesOdyls="titianEuda">
      <bontokPrefillCrib>conuleDhutisUpgrown</bontokPrefillCrib>
      <gippo anaboSubdie="3" infamyUndy="mafuraCambaloRissoid">
        <hunk>billonAwiwi</hunk>
      </gippo>
    </liftmanRasslesPyocyst>
    <outerlyCrewed>
      <devestsPenileFoxish>didymNiches9251</devestsPenileFoxish>
      <cinerinAnneals>
        <elitistManoFurther>hugBusloadOncost</elitistManoFurther>
      </cinerinAnneals>
      <refines>
        <fagales>lurkers575</fagales>
      </refines>
      <dipChego swipyNervier="chloridJapish" mahatListelsMeaning="mundaneInuresTarrify">
        <seqqPlummyFolky>ormazdLocarno</seqqPlummyFolky>
      </dipChego>
      <cantosBadassDecuman>
        <yanksJeopard>6</yanksJeopard>
      </cantosBadassDecuman>
    </outerlyCrewed>
    <cauteryAimPut>
      <bedeBroilsRatcher>umbras</bedeBroilsRatcher>
      <inblowAmylom>
        <pobbies>chindee</pobbies>
      </inblowAmylom>
      <dolorsApogeicHigra numen="wormingLogion">
        <framesAngoras>630</framesAngoras>
      </dolorsApogeicHigra>
      <spunkKymnel fanyFeeingOpting="armhoopPinonesCoracii">
        <iterGigback>cackedAcolyte</iterGigback>
      </spunkKymnel>
      <pax scaurie="dertra">
        <winery>canard</winery>
      </pax>
      <senlacHalelyKibei prossy="kanap">
        <stumpyBacaoGadoids>preallyIrising</stumpyBacaoGadoids>
      </senlacHalelyKibei>
      <surrahMagical>
        <parleysOcyteCiboney>xxiFisheyeGenius</parleysOcyteCiboney>
      </surrahMagical>
      <lessensHoardAsconia reshownAerily="leucismLeap">
        <lonhynMaidish>bluffedMecateAtwirl</lonhynMaidish>
      </lessensHoardAsconia>
    </cauteryAimPut>
  </kovil>
  <arrivalGleekBelucki mollsBlat="184" nigger="estrone">
    <tractorSuckled uroFried="belonid" pinacesDucal="22600777">
      <relight>9</relight>
      <lingo galeagePrower="abanicDroops">
        <morello>bushful</morello>
      </lingo>
      <hangdog august="deputed">
        <manocBowlyGleg>tellersBobbyBangy</manocBowlyGleg>
      </hangdog>
      <swirlsOutriveFondler>
        <drugs>stiltedZygomasCoveted</drugs>
      </swirlsOutriveFondler>
      <levade duelistMopping="46" toiletsBugongJumpoff="420881005">
        <phr>decuriaUrocystFilacer2</phr>
      </levade>
    </tractorSuckled>
    <cantel>
      <seconalMugweed>fecit</seconalMugweed>
    </cantel>
    <campoutStroamDuro dunkirkTomand="porkeryBlearsTripe7" full="confuteKhanjar" deviousBairnly="4217">
      <scotchyNapead>928053174</scotchyNapead>
      <wendedGrainer>
        <curlilyOrgone>coupFlierChanga</curlilyOrgone>
      </wendedGrainer>
      <cleekedOthello>
        <waferedHugestPrimus>acusQuienal3711</waferedHugestPrimus>
      </cleekedOthello>
      <agreeAudrey betellBunkums="komati" fleeingShirks="3">
        <anderunMiliumOutroll>caphite8</anderunMiliumOutroll>
      </agreeAudrey>
      <chiripaRageesFrizers>
        <maniconBote>gigotConusorGallops</maniconBote>
      </chiripaRageesFrizers>
      <wemNidePollage>
        <atheist>586</atheist>
      </wemNidePollage>
      <mushOrdains scads="fribbleGideon" barbutMym="vitularYovenMaleo">
        <thenalShaper>420002157</thenalShaper>
      </mushOrdains>
      <skijore styrylFlettonOxen="644352041">
        <togtDesmidRazored>329</togtDesmidRazored>
      </skijore>
    </campoutStroamDuro>
    <jurallyKnitGinmill>
      <bravadeJobble>tallageWherebyRegiven</bravadeJobble>
    </jurallyKnitGinmill>
    <placks erinoseIcosianGermy="guiderCallas" snortedCeltWarsler="wrootWildcat">
      <hierosCatsups>unaged</hierosCatsups>
    </placks>
    <wavey clutterHostageSonsier="publiceWambles">
      <carawayPianos>voyanceGibaroWhereup</carawayPianos>
      <shedmanCantaro tapeYippingMaoist="standsHisselfOrdered">
        <swarthsAsherahMommer>hamiteWoonAsclent</swarthsAsherahMommer>
      </shedmanCantaro>
      <trampedShavies>
        <grussPlexorsVaisya>awedPrizery</grussPlexorsVaisya>
      </trampedShavies>
    </wavey>
    <unital becrime="bogeysAirths1381" pygmy="saltiesRaviney">
      <tuffetsNecks>463355</tuffetsNecks>
    </unital>
    <apologs>
      <knowersExistsMohurs>bolos566</knowersExistsMohurs>
    </apologs>
    <tolas approRuaFervent="conflabGlobulePittard">
      <bilgeFixerInculp>uppityJudokasUnified</bilgeFixerInculp>
      <gamuts kamel="shortSookKewpie8068">
        <bundook>805</bundook>
      </gamuts>
    </tolas>
  </arrivalGleekBelucki>
  <kebobVentaAtmas source="62421" maylikeRedubSoucars="673789" aspoutTubba="190" />
  <potfulDoves orale="prestlyCosAdjusts">
    <lyceumsPalameBorley xanthid="698071" purerUnshiftNumbat="800465" grex="3199">
      <rrhizaKraaledCoyos>bamSoredia484</rrhizaKraaledCoyos>
    </lyceumsPalameBorley>
    <litvakContin reflate="cosechLovery57">
      <mucosal>jarred</mucosal>
      <platyPalmerFasted wartimeStooged="50263339" affinedOilerRagis="petriZacatonJoinant">
        <scranchCamberVeepees>oxazoleRazzerCadua</scranchCamberVeepees>
      </platyPalmerFasted>
      <ernieAlleger geodesyGripierWedged="olpesPreyers">
        <peeke>roaditeRuinousBarking</peeke>
      </ernieAlleger>
      <staredAsinegoTreeing sipageSleave="2977798" dativalInnedTabific="hypnody519">
        <congosOafs>cached</congosOafs>
      </staredAsinegoTreeing>
      <zambal chloricUranin="totedCrengle" amuguisCoccid="hakeaBantery">
        <sizedDowp>26653</sizedDowp>
      </zambal>
    </litvakContin>
    <hamaldDeduct torretTowelryHeeling="taig" ferrashSwerved="hackedSauger">
      <seyDefames>porousTornoteDispell</seyDefames>
      <ulidiaMopingFeyest>
        <lunger>influx</lunger>
      </ulidiaMopingFeyest>
      <corneum grannieGlazenLumbago="ackeyPhyllinCacara">
        <zouavesAntickt>5</zouavesAntickt>
      </corneum>
      <fiscalHerling jollifyEtonianTroika="dusken" outpass="guardTorched37">
        <prepUppluckNovity>118754</prepUppluckNovity>
      </fiscalHerling>
      <carguedPaulins bougeSpatialTheines="stepHamadan" silagesToilful="korinSloven">
        <begrime>nervish</begrime>
      </carguedPaulins>
      <ambricaSeicheOozier>
        <piceneThumps>yashtNawob</piceneThumps>
      </ambricaSeicheOozier>
    </hamaldDeduct>
    <forswatTufas niff="7072985">
      <vulvaEmpaper>gundeck</vulvaEmpaper>
    </forswatTufas>
    <mauleyKuffiehSoko>
      <varasEnsiledUncocks>cabbedHypogynPasha</varasEnsiledUncocks>
      <pedantOedipus doer="muumuu782" brikeWonkier="cymlin">
        <dcorFlaucht>stammerMeinies581</dcorFlaucht>
      </pedantOedipus>
      <amylose tiedFalisci="papriksHogheadPfc">
        <whoopeYapper>gangers</whoopeYapper>
      </amylose>
      <squench sanyasiDarers="mowsMazdur" devcharVair="vastlyFellers2008">
        <ruiner>brottSooganGigsman</ruiner>
      </squench>
      <rudloff retints="allurer">
        <flavorsSyeFussing>replierSedging</flavorsSyeFussing>
      </rudloff>
      <avarian enfieldBeatae="daylongExt" cucujidEmpairWhining="ostiaThurt">
        <kowhaiUncut>99</kowhaiUncut>
      </avarian>
    </mauleyKuffiehSoko>
    <peisesLooey>
      <cistronTazzeIndabas>goralsMucosalRerival</cistronTazzeIndabas>
    </peisesLooey>
    <moanSirkiSambuke>
      <outtearOrchic>hagada</outtearOrchic>
      <kingingBones>
        <zamia>copymanChihfu</zamia>
      </kingingBones>
      <boastsToling>
        <mawCeras>araceaeUpcry</mawCeras>
      </boastsToling>
    </moanSirkiSambuke>
    <veteranAdvenae murlackLucanusStub="615185" venustUveal="cadmus" outleadJawfallVilest="paiche717">
      <febrileTwinnerParson>2</febrileTwinnerParson>
      <easiesBrogansTrucha>
        <uvulae>blesseYampaHullers</uvulae>
      </easiesBrogansTrucha>
      <piecerThack aes="odonata">
        <sixthet>trilabe</sixthet>
      </piecerThack>
      <untightWitchetUnbrown>
        <laity>arabyWindily</laity>
      </untightWitchetUnbrown>
      <biggenGuttaEndhand junkmenCaning="amalg489">
        <chaetal>crackImmoundAssays7961</chaetal>
      </biggenGuttaEndhand>
    </veteranAdvenae>
  </potfulDoves>
  <lwoIpomoea dawningUnmoor="amorphaBuffa">
    <arrearsEpigeum istokePrositAgreat="tashlikArmholePartlet" dustmenGor="soldanVessetsVaster">
      <soaksSyntanRoy>199</soaksSyntanRoy>
      <adenineDeeps>
        <seamusGrapsusAcopon>autoist</seamusGrapsusAcopon>
      </adenineDeeps>
      <senufoTrochee caffoyBittyViscid="alioth">
        <petitioAmuletsTrigram>glider</petitioAmuletsTrigram>
      </senufoTrochee>
      <palkiCucuyoEpimere pinsons="762709643">
        <accloy>dubbinsWheftDeiform</accloy>
      </palkiCucuyoEpimere>
      <abradedAcidly ureal="786364286" trefleEpimer="7">
        <ghan>wisdomsMytilidSacro</ghan>
      </abradedAcidly>
      <fussilyCscSynaxar>
        <seeseeEthiops>wonningBrasse</seeseeEthiops>
      </fussilyCscSynaxar>
      <aquaticHigdonSpirant rigors="bocci" seaveShaughInkosi="occurs">
        <romeine>talpaHulloa</romeine>
      </aquaticHigdonSpirant>
      <throaty hoarilyAdipateGorgers="6215988" morrisGalliumCutins="4011">
        <uphungFrugsGoyish>bozzeCosignsIndolyl749</uphungFrugsGoyish>
      </throaty>
      <jibbonsArroyo>
        <gigantPotailPartly>viatorsDawny</gigantPotailPartly>
      </jibbonsArroyo>
      <sambukeMastic piltock="athena" tribrac="callant9">
        <puritanSirra>damiana</puritanSirra>
      </sambukeMastic>
    </arrearsEpigeum>
    <posho kanganiMaharaoKobang="620828924" dopes="farcinUneaths">
      <fontBaptDuplify>kibitkaLordan764</fontBaptDuplify>
    </posho>
    <judaic>
      <craniolJaegersCourted>autismLunaDreamy</craniolJaegersCourted>
    </judaic>
    <contisePelicanChevet>
      <divotsEagleLimits>coyolLeah</divotsEagleLimits>
      <panama>
        <ovularMismetCooches>clench</ovularMismetCooches>
      </panama>
      <airdrop>
        <nawUnguealDimpled>octadicAltaicGigue</nawUnguealDimpled>
      </airdrop>
      <paritor>
        <malignsFatal>chumps</malignsFatal>
      </paritor>
      <skelderDolt maslinDunfish="coanAlangin" myosoteBiasing="expreme219">
        <flotasKiersRaping>dirtierPaperedKhussak</flotasKiersRaping>
      </skelderDolt>
      <deitate etagereAquiver="kumiss" sachet="dattoBoldu">
        <dozenSaggersCeding>seesawPigtail</dozenSaggersCeding>
      </deitate>
      <bateman docksPinups="facient">
        <droughtBergh>kinkilyMiminae1910</droughtBergh>
      </bateman>
      <gannerDrowndsTramper furnaceRedbill="chalehAlongWabbly" tsktskShammos="pommyResawCebatha">
        <bescorn>tautogsAngolan</bescorn>
      </gannerDrowndsTramper>
      <asherahBoyship peachenBedecks="unlamedElliceBlotty">
        <yampeeDotchin>naphthoAcher</yampeeDotchin>
      </asherahBoyship>
      <odonateKvinter palmfulHenpenClypeal="firerLuxated">
        <hubbite>cirrusPumiceCalesa</hubbite>
      </odonateKvinter>
    </contisePelicanChevet>
    <anoetic>
      <oppidan>newar</oppidan>
    </anoetic>
    <hewerFailed cutiesReplaneCrawly="nutmeg">
      <maniocsPhycic>prostButtock</maniocsPhycic>
      <yvonne accurseBrickMane="jetonKerry801" studs="5599">
        <unrobedSneezesGrinnie>clawersRiffsTiti</unrobedSneezesGrinnie>
      </yvonne>
      <agamoidSponginBesugar melWinker="mbirasTeddedOutcome" netchaWaukedUnland="meguilpScarves">
        <shwebo>anchovyMoonish</shwebo>
      </agamoidSponginBesugar>
    </hewerFailed>
    <frisky cashawHuke="loloHaleday">
      <sojournVulgar>along680</sojournVulgar>
    </frisky>
    <pannum>
      <mulsify>sestetsCabotZakah</mulsify>
    </pannum>
    <rondeauTripla>
      <outtoldOutcut>tisarJambsShojo</outtoldOutcut>
    </rondeauTripla>
    <latino>
      <anilideSludder>62</anilideSludder>
    </latino>
    <fuzeesOctose hummedGnarls="854138">
      <skeifAjangleHousel>recip</skeifAjangleHousel>
    </fuzeesOctose>
    <aviatedChordaFrounce>
      <mbalolo>frenumsQuaichsVaranid9</mbalolo>
    </aviatedChordaFrounce>
    <correaWittome>
      <sockeyePileatePinner>fardage</sockeyePileatePinner>
    </correaWittome>
    <ceredStiller>
      <seamasToriesDisrate>shimStiffs3275</seamasToriesDisrate>
    </ceredStiller>
  </lwoIpomoea>
  <pobTahrsHunnian meaniePinuela="seba597" cleanerChrist="scabishBagel" hoylesLapides="doubts" galleryUnregal="bondmanNaevoid" />
</frailty>