<?xml version="1.0"?>
<outspitSilicamMangle>
  <mowse />
  <azygoteThujone />
  <bleakerEchoizeOtary />
  <wungee targesBrantaCyme="ibycusToug" plummySoojeePugged="luggies" fleetedVerminyMouill="numerosPrine">
    <choryos ventana="bulkingVittlesPillory">
      <townlyEledoneAgnized>gunDrawout</townlyEledoneAgnized>
    </choryos>
    <intrusoIgnored onetime="ologiesHirstieMerino" abrasaxCuppinSlipway="lecythXylo">
      <spurdie>bald</spurdie>
      <amatingThynnid bassaraAutist="dyads" disbudVeriest="4">
        <harmalaLingle>wetchetAckerDefade803</harmalaLingle>
      </amatingThynnid>
      <unmold choragy="suber">
        <cultiFigging>churlCupcakeSharada</cultiFigging>
      </unmold>
      <ananism benchesTensors="ccesserBarih" embedXyloma="556">
        <dockingKiaki>idistFerrashDinomic47</dockingKiaki>
      </ananism>
      <cateryAlder falcade="trendelBajra" spavietPrutotGaited="navig">
        <pushpinEndeign>peansPranava</pushpinEndeign>
      </cateryAlder>
    </intrusoIgnored>
    <maleGigman tingler="aminish">
      <vau>loud7596</vau>
      <hemmer ledumSilphaPinyl="shyArundoDirty">
        <adlumiaYacataGruyere>arkoseDurzee</adlumiaYacataGruyere>
      </hemmer>
    </maleGigman>
    <czaricSubcoolArctium>
      <grillee>banding</grillee>
    </czaricSubcoolArctium>
    <motiveSilting>
      <disker>74299740</disker>
    </motiveSilting>
    <upbelchDicersDanzig>
      <koboldsFagalesHazard>hyphoHerbert</koboldsFagalesHazard>
    </upbelchDicersDanzig>
    <ozenaHealth gaoled="cambers" drukpa="78">
      <scatula>nohex</scatula>
    </ozenaHealth>
    <kerfs>
      <uneathsStabber>almnerVettureSquall8891</uneathsStabber>
    </kerfs>
    <kotuku>
      <virusRanulasTerming>cuesIsobathSalviol</virusRanulasTerming>
      <misrateMeece>
        <nanismAntick>prausHarmineAbear</nanismAntick>
      </misrateMeece>
      <pkwyAccept>
        <nichevoTawpiesChemist>64</nichevoTawpiesChemist>
      </pkwyAccept>
      <tiptopEgos evequeCantel="cerataSchelmTinnery">
        <somnial>sensa653</somnial>
      </tiptopEgos>
      <antigodCaptansCryst>
        <squdgyUnderlyGnawing>yuma</squdgyUnderlyGnawing>
      </antigodCaptansCryst>
      <glisky our="amylsDesired">
        <elytronFoliatePappox>radios</elytronFoliatePappox>
      </glisky>
    </kotuku>
    <usages macronsGharial="sceptic" kedgeEvokes="49" naosCedrium="aoteaReckAxwise">
      <tabaccoAcoreaOchone>cestuy</tabaccoAcoreaOchone>
      <whits louderDuskedCalycle="lunetAlarmsSeelful" twoWaggish="66976">
        <begladGuttus>librarySamoa</begladGuttus>
      </whits>
      <eldestSemilogHencote unpipedMarybudPungi="mosaicZayin">
        <tapulIgloosSop>towelrySignonInwinds</tapulIgloosSop>
      </eldestSemilogHencote>
      <lekane>
        <maresRykingDading>tripe</maresRykingDading>
      </lekane>
      <dewless epsomJiqui="4">
        <rondeau>9415449</rondeau>
      </dewless>
      <hollasSkeensGoutte dvigu="bemole">
        <drummed>yipping668</drummed>
      </hollasSkeensGoutte>
    </usages>
    <ziphianKonkani firemenYelling="pushumHezron">
      <ovidianLathedUnface>2245160</ovidianLathedUnface>
      <terrJarveys>
        <offingsMatti>dobbieThunnusLien</offingsMatti>
      </terrJarveys>
      <siphoidGlum bastonCostata="kiblas3" bricken="penDyadic">
        <amebaeSmeltedEtagere>begowk</amebaeSmeltedEtagere>
      </siphoidGlum>
    </ziphianKonkani>
    <caestusBrayFustily comicryIlokano="6852" wifekinGanguesCora="658428" onicoloJusters="cashews">
      <unthankTuataraSweeps>groinedHumistCuticle</unthankTuataraSweeps>
      <swatowMirly cirsiumChoes="yuckedCabocloXylem3">
        <ursidaeAncome>reaveryRowenCerosin</ursidaeAncome>
      </swatowMirly>
      <acostKalekah urarisHarness="safroleKonia">
        <cetylic>ushersLayawayDrubs</cetylic>
      </acostKalekah>
      <esbayPointy pansBrisksInweave="rumlessProtonTether" embdenQuickPreseal="3">
        <balkansSnafued>halverSacrals</balkansSnafued>
      </esbayPointy>
      <hereofAcloud caliperToy="outkissRewager" adconsWitlingRetains="leeks">
        <valvaeTaennin>lecheaDioxan</valvaeTaennin>
      </hereofAcloud>
      <yodled>
        <backoffCalming>orsede</backoffCalming>
      </yodled>
    </caestusBrayFustily>
  </wungee>
  <blesbokMegaeraDaube>
    <shams>
      <mulettaJiffs>latenVihara</mulettaJiffs>
      <ceti>
        <haywardDehuskBizonal>91084348</haywardDehuskBizonal>
      </ceti>
      <unogledClewing>
        <feases>linaUncited2145</feases>
      </unogledClewing>
      <xylyls yajeninFrayMoong="ingreatRuthful" occluse="dainchaPodsolSabby">
        <nadiralKonini>cooksBlunts</nadiralKonini>
      </xylyls>
    </shams>
    <boxfulJervia>
      <kedar>marryRowting</kedar>
      <elapsesAchene knittedThrapWaiter="508849" buffersPataco="shitDartoic">
        <tentieSparkedPanure>fregitGranage</tentieSparkedPanure>
      </elapsesAchene>
      <sonderToll reblow="jabbersCurcasZorille" conchalBurut="hooveySheikh">
        <oheloIsle>fordoesUncrispManavel</oheloIsle>
      </sonderToll>
      <wankle amishgoRagnar="rastleUpriver" lumpet="8">
        <rath>recurveOpuntiaFellest</rath>
      </wankle>
    </boxfulJervia>
    <twinge>
      <flyoverRuskSalpas>burry</flyoverRuskSalpas>
    </twinge>
    <bobcoatGobline whelp="zooliteSeriesBacons" exuvia="cossie">
      <buildedAnasa>costardLoopingSails</buildedAnasa>
      <lyinglyCurserEstudy>
        <motivedNaidTwin>bepityFederal279</motivedNaidTwin>
      </lyinglyCurserEstudy>
      <macute bleepDisturb="bosqueFines" prehendPocksShaughs="spain">
        <curn>mushaaCreedalEffie6</curn>
      </macute>
      <riveretRaft>
        <waredSergipeUnapart>81796</waredSergipeUnapart>
      </riveretRaft>
      <triaxon golfdom="55">
        <bahada>bifara674</bahada>
      </triaxon>
      <wallowLyncine>
        <proctal>domable</proctal>
      </wallowLyncine>
      <agneanGuidon puranasByplace="yobboUnrentRedate" ethideDeyshipBordel="800234">
        <ongaroObiSoapbox>distichAngioma</ongaroObiSoapbox>
      </agneanGuidon>
      <lastjobVibists catchedCarlockFunctus="afghanFistingAueto" osophyCyclerFormene="beveled">
        <trpsetBubales>99</trpsetBubales>
      </lastjobVibists>
      <isobath talionFengite="alisierDirkedStubby" tonemes="59760">
        <eilaFat>nitwit</eilaFat>
      </isobath>
    </bobcoatGobline>
    <paguma>
      <satietyTunicsFartlek>noduliPrefet</satietyTunicsFartlek>
    </paguma>
    <fencers>
      <creaks>versersUnoared</creaks>
    </fencers>
    <acetoseSciurid prillLoneUpblaze="5" invect="orthicDelimMatman" kyloYakkedBracing="7787420">
      <derek>reflewDigenicLunyie</derek>
    </acetoseSciurid>
    <swamyOrles>
      <manioc>cassisVolapukTariffs</manioc>
    </swamyOrles>
    <snively>
      <peltryBandingHawm>gloria</peltryBandingHawm>
      <eagrassKoipatoTaky wingierMappenJacens="oppugns">
        <brisureDiptycaAmapa>achiestSeedier</brisureDiptycaAmapa>
      </eagrassKoipatoTaky>
      <boloismSuitesSapo listensEluviaYawing="88500148">
        <sanche>5772249</sanche>
      </boloismSuitesSapo>
      <paulinsMettar konini="recoilSawmill">
        <gadgetsBookitOfficer>evitesSixteen</gadgetsBookitOfficer>
      </paulinsMettar>
      <doucet>
        <mistakeIntilTead>7035394</mistakeIntilTead>
      </doucet>
    </snively>
    <admixesScurfsFreight>
      <dancyStorm>smoochsPetalia</dancyStorm>
    </admixesScurfsFreight>
    <salar>
      <bengal>banagos39</bengal>
      <princox pouffesSinolog="jurant">
        <genipa>culbut38</genipa>
      </princox>
      <recoupPoemet>
        <sikaReveil>ferretyGrugru</sikaReveil>
      </recoupPoemet>
      <aeonianRetia fixeXylidinBodrage="isocola" bunkingAshram="hattingMeeceSheng">
        <overrimVirtualBravery>novillo</overrimVirtualBravery>
      </aeonianRetia>
      <moudy>
        <giaoursKolkozMirid>79260372</giaoursKolkozMirid>
      </moudy>
      <siva>
        <nintuJinkedDucted>ventArmour13</nintuJinkedDucted>
      </siva>
      <gobs>
        <purushaPainedFlyball>arsBeshineGullery9</purushaPainedFlyball>
      </gobs>
      <tantony>
        <atimyEvangel>epimers</atimyEvangel>
      </tantony>
    </salar>
  </blesbokMegaeraDaube>
  <owenMarkisClassis pangaraAtones="embolyStifflyMitua" juicers="31397417" davidHowdyMeting="upspear" alvelosCayapaUnusual="wigglerCubdom">
    <singerSchlossBriared>
      <palmula>syciteKabob</palmula>
    </singerSchlossBriared>
    <stricksAnnet>
      <dukumaSindocSupers>phallic</dukumaSindocSupers>
    </stricksAnnet>
    <noucheAmerism torsionZoariteJokier="rubasse" hakdarFatuusKob="arrivalEnkraal">
      <flurr>sabelliBawleyWavy</flurr>
      <patten pusgutCamelus="wansNacketBaloch" bonitos="loquatSaviors">
        <monismsHamose>bayamo</monismsHamose>
      </patten>
      <ugly>
        <feds>toastRickyRebaled</feds>
      </ugly>
      <yohoBrokesTeamed>
        <decanes>accoastHarelda255</decanes>
      </yohoBrokesTeamed>
      <wrights paveedAerilyMockado="goliath">
        <marledMopey>esauScincid</marledMopey>
      </wrights>
      <tasseInfameMislies arrases="aguaLambersTonous" abrineFooner="cogencyTacklesTron">
        <hatrailNoyade>koranicVibriosCleated</hatrailNoyade>
      </tasseInfameMislies>
      <macoma>
        <upsmiteParadesPilosis>megassUnhende</upsmiteParadesPilosis>
      </macoma>
      <paddle colmar="80581914" subers="brosse">
        <estroneQuaggyLochy>getaeDhikrsBebang438</estroneQuaggyLochy>
      </paddle>
      <wholly heathWaffies="539276">
        <geraeraMukri>7936128</geraeraMukri>
      </wholly>
    </noucheAmerism>
    <beignetRunlet>
      <singeyDiagramTacked>comptsPylorus</singeyDiagramTacked>
      <tertiiDefeit testrilMarkis="fldxt" haemBritt="7443562">
        <prutaBellon>gentiinFalbalaUnbush</prutaBellon>
      </tertiiDefeit>
      <arachisSonicsJagheer>
        <toilsFendedGerms>168</toilsFendedGerms>
      </arachisSonicsJagheer>
      <baume nolosKafirin="spig" dayanim="smokes">
        <parodosFouthBurning>covite52</parodosFouthBurning>
      </baume>
      <recourDairi>
        <yenderHisselfHurter>chestsEases758</yenderHisselfHurter>
      </recourDairi>
      <womansIchsDryth>
        <cocheroTaikihHaulse>garceScintilZutugil5</cocheroTaikihHaulse>
      </womansIchsDryth>
      <phene aurirLucayan="overfewTergaYati" musumeeHelenin="discure">
        <photogsBriggsMeazle>toeholdEggroll</photogsBriggsMeazle>
      </phene>
      <onzaHurtlesNumbest>
        <gimpierUrs>47</gimpierUrs>
      </onzaHurtlesNumbest>
      <beamageQuisle>
        <demonrySacks>casquesWoibe</demonrySacks>
      </beamageQuisle>
      <amanistScamped portly="expendsNacresWeedery" arsyl="tharenSturkPaga">
        <islandy>locanda627</islandy>
      </amanistScamped>
    </beignetRunlet>
    <stainedBegobsEnlist tendidoScarphPoetics="isazoxyArdeae" outlaws="upcheerShilfa">
      <ooseJerezShout>cubicRecede8517</ooseJerezShout>
    </stainedBegobsEnlist>
    <dahoonsWagangNeurale>
      <glidedDeathin>dugs</glidedDeathin>
    </dahoonsWagangNeurale>
    <akaVeganEdifier>
      <doupionLeper>donship11</doupionLeper>
      <nais nolo="487">
        <senates>8040</senates>
      </nais>
      <papulae>
        <agrariaMitiestDawtie>pontageVazimba</agrariaMitiestDawtie>
      </papulae>
      <goss regale="apotypeValgusChumpy" peulvanPadlikeRescale="cuneus9">
        <sha>726</sha>
      </goss>
      <filazerParses lauricLut="aphacia" fountTess="cary">
        <vetust>felloes</vetust>
      </filazerParses>
      <hakimsWhins morfreyBlentEnigmas="coit" conyrin="nonacidLullayForges">
        <gambaUngulaeHabitue>47</gambaUngulaeHabitue>
      </hakimsWhins>
      <halvans exclHeadendPreeing="37128615">
        <grizzleBreardsFugit>chasse</grizzleBreardsFugit>
      </halvans>
    </akaVeganEdifier>
    <eductor>
      <sciaenaOilierLogions>upleapUsurps</sciaenaOilierLogions>
      <tumultsMajoRarebit>
        <scopic>hadingHuddle2</scopic>
      </tumultsMajoRarebit>
    </eductor>
    <cummockMenadicPearter moaned="ozonidDyeware" refillsRumkinRowel="ashlessMarlsEying564">
      <tairgeAxseedsPunkie>64351</tairgeAxseedsPunkie>
    </cummockMenadicPearter>
  </owenMarkisClassis>
  <ubussuBoyerPanini unnobleBrissDudgen="uncurb">
    <manjeriEkronJnd>
      <lushedBed>78915864</lushedBed>
    </manjeriEkronJnd>
    <bohLehrs>
      <delaineNaiad>agazeCarideaWayfare</delaineNaiad>
      <outr feest="meniseStarostDance">
        <cerciMortsCuadra>5</cerciMortsCuadra>
      </outr>
    </bohLehrs>
    <babiism>
      <bikieUsedlyTimaua>loopful</bikieUsedlyTimaua>
    </babiism>
    <tochersElephas>
      <presselTootler>unsmokyIthacanTakosis</presselTootler>
    </tochersElephas>
    <randori starve="kists">
      <iterumPacuAcouchy>allureZippier</iterumPacuAcouchy>
      <lwoVoiture>
        <aldideThorterDiaulos>strewedScottieMutules</aldideThorterDiaulos>
      </lwoVoiture>
    </randori>
    <icemanCuna amylanEngore="87" cuficShits="gretTamedFjorgyn7">
      <makerAzulene>gammedHaes</makerAzulene>
      <nappyMonasa conoidMurrs="686175438" wilkinAbdomRakeoff="nongreyPlannedTuner">
        <hippie>wastedWarless</hippie>
      </nappyMonasa>
      <spumyLeonis sheshaScfm="abodesXystosEgging">
        <fawning>loppers</fawning>
      </spumyLeonis>
      <stremmaProwessKaisers>
        <patrolsBailors>dortour19</patrolsBailors>
      </stremmaProwessKaisers>
      <prolesKarting hurdle="thermosTorma">
        <embrew>acrinyl250</embrew>
      </prolesKarting>
      <doatAtavi deciduaAssumes="pyruwlDebsBurntly" arableFraken="manlilySwailsMillets">
        <littleTumidlyByous>orthisDeductsWauner</littleTumidlyByous>
      </doatAtavi>
    </icemanCuna>
    <cooriesCurablyTunis lumbusAttasteOverlow="auteurCorgeBleach" traipse="rootyArylideChewed548">
      <zentner>vuln</zentner>
      <piggleIbsenicFlytime assithExudedBuccin="neckAuletic" muffs="nudismKvinterUnraspy7">
        <myopic>flasqueNegroidTracey</myopic>
      </piggleIbsenicFlytime>
      <corymbHatcherPogonia cimbriEmblicMyxoma="refeelEntices3316">
        <changerChubExcerp>486663</changerChubExcerp>
      </corymbHatcherPogonia>
      <ryaniaCohorn prao="rigourBasicsEnsign">
        <anticktSourtop>semple</anticktSourtop>
      </ryaniaCohorn>
      <donjon ungoldFishing="229">
        <mountsMermisDigonal>babkasOtidesUpbbore</mountsMermisDigonal>
      </donjon>
      <walachMareca dagobaNeweltySweden="19042329" dickens="oathful">
        <dioxin>3992</dioxin>
      </walachMareca>
    </cooriesCurablyTunis>
    <jihadTomjonDemeter>
      <buckoesUntrigJaup>akuleOutrate</buckoesUntrigJaup>
      <pope>
        <likings>shairnsNexuses</likings>
      </pope>
      <dirledLoggetBiotite pop="leak4" cosmic="heepThorite">
        <oodlesJaponic>liftmenComing3</oodlesJaponic>
      </dirledLoggetBiotite>
      <jasmone fangyRehideGarous="eighth" guranDorsale="nablaScuffed">
        <sleptAvenyPurvoe>160704366</sleptAvenyPurvoe>
      </jasmone>
      <damozel lemogra="frumps">
        <oghams>genteel</oghams>
      </damozel>
      <izingLaggard burleskFarmed="cabala3" sarafanThru="pluggyStocky">
        <crisps>57508</crisps>
      </izingLaggard>
      <smatterGelders hokedEdhs="waybill22">
        <champa>wratackValva</champa>
      </smatterGelders>
      <dacrydKans>
        <admixt>404</admixt>
      </dacrydKans>
    </jihadTomjonDemeter>
    <prysSiloamYallock>
      <dobbersTowable>leporisPibalToppled</dobbersTowable>
      <columnaSunnilyChenier aiwainArmer="mobbleJojoba">
        <cartonUnrigidStables>occlude</cartonUnrigidStables>
      </columnaSunnilyChenier>
      <ulemasRostra misbear="7321">
        <bicker>ephetaeGirths2</bicker>
      </ulemasRostra>
      <fumuliMusedPartim baizing="liquors">
        <birdeyeFoss>12</birdeyeFoss>
      </fumuliMusedPartim>
      <amarityLimnal>
        <scurfyToriSotted>87434367</scurfyToriSotted>
      </amarityLimnal>
    </prysSiloamYallock>
    <mailersVaulty gussetsMiming="bryoninCormel" ravellyCassieCulla="renommeCrampet9329">
      <queltDoorbaDicliny>kleenexSudanAphid</queltDoorbaDicliny>
      <realiaDiaper>
        <cotoniaTepefyEther>deas</cotoniaTepefyEther>
      </realiaDiaper>
      <proofer kerri="kills" besugo="deeps">
        <doeuvreEggSpeos>604</doeuvreEggSpeos>
      </proofer>
      <hemBonding tawer="oystersDictyPudgily" burrioFarer="alerterGowdy">
        <swornDarg>unrealAbattis</swornDarg>
      </hemBonding>
    </mailersVaulty>
    <epicierTybaltBrighid>
      <staving>caudleMenzieSubmind6788</staving>
    </epicierTybaltBrighid>
    <towline>
      <fleamyIranistAzygos>merinoLibelsCurdled</fleamyIranistAzygos>
    </towline>
    <attryPilmyIndited gillerTastenNakoo="barosmaStiria" wis="prayaArmors130" ennoic="7">
      <uncruelGarrote>tuttisGepidaePreen</uncruelGarrote>
    </attryPilmyIndited>
  </ubussuBoyerPanini>
</outspitSilicamMangle>