<?xml version="1.0"?>
<sobOutwent>
  <aidantCapridCima chummerLapland="calomboZuza6119">
    <rowty>
      <lullyFaddismCoes>17147</lullyFaddismCoes>
      <anciensPont trinkumShowful="676534" robigus="chicer">
        <indeed>7</indeed>
      </anciensPont>
      <barratBashers fangasCubingPlanch="gemmel">
        <opalize>ungueal5797</opalize>
      </barratBashers>
      <mewlingOxonian alumiteMoteRameous="imaretEmigate1" buoyageNonlife="12">
        <bedmanTatary>flossaReeledSnowman</bedmanTatary>
      </mewlingOxonian>
      <locaterMarkusHowe willieOrblike="gislerCrosnes" bigramBaddest="hulk">
        <waesPrytany>4</waesPrytany>
      </locaterMarkusHowe>
      <musery taledCeltBrisant="saintsRazzly" toxical="yukkelOutfold">
        <analyzeWannyGestio>kolhoz</analyzeWannyGestio>
      </musery>
      <piglessUnpackNob>
        <carpedOutsideMameys>diedUrarisHenyard</carpedOutsideMameys>
      </piglessUnpackNob>
      <judicesAwebandGyri mridangEmmiesCentimo="desexedTonemes548">
        <rubber>84942871</rubber>
      </judicesAwebandGyri>
    </rowty>
    <pogyServite>
      <picolinYarrowsBewraps>anoureFifty</picolinYarrowsBewraps>
      <saliteTychiteMadoc peewitsParly="trophonHalloas" hormistBravelyCurua="alalite">
        <ripplesBardy>ichebuSturtan</ripplesBardy>
      </saliteTychiteMadoc>
      <niceishTapetAgings harlMammalLimpsy="tackily" meatyDetachs="germonFiel">
        <cancersModishAvadana>cuzceno</cancersModishAvadana>
      </niceishTapetAgings>
      <explees>
        <nevellKegling>potshot</nevellKegling>
      </explees>
    </pogyServite>
    <featurePrnRusot>
      <dabbaRachesVim>fam9563</dabbaRachesVim>
    </featurePrnRusot>
    <dunciad>
      <yentesLeveretFerv>benward13</yentesLeveretFerv>
    </dunciad>
    <sedileDishragArar>
      <tutaniaFoiterBinous>dhanushViz</tutaniaFoiterBinous>
    </sedileDishragArar>
    <dockizeOsseinsBreton>
      <rimples>boletesTradal</rimples>
      <tuyer>
        <tutmanMinxesMixing>273526900</tutmanMinxesMixing>
      </tuyer>
      <holibutSerapic stlgLyncid="sexlyUsednt">
        <sees>4197</sees>
      </holibutSerapic>
      <larvas>
        <whelky>bandman</whelky>
      </larvas>
      <erf straticCashiboUnrests="haecSyphersPaintry" vogueyKellies="acariTantraCigars">
        <touzledImpavidLakish>niepaUppoiseBandbox</touzledImpavidLakish>
      </erf>
      <frenums>
        <leadage>cementa6</leadage>
      </frenums>
      <infieldReginaElix besomNip="nudistsLoghead" mooingPoplet="clinksLouise">
        <nubble>6935</nubble>
      </infieldReginaElix>
      <hasan burkeiWhirr="foxhole" sunlandLoosishIncoup="sheva">
        <radidiiStubbDamp>aziminLeanedRechar</radidiiStubbDamp>
      </hasan>
      <bagandaMimbleSelena pulgadaSazenDuetted="reavoidDugsMedick">
        <gobianChacmasMagnale>kelek</gobianChacmasMagnale>
      </bagandaMimbleSelena>
      <gaugersToit reblot="gayals222" pedlers="samghaPhyteus">
        <ilicic>custodyErrsyn1153</ilicic>
      </gaugersToit>
    </dockizeOsseinsBreton>
    <tipperDumpty redye="alieneeDrivenBeckons">
      <misfond>inexactCancri</misfond>
    </tipperDumpty>
    <oddityServistHoarded>
      <appairBessi>sylvianTeamed</appairBessi>
    </oddityServistHoarded>
    <sarongsEnsteelSnape>
      <synchsMetes>3989452</synchsMetes>
    </sarongsEnsteelSnape>
  </aidantCapridCima>
  <misselFraiseRanula tzaddikAkan="8" revokesClever="madzoonGenghis" prismyAltify="minutesWillowy">
    <maylike>
      <headilyDindleRefuges>boardy</headilyDindleRefuges>
      <pietoseFieldieJocoqui prepavePumeloTildes="uncore3" romeiteOctopodZiarat="5">
        <suntanLynn>lupulinRhamn</suntanLynn>
      </pietoseFieldieJocoqui>
      <amebae>
        <udderOwnable>brujosMurgaviHumbug</udderOwnable>
      </amebae>
      <prorsa homelet="88" iacchosFlentes="6256">
        <narrowsTusseh>latrate3</narrowsTusseh>
      </prorsa>
      <jaygeesSubdualXylomas cuffingSayestTellt="sue">
        <holdall>debase</holdall>
      </jaygeesSubdualXylomas>
      <ophismPholcid debugsShtetel="413">
        <flunked>omahasSummersInhume65</flunked>
      </ophismPholcid>
    </maylike>
    <doblas ptomain="gabelleUnship" irena="chancedAscenceBugan" spoofed="sialiaBeadilyTitre60">
      <outwakeApercu>2</outwakeApercu>
      <ejected swaggedHousageThrax="daboiaHeptyneAngelon" yaupingWainsTigers="poolsRussism">
        <bedirtyGlassy>35972</bedirtyGlassy>
      </ejected>
      <pulque>
        <crick>9739</crick>
      </pulque>
      <dasturRedyeSheety sorghe="79614587" dyslogyPistolsBaw="eartab">
        <gittiteUnamiss>731812</gittiteUnamiss>
      </dasturRedyeSheety>
      <conventHeliced>
        <codingLounge>slowerMakouaJinriki</codingLounge>
      </conventHeliced>
      <agit grousesTerser="cheapsCunea">
        <loyaler>bovld</loyaler>
      </agit>
      <hoinOrleDenizen queerlyLitiGarnett="9529471">
        <affloof>tubboeFizzers</affloof>
      </hoinOrleDenizen>
      <sorbent warwolf="israeliSoupled">
        <timboDivestValency>typebarRhasonAshet</timboDivestValency>
      </sorbent>
    </doblas>
    <hishWethersStremma>
      <crocAaronRepoint>hanaperGlagol</crocAaronRepoint>
      <driestMidriffMingie hiate="restrip" gruisRubine="moppedTsktskMyotomy">
        <pluggerAnisalChibouk>advisalDispark31</pluggerAnisalChibouk>
      </driestMidriffMingie>
      <tetrousSubsistTinging>
        <pioxeRegma>tandleBraxiesHorned</pioxeRegma>
      </tetrousSubsistTinging>
    </hishWethersStremma>
    <jackpotSkivieUngold>
      <renet>muscoidLigas7</renet>
      <scheme toffeeBeclog="pixiesPoly">
        <garrat>judokaAstrayPrewarn</garrat>
      </scheme>
      <sluigHylegMojo>
        <infeftPenitis>accordsJowsSkeily</infeftPenitis>
      </sluigHylegMojo>
      <abdom>
        <sectistPackallWavelet>aggieMafuraRagfish</sectistPackallWavelet>
      </abdom>
      <boodlerCutsetSappho congeedWheedle="ravagedCroppie">
        <cyano>antiarBrunoFry9</cyano>
      </boodlerCutsetSappho>
    </jackpotSkivieUngold>
    <apilaryOnwardTame conform="antlingDohter" ravagedAloadae="crewmenOppianMinks" artarinIchuVeena="461768">
      <nibblesSautAdagios>tryms</nibblesSautAdagios>
    </apilaryOnwardTame>
    <gazump>
      <reflexPiitis>427394559</reflexPiitis>
    </gazump>
    <calgon>
      <diseuseFandomOie>ruderPiecers</diseuseFandomOie>
    </calgon>
    <zarpPewmateBlad>
      <mesitylAda>finishGlug</mesitylAda>
    </zarpPewmateBlad>
    <preyersAliquot beent="indearDovecotReclude">
      <murmurs>3088733</murmurs>
      <coteauxLrecl slubbyFrisco="fiatFrogmanFerlies" agust="incherNaggish">
        <takahe>ruttee21</takahe>
      </coteauxLrecl>
      <pinnuleBackoffKidneys snakishDonutsFleech="khila9" mouzahPurgers="sepultLadder14">
        <ghoulieToffeeTowhee>mitiestIndiaRussel</ghoulieToffeeTowhee>
      </pinnuleBackoffKidneys>
      <jinDemised ammo="unkinPlaque">
        <coastWeaWoomer>374051392</coastWeaWoomer>
      </jinDemised>
      <jurorGutteeLymphy>
        <azonalMountsTourism>oktaChinksPoorest</azonalMountsTourism>
      </jurorGutteeLymphy>
      <maiidChort>
        <wyte>dudmanSainedFleabag</wyte>
      </maiidChort>
      <sannopsSleech catenaDartarsWigwag="moulderMajo">
        <ethiopRechafeTrag>appealsCutinClashee4548</ethiopRechafeTrag>
      </sannopsSleech>
    </preyersAliquot>
    <patdHeloninTambur tuggeryChait="dretchHimselfAcacin" rongeurInvisedBays="oryssusGrandlyCanoes7212" reslayFaminesHafiz="croukeAztecs">
      <softsTrinkumCannery>tellerMillile</softsTrinkumCannery>
      <aditioRud agpaiteBelait="hinds">
        <wrenMosaics>4760694</wrenMosaics>
      </aditioRud>
      <myotics>
        <deusanBankman>kanaeCacciasZonite</deusanBankman>
      </myotics>
      <flane murlyPteric="tiptoePuddlePuja">
        <chorisoEmbus>meeredAlew</chorisoEmbus>
      </flane>
      <oppidanPouchMedical>
        <narduMcfSavaged>3</narduMcfSavaged>
      </oppidanPouchMedical>
    </patdHeloninTambur>
    <mouse>
      <furison>adorersArdorAzoth</furison>
      <corsieSuppledShemite deistCunts="torsi" muskieInachus="pilingLatex">
        <manulWessel>1023</manulWessel>
      </corsieSuppledShemite>
      <ptomainToterFarles>
        <prinkle>reekers</prinkle>
      </ptomainToterFarles>
      <foams ajivas="148382568" oolakanVitraHale="agavoseWaddersHeloma">
        <takosisDiapirsKyats>jibbs</takosisDiapirsKyats>
      </foams>
      <circaeaRuddled>
        <outrig>hawsersPlies306</outrig>
      </circaeaRuddled>
      <hawkinsSerbianNeyanda hoersConform="proaOlpesStyed">
        <reuelJays>kakatoeCeromaAthbash</reuelJays>
      </hawkinsSerbianNeyanda>
    </mouse>
    <owenia>
      <zoftig>keratOdyles</zoftig>
      <baldDrayed cymuleYoickRantize="4548" whuteVestsDinetic="nozzlesCombersActos">
        <gaurie>7530</gaurie>
      </baldDrayed>
      <uveitic eliasWiddleSubsidy="dautieSpirtle246" venustyFoolsSummons="hoopoeTackey">
        <uproute>carsesMisfareFoy</uproute>
      </uveitic>
      <rodhamTetany grinnyHowel="asimenDronel">
        <scambleRosets>quatres</scambleRosets>
      </rodhamTetany>
      <castory forheed="annuli" vanload="5048">
        <toitingChuvash>947672</toitingChuvash>
      </castory>
      <gaiterFilled decant="pomaryDecatyl" ryots="habaeraGelosin">
        <chabuksSomeYelver>46</chabuksSomeYelver>
      </gaiterFilled>
      <insipid>
        <detray>azimide</detray>
      </insipid>
      <levGlycyl>
        <javaSneezesGeon>kuchensOutsetsWorkful</javaSneezesGeon>
      </levGlycyl>
      <atleePurveys antler="tassely">
        <makouaWiselyBaja>semite</makouaWiselyBaja>
      </atleePurveys>
      <snappedWantons>
        <skilderEnraceCalif>canard7166</skilderEnraceCalif>
      </snappedWantons>
    </owenia>
    <bromide razeingGritten="chippy" meltedTraneenDourah="turfage">
      <lausMyomere>73892631</lausMyomere>
      <mirageShrogKhella parlyHapsFuels="briskedSerutShammer" dioptraBrutalFraps="unceded">
        <gustily>cratedCabret</gustily>
      </mirageShrogKhella>
      <smirtleWearersIxtle>
        <ooblastCages>fibroma</ooblastCages>
      </smirtleWearersIxtle>
      <giftsHinder>
        <manism>advisalPhaleraHaulers</manism>
      </giftsHinder>
      <cuitled benne="reseneBattler">
        <rilawaBaygallUngaudy>nunch8</rilawaBaygallUngaudy>
      </cuitled>
      <divvy sulphid="byssine">
        <resellsCanzoJunius>curryDarings</resellsCanzoJunius>
      </divvy>
      <teredos junkersEnpia="dispopeYouth" tophous="presesBaraita">
        <declineDemobs>5</declineDemobs>
      </teredos>
      <phuTougBeezer>
        <fardhProponeMassed>83813547</fardhProponeMassed>
      </phuTougBeezer>
      <rig buffo="sleezyWaikly872" gullageMahdist="bourInbbredWhitten">
        <coalaSpeaker>8306968</coalaSpeaker>
      </rig>
      <nidusesMidgy>
        <hiphapeParcStolae>leaserRecook</hiphapeParcStolae>
      </nidusesMidgy>
    </bromide>
    <fatuusBerimes>
      <scoresHeaf>dultAsiden</scoresHeaf>
      <pubUnfast voguish="1790947" contundSkaff="poseyOuttake">
        <garageLinguetJheel>cepeBeamage15</garageLinguetJheel>
      </pubUnfast>
      <bypaths>
        <katieMidgetsShemaal>697831950</katieMidgetsShemaal>
      </bypaths>
      <hemmersLarvule loadersOlivetToolsi="haflinShimmeyNiepa">
        <muillaBursae>theban</muillaBursae>
      </hemmersLarvule>
      <anthemyPiqueur>
        <nasions>actuateFeuing2076</nasions>
      </anthemyPiqueur>
      <whitenNandutiGlacial parlesPounceGae="orarium" ochVibrant="3357022">
        <costed>harpago</costed>
      </whitenNandutiGlacial>
      <lekythi>
        <velariaStaph>merlesSaltern</velariaStaph>
      </lekythi>
      <shree coccidArayneBroach="beakPansiedPhoma">
        <barley>cunjerOsophy</barley>
      </shree>
      <polladzAlcmene fuchsinStank="nichevo" amazonsWaruaZho="hatti">
        <balkish>gurnetsHeadendLooie</balkish>
      </polladzAlcmene>
      <eprisHabutae saharicAtmaDiswere="sufGrannie" corbet="837">
        <andrenaCayuseTertii>78</andrenaCayuseTertii>
      </eprisHabutae>
    </fatuusBerimes>
  </misselFraiseRanula>
  <disheirPeerdom favelasRives="disertInshore" warsles="333479979" ladron="mislayDownwayComates" darvonSenesceBein="suburbStheneJounce">
    <shoeingClutchy suddsGulped="datableAlmostThrall9">
      <realistHadeanKinetic>batoidMelodyNazim</realistHadeanKinetic>
      <cep gougersBuyers="nationsByssAnymore">
        <thruwayFreck>divid</thruwayFreck>
      </cep>
      <drainedVisard>
        <replicaBrochtAnodic>drubbedGiftie</replicaBrochtAnodic>
      </drainedVisard>
      <exposedDuskenDraggle>
        <flamedBagger>octoonRevel</flamedBagger>
      </exposedDuskenDraggle>
      <remakerNag menacme="6" chronol="fruzTracyKrome">
        <rulesElmwoodCucumis>hetterUnfound2</rulesElmwoodCucumis>
      </remakerNag>
      <thumped>
        <welkColitis>quip</welkColitis>
      </thumped>
      <occluseSourestRantree gooney="lutayoAlkali1246">
        <ionGlandesClinty>lechosaAuctorDvorak</ionGlandesClinty>
      </occluseSourestRantree>
      <enskiesUnfatedAmtrac scarerSatrapsRegard="wurmalRasure" enripen="67970">
        <blouse>511611</blouse>
      </enskiesUnfatedAmtrac>
      <wealthsLapped>
        <schulnLinksRunway>liqueurFloresRoaring</schulnLinksRunway>
      </wealthsLapped>
      <drapeCandentHorror>
        <oxtailsAbordStriped>foonerPandura</oxtailsAbordStriped>
      </drapeCandentHorror>
    </shoeingClutchy>
  </disheirPeerdom>
  <zoarces>
    <arcsOodles varanAralkylBrekkle="adureChancheOuttask" rowansHealthSigning="ryndsApposerMillers">
      <studyBucks>templonDewaxes</studyBucks>
      <warningRupiahMensal lappUnsight="jnd">
        <millman>866629</millman>
      </warningRupiahMensal>
      <hazenPailfulPuisne encheckExpelPile="debell">
        <causaJnanas>conableIsidia</causaJnanas>
      </hazenPailfulPuisne>
      <hitchesOxalite halt="eucreYobboKaliphs">
        <sunniteDots>137</sunniteDots>
      </hitchesOxalite>
    </arcsOodles>
  </zoarces>
  <louderManzas cumshaManualCoctile="bogymanCorsite" chytrid="ethiops410" floodSneds="cygnetCabmenGnathic" hatingQuicksFetched="4">
    <seweredNitro likestUnbent="elaMiasma" batletAugitesAzotize="feckChurrusYatters">
      <turtlesDelouseGegger>trashes</turtlesDelouseGegger>
      <cublaChiwereHughes efph="ominateBelook">
        <shelter>1802562</shelter>
      </cublaChiwereHughes>
    </seweredNitro>
    <enwoman>
      <thanker>yatiUnfazed</thanker>
    </enwoman>
    <orewoodBoggled>
      <peshitoTartle>bedePlaguerTaenial</peshitoTartle>
      <sinopisBuisson burgeonTuismSellie="syrupy3" reveledShrubbyTrepak="nettion">
        <shambu>dwellsTankahBagio55</shambu>
      </sinopisBuisson>
      <cambionCastockPurple>
        <tenor>riperInulaImbased</tenor>
      </cambionCastockPurple>
      <peddler wraitlyBivvy="spandle">
        <bannatDisorbMyrcene>632655462</bannatDisorbMyrcene>
      </peddler>
      <fonGansyMerkin escotedFranzyFarsakh="584">
        <fumarylArchean>4010164</fumarylArchean>
      </fonGansyMerkin>
      <caravelDutiesDandie sullen="armied" optimaAuresca="moraysTragedyErmined">
        <rales>derri</rales>
      </caravelDutiesDandie>
      <foleyeSinnedPluto roke="pochayCobweb262" sereinEmbruteTrophis="dumpty">
        <tinnenLuniesRams>dadaism</tinnenLuniesRams>
      </foleyeSinnedPluto>
      <layoffTagsGerate>
        <nitroBombous>unbranCapfuls1</nitroBombous>
      </layoffTagsGerate>
    </orewoodBoggled>
    <mungofaDeisSkrupul unpapalHaiari="resume">
      <molly>marvel</molly>
      <burnerSinism fulmine="snarersHafis739">
        <kagosZadrugaBros>carvist495</kagosZadrugaBros>
      </burnerSinism>
      <uniMildredKegful>
        <dannockQuilled>nickIngangs</dannockQuilled>
      </uniMildredKegful>
      <reseeks micheDhoby="kithingCrevass73" satoris="clampsDobe">
        <leptiteGoudyVrow>feltedOcque</leptiteGoudyVrow>
      </reseeks>
      <cystedDutyFindon eluviaShedimLepidly="mopederForeset">
        <santirCanardPlatie>601</santirCanardPlatie>
      </cystedDutyFindon>
      <beadlesPhoneys arkForlayAssify="catkinWhelmsKibei">
        <sophiesEpaxialJoke>roquetJameson</sophiesEpaxialJoke>
      </beadlesPhoneys>
      <whoredBaluba balante="effectLurches834" copulaVifda="cossie">
        <ginneySparrer>stag</ginneySparrer>
      </whoredBaluba>
      <olive slow="clavate" dorask="nobbierProkerCentare4">
        <ajari>kamian</ajari>
      </olive>
      <putterFlet>
        <safine>3</safine>
      </putterFlet>
    </mungofaDeisSkrupul>
  </louderManzas>
  <oilcoat cesiums="resinyBrewsPuquina" />
  <saucersAlin ayenstCandifySurcoat="573" young="jangarForestsPotherb8957" />
</sobOutwent>