<?xml version="1.0"?>
<barytasSmuttyFlaser>
  <lyraLaudingVainer cajole="hast" dishmop="magian">
    <quinoasPoinado>
      <maximsMantles>495704610</maximsMantles>
    </quinoasPoinado>
    <unmixRemenMiazine>
      <mahwa>cementaOtelloFlores</mahwa>
    </unmixRemenMiazine>
    <ethnog>
      <epigne>illus</epigne>
      <tolowaAcetifyUncial drillPariahs="87">
        <methaneErava>thanageStictaPawkier</methaneErava>
      </tolowaAcetifyUncial>
      <blinkFrow deiaCestrum="grades2">
        <ditties>hardpanImids</ditties>
      </blinkFrow>
      <freddy cacana="blocAcmaticMesua" parlorsPhrenEncoil="flaunts">
        <daybook>verdureVeneer</daybook>
      </freddy>
      <halfwitFrugged florulaJawedLioncel="3787245">
        <gothamPregust>squatPanueloFrisian91</gothamPregust>
      </halfwitFrugged>
    </ethnog>
    <tango jalaps="englandBarretsSet">
      <atka>hexisJusltedLushai5512</atka>
    </tango>
    <causerTappishIsonym rafter="gorcrowMedials" zootaxy="pad" blattedCupsfulAlalia="essedaHerbar7154">
      <sugars>thyrisSaltantDiamin</sugars>
    </causerTappishIsonym>
    <unultraGarths mistsHastenEnniche="anmiaBreads" dewannySawwort="5744">
      <cloysThurse>vaadimPachymaAlangin</cloysThurse>
    </unultraGarths>
    <tubeletGrapeysCacaxte latencyOlogy="createdAcutatePashes" palgatBepelt="cogwoodLabroid" arationIgiturTransfd="mournedFoulingGracer">
      <hostel>1</hostel>
    </tubeletGrapeysCacaxte>
  </lyraLaudingVainer>
  <joualMascon hordaryNaggingSugh="rowenPrevuedReisner" maleos="vulvate" />
  <uplinksMatchetDulcely tonalFosse="tatty" />
</barytasSmuttyFlaser>