<?xml version="1.0"?>
<bea>
  <gunk cursenAscidia="gutweed" />
  <outlungFurore />
  <tokened withed="mpgPsiloiPeaces">
    <succeedMlxNicking>
      <trawley>duck</trawley>
      <cucujusOuenite>
        <elvisTossily>lewAvenery</elvisTossily>
      </cucujusOuenite>
      <shovalJhvhBetrace slumpsPayroll="neckLonger309" agoraPipil="upbrast">
        <spiremeKeffel>9</spiremeKeffel>
      </shovalJhvhBetrace>
      <beaches bissextInfix="84282670">
        <quitted>fuzzingSpookTroche</quitted>
      </beaches>
      <beclogGroanKeats unheard="skurry">
        <indoorFierteAmoroso>stowageBygoneApogee</indoorFierteAmoroso>
      </beclogGroanKeats>
      <shravey>
        <peached>52900</peached>
      </shravey>
      <tanjongChaffy freddieManor="mantleBorism930">
        <afleyInfileDebused>1</afleyInfileDebused>
      </tanjongChaffy>
      <athwart>
        <hamperListed>villus</hamperListed>
      </athwart>
      <sheduPlatoidAnestri>
        <jinker>74178558</jinker>
      </sheduPlatoidAnestri>
      <bellon impingeGruss="519205308">
        <gatsby>bowpotsSelfful</gatsby>
      </bellon>
    </succeedMlxNicking>
    <dosedImmanesJefe adepsGussets="hornist" faecalMusk="5" vibrioWiresMacram="daricsInfixes">
      <clean>sidledGoblin</clean>
    </dosedImmanesJefe>
    <upflame>
      <akoasma>934</akoasma>
    </upflame>
    <enring>
      <humours>nudityFardel98</humours>
      <gordon>
        <fitchetPeriaptFootsie>rumbasAmeletTorrid</fitchetPeriaptFootsie>
      </gordon>
      <plexusSquilla lockianTenuryChiron="cuspate">
        <war>quiina</war>
      </plexusSquilla>
      <sis sunlitUncowedFora="209050049">
        <vaagmar>gibber200</vaagmar>
      </sis>
      <biblicGabsWicken strafeCrampetAmine="nordic" toiseTolt="uprightOrganChillo319">
        <wingtipSpicEuectic>parbleu</wingtipSpicEuectic>
      </biblicGabsWicken>
      <fliestAdight>
        <stymiesBallerWummel>adreamtTundrasPtolemy</stymiesBallerWummel>
      </fliestAdight>
      <townistSlope>
        <swashRulerWonk>vrow8</swashRulerWonk>
      </townistSlope>
      <wider>
        <humors>musive</humors>
      </wider>
      <squawkEnvoy catboatLeave="rhizota" caplins="obdt">
        <usantLeadIsotely>ozoniseRoupie</usantLeadIsotely>
      </squawkEnvoy>
    </enring>
    <sabed exuviaeKabaka="9220">
      <emporiaMummSlurped>cappae943</emporiaMummSlurped>
      <prizery>
        <sulfid>sermo</sulfid>
      </prizery>
      <braizes pistickJowpy="taber" galledAeriesTurgy="30862">
        <chiefer>386240203</chiefer>
      </braizes>
      <rakanUncaked lucombeEuphemyAlexas="pinetum">
        <sfreeRehoned>kuchensTempera</sfreeRehoned>
      </rakanUncaked>
    </sabed>
    <wisentsAutoPhase engrailFoxfeet="exsculp" fideosMajo="centrefFoe" dimmyGarnetz="engs">
      <rethinkPlacque>zerosImport</rethinkPlacque>
      <vetandaCloyingBakal hairofPelickSlatier="1502940">
        <coshersGrouterZareeba>agnusesReisner</coshersGrouterZareeba>
      </vetandaCloyingBakal>
      <shoyuShrieveCanos dezincs="byousDeemedKente" limuli="ichthDarbiesHaunt">
        <undutyWifesPropago>10</undutyWifesPropago>
      </shoyuShrieveCanos>
    </wisentsAutoPhase>
    <ungirdLogosBothy>
      <picriteHeederMonolog>99</picriteHeederMonolog>
      <anighUnhot>
        <kerning>752</kerning>
      </anighUnhot>
      <untrainYquemPisses fletPiingAythya="vitalicBreezed" chaftPuelche="mymarid">
        <corbansForkersBuchloe>credens</corbansForkersBuchloe>
      </untrainYquemPisses>
      <ptisanAlginic>
        <chinas>35178497</chinas>
      </ptisanAlginic>
      <strookYaupers stock="thornenMaidens" almiqueSignistMirror="hirtchCrawsPooly">
        <kvahPariet>echucaPelike</kvahPariet>
      </strookYaupers>
      <limbec wapacutKhilaBemud="slowingGuacin729" fichusAndiron="crozedHalms">
        <knurryBouchMeath>psoroidDigonalAmnions</knurryBouchMeath>
      </limbec>
      <releivoPrebendDother>
        <clupeid>gurgeBurdonBosh</clupeid>
      </releivoPrebendDother>
    </ungirdLogosBothy>
    <moy oxidantKetenAcerval="cephalaHogen" youdithGimpy="kambaParures">
      <worsumDelph>queasy</worsumDelph>
    </moy>
  </tokened>
  <acetine doliaAchaeta="834722966" orsonYenderLevies="unjust" papillaInfans="terebicSarcine" badransRandingYamanai="mamieBewhiteGawkish" />
  <darrylMailleFathers cooptsRuptile="88">
    <commoBubble misersPaludal="66" exampleDimpsy="oriolesMacacusBecurry" estreRasour="humblie">
      <stewishReportsShoofly>epiboleBrochoCosmic</stewishReportsShoofly>
      <groser snorter="collockLauans4" racismsLungful="lancer">
        <mnesticBahooWheer>unlaughOnuses</mnesticBahooWheer>
      </groser>
    </commoBubble>
    <harksAshlessReforge>
      <skellMaying>ozonousCarmine</skellMaying>
    </harksAshlessReforge>
    <dimarisAscenceLimbier midribsAtnah="termanUneavedZoquean">
      <scoffed>hereroGrowthySynonym</scoffed>
    </dimarisAscenceLimbier>
    <pines yakkingKarez="snitEcoidHuitain" sympode="ataxiasAdjunct" jambulRhotic="meecherSorosisTakin">
      <zarFront>2</zarFront>
      <roosedHyperon>
        <clairceBleeped>14767</clairceBleeped>
      </roosedHyperon>
      <kyschtyTrigs umbertySnortsAnes="xenialDiptycaPresto856">
        <gonadalKhatibLegion>tentilyAmastaResmile</gonadalKhatibLegion>
      </kyschtyTrigs>
      <syntomyPunkest kwatuma="museKirk3">
        <noritoAbkhas>penesMucosaeOuches</noritoAbkhas>
      </syntomyPunkest>
      <begarSawneyRabban former="bidensGooberBlatted" pokierYowlerSwaging="sedgingCoojaFuries">
        <blintzVulvas>cyclus</blintzVulvas>
      </begarSawneyRabban>
      <ginnel ancienHoddle="2818" blebTenson="1">
        <jazzily>seamusCriant</jazzily>
      </ginnel>
    </pines>
    <homagedPreachLedgers>
      <andokeReavowsRerent>golferMensk</andokeReavowsRerent>
      <lotahsFogramUnking>
        <annieNonrun>790680659</annieNonrun>
      </lotahsFogramUnking>
      <oomiack hormeRimula="paisHimpFame">
        <turns>835929547</turns>
      </oomiack>
    </homagedPreachLedgers>
    <muckilyGether>
      <cubbingPulish>knatch</cubbingPulish>
    </muckilyGether>
  </darrylMailleFathers>
  <canoing fretUnode="azlonSnooseArlene45" squushyTrusts="geraldLappa" tongasGooralChamoix="oxidant" updeckAnaryanJato="earlsReigns">
    <tossyMeristBrazing>
      <cernedArharTrevis>22468</cernedArharTrevis>
    </tossyMeristBrazing>
    <harishLaggar>
      <baluba>965156051</baluba>
      <ciliolaRequeenAmarvel>
        <sciousFerularGun>3023975</sciousFerularGun>
      </ciliolaRequeenAmarvel>
      <golder parsing="whirlAglaosTipoffs" odyls="chapin">
        <protomeEnblocMadres>earthedJuggedMoxa200</protomeEnblocMadres>
      </golder>
    </harishLaggar>
    <volapukButinBossdom>
      <mexicoBiffCpl>shafts</mexicoBiffCpl>
    </volapukButinBossdom>
    <armer volleysParesisPails="eyebreeLapling" beadeyeResowSignee="meaningSattie8285">
      <fluxed>anglianErudite</fluxed>
      <packeryHonzoPlowboy dennedCharrCawk="loftySyph">
        <rebloomJova>18204</rebloomJova>
      </packeryHonzoPlowboy>
      <avoueEbb hereroDurriesAlshain="67566007" cranesDebateNoosers="illuded">
        <queSwonk>46</queSwonk>
      </avoueEbb>
      <baroqueFoothilGrandam>
        <astride>defail</astride>
      </baroqueFoothilGrandam>
    </armer>
    <plazaQuillyTigery>
      <buxeous>scoopedMacheteInfante9</buxeous>
      <tahsilElficDistoma capsaMakingTetard="ureidesBeltonTwyver">
        <abidi>attacheOremusUparna</abidi>
      </tahsilElficDistoma>
      <imbeLee hawse="selsLibraeQuips6">
        <yaups>armoryJibbah</yaups>
      </imbeLee>
      <hagboatBrigued alexisAttaint="amen" biofogWhone="4310">
        <paydays>261</paydays>
      </hagboatBrigued>
      <mfdDodgy>
        <laidlyMincers>lucombeMilieu</laidlyMincers>
      </mfdDodgy>
      <pruta styler="gladifySoupingOlla" natronMoreishNiue="tibertSiamang">
        <wormer>pharaohChicory</wormer>
      </pruta>
      <robbersMulleinJulidan chungaDeashOversay="pennameEvans" gaulshObverseDegrees="setterChionisPlugger">
        <neist>aspirin</neist>
      </robbersMulleinJulidan>
    </plazaQuillyTigery>
    <boughedCanopic phanicGrimesMutases="chuffsYedeCoaxial">
      <fluidlyWohlacFreesia>fortinEvener834</fluidlyWohlacFreesia>
    </boughedCanopic>
    <deflateDreich>
      <quorCruelCammas>talonidVampeyTherell</quorCruelCammas>
      <latinerParadoxDovened umbrilComfrey="precoceCopihue443" pasanCrany="camagon">
        <oraler>wriveLitholCooeyed2545</oraler>
      </latinerParadoxDovened>
      <dedanDownway>
        <prine>revestsObsideElaps1</prine>
      </dedanDownway>
      <lineneBurgeon opens="7037926">
        <tucuna>gandumPounds</tucuna>
      </lineneBurgeon>
      <bilch derthCelsiusCogroad="noisier">
        <justina>sclatVehmic</justina>
      </bilch>
      <raffsTierrasAnnuary>
        <miliaHantsSchanse>2</miliaHantsSchanse>
      </raffsTierrasAnnuary>
      <comet reek="20359" feusCoshers="langielAcider">
        <coppyPresto>wanna4</coppyPresto>
      </comet>
      <megilphTozer>
        <zlotychCrummedSeep>pepful</zlotychCrummedSeep>
      </megilphTozer>
      <carrack cameEveningArum="alces">
        <taupe>96994</taupe>
      </carrack>
      <cusecsJacker>
        <apis>octectsPangsFimetic</apis>
      </cusecsJacker>
    </deflateDreich>
  </canoing>
</bea>