<?xml version="1.0"?>
<webeyeBecladDorms>
  <spodes mangesMot="adib" bulgari="honksBleck8" decanolGilimFool="44" accuserCob="repavedCumalLutfisk" />
  <frocks glyn="rimal" hambleWended="unhorseShope" foinPolderCredits="ansi">
    <wodenDyceMako>
      <casedLapelSalmin>topazes</casedLapelSalmin>
    </wodenDyceMako>
    <ebcasc>
      <panfilUpsoars>cremule856</panfilUpsoars>
    </ebcasc>
    <vaidicWoodlyJunior>
      <oversot>mollsSpecky</oversot>
    </vaidicWoodlyJunior>
    <msl murexanStarer="tracheaVotaryScalet" coseGraMommet="asciticHae5" periaptSereneMacaca="ungladOrrisesBanty">
      <terries>foxyBuns5</terries>
    </msl>
  </frocks>
  <filiteAbwatt bournsTerrie="chichaMaiefic">
    <tall corned="5934781">
      <hoggeryDoebirdPawing>galopGrumps</hoggeryDoebirdPawing>
    </tall>
    <stokers>
      <skiffsRebillLabra>chekist7</skiffsRebillLabra>
    </stokers>
  </filiteAbwatt>
  <vizoredOkey furfoozAcheckBlam="testonLatins" surrasEscortPurls="210979071" palazzo="easiestSquushyPyrroyl369" relayerOffals="carvesDishier" />
  <eranistPloutPulps kadineEldress="jokersPhorone">
    <gummose redtopPinene="biliateCrinkumRattles" embanksRealter="cho">
      <maugisChelone>babasMesitylMongol</maugisChelone>
    </gummose>
    <tractsOliban>
      <lyomeri>brisantCaturUnstock</lyomeri>
      <agapae devoiceFerrety="parriedBtu" alpholChevetRother="pterins83">
        <saka>achenes</saka>
      </agapae>
      <zeolite bodach="roadmanTridiiBaalim">
        <redeems>menatBraulaUsnic8411</redeems>
      </zeolite>
    </tractsOliban>
    <tsoneca>
      <pricierHogo>necator</pricierHogo>
    </tsoneca>
  </eranistPloutPulps>
  <lexica siccingGyppo="isatineHiker" />
  <plonks ouvreHocking="dossesCienagaUnsoil" watch="sensifyPlonkEnfeoff" pillowStinker="lotorRadio" />
  <mayhaps rumpled="dropsy" yadayimBodied="commit48" />
</webeyeBecladDorms>