<?xml version="1.0"?>
<zinganaBruisesDeputes>
  <ungill scholiaMicrons="forintDefialMatty491" wisesAramaicHales="43657883" psoraSents="creamDammedNether" bunchesTinkled="conchaeGarnett" />
  <fungiteRoups arthronLiter="remixedRashes" ohioan="abetSerawMonkism" aneClubberAutecy="nonzero">
    <omarDrabSeeder artouBurs="husho">
      <porkinShelled>7460554</porkinShelled>
      <spacer encinaCloghad="524363158">
        <acequiaEpithi>dynamicSabresDourahs</acequiaEpithi>
      </spacer>
      <morbleuApagoge shrivesPrunell="pepsi">
        <nanmu>hopsageQuellBauble6</nanmu>
      </morbleuApagoge>
      <sucres>
        <ohioan>brephicAxman</ohioan>
      </sucres>
      <lankierLuetic>
        <earflapGingals>9490283</earflapGingals>
      </lankierLuetic>
      <ggrDanubeGenoese benthon="chimbsKauri431">
        <staples>solariaWhuther</staples>
      </ggrDanubeGenoese>
      <thonGranola relongUntuck="accost" recycleHygrine="resHarps2302">
        <autumnCondorSuwe>airfoilHammalDegger</autumnCondorSuwe>
      </thonGranola>
      <obtainsDicing>
        <saltieRarebitSchorly>4515</saltieRarebitSchorly>
      </obtainsDicing>
    </omarDrabSeeder>
    <shoes unnosedAcanthaTinchel="swarths6770" flookan="molderyTournayFab7205" leptome="6">
      <roupingPiacheEmplume>colyone</roupingPiacheEmplume>
      <hullingYoke negroBumwoodBrince="fascesParsism" hexisPhut="tankahTingly727">
        <armidaAnti>ragwormMayday</armidaAnti>
      </hullingYoke>
      <adorerSceneDrape unsevenRosaceBoggled="flossed177">
        <criantStaddle>speedlyCholla</criantStaddle>
      </adorerSceneDrape>
      <amatol snobberBeechRecurve="majaSupines" finnicHooleySapped="signTapajoPruta">
        <imbuiaFenrirAzimin>berceauKua8159</imbuiaFenrirAzimin>
      </amatol>
      <osculeHipboneSwoln>
        <despert>voyager</despert>
      </osculeHipboneSwoln>
    </shoes>
    <icicaKopek>
      <camassTaupeOpalina>polaridBascule</camassTaupeOpalina>
    </icicaKopek>
    <serowNapuCaramba eucleaHitter="acidyl">
      <metretaBhutani>sincereXxii</metretaBhutani>
      <aridity perrierGuarana="dryopeAlcaydeRefloor944">
        <chave>1152</chave>
      </aridity>
      <palmer demiss="70110" current="tsuga">
        <adluminOpacate>onanistFreenDag</adluminOpacate>
      </palmer>
      <bailo kavika="7011684" grinnerGlueman="70772">
        <angel>nudnikHersir</angel>
      </bailo>
      <unstepsBienlyAlfin timaeusShamble="abacist" nuzzlerArtisteCoadmit="hyoidPrexiesMichabo">
        <eneasCarns>refund</eneasCarns>
      </unstepsBienlyAlfin>
      <stradldGerful zaftig="stimeBints3686" scatula="50958">
        <blaonerCarshopCookey>pangHydropsHornito</blaonerCarshopCookey>
      </stradldGerful>
    </serowNapuCaramba>
    <outdareNubilum>
      <quiteveOperaeLow>dioxide</quiteveOperaeLow>
    </outdareNubilum>
    <slackieCoecalRemanet>
      <orangs>pawnee</orangs>
      <sterkParicaChewy vetturaMorton="dakhiniUnanime">
        <bratsPit>nocturnLataniaThraver</bratsPit>
      </sterkParicaChewy>
      <ceder>
        <devotChallot>talcky</devotChallot>
      </ceder>
      <fovillaAnna kielMasonerRoche="44350" seedboxParveReeming="goniacDeglaze">
        <pakawaDenned>forestyVedaism</pakawaDenned>
      </fovillaAnna>
      <unawake rakeryJustled="latera">
        <connuMaunnaUpskip>83109193</connuMaunnaUpskip>
      </unawake>
    </slackieCoecalRemanet>
    <rhinoDiatoma>
      <kiaughUnfeel>randiesRiotersBeice</kiaughUnfeel>
    </rhinoDiatoma>
    <nerineGibby>
      <swamisSilicleShrieve>shradhZafree</swamisSilicleShrieve>
    </nerineGibby>
    <wilfulLaverocEmpasm>
      <franzyWazir>69</franzyWazir>
      <bachedChiles eyrerGruys="greenuk">
        <cibariaDecil>telaryPinchSparger</cibariaDecil>
      </bachedChiles>
      <gurry wuzzerScorner="254" balineThighedSlangs="sepadAlaudaAbhenry">
        <sirihMunchee>properGlossae47</sirihMunchee>
      </gurry>
      <heveaSaponul nucleiInner="pomoSexilyBulkish">
        <analogsPillionSasse>myrt</analogsPillionSasse>
      </heveaSaponul>
      <kaylesSetae neckful="heathen9671">
        <pecoraHubbiteHastula>rottle</pecoraHubbiteHastula>
      </kaylesSetae>
    </wilfulLaverocEmpasm>
  </fungiteRoups>
  <reactorParging morelleLatvia="saipAbjectCorven">
    <mabbleLidosMonial>
      <bowels>algalia</bowels>
      <helion idylsWarmen="outrunsCoronaSkewy" adpEarsMateys="tubber">
        <untreedStenter>1041403</untreedStenter>
      </helion>
      <abeliaUster abeam="frenaDesiltAppend" cowbell="44222">
        <cues>aramisDecadicImmew8011</cues>
      </abeliaUster>
      <maladySwamperKiowan upscaleKarateArrode="toprail" girkinIschar="8604156">
        <lac>livablyRecipe</lac>
      </maladySwamperKiowan>
    </mabbleLidosMonial>
    <loosishIslamic>
      <hattingNomsChauri>99421</hattingNomsChauri>
    </loosishIslamic>
    <vowChannel>
      <hakimMolalAesop>2581680</hakimMolalAesop>
      <biwaCapuliDwelt snaws="salties" helenaPetti="94">
        <downier>nonagon</downier>
      </biwaCapuliDwelt>
    </vowChannel>
  </reactorParging>
  <sundaesGimbal mungerThrewAmylin="59840" tenuit="hdkfBirths" octofid="inane" minions="minawaySotPreview9" />
  <zamarroAugite grint="kiver" madison="80" unmerry="160896075" />
  <cheseUnrived goup="7" />
  <yasmakEntoil lazarly="argusStubeCatsup" />
</zinganaBruisesDeputes>