<?xml version="1.0"?>
<alewhapTignon>
  <mellahRubrailNobler sampansQualiaRebush="bemete" crimbleRanseur="canopy" acetoinSimurgWastely="tascoQuohogs5812" chkfileRheumyCaning="fumilyWhigsNazis">
    <miters>
      <piquets>oryzaMugient</piquets>
      <arteriaOkonite>
        <bharal>santonSisley</bharal>
      </arteriaOkonite>
      <gobioidAuristsCermets vivresTernionArblast="santirs" pondletCircutRabific="lullianNoodledSurfers">
        <tchi>missingZag357</tchi>
      </gobioidAuristsCermets>
      <tympan>
        <hankingJambone>noemiCabotin</hankingJambone>
      </tympan>
      <patentsMazzard>
        <upband>tousel</upband>
      </patentsMazzard>
      <volgaWiling blurrerArilledScissil="emesesRefugeeRestep" tapistWlityTellt="rondo3">
        <teer>69780983</teer>
      </volgaWiling>
      <bibberySclateDrawbar hairletOutrunsUpscrew="445" stirpesSphery="46398">
        <bocciesOnce>90</bocciesOnce>
      </bibberySclateDrawbar>
    </miters>
    <tuglikeNatureTrama>
      <tace>hiems</tace>
    </tuglikeNatureTrama>
    <nugae>
      <equine>penshipGilguy503</equine>
      <akawai spiratePrimus="seagoerShawingAtheris3" tartingWaffly="1922">
        <setulae>fuzzingNegater63</setulae>
      </akawai>
      <aethersCroape ocarina="42934">
        <oquassa>cyaninZymogen236</oquassa>
      </aethersCroape>
      <seljukCoggleDeposer sinify="pipe">
        <reassayYaw>adight273</reassayYaw>
      </seljukCoggleDeposer>
      <bosniacRarerMixy bloomed="flutistWairshPellate" pithead="neckful">
        <koff>ogamDudeens</koff>
      </bosniacRarerMixy>
    </nugae>
  </mellahRubrailNobler>
  <numbedAvoure />
  <pupElcajaLeggin tacklesMoron="sompne" />
  <knarsSunland waylayHaulmyTeraohm="365869828" sagyPaddledZingara="432305935" />
  <bunnell fixtReswearElbowy="blanc" emilia="1" cutweedAwed="604" agynousStiesEngouee="mews" />
  <iced>
    <ameedSultany martesElmyPapular="713271744" penileCelliteArage="yazooTakyrFaintly" uncruel="drawer">
      <ovarium>allody</ovarium>
      <hamlahByssalAgleaf novelleUnsinewObscene="culversMaillsJerkies" mickery="egardsRebabOnboard">
        <chasmyUpdiveGear>tumbleHaitiFestal</chasmyUpdiveGear>
      </hamlahByssalAgleaf>
      <unclipMeconicGuans siganid="493370">
        <indexes>shauri</indexes>
      </unclipMeconicGuans>
      <gimelHafis>
        <alipata>squozeNimrod78</alipata>
      </gimelHafis>
      <heftilyRemits>
        <podlikeGenualWhorls>morphon</podlikeGenualWhorls>
      </heftilyRemits>
      <captate>
        <rebusyNudnik>lanAdipateWhame</rebusyNudnik>
      </captate>
      <reawakeTrophalSwapped singCadrans="lentile" grecePoisure="4">
        <nitonsFormicaSyncs>420924662</nitonsFormicaSyncs>
      </reawakeTrophalSwapped>
      <gotraErriteEbony>
        <wasogaEntoil>fastiia</wasogaEntoil>
      </gotraErriteEbony>
      <archwayAgarosePanders kolsunVolumeLine="busboysBlocker" furca="voltPropr">
        <vower>2</vower>
      </archwayAgarosePanders>
    </ameedSultany>
    <rillowClive>
      <gteauUnipart>atelicRaided</gteauUnipart>
      <coursForwornSyrette minimi="uloncusForseek" grownPapago="8045">
        <pygargFuelingBesagne>barking94</pygargFuelingBesagne>
      </coursForwornSyrette>
    </rillowClive>
    <rowing sonVulturn="pretaxToddled" mohawk="tardo" unfastJointer="365">
      <recourTalkee>vervet</recourTalkee>
      <chazzen unplanMagnaTriable="snorer" dodgilyNicking="gelt">
        <gidjeeDoerIsogam>1566800</gidjeeDoerIsogam>
      </chazzen>
      <daalder reelect="9224497">
        <unwit>brahmiDarshanIced32</unwit>
      </daalder>
      <unnetheJactura ecuelle="afright" glaizieGrallaeDelice="612906">
        <nauseamLagend>embowUlling</nauseamLagend>
      </unnetheJactura>
      <undoesTungate deliver="agamas">
        <dollingLichamScawd>xyleticOdium</dollingLichamScawd>
      </undoesTungate>
      <developSagoDesks saranSkulked="acieral">
        <weazand>kirkmenLagurusWongah</weazand>
      </developSagoDesks>
    </rowing>
    <norseLecythDabba ablerPeiping="hubbubsDeleing" gipsyry="bahamaTalkLycopus1">
      <aikaneReaddedLikens>sgdGals</aikaneReaddedLikens>
      <unbraidRile chkfil="mickleGillie">
        <wagomaUnbankLoc>cyathFanlikeQuests2</wagomaUnbankLoc>
      </unbraidRile>
      <ovulesVeleta>
        <reseauGranthaCoky>6401467</reseauGranthaCoky>
      </ovulesVeleta>
      <auricHajjis>
        <tonemicKotowedKeymove>femmesRink</tonemicKotowedKeymove>
      </auricHajjis>
      <dotting exeatOboles="3392015" detinueStoury="beaderIndignMarler">
        <legger>deodandTansiesBurion</legger>
      </dotting>
    </norseLecythDabba>
    <sailing serowsOximesIdlemen="peatierGuttus" loboloSumachWireman="wamusesSwackenSlangy3">
      <glaiks>reads</glaiks>
    </sailing>
    <gummicSkiverPlacoid>
      <wangoniSacrumAutomen>teindsScamp</wangoniSacrumAutomen>
      <solymaOupheInvivid marinas="hulchyShoguns6145" treasRuinerCarapa="troutsTine">
        <peas>doand</peas>
      </solymaOupheInvivid>
      <ireosCornada anklongRobberSquint="thewy" chuponThinker="sudeRattly">
        <umbles>unswungRefuser5</umbles>
      </ireosCornada>
      <rufferHoumousKanauji zamanLaniusBhaktis="nausitySundarUtible">
        <serifSelingCaptain>misters</serifSelingCaptain>
      </rufferHoumousKanauji>
      <scrimpy slattedHipmiPeucyl="earthsJohanna">
        <shapenXerusSynagog>dade</shapenXerusSynagog>
      </scrimpy>
      <numbers shiesChammy="granmaPrefineCundum">
        <brigueKoff>laudismChalcus</brigueKoff>
      </numbers>
    </gummicSkiverPlacoid>
    <druidBoreanCalumet>
      <treilleGewgawFlunker>aleutic</treilleGewgawFlunker>
    </druidBoreanCalumet>
    <gimmal>
      <seagirtGere>flites</seagirtGere>
      <cored schultzPodunkBogum="tisarTiculFeeb48">
        <chylous>acaraEscBordel1746</chylous>
      </cored>
    </gimmal>
    <hornletHucklesTantric>
      <merging>yardmanFrilledJulidae</merging>
      <glenoid>
        <acedyEtapesUpseal>volapie171</acedyEtapesUpseal>
      </glenoid>
      <scuffAwatchGarpike nachoStingosCobnuts="gogo" seederFimbles="larkerFilea1310">
        <mombin>skiting5</mombin>
      </scuffAwatchGarpike>
      <rapinerGelongMisuser inmeshRobotry="tilakaLegatoGrallae" maineEgal="hajjisHainedCorkite">
        <ardorsPetitioThalia>craws98</ardorsPetitioThalia>
      </rapinerGelongMisuser>
      <toledoTsotsi arcusesInlaid="gaffkya" tycoonAsg="marmarGunate">
        <ounceNakir>rarishHalbertBoon</ounceNakir>
      </toledoTsotsi>
      <verdet kirk="stalker" murexidCappie="6502">
        <grane>lazuli</grane>
      </verdet>
      <tishiya>
        <lyance>splintyHygeian</lyance>
      </tishiya>
    </hornletHucklesTantric>
    <dicebox arracksLirotJibber="lathieEveseNauger" habileSalversCaids="943" pipidaeFloods="cozeExquireYawl">
      <castoryAureityRaison>jinns</castoryAureityRaison>
      <mohrPaon>
        <marinal>662472212</marinal>
      </mohrPaon>
    </dicebox>
  </iced>
  <vitisDeavelyAmulet>
    <fiver>
      <isoln>piroqueSudoric</isoln>
      <amyEpuloWidowly>
        <flavourGolfedLilac>mahmudiAtrial</flavourGolfedLilac>
      </amyEpuloWidowly>
      <crenelePeponidChrism levetCraniom="boskets">
        <reships>adipsia</reships>
      </crenelePeponidChrism>
      <toolerSpalesAches sterol="175513206">
        <gurUpgape>5673908</gurUpgape>
      </toolerSpalesAches>
      <skewBluelegHostel cotoroKoswiteXix="molded">
        <flyingsFriseur>deepGeddsMartyry</flyingsFriseur>
      </skewBluelegHostel>
      <dohter>
        <estherAnsa>hardieWergeltStumped</estherAnsa>
      </dohter>
      <doglikeAtollGullet bigged="apothem">
        <cordery>73056</cordery>
      </doglikeAtollGullet>
    </fiver>
    <nonagesLawless>
      <sulfaKoodoosFacade>56169</sulfaKoodoosFacade>
      <bergs souseJacturePrunell="640">
        <vouchorWardman>kerria8278</vouchorWardman>
      </bergs>
      <risiblyRebukedTrigos dermal="79056388" reauteVeal="smallYerkRhason3244">
        <pewmate>fasterLevana</pewmate>
      </risiblyRebukedTrigos>
      <lutoseAims stutter="actsZingare" dine="gaterFibrins">
        <agroan>ciboryCestode</agroan>
      </lutoseAims>
      <gingRewarmSiller>
        <cloudedTwiddleReed>glazerSmervyGazette</cloudedTwiddleReed>
      </gingRewarmSiller>
      <leproseFalding xiiOuzoRailage="26550">
        <laminar>soyate</laminar>
      </leproseFalding>
      <aff olpRicheLimnite="ratosArctosMarram">
        <golf>musingMetheneRemake</golf>
      </aff>
    </nonagesLawless>
    <braidedSmellie>
      <outzanyMaipure>grunth</outzanyMaipure>
      <cesuraMeach gigfulMisform="curtaxe">
        <largo>amiant</largo>
      </cesuraMeach>
      <dididae>
        <samsam>tanoan</samsam>
      </dididae>
      <phialaePanamicTuques>
        <pivalicSerule>2802</pivalicSerule>
      </phialaePanamicTuques>
      <nekDistend alfirk="hamsIxionSlowup">
        <lasing>petaliaApproxSkywave</lasing>
      </nekDistend>
      <gantangJajman roomletSqudge="verityQuott">
        <yeeBleep>odylic</yeeBleep>
      </gantangJajman>
      <oniscus draymanSearyRaspite="recoupeTrowelPaven" pirny="saransDadu">
        <neoramaUpkeep>solateGamahe</neoramaUpkeep>
      </oniscus>
      <scolexSulphas alaund="peinTorahTakar" sobersRtiSchnaps="1979903">
        <erupt>761493</erupt>
      </scolexSulphas>
    </braidedSmellie>
    <xystusSewing>
      <assiege>318</assiege>
      <fluericDivulse yelverTrothRegimen="glomPayenySnoozed">
        <limmers>jeridsPyropen65</limmers>
      </fluericDivulse>
      <sdsIxodidJawfish>
        <trainelPoitrelPoulter>operaePiningsQuoth</trainelPoitrelPoulter>
      </sdsIxodidJawfish>
      <unnobleGlazierFerula bassPozzyInadept="ligule" slidersBeng="684">
        <goombayWatererQuatral>wryerFlairTithers</goombayWatererQuatral>
      </unnobleGlazierFerula>
      <errhineTappets dodgersDalethDuskily="disposeNerves" roomth="cabahoScraich">
        <invader>swathesJeffie</invader>
      </errhineTappets>
      <allodyTarnScranky eckleinSondeLimpers="dowsersShaikhi" panjabi="49884">
        <boulCloneKummels>wovenVelledaWaxwing</boulCloneKummels>
      </allodyTarnScranky>
      <woodyBouclesMapping>
        <soggierOxfordKajawah>yawnfulHoofy</soggierOxfordKajawah>
      </woodyBouclesMapping>
      <rehoopFurudBrassy actingsPlacard="nonliveWielare20" whissleFinishTuno="bidesAfoul">
        <grunthFunksTommies>bethinkGrindedMerges</grunthFunksTommies>
      </rehoopFurudBrassy>
      <arsonicMiching>
        <gutium>bedunceDockedFlusker451</gutium>
      </arsonicMiching>
    </xystusSewing>
    <riskerJulienInwinds cashel="panureElohist" raasch="42134885" clopped="319682">
      <albertoSaccule>jewlessUrare</albertoSaccule>
      <toed>
        <auhuhuUndukeBaths>upcrowdPisum</auhuhuUndukeBaths>
      </toed>
    </riskerJulienInwinds>
  </vitisDeavelyAmulet>
</alewhapTignon>