<?xml version="1.0"?>
<bolus>
  <enlaceAcetiteSliced blanderDissava="vivre" twonessCurchy="airampoPassant">
    <jabia heuauMonklyRazer="meilerCarpSnafus">
      <runlessYameoPiaroan>ligulaeCuttles210</runlessYameoPiaroan>
    </jabia>
    <spektMarah abbassiBeduskSant="mayansOrlPlayock">
      <croylSafaris>epilAstralsAffines</croylSafaris>
      <azotise>
        <millrunKnarleHerpes>murexes</millrunKnarleHerpes>
      </azotise>
    </spektMarah>
    <skiis nomadsAgiosReamy="fruggedTibicen" generis="berlinaMatzos" ravensNoncomeSomever="sponges">
      <podgilyMetaledAminded>sonicsUnsoberExedra</podgilyMetaledAminded>
    </skiis>
    <sprigDenameGoundou>
      <snackMalarin>anlagesTriwetRenders3510</snackMalarin>
      <carabus minuetTiphead="8" negritoMammea="diddyTested242">
        <goop>18278309</goop>
      </carabus>
      <syncope veloutBozze="86987822" gestor="758079">
        <neurualCank>cabbleAzazelCairds</neurualCank>
      </syncope>
      <pulwarBouilliBalti ushMayo="cranian" sargosDreary="3003474">
        <nuragh>419682</nuragh>
      </pulwarBouilliBalti>
      <misbede>
        <zapupe>cetacea</zapupe>
      </misbede>
      <lucayan moversDunking="toddickWhaledUpmix4274" ensuredScaleniKyathoi="akelaMundle3162">
        <nomosFoambow>jerkSinopic</nomosFoambow>
      </lucayan>
      <ployingTomans loopistThulr="46304078">
        <curupay>alice6</curupay>
      </ployingTomans>
      <snubbeeOutdate>
        <scleral>acieralGibaro</scleral>
      </snubbeeOutdate>
    </sprigDenameGoundou>
    <kerbayaEft camelotJulietNonce="aceroseChaptHoiden">
      <mityHissesJinchao>831120622</mityHissesJinchao>
    </kerbayaEft>
    <belknapGastlyElmiest>
      <imbrueBedelsSanes>poind</imbrueBedelsSanes>
      <sorned almugsPuckaAmpoule="349004073" brut="6750875">
        <rowers>885311</rowers>
      </sorned>
      <flite basher="laur">
        <goutilyStreiteIyar>gnawerNormanFarms</goutilyStreiteIyar>
      </flite>
      <rechuck manteauTaliteQuotity="8172" retemsMascotsVanglo="mabelaDogeGestio">
        <tenoursTeems>upspurtPht</tenoursTeems>
      </rechuck>
      <oxyphilUsurp ionistLaksa="30623885" slaParica="scalodoPictaviAbnet">
        <intr>maselinShiftsTumbrel</intr>
      </oxyphilUsurp>
      <blocage>
        <foeishReenjoy>lectualBuransCoruco</foeishReenjoy>
      </blocage>
      <tafwizGagglesOzan>
        <megaradOximateRumored>probedBantersHack</megaradOximateRumored>
      </tafwizGagglesOzan>
      <ootwith laithe="10693388" cagierPalponDoug="maniaReemingPhar">
        <nimrodsVellumNode>catlinBravely</nimrodsVellumNode>
      </ootwith>
      <gypsyryMazuma>
        <woompBead>spiritSartorsMeazle5</woompBead>
      </gypsyryMazuma>
      <yelling>
        <unleave>86</unleave>
      </yelling>
    </belknapGastlyElmiest>
    <obtests>
      <probits>gheraoKeirs</probits>
    </obtests>
    <milledThurmus>
      <moism>panside</moism>
      <didelph>
        <awlwort>12398</awlwort>
      </didelph>
      <bedrollMinum melaninEnforth="1884" proofs="azuredBeteemWashin">
        <kooka>hundLakatan485</kooka>
      </bedrollMinum>
      <weesheeVol>
        <isolateMusangJams>twoferBarrens</isolateMusangJams>
      </weesheeVol>
      <homely chaffPolygyn="9017">
        <ureidoAnkuses>sahibahToluidPostil</ureidoAnkuses>
      </homely>
    </milledThurmus>
    <unadornTendidoHakam>
      <blubAmorismTrad>montonBolly</blubAmorismTrad>
    </unadornTendidoHakam>
  </enlaceAcetiteSliced>
  <adad cpiRunwayCrawlie="craaled">
    <belaCapsa bembaMuffingHeptane="pajero" peepersToxify="hutment6551" halsUnhorseDibber="tawkinCajang2942">
      <macawMarcatoPeronei>yanker</macawMarcatoPeronei>
    </belaCapsa>
    <burpedNitellaBlesbok>
      <lynceusJazzist>3</lynceusJazzist>
      <shan floretaSynd="pinataAcpt" elutesLichenyBocasin="unpVeteranTrid">
        <cerealsResolveCrisps>kwintra</cerealsResolveCrisps>
      </shan>
    </burpedNitellaBlesbok>
    <siperTaishEmceed sevilleTholli="reddy">
      <someway>gawEvaseBowpin</someway>
      <smushBaggit>
        <shiv>3252</shiv>
      </smushBaggit>
    </siperTaishEmceed>
    <peckageDoodlerUppoint>
      <zincingJnana>sekerIncite</zincingJnana>
      <satyr madgeRugs="outcook">
        <alevinsSkillet>almuryAtaman</alevinsSkillet>
      </satyr>
      <linacJanner nutlet="clean">
        <casingCalkageSamkara>fuelDft</casingCalkageSamkara>
      </linacJanner>
      <pigginsDithersTrapa stirCocardeAphthae="cesuras">
        <nozzle>ephebusUndownyUrazine</nozzle>
      </pigginsDithersTrapa>
      <elyseeBarundi pitomie="struckIdotea" grydeCmd="eggmentSavants">
        <morrowCojuror>bouclIncestsAcate</morrowCojuror>
      </elyseeBarundi>
      <farde>
        <friborg>824</friborg>
      </farde>
      <furoleKippedLariat okay="ariusCrowed">
        <wodgeUrusesDotard>gigue</wodgeUrusesDotard>
      </furoleKippedLariat>
      <yapoksFoeshipMezzos salaamsDesyl="antigenSyne" pelasgi="75">
        <hokerlyHaggyErf>sedile</hokerlyHaggyErf>
      </yapoksFoeshipMezzos>
    </peckageDoodlerUppoint>
    <rungs taoyinEmpightCowish="cambucaShackle" bossismCecally="entadSalvorPauline8" airnsLullianMirbane="playmanReree">
      <tordionHauler>tuwiUnplowAbrus</tordionHauler>
    </rungs>
    <oyerSubatom banuyoRacesRefoot="shamimOrchen">
      <stagierInlayerSychee>hankingDavit</stagierInlayerSychee>
    </oyerSubatom>
    <outsert>
      <chordalRotonde>pinchemDatable</chordalRotonde>
    </outsert>
    <hoi>
      <mormon>farrowVilayet8629</mormon>
      <puggreeRituals>
        <loessalCanzoneOocysts>seeksPfund</loessalCanzoneOocysts>
      </puggreeRituals>
      <lendsRoadwayUpjet beforeFulmineFiacres="plight" adtevac="teachy378">
        <saumya>epochalCorvinaUpsoars</saumya>
      </lendsRoadwayUpjet>
      <amsoniaGouraInweave tradal="lehay" wolver="732">
        <syftnPillasFreity>domnCullied549</syftnPillasFreity>
      </amsoniaGouraInweave>
      <genualHoweaTuyer>
        <elfhood>mogged</elfhood>
      </genualHoweaTuyer>
      <doled inyoiteGranth="525830113" subseaGuavas="caseltyNeurismWeiner">
        <canoe>7958</canoe>
      </doled>
      <cotorosCadaverRen>
        <aenigma>nonvoidYesty7</aenigma>
      </cotorosCadaverRen>
      <ponton feroceAgnailsCrosa="guavina" chaitya="lidiasRokeEtang">
        <mastoidLiaises>seedlipAmbries42</mastoidLiaises>
      </ponton>
    </hoi>
  </adad>
  <jirgahAmiloun />
  <ruiningFitoutOutfit telar="politBpsChewie" />
  <typobarMegaaraIdola bluismSindoc="sobbedThysenConies" predrewSurveysGuimpes="naively" takefulChalk="orleEristic" perdure="piquia">
    <jinnXimeniaSulu loopistClotureFraktur="222139" alaninCayosRooter="reekier">
      <elmiestProsify>centradHeaumerMoper6</elmiestProsify>
      <variDrang>
        <vivaDipyreFunis>stap7</vivaDipyreFunis>
      </variDrang>
      <scummy enigmaIfe="karooFlange" tonishCarafonSpic="abramSchute">
        <feist>7534</feist>
      </scummy>
      <couchedOversew arkitePalaeicHubba="6900" glack="meniseGolokaBlighia">
        <curtein>21281</curtein>
      </couchedOversew>
      <harpyJezebel>
        <lvalueTakedBusaos>camaieu</lvalueTakedBusaos>
      </harpyJezebel>
    </jinnXimeniaSulu>
  </typobarMegaaraIdola>
</bolus>