<?xml version="1.0"?>
<leewillWeest>
  <yaupsLiberia amply="koryak" />
  <pronuba>
    <longyi>
      <cleave>montaukTumour</cleave>
    </longyi>
    <casitasCorser weanie="domeSkegger">
      <fascili>jackyFaller</fascili>
      <tulipiCiwies alcine="2044">
        <flankRuining>cebilScotistWennier</flankRuining>
      </tulipiCiwies>
      <pontonStar steadUmbrina="ashling" faintly="smudgy2">
        <motmot>448210</motmot>
      </pontonStar>
      <remeantGlucid>
        <zincizeProteus>cotylar</zincizeProteus>
      </remeantGlucid>
    </casitasCorser>
    <unipodsAstorBurbot>
      <painsClewedSuckled>cushieSlinkerOssetic</painsClewedSuckled>
    </unipodsAstorBurbot>
    <sapourSplat archine="7829">
      <neons>lamesMoilsCulm</neons>
    </sapourSplat>
    <parterBea>
      <normThawnImitate>gypsineLutaoWaspy</normThawnImitate>
      <coudHavererPlumage>
        <besandUnmewsChariot>sliteSilty8949</besandUnmewsChariot>
      </coudHavererPlumage>
      <bummilOsirianVistlik dampishCulot="darenSlaker" derail="redoom7">
        <modalRelated>fluemenLenaean487</modalRelated>
      </bummilOsirianVistlik>
      <arnPuja cocklesWagsYahan="lineny" pukeka="paritiDulling">
        <gratinsTalipotFuddled>vastity</gratinsTalipotFuddled>
      </arnPuja>
      <detteBatwing skairPiningGhazism="3555" aeons="crownet">
        <fibulaeChicly>lorenzo</fibulaeChicly>
      </detteBatwing>
    </parterBea>
    <tynedBatcherSchisms tunSorvaHutches="mirfak">
      <haughty>tearcat</haughty>
    </tynedBatcherSchisms>
    <cayuses>
      <ophirOpifexRifles>pyralesLinnApardon</ophirOpifexRifles>
      <omrahLogwise joesHawkinsRapide="vicedTableauDolour" ruaAngiomaDare="periodXeroxed">
        <tiptopsChapsSilurid>zoonalJennaChozar</tiptopsChapsSilurid>
      </omrahLogwise>
    </cayuses>
  </pronuba>
  <thought aegirOutrollFines="86" bienlyHurlbatAbject="daters">
    <tharmPhotogs>
      <meniverPrunase>dustbinStolidFixedly</meniverPrunase>
      <hirudin budgerHarpyPaal="golilla">
        <amullaBynames>updeckOarageSmites</amullaBynames>
      </hirudin>
      <citreneRaspishCytoid>
        <proso>517460708</proso>
      </citreneRaspishCytoid>
      <grant pamhyNea="simplySnickerRedders" feral="tavertColugosRipened">
        <encowl>biffingTrilobeForts</encowl>
      </grant>
      <arrayPungi unzip="56966742" buns="schizyDeduit">
        <hookupuAliases>223727878</hookupuAliases>
      </arrayPungi>
      <diphaseGutsyAcromia glancesViolineSueve="36">
        <illumesTradesTeju>monnionSowsSylvia</illumesTradesTeju>
      </diphaseGutsyAcromia>
    </tharmPhotogs>
    <ketSand sharerBiotics="gone" defatShunner="chingNoilPilusli6">
      <neatestCurarisRehears>moolveeSawyers751</neatestCurarisRehears>
      <coggingFlew daysideLanai="scowderTribute">
        <whifferCutler>mulism</whifferCutler>
      </coggingFlew>
      <phosisFaire piggedXyz="bescentBilboasHollin">
        <aslopLazyish>rebringEyrBiflex</aslopLazyish>
      </phosisFaire>
      <fowage vodkasLucet="rykeMargaux">
        <grocery>untrendHinnerStylar</grocery>
      </fowage>
      <shebarKwintra tubasEpoptic="bunceVecture">
        <kidlikeBoozedElapids>mudhole</kidlikeBoozedElapids>
      </shebarKwintra>
      <fickleAllegeJumps pavansWastrieChekker="arcualeAddedThrills" clernlyHaggly="bebed">
        <surra>requiemCisticUnblock345</surra>
      </fickleAllegeJumps>
      <croisad jessSyntan="nicoticAboutMabuti">
        <muskiesSemilog>abhors</muskiesSemilog>
      </croisad>
    </ketSand>
    <montaneCappedClammy>
      <tonantBedightNucula>pholcusApyrexy724</tonantBedightNucula>
    </montaneCappedClammy>
    <nabalLauding>
      <eparchsHurroo>engaudLulavimAssayed</eparchsHurroo>
      <tunersDeprMardy>
        <henotic>padlockAgadic</henotic>
      </tunersDeprMardy>
      <outbat omsPrude="theism6" ristRewish="bedunchFeniteSaggon">
        <clevis>fasces</clevis>
      </outbat>
      <ambital thrash="birsle" whereup="hostageRaffingEmetics">
        <ghautMotivo>jensonOutbent</ghautMotivo>
      </ambital>
      <metiersReopensFed seldorBaken="tairnWarwolfFacebow">
        <badgedJapanee>avocetsErring</badgedJapanee>
      </metiersReopensFed>
      <gudeUnawful remopUlonataLisa="stanekFulmar">
        <cymoidNitros>racheAlpha</cymoidNitros>
      </gudeUnawful>
      <rectaEnrail fibbery="glazesOutleap">
        <lentousAullay>moreen</lentousAullay>
      </rectaEnrail>
      <tolaPhenate becasseBrunion="residKinbot">
        <muratSkoptsyCeros>polesawVoidsTappit</muratSkoptsyCeros>
      </tolaPhenate>
      <floraTidife oncoticRouleauKialkee="hamataCcidXenos" agalma="58141177">
        <sparage>changosTummelsPoop</sparage>
      </floraTidife>
      <mew aplysia="682">
        <newestSeeds>26577988</newestSeeds>
      </mew>
    </nabalLauding>
    <querreBawtie>
      <zagaieBonaciHangby>higgled</zagaieBonaciHangby>
      <choppinBeslowDodecyl>
        <ket>bumpsy431</ket>
      </choppinBeslowDodecyl>
      <exiniteVioler wornUtahiteGabbai="arietidTintist3" submaid="outroarTales">
        <phenoms>brokenPeched</phenoms>
      </exiniteVioler>
      <loanedCatsup>
        <squashGulpers>65463</squashGulpers>
      </loanedCatsup>
      <shechem angriteMadame="kinoos">
        <libelee>kamansiSquader</libelee>
      </shechem>
      <knapeErma>
        <zoonuleGoodhapGuyer>reflow1161</zoonuleGoodhapGuyer>
      </knapeErma>
      <moratMuckier boarPinier="coursedLongear">
        <environFadged>mordentAbacDissite</environFadged>
      </moratMuckier>
      <timbo algebra="fandomWhing4244">
        <rocher>853</rocher>
      </timbo>
    </querreBawtie>
    <bobletParser>
      <treeSettimoRiced>557</treeSettimoRiced>
    </bobletParser>
  </thought>
  <harelda jinniSar="7">
    <rayasMobsAbiotic pelopeaSheuch="9" poorer="sabinsOmanderTetrix7094" scrushLemmataCasas="maundsLeches">
      <calyx>morian4</calyx>
      <praams dewey="6641" golderSpital="unseelyMonesiaLulabs9">
        <cervusHowsoWany>falisciYuncanPardahs338</cervusHowsoWany>
      </praams>
      <terraeTracCuppers>
        <casabaLeat>windz</casabaLeat>
      </terraeTracCuppers>
      <kickingJomon>
        <acetine>nullingVocabSoddier1</acetine>
      </kickingJomon>
      <togataIcier akenesPrudish="aeratesFycesTronas" becloud="halversSunnsGaloots">
        <shiesOrl>boomier</shiesOrl>
      </togataIcier>
      <sot steenieViziers="ulmate6448" thrillsDambrod="helpedBrogan">
        <largely>luthier</largely>
      </sot>
      <ontarioInfume smervySabakha="errsButanol">
        <butcherScrogiePlating>32295</butcherScrogiePlating>
      </ontarioInfume>
      <sambaed quinylTropicUnqueen="frouzeQuinzeIrani">
        <lousier>disturnSaltcat</lousier>
      </sambaed>
    </rayasMobsAbiotic>
    <straeChaosesParisii>
      <kamichiTishiya>calmStrailSplice681</kamichiTishiya>
    </straeChaosesParisii>
  </harelda>
</leewillWeest>