<?xml version="1.0"?>
<isohumeSapin>
  <gulliedVicarly>
    <plaicesEvened>
      <lackers>35</lackers>
      <biurea>
        <ecuChummerSimlin>discalBoshasSellie</ecuChummerSimlin>
      </biurea>
      <inutile cube="7">
        <haddock>9</haddock>
      </inutile>
      <valvaeAmbaree>
        <tuffoon>94</tuffoon>
      </valvaeAmbaree>
      <stygianCalemesTabic finingPacificAcyl="datival6">
        <brunionPolladz>voyagesBedtick</brunionPolladz>
      </stygianCalemesTabic>
      <aliasUferArccos>
        <waverer>sheddedCudweedLapilli</waverer>
      </aliasUferArccos>
      <dalapon>
        <cheken>exultedCrottalUredema</cheken>
      </dalapon>
      <jammers rajab="667719761">
        <muscaeQuatrinMajors>rereelFlumpsBreamed</muscaeQuatrinMajors>
      </jammers>
    </plaicesEvened>
    <nunclesTwistFistic>
      <epopticGraunt>bedlamsUnsharpAlcedo</epopticGraunt>
    </nunclesTwistFistic>
    <othersDieselOration>
      <combats>salited</combats>
    </othersDieselOration>
  </gulliedVicarly>
  <shariraWoodrisGrayfly formalPantineInula="cravedOmmiad405" geonomaFeudaryEnvoys="36832371" maleate="tipmostCurfewKohemp">
    <anatifaWaybill mashers="quaich" namdaAmbrain="derustBallers">
      <balanusItching>nimbleBuggess</balanusItching>
      <miek melagraTricots="8904" rubensPeguanUraniid="tolidin993">
        <fowageChancreCetera>58</fowageChancreCetera>
      </miek>
    </anatifaWaybill>
  </shariraWoodrisGrayfly>
  <itching synuraeContenuBinal="enskyRefract4" amydonSomnerWhummle="embryonUpstairGabbing" />
  <abricoFuddlerBehew argonsReking="mealerUnwindChewie" fillsPenance="paleronGetting">
    <sighersZinckeInclasp>
      <soy>poohingArchilCommos</soy>
    </sighersZinckeInclasp>
    <kumbukKethibhRehem>
      <oven>vicaireServingAcloud</oven>
      <skill deiHevi="tryste" bockeyUnrigidTropoyl="azorianSnork657">
        <stocked>8737</stocked>
      </skill>
      <charpoyDecime finjanGuldenPorotic="1189000">
        <florin>bemouthHalls</florin>
      </charpoyDecime>
      <aerialAlbiticClivias nipmuckModenaTamise="adhortFerrelAshiver" quireRipely="lawish">
        <aahing>unkinFowentWhumps</aahing>
      </aerialAlbiticClivias>
      <reclineUntrend>
        <tummelLakes>guldensDooliSarcura6710</tummelLakes>
      </reclineUntrend>
      <tebbad arrayanVastity="sighing">
        <run>19558094</run>
      </tebbad>
      <krsVolanteNewel tricarCoo="324761">
        <ejusdemItonamaLaz>upcurlNomen</ejusdemItonamaLaz>
      </krsVolanteNewel>
    </kumbukKethibhRehem>
    <palomaFilaoPitied>
      <keeler>ostealQuinyl</keeler>
    </palomaFilaoPitied>
    <prowerGaels>
      <wiltDossier>hafEmperilIngraft</wiltDossier>
    </prowerGaels>
  </abricoFuddlerBehew>
  <loaHoggismWheys fallwayEdestin="unrobesJewellyShawn" rhaphesFdtype="abortedScapoid" unspoilSpinetsEntails="spurge">
    <coaled outfits="rebuffsCorfGlaires" berimed="kuesAngico9" valeCostarsImplied="shicksaSelago">
      <doodadsSuppler>lastlyBusksTrygon71</doodadsSuppler>
      <haratinStythePicryl pinguinFlaconPetaled="myodes482">
        <acheteRigodon>rentreeGallop4</acheteRigodon>
      </haratinStythePicryl>
      <grapnel stuporFilm="baledOrtolan">
        <fleckenKelvins>azoximeUngrow</fleckenKelvins>
      </grapnel>
      <tippier otariesHackeemJutted="hingingRamsey8" mallei="albanSkirled9">
        <thriftTibbie>nitridsFennelsAccusal</thriftTibbie>
      </tippier>
    </coaled>
    <epanodyTabered trimeraDefray="7972">
      <doubles>melonsStupent89</doubles>
      <rudesbyCamposChibrit>
        <guiananKebars>another</guiananKebars>
      </rudesbyCamposChibrit>
      <fiseMealockDormers balkanUpgrave="bandengPommiesBarest" maloca="fungusy">
        <middiesZanier>pythonsSauveRodsman</middiesZanier>
      </fiseMealockDormers>
      <horntipMustifyWiddie snackleEtypicRiggite="amoristDiadems" medakas="twirlyLadhood">
        <dugal>couters</dugal>
      </horntipMustifyWiddie>
      <quedlyBrumNandu jowTanoa="tapitHullock">
        <mahuPamela>20891270</mahuPamela>
      </quedlyBrumNandu>
      <underdoHumistMexitl inmateKirghizSealkie="setaria" spitzesYameo="2260">
        <pargana>wieldedJundie</pargana>
      </underdoHumistMexitl>
      <emitsUrinantCosting vitialKomatiChirk="goblin" normal="4">
        <starnieBragite>sozolic</starnieBragite>
      </emitsUrinantCosting>
    </epanodyTabered>
  </loaHoggismWheys>
</isohumeSapin>