<?xml version="1.0"?>
<mantramVariedSnowcap>
  <kernelDamnosa />
  <shamir bannedColtishDuplex="sclimbDrabsMakluk2" baboosDuarch="fustleRigidlySattie">
    <citrals>
      <sparoidCarefoxZyme>coroadoFoetureAguara89</sparoidCarefoxZyme>
      <molassyNonwar>
        <puckeryKohlTirades>7402</puckeryKohlTirades>
      </molassyNonwar>
      <maulsSculch>
        <winery>dutchedUnrule</winery>
      </maulsSculch>
      <jookFuage>
        <gasmenLarkers>undureMoira506</gasmenLarkers>
      </jookFuage>
      <halpaceGobackSphagia>
        <woofedRemiseCourty>vertu4</woofedRemiseCourty>
      </halpaceGobackSphagia>
      <streetsKoa rociest="keesRabbledLavic">
        <genarchStouts>iwaQibla101</genarchStouts>
      </streetsKoa>
    </citrals>
    <leaferWeentyMulcts ramaism="2">
      <fehStrook>okeyZaffirsBulse</fehStrook>
    </leaferWeentyMulcts>
    <dungerAdytonChallah>
      <hicketLuluaiRisberm>iserineArguersAlbugo</hicketLuluaiRisberm>
      <shigramSchorls replum="solutioAmorph" pebblyLacernaOvonic="djinniThimberUnbag">
        <hirudin>metrics</hirudin>
      </shigramSchorls>
      <fences distainPulesChucks="apaGuidman" sternerBwanas="atimonCaching">
        <nupeJannockMeril>ewesZombies6414</nupeJannockMeril>
      </fences>
      <upknellPraisesMoi repleatBackrunHarace="alcoholSondeCaging" alanin="birlinnChukka">
        <sharryDaffsPugaree>topheAthymic</sharryDaffsPugaree>
      </upknellPraisesMoi>
      <buncher bhutsCymling="politerEyehookDigital">
        <vocals>impugn</vocals>
      </buncher>
      <taigaHollandBadawi besandBaklava="yessing" valuta="timothyGudrunLampong">
        <feynessFlossie>thriverMeminna415</feynessFlossie>
      </taigaHollandBadawi>
      <zimbiExsectApple>
        <roodleHeazy>fritJosAwhirl</roodleHeazy>
      </zimbiExsectApple>
      <mockerySiddursMauves bowingsTrow="depecheRociest">
        <plaquesAbbEupnea>sunningMiskenIodated</plaquesAbbEupnea>
      </mockerySiddursMauves>
    </dungerAdytonChallah>
  </shamir>
  <wheelAphony />
  <boddleBouk />
  <tobiahWeamHatel>
    <comatic>
      <ibicesWouch>viduityExultDominus5589</ibicesWouch>
    </comatic>
    <galleyRisperLayery>
      <junksBriskPrising>zairesNavelyAmulla</junksBriskPrising>
    </galleyRisperLayery>
    <soodledPartialConcoct>
      <bookeryBigaeAeolis>oathsTollmen</bookeryBigaeAeolis>
    </soodledPartialConcoct>
    <inyala>
      <grammeOsiride>545981</grammeOsiride>
      <zenithsBranderKnap>
        <rebend>jowerLogjams</rebend>
      </zenithsBranderKnap>
      <angakut>
        <guadua>turrell</guadua>
      </angakut>
      <outcure ballam="vijaoProser" pangi="diable">
        <defacer>unured903</defacer>
      </outcure>
      <bordarArgonneAvellan othmanyAtlatlsRosario="arousalBathool" gurniad="gaycatUnplat2018">
        <atiptoeLaveers>bazoo</atiptoeLaveers>
      </bordarArgonneAvellan>
      <ticklesColarinAfars unzeGibbertFeinted="ordealsSkiterBuisson">
        <waiting>tussehsPhonet</waiting>
      </ticklesColarinAfars>
      <tombacTatteryWhooped>
        <stoatsCaudal>whereonExitsScholar9</stoatsCaudal>
      </tombacTatteryWhooped>
    </inyala>
  </tobiahWeamHatel>
  <chadarsFucker petitesMurray="mentorsDao" ribbed="cottyRetaxTzigane6" vigoursPlinksGradal="soledFirkinPanung1552" sabino="panganeDeposedPloat">
    <awnsGawk>
      <chuserSecreNegundo>thapsiaBardane4741</chuserSecreNegundo>
    </awnsGawk>
    <craccaTereteCrawful kirantiBickerBali="exhaustTokensSash" dreckMeantHazily="latusCeibaWraithy" mortaryHakamimGrids="dormPrecide52">
      <torsiRedyingIsatate>salvor</torsiRedyingIsatate>
      <fennyPerule hydric="corylet" buffsEnoughSchlepp="laurentPory">
        <yugas>883733</yugas>
      </fennyPerule>
      <sweatyWormers dinners="grudgesSexuous" herJoyleafPicarii="nuncios">
        <outsatGlosts>epiclyAbscindNapery77</outsatGlosts>
      </sweatyWormers>
    </craccaTereteCrawful>
    <toran>
      <uvver>eposesFreeby73</uvver>
      <mooressAgisms>
        <wistful>119295</wistful>
      </mooressAgisms>
      <coble>
        <doweled>143</doweled>
      </coble>
      <damaHonker slurb="nepa31">
        <elkhorn>47</elkhorn>
      </damaHonker>
      <mizzly skydiveBonnockCloky="foistyWulkObtrude">
        <chawk>1813</chawk>
      </mizzly>
      <biblusLactoid tortilWheeAddress="margaUncoopPaip34" baraza="dupersPontiffFirkins">
        <cebianIdoistSycones>2621</cebianIdoistSycones>
      </biblusLactoid>
    </toran>
    <dewittRapesSnocher>
      <commisCrinite>94738013</commisCrinite>
    </dewittRapesSnocher>
    <isagoge asuriPiquantAboded="lobcockSawmonDernful" melinaeEstella="hafnylFids">
      <ridleyGantrySken>cheetGonditeAbends</ridleyGantrySken>
    </isagoge>
    <ethosZend erodium="isatideBuckety" chattaVivrePalier="avertAlexine">
      <pukkaCantino>194948347</pukkaCantino>
      <rhaphesTripper revelryHancedPeruker="76472">
        <burrishCoves>wonts</burrishCoves>
      </rhaphesTripper>
      <disshipRhamnusRach vitiateImbasedAdagio="2723">
        <lifeletCohoFaquirs>shatanFuguingGeezer</lifeletCohoFaquirs>
      </disshipRhamnusRach>
      <ileManchet goalersPrunersSabal="caisseTwigTrickly" lippie="kuhniaCoaxing">
        <sticken>killig</sticken>
      </ileManchet>
    </ethosZend>
    <guar pacquetBegulfs="142911188" vanadyl="ditheryHotrodCyclas">
      <guaoSixfold>mehtarDampang2</guaoSixfold>
    </guar>
    <firstly iambAlveloz="bicepsCoyly">
      <shodeIzingPieris>698651</shodeIzingPieris>
      <tilings undoes="dustragShulsBarger" ooidAmritaAdonic="alvanOrder">
        <obtundJurists>centenaBesugoSlashed</obtundJurists>
      </tilings>
      <hubshiMalmSkewers dominieBrinersJugums="lineupsFadeout" funliMimmest="7529">
        <rubace>pankin81</rubace>
      </hubshiMalmSkewers>
      <thongsCombiteLigated abusersMashies="shermanAgraceSonores" doxa="snivyCooeedPrate">
        <jostlerHeated>polis</jostlerHeated>
      </thongsCombiteLigated>
    </firstly>
    <dumoseEdile sowableChoree="16140" yaupsSpingelDucking="intown" owtchahBennes="94">
      <redrag>pungentPatulinClaques82</redrag>
      <jerkies axogamyAirerEuros="repavesDillisDynamic10">
        <arbithClaptZosters>pitmanPilaffs</arbithClaptZosters>
      </jerkies>
    </dumoseEdile>
  </chadarsFucker>
  <thing tossupsMuffy="magilpOxyopia" cosies="nitonBagdiJapanee219" granuleKinura="glucidHopiSkean" atopiesChafes="bortzes">
    <nagginGuesser equinal="figaroOriginAmbalam2">
      <khulda>ramplerRetag</khulda>
    </nagginGuesser>
  </thing>
</mantramVariedSnowcap>