<?xml version="1.0"?>
<jivedSkipped>
  <mecums upstickIffiestSpying="tumoredLunyiePalters68" laziedLacto="jamlike">
    <nizamutTorquer sparverBooteryQues="aspy" venduesViperaKludge="569115">
      <quintan>tannaicExpone</quintan>
    </nizamutTorquer>
    <ontarioApialesHave picaras="peaveys" densely="vog">
      <diamylMuzzler>994</diamylMuzzler>
    </ontarioApialesHave>
    <pung>
      <reactAccordsFyrd>raison71</reactAccordsFyrd>
    </pung>
    <abrasaxChesounSolaria farioBasked="axoneLusoryBush" gregory="30752132">
      <harpiesLawsMenthyl>tushyJayveeHushaby144</harpiesLawsMenthyl>
    </abrasaxChesounSolaria>
    <unleadRatti>
      <addaxRegtEquid>48</addaxRegtEquid>
    </unleadRatti>
    <averahJawpLemming ethanalVillageUnpen="580447" atoxicBandman="calmLoathly6" pottledBactNinos="slantlyMisbusyBrashy">
      <aerily>embacleOdeaNitos949</aerily>
      <cecal>
        <simbaRouelleVedette>barih</simbaRouelleVedette>
      </cecal>
      <hejirasHuipilCaddice seraing="bhutsLoutingAbodah">
        <comiteGutty>chattiSeiners7972</comiteGutty>
      </hejirasHuipilCaddice>
    </averahJawpLemming>
    <abdNiftier>
      <bloomsNasaumpStouts>waglikeNitella</bloomsNasaumpStouts>
      <naevoidLatax slimed="morgens" homagesBochurSiddur="effate">
        <villasPoiana>hondoPalma</villasPoiana>
      </naevoidLatax>
      <gawTapeti affordGaspers="57033186" oconnor="13801159">
        <mutagen>donutBondersPhoner</mutagen>
      </gawTapeti>
      <most deforse="lepraTizzies" pardonLintyPanside="tzurisViduate">
        <ninons>areallyPianka</ninons>
      </most>
      <noshesAlgediSaucery turfenJanuaryNaig="haloid691" weldors="akmudarTrilled9331">
        <mavensAlgaliaEkerite>jupiter</mavensAlgaliaEkerite>
      </noshesAlgediSaucery>
      <tiaraedRantan wakikiRepiner="tundunMattockDuolog72">
        <parsonsCarissa>746</parsonsCarissa>
      </tiaraedRantan>
      <forchesGlozing flewitBroosShowful="5055355" mezzoSovenezEtoile="paroleeSavours">
        <stossBlypesPowdery>ronyonUnlimp</stossBlypesPowdery>
      </forchesGlozing>
      <cubbing copularElectreBadian="agropeAvshar" neeButle="bultellSabaismPapey">
        <reaksEcbolic>bozaZamenis524</reaksEcbolic>
      </cubbing>
      <kibbler>
        <raman>glagolOrlon</raman>
      </kibbler>
    </abdNiftier>
    <unci>
      <jocunoDoatsPetted>belloTingsStent745</jocunoDoatsPetted>
    </unci>
    <monilia>
      <kiefsClaviGhastly>murriesPorosisCanarin</kiefsClaviGhastly>
    </monilia>
  </mecums>
  <rikshaBuglers tofore="bepaste" cytozoaTephrasUngod="noxiousGlackFittage" fiumara="prang" cessionRejig="dragger" />
</jivedSkipped>