<?xml version="1.0"?>
<renewed>
  <burut upmountArg="nanosecTruish">
    <hachisBaskedUrodele viseedTerzioAmbitty="vials">
      <pinenesFeddanOpulent>nambanWheeled2</pinenesFeddanOpulent>
    </hachisBaskedUrodele>
    <swaggy giroEluantBenben="stampeeBonzer" tristamResinkGaolers="583727">
      <quinzeActiousMoseyed>6342173</quinzeActiousMoseyed>
    </swaggy>
    <gutsily>
      <acerolaSylvic>crojiks</acerolaSylvic>
      <heptylSayable topper="yook" dhotyRaioidMaranon="insultsRoseine">
        <awest>gibs</awest>
      </heptylSayable>
      <tortiveFitlyOgive teemed="3">
        <heddlerPheealQuadrin>rindeMingler1239</heddlerPheealQuadrin>
      </tortiveFitlyOgive>
    </gutsily>
    <duckishSyst ductedAlbugo="grievesBromate3663">
      <comptiePinulusAirflow>23106</comptiePinulusAirflow>
    </duckishSyst>
    <unlofty ready="snoove" heat="rugousLamistaImperia347">
      <karstDrupes>62</karstDrupes>
    </unlofty>
    <adverbs>
      <theronRindle>ungnawSteel</theronRindle>
      <imbaseOsmateTamonea>
        <zonariaCoiffed>owtchah</zonariaCoiffed>
      </imbaseOsmateTamonea>
      <pumpkinYowling exoticaCharily="tatamiDeisticEccles" ventana="59928">
        <quota>daftlySlipped2514</quota>
      </pumpkinYowling>
      <snored>
        <sendersDyadsBourg>skitter</sendersDyadsBourg>
      </snored>
    </adverbs>
    <avisoAstrutNaphtol>
      <jokish>yorubaPrimineTiles</jokish>
    </avisoAstrutNaphtol>
    <leifNouilleCumulus>
      <acridly>rooving</acridly>
      <ecclSolidWollock exurbsParanja="nargil5089">
        <tombicRouens>67025</tombicRouens>
      </ecclSolidWollock>
      <blotsStank mantapaMeltithPickmaw="deepRosellaDansy" semitalBitumed="613285">
        <frocksFickly>portrayLogoffGratias</frocksFickly>
      </blotsStank>
    </leifNouilleCumulus>
    <sinaAffingMeow>
      <sucrate>yquemGooseyWeaved</sucrate>
      <thirledAbolish>
        <leoninePixie>coerceNeeldSirrahs</leoninePixie>
      </thirledAbolish>
    </sinaAffingMeow>
    <mousery>
      <huarizo>shedToadyMetayer</huarizo>
    </mousery>
    <drams>
      <mopishPreveneSlyest>hoppleSkeif</mopishPreveneSlyest>
    </drams>
  </burut>
  <svelteGoniaEsparto />
  <hump>
    <jaunced traceyRubatosCarapo="mopesSaloopCackler" gynuraErosJuger="gurgledOrrowBrunt" ournJoewoodRamous="tinny">
      <scaniaEmpiry>curvlePashtoBashaw</scaniaEmpiry>
      <pyeCurlily>
        <helbehExpositTackles>namaKincobLaudes</helbehExpositTackles>
      </pyeCurlily>
      <macigno>
        <bullit>bedrock</bullit>
      </macigno>
      <shayed>
        <blueys>tiang</blueys>
      </shayed>
      <arterinFemmesToxemic vakeelsBourdon="tritons" quiriteRatwa="moolaMenderSiphons">
        <girshesFirry>bushersSawbwaGucki</girshesFirry>
      </arterinFemmesToxemic>
      <casesByzantsDeporte stunned="oddnessTricing">
        <bluffly>baboonBenempt</bluffly>
      </casesByzantsDeporte>
      <atip>
        <rusher>thiefBetided</rusher>
      </atip>
    </jaunced>
    <myallFinnishFrivols>
      <dottlerShiner>evehood</dottlerShiner>
      <oliver firebug="338">
        <unstate>picoryPlosionHindoo4</unstate>
      </oliver>
      <arrangeWedbed>
        <citrineSalp>957320</citrineSalp>
      </arrangeWedbed>
      <amphion>
        <bemock>gliosaSolingBaeria</bemock>
      </amphion>
      <loretin dittingOleins="thinnedMutinedTach" syrphusMongers="nevoidClapt6519">
        <alkyd>befanViralRebunch</alkyd>
      </loretin>
      <flanchCeriphsSoaked sharonStadic="packwaxRajab" abroadTrumpManured="forsakePlutter9002">
        <tiffNorfolk>stammerDaniteWharp</tiffNorfolk>
      </flanchCeriphsSoaked>
      <legiferMahsurFili bezzled="reskew">
        <sensalThynnidMalming>citifyAsfastIncline6</sensalThynnidMalming>
      </legiferMahsurFili>
      <liliumEmparl>
        <reshape>falsie</reshape>
      </liliumEmparl>
      <surahEcartes skittleLasterTuneup="raphany" shiloh="earlish">
        <tagalogGiddifyStriped>weaveSanedHalerz</tagalogGiddifyStriped>
      </surahEcartes>
      <rhamnusStull unmeteSlinkyTindal="larget" pledgerLabelsCerrero="coact">
        <pledgorBeknitPrebake>lianeRelatorLickers</pledgorBeknitPrebake>
      </rhamnusStull>
    </myallFinnishFrivols>
    <cyclUrotoxyCurtate>
      <lovefulOrality>36096</lovefulOrality>
      <baronetZymome bouffonPoints="yauped" wouchFluvioNoonish="aphididKerchugDehkan">
        <rehedge>tunyLayupIodol</rehedge>
      </baronetZymome>
      <kerchOmmateaStramp bemoans="3" vacuumGrannam="upflash">
        <gowlan>siclike</gowlan>
      </kerchOmmateaStramp>
      <rougeauAquafer>
        <tobias>momsJillTagger</tobias>
      </rougeauAquafer>
      <unroomyBoomage>
        <oxyacid>detour</oxyacid>
      </unroomyBoomage>
      <swangDrabbed idiotryClaggumAdroop="deckenCaduacHenna" figged="lintierPalatuaAtelic">
        <nagamiBowne>3</nagamiBowne>
      </swangDrabbed>
      <aggieNickles nobatchAltaiteValeral="grubs" owrelay="prabbleRaffFuddles">
        <astray>bonedProtylDooja</astray>
      </aggieNickles>
      <yajna>
        <spales>92306207</spales>
      </yajna>
      <rascal upblastButanalProbed="cinereaHowkedTaperly8986" virtuedNixingPugmill="250">
        <wheeKinksUnhoods>perpInjuredHeuchs</wheeKinksUnhoods>
      </rascal>
      <ixiasWadmalRip davidCumbers="maranaoDebriefTrinity">
        <shansaShowish>torquer933</shansaShowish>
      </ixiasWadmalRip>
    </cyclUrotoxyCurtate>
    <futchelPycnial>
      <rudousSawflyFreit>rutYoungun</rudousSawflyFreit>
      <puyBoca toddledRecoin="labretsHold">
        <oundingSnoolsRefroze>58793</oundingSnoolsRefroze>
      </puyBoca>
      <pratapHabenaSharon carua="fadsBurrierEthmose">
        <unweft>2679601</unweft>
      </pratapHabenaSharon>
    </futchelPycnial>
    <rutile>
      <evilerInboundObduce>tomiumHypopusAumery</evilerInboundObduce>
      <sparkedBolk>
        <besagne>dezincsDeacons</besagne>
      </sparkedBolk>
      <blushetOdling>
        <hawserVintryCarved>dunlap</hawserVintryCarved>
      </blushetOdling>
      <whizzesDewanee>
        <anconesOstmen>fatilCoexistPresift</anconesOstmen>
      </whizzesDewanee>
      <beclangDoxiesWanga spoofed="1">
        <plays>avsharBullaryTawa</plays>
      </beclangDoxiesWanga>
    </rutile>
    <bellon solions="engage">
      <halfy>tarnish54</halfy>
    </bellon>
    <raisersHanchSextant>
      <fayalEvitedSekani>fleecePyran38</fayalEvitedSekani>
    </raisersHanchSextant>
    <snedsKainMaed>
      <mikeIshmael>atlases</mikeIshmael>
      <cetylPhoSpissy>
        <althingSurculiHurtled>leuds</althingSurculiHurtled>
      </cetylPhoSpissy>
      <lipide orology="52311">
        <badges>kubba</badges>
      </lipide>
      <beigesVenetiSlushy weirdosAdibPigment="ingleBifolia" yabaFalx="cymenes">
        <restfulJug>ety588</restfulJug>
      </beigesVenetiSlushy>
      <vogieRoofmenStartsy cuifs="191" sonshipPeropusNourice="lossesCitole">
        <facund>togoYeelin</facund>
      </vogieRoofmenStartsy>
      <pretiumGurt seetherLynchesQuelch="begodUnplat94" murlackMaximaApogon="kindalSwamiesVestlet">
        <alsine>acerliGeiger</alsine>
      </pretiumGurt>
    </snedsKainMaed>
    <rakingPrebill>
      <shapedHistonAzumbre>scoochRenky</shapedHistonAzumbre>
      <lactucaCruses broomy="emoryTapuGoggled">
        <whigsStrom>lisleLorumJows</whigsStrom>
      </lactucaCruses>
      <jurispZinzarUnawful breedsLocustaGnar="valors206">
        <photomaKissy>charqueErineum</photomaKissy>
      </jurispZinzarUnawful>
      <captorsScrauch>
        <aullayRedid>croapeNetful</aullayRedid>
      </captorsScrauch>
      <bevetoRechainChacate paginalSalta="bourderDevoto2816">
        <arcuses>ascellaIsodoseOni</arcuses>
      </bevetoRechainChacate>
      <backsawCesteDyakish tackerMathaUmbret="algum" melch="5213">
        <dawdlerHibbin>trogonDrawarmAccess525</dawdlerHibbin>
      </backsawCesteDyakish>
      <nimmedNautili untacksSourdre="waeg">
        <refrigSeawardGiggles>mirkyDistil</refrigSeawardGiggles>
      </nimmedNautili>
      <aselliVexed>
        <okapiLoglog>scalpelLuciteOilwell</okapiLoglog>
      </aselliVexed>
      <prizedThreaps>
        <pipingsBurdockBulbose>gariba</pipingsBurdockBulbose>
      </prizedThreaps>
    </rakingPrebill>
  </hump>
  <rouse gurneysFrounce="roarer" dichAfshah="chitlin" decollGeer="ladlersSiegerPierced620" pickaxSepicRock="derridUncause" />
  <irisate grousesAhchooChalaza="piciMayor">
    <zonitidMilord>
      <gymslipRounce>pronity</gymslipRounce>
      <salvaRusticCaneton>
        <stridMorphicAutosyn>douce</stridMorphicAutosyn>
      </salvaRusticCaneton>
      <eyeable>
        <chloric>replaneLambies</chloric>
      </eyeable>
      <tonguy dogbiteEncased="seahJiltLumen361">
        <hermaBenshi>packed</hermaBenshi>
      </tonguy>
      <endmost gaonate="mavinsGlubCancrid">
        <liasingTriadic>duenessIncomer</liasingTriadic>
      </endmost>
      <frizzerDesignsConable poodlerDumbyMehalla="orangsCampane">
        <zilchesUnchild>5</zilchesUnchild>
      </frizzerDesignsConable>
      <oboli hoarier="ursoneDaglockPraeses659">
        <marionVictualPappyri>smirkle</marionVictualPappyri>
      </oboli>
      <alerion zonesVarved="marwariEvaded">
        <hadntRoist>azotin</hadntRoist>
      </alerion>
      <burmaInkrootKaroo>
        <coedLotta>ferriteClothesRecook</coedLotta>
      </burmaInkrootKaroo>
    </zonitidMilord>
    <cassena>
      <spydomTussors>sealersRuiners</spydomTussors>
      <lees>
        <adpAlemmal>sallows</adpAlemmal>
      </lees>
      <frictiAmorini septBecalm="hyaenasCuretKrypsis">
        <apogealSophic>estrinsHalavahTapirs</apogealSophic>
      </frictiAmorini>
      <cokemanOminate>
        <repleteTime>azotine68</repleteTime>
      </cokemanOminate>
      <roomingGymnic musculeZuluize="alcippe" tinneryPeelism="duriansRedear7119">
        <cutback>9638896</cutback>
      </roomingGymnic>
    </cassena>
    <keratto yukkingSiloedKiowa="tikis" bred="7854175" parsesWabenaKnur="pmsgSkiechDort">
      <platea>stickyNoughtWanny</platea>
    </keratto>
    <apertMommy resets="17">
      <waughGrekingPinones>wakfSilkman</waughGrekingPinones>
      <winklesSpitfulXylidic exportsPittite="nervalFakeerSibiric">
        <amigosPonja>40</amigosPonja>
      </winklesSpitfulXylidic>
      <insameDayanSenza>
        <naughty>19</naughty>
      </insameDayanSenza>
      <corruptAcider>
        <kyacks>bautaBrutageKinins961</kyacks>
      </corruptAcider>
      <klunk hugged="9954484" dought="hymnicGirdledSowars">
        <losserCowmenPeanuts>806</losserCowmenPeanuts>
      </klunk>
    </apertMommy>
    <aphid>
      <camizePipery>foll2825</camizePipery>
      <smirkle nulled="41574499">
        <vitiumVogue>attemptAgr</vitiumVogue>
      </smirkle>
      <tavastSemotedLimned hankie="biog26" osmaticUnaxled="12">
        <com>frenneRufous</com>
      </tavastSemotedLimned>
      <teenierClub>
        <alabamaKanthanSonant>pottledPleiad</alabamaKanthanSonant>
      </teenierClub>
      <trepan consume="weismSics" rebuoyYclad="affile">
        <unplumpSmartsYelk>gaudfulShysterGlochis760</unplumpSmartsYelk>
      </trepan>
      <forelay>
        <abaditeAddrestInkles>9130</abaditeAddrestInkles>
      </forelay>
      <redatedCrith uselessJoukery="fastiJuntPhilol">
        <boastsAfroDeposal>rankles</boastsAfroDeposal>
      </redatedCrith>
      <kunziteDyingly lumenal="cesura" loweiteFibroKumrah="crowerFylgjurOleo">
        <tanwoodTided>ribozosActuary</tanwoodTided>
      </kunziteDyingly>
      <sergerMount beakierNunsHogwort="defierPrintedForth567">
        <mimosisRanksJaypiet>fewnessAsoakBranta</mimosisRanksJaypiet>
      </sergerMount>
    </aphid>
    <poditeLubra>
      <woggleSennitFaulx>817</woggleSennitFaulx>
    </poditeLubra>
    <hordein>
      <surgersNocking>27</surgersNocking>
      <pounder>
        <lettern>31</lettern>
      </pounder>
      <tablaLadle rhypticCichlid="arsino43">
        <shewsKialee>928485369</shewsKialee>
      </tablaLadle>
      <impavid>
        <pliablyRelime>acyesisPutsch7</pliablyRelime>
      </impavid>
      <healing tettersGhastlyMetus="shillFacial">
        <tapeman>pitons</tapeman>
      </healing>
      <hiviteBdsAlums>
        <puliCorage>29741591</puliCorage>
      </hiviteBdsAlums>
    </hordein>
    <rowlock>
      <hattersCharier>wallopsOftestGyn1</hattersCharier>
    </rowlock>
    <gracias>
      <kapaiFetter>goosWasho</kapaiFetter>
    </gracias>
    <ravin foppingCraggyAurigo="epigeal">
      <unedgedPorWiner>winier</unedgedPorWiner>
    </ravin>
  </irisate>
  <pasScats />
</renewed>