<?xml version="1.0"?>
<beefersWaughy>
  <gymmalAutocabShallon phlomis="espyBeigel" uneyedBeshow="subdialSist" leahFiendlyExine="sunyataWauken" />
  <erose chivw="4369732" guarder="zooidSatDekarch" veneros="maimsTachistGaggles501" varecAnopsy="yont">
    <quachilSparge>
      <jesters>monikerClo</jesters>
    </quachilSparge>
    <braggle>
      <ahimsaDortsCosmism>forrelAgoras68</ahimsaDortsCosmism>
      <prise nodatedCheezitGeog="44854">
        <seethedAmalettShawn>infield748</seethedAmalettShawn>
      </prise>
      <rubbisyCeltis sasin="uplink">
        <telsonSibbens>reshookDruggy</telsonSibbens>
      </rubbisyCeltis>
    </braggle>
    <schorl>
      <vadeSeba>pompFeeable</vadeSeba>
    </schorl>
    <agapetiAnosmiaByssine botched="62" lionessPandersAmchoor="ruckleMammate" bridoonGirsh="ballonSemsemCling">
      <elixate>alibied868</elixate>
      <kgrUncalk>
        <unwombMergers>flongs</unwombMergers>
      </kgrUncalk>
      <earlobeComfitBudder>
        <daffs>renWaivedJestee8980</daffs>
      </earlobeComfitBudder>
      <squirlVitalic palermoRustful="gothic">
        <freckly>224884020</freckly>
      </squirlVitalic>
      <bhokraHightedAcromia>
        <fereMunch>noiresCrinate</fereMunch>
      </bhokraHightedAcromia>
      <primacy>
        <daalderOvaloidAgin>cuchiaMyiasesLankest</daalderOvaloidAgin>
      </primacy>
      <canst>
        <ranterSiccaOnlook>boopicPlumbumWelly94</ranterSiccaOnlook>
      </canst>
      <subness woanParches="condogOuverte" ordinesHaycartBegarie="3009451">
        <gluingDecks>callingHydnoidPuca5</gluingDecks>
      </subness>
    </agapetiAnosmiaByssine>
    <unhomeFrenalHepburn>
      <prabble>ring</prabble>
      <pickingCroiik opaciteAguiseDepurge="upbrace">
        <framing>buggierBuffedChelura</framing>
      </pickingCroiik>
      <obligeFourreLablab hamalsCapfulJural="fedora" spiraneNoria="hoorays7">
        <amebaSolvingUpfling>spogel</amebaSolvingUpfling>
      </obligeFourreLablab>
    </unhomeFrenalHepburn>
    <loofa>
      <siegerErmine>tearcat67</siegerErmine>
      <unteam jiggedGable="pyins" cosheryGuacos="704">
        <trixTeinds>outwitOwnselfAcorns</trixTeinds>
      </unteam>
      <jussiveKelvinMountie chavishSmutty="loft" jubaDif="pigs">
        <dolf>helm</dolf>
      </jussiveKelvinMountie>
      <bumpy misform="84" rubatoMethyls="uncrookChionis">
        <soothe>pinnetFlivverAtaunto</soothe>
      </bumpy>
      <wakandaTimbe>
        <prizesGyros>soloth</prizesGyros>
      </wakandaTimbe>
      <sling linleyGitanos="candiedDixitNieces" betwixt="633430">
        <bollsUterine>perplexTachiolLotta</bollsUterine>
      </sling>
      <weevils weirdosChink="cayugas" dourahs="unurbanEarners">
        <muhly>nandiErode20</muhly>
      </weevils>
      <minterKnotter tramped="pleaAlgomicFlies" trans="231284830">
        <cres>cordialSerenaButches</cres>
      </minterKnotter>
      <ghostedLavaticZeuxian zoeaSunns="scartTreed" saccadeNelumbo="paydayHuisher">
        <retombPuttees>failure4</retombPuttees>
      </ghostedLavaticZeuxian>
      <gemless>
        <coifsPeony>neossin4</coifsPeony>
      </gemless>
    </loofa>
    <epeira>
      <bubs>6524811</bubs>
    </epeira>
    <linitisPirojki>
      <rimples>maddingPurplesRebale</rimples>
    </linitisPirojki>
    <rebearYodeUntruck>
      <genuaGimHared>trizoicMolded</genuaGimHared>
    </rebearYodeUntruck>
    <codeias hapiUmpirer="elliot" riggingOrtiveIulus="66288063" thutterForfalt="buckledBillety">
      <vectionMusardLophine>elbowShaws</vectionMusardLophine>
    </codeias>
    <jute>
      <hypoCensorsIpid>tollentTriglot</hypoCensorsIpid>
      <urielPoonAdults embreadCenobeGoloch="crases" sulphoLawnyMyrtol="rilingCuriet">
        <catcher>warrens</catcher>
      </urielPoonAdults>
      <hanoFlorid grazing="chanceyNoosers" nunciosFernierSwats="eruct">
        <pompistSours>2</pompistSours>
      </hanoFlorid>
      <geckoesGunshipSkal theyll="cubeWoodierZigzag" hazen="970412016">
        <jingbai>adits</jingbai>
      </geckoesGunshipSkal>
      <prlate tribletScad="whatsOtogypsCarlins">
        <boation>jundies</boation>
      </prlate>
      <lakieSpermActium causus="gleamedFibulae" almahsHypoxic="remedeCasquesDiptera">
        <syringa>remiges99</syringa>
      </lakieSpermActium>
      <trefaTwinismWarper parteBuddles="boragesVeilyCeria">
        <sillockDepose>dhawHolmesEmpathy</sillockDepose>
      </trefaTwinismWarper>
      <avenine dullitySanctus="staphs985">
        <appeaseAnhele>rilled</appeaseAnhele>
      </avenine>
      <ulus rhd="nanga">
        <cuestasBrotherQueachy>tubeletOxland</cuestasBrotherQueachy>
      </ulus>
    </jute>
  </erose>
</beefersWaughy>