<?xml version="1.0"?>
<appearsRavers>
  <maltoseThirdlyNulling ouphish="evenestUppardOrgamy491">
    <preboilZatiChowder>
      <orphizeRelatesChokier>61170</orphizeRelatesChokier>
    </preboilZatiChowder>
    <potgutMaythes>
      <duliasEmbows>3829</duliasEmbows>
    </potgutMaythes>
    <tevissDownbyeBreedy>
      <pygmean>squawl</pygmean>
      <griddleRegales stroyerPrisms="9172890">
        <kidlikeAfoam>braxyRespelt</kidlikeAfoam>
      </griddleRegales>
      <briardWomeraErmines adonaiHexyls="unquitMetelNashua" secedeUnripe="chm">
        <burooGirasol>halmaValutas</burooGirasol>
      </briardWomeraErmines>
      <malting diskosOffcome="poemet" aribine="unslowEmbosom">
        <sunhatRaveHiggler>64065193</sunhatRaveHiggler>
      </malting>
      <draysDodger courbe="65767">
        <venosalNudists>mammateEmpusaHalvers</venosalNudists>
      </draysDodger>
      <violonEthnicPilea jessed="hatless" muscaDetenu="juicilySmarterArrode927">
        <wameNonoicEnmove>chekan</wameNonoicEnmove>
      </violonEthnicPilea>
      <cuyas>
        <coseyRabiesPronic>lettySeesaws</coseyRabiesPronic>
      </cuyas>
      <meatLote>
        <sarclerBill>1939865</sarclerBill>
      </meatLote>
      <belting change="tamashaEasy" enciaYirds="2">
        <tabitha>approof</tabitha>
      </belting>
      <behoves soy="dooleeRookie2951" nuragh="unnameCorsak">
        <citrine>psiloi</citrine>
      </behoves>
    </tevissDownbyeBreedy>
    <bendee>
      <khellinJing>dessus</khellinJing>
    </bendee>
    <huffed peridia="innetDebellKluck">
      <sasanUnsewedBeeswax>278050</sasanUnsewedBeeswax>
    </huffed>
    <glycylsRimland>
      <nonnatWingedSiryan>teenAlaryBornan</nonnatWingedSiryan>
    </glycylsRimland>
    <neback>
      <patinas>unnails</patinas>
      <kickeeTaxine>
        <freetySil>zagaieRicardoGleen</freetySil>
      </kickeeTaxine>
      <expiresRamson>
        <mockado>7835</mockado>
      </expiresRamson>
      <budgesSerow niggraScibile="duchyBettingAwhet" tercels="82145">
        <biriHogsty>7479322</biriHogsty>
      </budgesSerow>
      <airflowRype glaizieArabeskGabling="begat" boobooKillersDilute="trudgenStolenShawl">
        <sanfordPalming>pillingLipins</sanfordPalming>
      </airflowRype>
      <swedeMutistCarum colorerUnpacks="eclairsBluingBro">
        <fugs>3107</fugs>
      </swedeMutistCarum>
      <palingsMaltha cooboosArmhole="shikWribleJebat" anilla="866">
        <armpitZabermaRewish>6</armpitZabermaRewish>
      </palingsMaltha>
      <pulsedSvabiteSective>
        <choirsQuell>3428</choirsQuell>
      </pulsedSvabiteSective>
    </neback>
    <scomfitKumshaw cowdieAphyricSneezed="occupySharpsGorst" edgeman="3917">
      <asouthKiter>simblin</asouthKiter>
    </scomfitKumshaw>
    <satineStiff>
      <estamp>mythismKetylAknee</estamp>
      <agorothGowfer veduisCrockBugdom="lutfisk" adipousSozzledVoilier="whitsShallowSubking">
        <affApogonPutz>unreel</affApogonPutz>
      </agorothGowfer>
      <semmet ponziteBanya="septime" belknapWhim="klutzyExpedeSecedes5">
        <bunts>643067</bunts>
      </semmet>
      <lohan>
        <outcantBakeryCurdled>eremiteJoughJochen</outcantBakeryCurdled>
      </lohan>
    </satineStiff>
    <snurPasToshery>
      <batakan>proxime</batakan>
    </snurPasToshery>
    <hyphenOpsinCarafe>
      <mezcals>pouts</mezcals>
    </hyphenOpsinCarafe>
    <ditheryOutfallChap>
      <polaccaBowfinAsialia>butomus307</polaccaBowfinAsialia>
    </ditheryOutfallChap>
  </maltoseThirdlyNulling>
</appearsRavers>