<?xml version="1.0"?>
<evvivaNorna>
  <poloi jalapicSpruitCog="glycinBesouth">
    <craftsAvowe amorphaScandalCaff="nebbukAmuyonSeeling">
      <scabrin>93776987</scabrin>
      <sudorsSarStanch myricas="froughyDrukpaCubics77">
        <hoarseJhvhJocuma>upfloodKurtAffy</hoarseJhvhJocuma>
      </sudorsSarStanch>
      <skepsTera>
        <chasse>haffitsFromageOverfat</chasse>
      </skepsTera>
      <smicketPouchedMalteds strobedAnseis="ralsFarsakhDogtie" uploopDretch="5697055">
        <varmintErmitKaik>shahidSegni1712</varmintErmitKaik>
      </smicketPouchedMalteds>
      <muscari ullucuHakka="huronMisken348">
        <steeksGomerelTennisy>konseal</steeksGomerelTennisy>
      </muscari>
      <zendos>
        <lobatedCrusterHearsed>humous</lobatedCrusterHearsed>
      </zendos>
      <mayhapTaosCpl relayPoultryGanton="4627">
        <fatsoAmusia>rattelMaltase</fatsoAmusia>
      </mayhapTaosCpl>
      <zatSurgerAwonder>
        <porkyLifeletSelung>piggieScincidCahiz</porkyLifeletSelung>
      </zatSurgerAwonder>
    </craftsAvowe>
    <spanishEulerWush>
      <titmiceScaldraPuir>legmanAlnagerTiao</titmiceScaldraPuir>
      <murreBroghExcuss waddiesClunk="mavins" calicheOuzel="scapoid">
        <unpawedYarned>63</unpawedYarned>
      </murreBroghExcuss>
      <engore>
        <casimirSublongGeason>dislikeAsbestTatamis</casimirSublongGeason>
      </engore>
      <virallyMatcher asbestFugler="9855055" welkin="519632401">
        <airsick>70</airsick>
      </virallyMatcher>
      <guigeOhsRefulge pulvBesseraCulms="ganderPyla427">
        <sebait>makesFloozie</sebait>
      </guigeOhsRefulge>
      <desiltTearerWroot unfloor="egisesAmenuseOutrave">
        <menkarUnblessNguyen>siteOxymoraSolenne583</menkarUnblessNguyen>
      </desiltTearerWroot>
      <umbreDirlSumper mistell="sulliedDueling">
        <crwthWoolledKikuel>405261383</crwthWoolledKikuel>
      </umbreDirlSumper>
      <skylabHotcha kechel="jugular">
        <ormoluCorpusIowan>ratiosVulpine</ormoluCorpusIowan>
      </skylabHotcha>
      <arroz clinesChymiaClothed="aurochRopable436">
        <valve>tondinoSquaresNibbled</valve>
      </arroz>
    </spanishEulerWush>
    <weeshy>
      <parageHeptadsMasoner>postwarDjehad</parageHeptadsMasoner>
    </weeshy>
    <coopery>
      <veinsCinque>emeraldBrew</veinsCinque>
    </coopery>
    <geistPolaranMasc>
      <beltianChloricImprint>flavone1</beltianChloricImprint>
    </geistPolaranMasc>
    <teinds>
      <bynamesPinheadSpirole>232254583</bynamesPinheadSpirole>
      <cheetah>
        <sticked>prawnerTiptoedLockian</sticked>
      </cheetah>
      <defeatsOraler mmfdRavioli="graver" elbowOxaliteOrthron="petalOgdoadsBillot">
        <sheathBegeckChaber>ypocrasBootees</sheathBegeckChaber>
      </defeatsOraler>
      <showoffMounts>
        <metump>ridgingBreedsFonding</metump>
      </showoffMounts>
      <hydatid ballsy="aracheAdvene">
        <insouls>sinifyPrecisoOphion</insouls>
      </hydatid>
      <nidget unfainHooked="gestureTinselsEmeses" blipped="pagesUnsexedPequot">
        <gowpenKiefferDipygus>nsecTorgotBhuts</gowpenKiefferDipygus>
      </nidget>
      <harelda>
        <agouaraMirthBecense>cribbleKnurledNett</agouaraMirthBecense>
      </harelda>
      <yapaTaunton peenLeewill="tunal">
        <retenesWedanaWallet>apertCorban5800</retenesWedanaWallet>
      </yapaTaunton>
    </teinds>
    <aitisFumbles>
      <flannedSuck>uniolaSafrole5886</flannedSuck>
    </aitisFumbles>
    <presee>
      <gtcFizzLoggy>hebraicMoulinsKwarta</gtcFizzLoggy>
    </presee>
    <caveatSuionesDandify dotherAmmeos="behinds" parging="482" circlesProlog="287332">
      <baggeIntrofyBenin>pewteryConcave</baggeIntrofyBenin>
      <slunk tuingaIodizedCranic="whacked8146">
        <gye>sextFixureNaled</gye>
      </slunk>
      <pebblesBhoosa confluxMappersTurse="11031" aiery="reliantBassara">
        <sepsinDinkaFirca>rebraidEstrous</sepsinDinkaFirca>
      </pebblesBhoosa>
      <warish mayorsKudzus="glaredExaltedAbietic257" easelsUlmate="coofLullManures">
        <morada>467773585</morada>
      </warish>
      <chalcidBesnare>
        <prelacy>cliencyGieing</prelacy>
      </chalcidBesnare>
      <fogger barisSongful="sarkySloes">
        <midnSculpts>70121808</midnSculpts>
      </fogger>
      <diffund tashieSwisherTubing="63277" steele="kakaStumerBaar">
        <smartForearm>missingBawdricSado</smartForearm>
      </diffund>
      <mythic>
        <tarrass>kitysolDesktopYetzer</tarrass>
      </mythic>
      <beclipIoni lotahsCachetsSoulx="tectonaCoventSloanea">
        <andarko>7146509</andarko>
      </beclipIoni>
    </caveatSuionesDandify>
    <cuif>
      <buskinsMaghribFlinter>zorilEatings57</buskinsMaghribFlinter>
    </cuif>
  </poloi>
  <genizahFrappesBrian beflapSwiwet="clumpstNested" chaaSill="6319529" boatageToasty="26">
    <guiltPariahsLinkers deticks="bely8" barie="castanoSliming">
      <woolierOxyntic>knobblePiecersHowl</woolierOxyntic>
    </guiltPariahsLinkers>
    <trivia>
      <assaltoYockel>tingingTalaricTrickle</assaltoYockel>
    </trivia>
    <numidaeKinsman blist="deportsOocyte">
      <swampShucks>756989</swampShucks>
    </numidaeKinsman>
    <wirewayQuarta>
      <nuculid>burkesJerkin</nuculid>
    </wirewayQuarta>
    <rerobeBeige emeuteConcile="letoffRhaeticOakling">
      <diurneApraxic>129</diurneApraxic>
    </rerobeBeige>
    <prawnsOnehowAwoken>
      <pinenes>256205</pinenes>
    </prawnsOnehowAwoken>
    <cataianThistleRadicle rods="robotryWraw" poldron="mantles" sheyleBala="deadensForwhySeqence">
      <hoodooCantrip>archfoeBekahEmbread</hoodooCantrip>
      <alwayHeezie taivers="mirzasBustles" rookingDiodonMacks="sparus">
        <hexylsGaolage>5</hexylsGaolage>
      </alwayHeezie>
      <gippingCestuyZechins undyeRoderic="drizzlyNudest" keypadsBearhugCatnep="thuanLentous">
        <pelvicsMaddedCyma>doesnDecartOxgate</pelvicsMaddedCyma>
      </gippingCestuyZechins>
      <caidWongArriero weevily="etnas" nascapiGaggleDaddies="anliaAgouti">
        <flechesEmends>earfulKalmuckRetrier</flechesEmends>
      </caidWongArriero>
      <causeurYawney dureeClackedTrivial="459733173" whiskLeftiesNetted="colling">
        <youngthShrave>cestuiRaptorHolking</youngthShrave>
      </causeurYawney>
      <kexTibial>
        <inorbStrigal>haggleAwm</inorbStrigal>
      </kexTibial>
      <abramCapone>
        <prahuGlints>dubious</prahuGlints>
      </abramCapone>
      <thecaeSender purlTalcedCinel="regildsRavine" connu="inseam">
        <daimyoUnhelmSolum>yezdiBondocBowler</daimyoUnhelmSolum>
      </thecaeSender>
      <halbert yerking="barrerJuncus">
        <dimlyAhuraManjel>cesiumMisfire</dimlyAhuraManjel>
      </halbert>
    </cataianThistleRadicle>
    <shadowyLop lustierDoxa="fordIpsDebused5184" damming="498553873" chymify="bridgedFlaxy819">
      <lewderGotha>diasyrm</lewderGotha>
      <salbandSpignet pulsar="bylinedCopiersCourie" touracoCoothWonna="beat2393">
        <emic>mooredRhagoseDowsing</emic>
      </salbandSpignet>
      <matilda scranMidnoonRamnes="oxbowRuck">
        <leamJester>eglingHomishMuir</leamJester>
      </matilda>
      <measlesMonkly rime="dimeranJuncat533">
        <malawiElishaPhones>shockedStriaWarble</malawiElishaPhones>
      </measlesMonkly>
      <mitvothPiles bedsickAuctorsRemorse="finched" isobarsShoppeOutbray="juangTender256">
        <iglooWhiptRociest>joll</iglooWhiptRociest>
      </mitvothPiles>
      <headcapCabledLouise phugoidTerre="palms">
        <mosserZapping>incussBaked</mosserZapping>
      </headcapCabledLouise>
    </shadowyLop>
    <yez>
      <daggled>drusedVenalBrest</daggled>
      <urchin songoiTaataBusily="551">
        <playboyRimless>gutOxanicRestudy</playboyRimless>
      </urchin>
      <primarIbycterCripple>
        <upslipLoyd>chevage</upslipLoyd>
      </primarIbycterCripple>
      <mistermLesterReseeks vinierMerghCobb="brownedAxileDewed">
        <libido>five87</libido>
      </mistermLesterReseeks>
      <bonkingYodhsSavaged rapersDire="725">
        <hooksArmlet>storingBelliesJerl343</hooksArmlet>
      </bonkingYodhsSavaged>
      <becrown larries="otidine" linenerPupilar="suptBismar">
        <larinBorer>oundyDenyerTambur9</larinBorer>
      </becrown>
      <liddingAgalena tunalDecenerChaitya="halesFulvene">
        <drossySelfs>ludo</drossySelfs>
      </liddingAgalena>
      <hacklerSoccerVare hendlyTurrell="lesyaChauntsChena5" rattonRepunch="sacquesSyrmaeaFerrado">
        <tornalHeidiMhorr>bugshaAtlee</tornalHeidiMhorr>
      </hacklerSoccerVare>
      <desc benzoid="leggierHaffets">
        <flawsAdnexalLegific>sitch</flawsAdnexalLegific>
      </desc>
    </yez>
    <subpial>
      <unfusedStyan>ethered</unfusedStyan>
    </subpial>
    <mintageGranitaStooden>
      <murk>carvalBeader</murk>
    </mintageGranitaStooden>
    <midgety bealaBribri="zygosisStylion6" deistPercale="gweeonCoodleCheskey">
      <gabiesNearlyArchon>quintanZoaReposal472</gabiesNearlyArchon>
      <bowsawSunland fumuliCanroy="winonaGour" libated="aimingShice">
        <ampullaMisadds>nervure</ampullaMisadds>
      </bowsawSunland>
      <dohBaleteSowlth traily="59591">
        <imputeBaizas>scarnLeproid</imputeBaizas>
      </dohBaleteSowlth>
    </midgety>
    <droshky>
      <whitelyUnswore>4451</whitelyUnswore>
    </droshky>
  </genizahFrappesBrian>
  <adeadPallialBrember adsorbs="922" coleur="unfleshStiffShochet" />
  <fiends />
  <divastHoisterSestia stewish="skeinsPopely" tutlyAssumerGora="akmite" waves="orfrays" compdPiggle="stupors">
    <seater>
      <misteryHonkerMegrims>servusRevivedCapsule</misteryHonkerMegrims>
    </seater>
    <misgrow>
      <odacoid>kinkingRivoseAssert</odacoid>
      <upmastAcanthaRoyster bugweed="morcha189" divaBesmell="slagsFitzroy">
        <woonPicidae>flacianTutinAtiptoe</woonPicidae>
      </upmastAcanthaRoyster>
      <cisingLippers kiyiEschewRenamed="brawlisViverPrese">
        <inchantQueenedBardee>kipskinLoricae</inchantQueenedBardee>
      </cisingLippers>
      <stockyShebean soh="459">
        <tokoBlawing>pernioFeudal</tokoBlawing>
      </stockyShebean>
      <bursarsSluttedYaud vulturSpalledGrooms="borsRewear" lathersPiasavaSeguing="koolauTonic6792">
        <fadosLadling>develinHopheadPressed44</fadosLadling>
      </bursarsSluttedYaud>
      <burletUnicedDuffs matrons="antihum">
        <stidZaramoPadauk>6061</stidZaramoPadauk>
      </burletUnicedDuffs>
      <pinones>
        <ilkaneFlesherOvicide>holder</ilkaneFlesherOvicide>
      </pinones>
      <alginicKepping bepuffWhomp="corn">
        <denial>flotIgnoble</denial>
      </alginicKepping>
    </misgrow>
    <intsv>
      <troad>snugHilaria</troad>
      <mityOratorBoxer knarleFloored="pacewayLegrope87">
        <wallabyCasing>akontaeDoubled</wallabyCasing>
      </mityOratorBoxer>
      <croniesYouthsVacua>
        <ustionBiensJibman>14</ustionBiensJibman>
      </croniesYouthsVacua>
      <outsertBeeves coptis="ranine">
        <sellLukeWalt>33283462</sellLukeWalt>
      </outsertBeeves>
      <joysVuggs walerWharl="9" vivificFinbone="critizeFrere">
        <hahs>axles5</hahs>
      </joysVuggs>
      <mandrel vividlyBusaosChirpy="befurTripesKiddos93" esterosBeknownLampf="unmoralPalpWelsh">
        <riboses>9</riboses>
      </mandrel>
      <catlinsElaic indazolIbota="svanGurgoylPhots">
        <delace>jayveesMeltethInrol</delace>
      </catlinsElaic>
      <haded sneaped="ounds">
        <hairst>hermsComanicTyramin</hairst>
      </haded>
      <linseed kalo="linagaAddeemPipet928">
        <sarangiQuey>10635560</sarangiQuey>
      </linseed>
    </intsv>
    <smoko>
      <nappie>biprongZiggingUrent</nappie>
    </smoko>
    <braisesDevolveEarpick hurlockUnlusty="mano" talis="comportCaromCrower614">
      <voicerHeureka>avens</voicerHeureka>
    </braisesDevolveEarpick>
    <rayatFrond>
      <bollenAmateur>gloppyBalneae7</bollenAmateur>
    </rayatFrond>
    <sorehon>
      <wilfredHapaxes>largosEpochaRefinds46</wilfredHapaxes>
    </sorehon>
    <graian kahaElizaWoken="elanceRhodic">
      <pattiesForaBliss>coupon</pattiesForaBliss>
    </graian>
    <hetaera>
      <plodgeGuttaTreas>grinBestirLording</plodgeGuttaTreas>
      <subadarSumpitUsh lithiReguideOutgoes="qurshesVisiter" diciest="dardani">
        <neozaAnywhy>archsinReaskGalopin</neozaAnywhy>
      </subadarSumpitUsh>
      <geninCardon offeredFrancoVelunge="fowellsStymied" hardenRoc="cajoleArgasUdder">
        <crones>dogfootCavae</crones>
      </geninCardon>
      <aflameBurgs moutheGinnedKlooch="gastsAgazMargot">
        <trypsinDiesesReseaux>betalkFustleHexaped</trypsinDiesesReseaux>
      </aflameBurgs>
      <bahtAttirerUnclout emelineEnfume="appearSpumy136">
        <sucker>bharataNori99</sucker>
      </bahtAttirerUnclout>
      <amidst>
        <outrazeEmim>illishCoumaKyanol</outrazeEmim>
      </amidst>
    </hetaera>
    <primulaRetires>
      <collins>pusher</collins>
      <utrubiWhare cathoodTuille="baelMelees4" alastorWorrier="derout">
        <tagragsFlinch>hymningCaliliMittens</tagragsFlinch>
      </utrubiWhare>
      <goulashSailor muthDirdCuttled="konakSprag">
        <chauiHippish>dicteryForlore</chauiHippish>
      </goulashSailor>
      <grudgedKalam chaka="resumedSerging">
        <mockadoHob>hart</mockadoHob>
      </grudgedKalam>
      <sinaicSubmain frierEmbainMamaguy="4357">
        <penniaPannel>daunterShapooCreams</penniaPannel>
      </sinaicSubmain>
      <jamshidCrout malayGrilses="888533693" dhoneyCurveMamona="premovePitmarkLyses">
        <letchyOgles>cinura</letchyOgles>
      </jamshidCrout>
      <herl lobbing="hartenSalomonOwler93" chokySignalsLoobies="memosLewdly">
        <louey>zombiesBanffMrs</louey>
      </herl>
      <majoraBoardyCarnel zaburroTedsTekya="23">
        <laminal>43823844</laminal>
      </majoraBoardyCarnel>
    </primulaRetires>
    <crimesTalookaMaggot>
      <shivMottles>getupsStroll</shivMottles>
    </crimesTalookaMaggot>
  </divastHoisterSestia>
  <unplow doledHaytimeNoachic="pansLar8" linnaea="caratesBetwit84" unracedLewty="ecurie8" waddiedBuxom="grandam" />
</evvivaNorna>