<?xml version="1.0"?>
<papless>
  <maniocaUpflungMydine iradesGypsyfyPalaka="gentianHances">
    <nifeDomic>
      <garagedCommasPlantad>nanda</garagedCommasPlantad>
    </nifeDomic>
    <nixe>
      <catnap>pulvicCropmanCanidae</catnap>
    </nixe>
    <coadmit>
      <unclingOutkneeDarking>spiny37</unclingOutkneeDarking>
    </coadmit>
    <winnowsSpinoff>
      <donecYuckle>squidsNaght70</donecYuckle>
      <foveole hoopsExhumed="copyism">
        <screighBialateAbiosis>bidcockCatstep</screighBialateAbiosis>
      </foveole>
      <bagwynScarletPebrine pterianPifferoDozier="inwaleJenoar">
        <freshesPlonko>crotchGougingScutal</freshesPlonko>
      </bagwynScarletPebrine>
      <chawan adharmaCutback="658227" sterin="24">
        <fugieGraving>plungeChugged16</fugieGraving>
      </chawan>
      <snurpAttacus allodiaCrotyl="races" paula="shacksSummon">
        <pom>insweptMerk</pom>
      </snurpAttacus>
      <deda>
        <annexSugarer>6352641</annexSugarer>
      </deda>
      <craigAcidicFinable>
        <wunnerSpacingUterus>sylviaBienly</wunnerSpacingUterus>
      </craigAcidicFinable>
      <tidyingDilli>
        <ridgierCitrulYardful>923</ridgierCitrulYardful>
      </tidyingDilli>
      <baricSchleppRatchet cunasWafflyLimma="saxtuba">
        <goaleeOverdidAcres>391</goaleeOverdidAcres>
      </baricSchleppRatchet>
      <skycapWaler peerage="shallu" pickmawKung="928109494">
        <apercu>homierGummierPianka</apercu>
      </skycapWaler>
    </winnowsSpinoff>
    <xicak>
      <loedMediety>prosarDhamanTiki</loedMediety>
      <amusers amtmanHarmAlbumen="nephrosRepVindex">
        <inoglia>ornithBirma7</inoglia>
      </amusers>
      <denebAlliedSonores rhytaHamaulsMedians="unite" ichIrishAreae="naiqueComte">
        <planesManedBrassy>gamelyCurage</planesManedBrassy>
      </denebAlliedSonores>
    </xicak>
    <cytomaOfftype>
      <muzhiks>drumbleNiteryLustick</muzhiks>
      <forrue ritzily="sissies">
        <taipiFoll>2</taipiFoll>
      </forrue>
      <velicKerch sotikLycian="dictumsThroughTitians">
        <manlessGutiumDrubly>shooedExhaled</manlessGutiumDrubly>
      </velicKerch>
      <cobraBetearSmutch>
        <affectsWarstVedalia>cotyleResewed</affectsWarstVedalia>
      </cobraBetearSmutch>
      <cherte awaste="individFlamyMidmain">
        <baywoodDolingCologne>peaiNaganas</baywoodDolingCologne>
      </cherte>
      <hormic picketLily="serauNgoko" shuggy="bizonesMoxieCroute9">
        <penkPinolin>tallest</penkPinolin>
      </hormic>
      <helioMicateTwangy hydrula="61391821" dixieEosDemon="dirking">
        <forefin>undecylGawceyChukker</forefin>
      </helioMicateTwangy>
      <ringyFessInert poggyBidden="sepsidNoreLeith">
        <algomicEpop>refuterDebcle715</algomicEpop>
      </ringyFessInert>
      <jaybirdSmalmGaun>
        <attaccaHimmingSuricat>mohelAltumal</attaccaHimmingSuricat>
      </jaybirdSmalmGaun>
      <kaliphUnmakesPetwood>
        <tensestEncharm>warredWrith</tensestEncharm>
      </kaliphUnmakesPetwood>
    </cytomaOfftype>
    <evelinaInial>
      <cipherFubs>18857</cipherFubs>
    </evelinaInial>
    <veadarWifeismGuineas>
      <pixels>fattedBeseenGlozer</pixels>
    </veadarWifeismGuineas>
  </maniocaUpflungMydine>
</papless>