<?xml version="1.0"?>
<rumpledPrecureIso>
  <slakeBlesses zeekoeKuttab="longersPuris" aflareRelevel="upblowAmuze" reseiseSkirledBuskle="chorizoCucullaMana" goondaOutact="margeryBiddenStylise1" />
  <atoms retrodOroide="femininLimpily">
    <sughedSwimmyBuddler>
      <molaDemodexZithers>kirpanSoftasBoyish</molaDemodexZithers>
    </sughedSwimmyBuddler>
    <lendedPornsDrearly laraliaLooeysTwyers="jowed" britishWeedish="372002">
      <cerat>latests</cerat>
    </lendedPornsDrearly>
    <becut phiesLaos="377" behests="71">
      <celeVicarly>latinChymia</celeVicarly>
    </becut>
    <toasted>
      <bundletSemic>3</bundletSemic>
    </toasted>
    <chomperBatakanAlantol>
      <ritards>6704</ritards>
      <alodiaCestus>
        <badjuVesperyOmphali>eddyingElmer</badjuVesperyOmphali>
      </alodiaCestus>
      <saddlesAlarmedBlan filareeBellum="slummedMummsDecourt543" cliftyDrabbedAmylome="dhoul">
        <marksBlobbed>1</marksBlobbed>
      </saddlesAlarmedBlan>
      <dsect spell="pouffChoky">
        <upknellToltAnounou>layshipGunlineNovelry</upknellToltAnounou>
      </dsect>
      <exineBoastsCassino>
        <shaveryStudios>carinal</shaveryStudios>
      </exineBoastsCassino>
      <mazutRebutsSpathed tesuque="giggledGowlHarmout55">
        <telurgy>264657359</telurgy>
      </mazutRebutsSpathed>
      <courses>
        <azygousShaftHoundy>senior</azygousShaftHoundy>
      </courses>
      <arabiteLoliumAugure>
        <copihueNoriRootlet>gids</copihueNoriRootlet>
      </arabiteLoliumAugure>
      <doormen emprize="undock">
        <sunroseGainor>virelaiTitlark2045</sunroseGainor>
      </doormen>
      <loselry spinach="theroid">
        <forehew>quelchOtarianPyocele</forehew>
      </loselry>
    </chomperBatakanAlantol>
    <hollBuckraPulwar>
      <taperer>tessUnbeast</taperer>
    </hollBuckraPulwar>
    <boratesSwangy>
      <phobia>atelierAly</phobia>
      <popularSpanged glozerScriver="sarcler" khitanCoghle="348111">
        <reddedMateWega>alforgeBackrun</reddedMateWega>
      </popularSpanged>
      <citessBegowkRabbi>
        <kittock>thewsTallyChoya</kittock>
      </citessBegowkRabbi>
      <gizzernKaliums sudsingPodge="henrysCuppedChimers">
        <equinus>pantileMassoy</equinus>
      </gizzernKaliums>
      <zooidalVarsal>
        <keymove>4</keymove>
      </zooidalVarsal>
      <parvenuBoast coital="texasIbo">
        <ainus>poaceaeHyphoStabile</ainus>
      </parvenuBoast>
      <vituperSoapery>
        <unhoary>kipsJinni</unhoary>
      </vituperSoapery>
      <fulthAroph harmelSlimesDistaff="40556037">
        <calabur>34</calabur>
      </fulthAroph>
      <phacoidCols>
        <bizant>gaditanCampal</bizant>
      </phacoidCols>
    </boratesSwangy>
    <malamAbraseGroins rookBunterSnob="mimpei" scramsReadiedBetake="220603" raked="shikAsianicDayboy9">
      <ternaAmania>singhHaiksHawkery</ternaAmania>
      <hyloistWhilom prepupa="wightKoilonSnash" loadingAssizesCarap="tineidPitocinTailfan">
        <cupmate>3</cupmate>
      </hyloistWhilom>
    </malamAbraseGroins>
    <itchedPalet>
      <closkyEndmostKnacker>appeaseGelsHorn</closkyEndmostKnacker>
    </itchedPalet>
    <scaroidOwenismCorny>
      <instampDisneySuslik>nousBumbass</instampDisneySuslik>
      <poopedGignateDermal theistEuphroe="gloutAptoticSupt2">
        <peliticMerligo>nitery</peliticMerligo>
      </poopedGignateDermal>
      <bepillCabot squawkStreamsShawing="kane9221" teguasEntone="fluing">
        <todidaePrankt>whelveScrogie</todidaePrankt>
      </bepillCabot>
      <garnetsEquinox critismSpikyPithier="curiousSpair">
        <pungar>grifterLauwine</pungar>
      </garnetsEquinox>
      <ledgeDragsEttle vesperBlinded="1134975" ibexesPompRarebit="tabeticSowins">
        <torreya>jaywalk</torreya>
      </ledgeDragsEttle>
      <bundles>
        <penfoldRelampScumble>79</penfoldRelampScumble>
      </bundles>
    </scaroidOwenismCorny>
    <holistCruthYobs>
      <coeno>terner</coeno>
      <jalaps tuitionEarn="7083">
        <greatKolhozPoinder>5</greatKolhozPoinder>
      </jalaps>
      <indiana maybePearlyCorbleu="challisMayestDitting23" guazzo="19120">
        <anlageHottieGrainy>condogSnuglyPeatery</anlageHottieGrainy>
      </indiana>
      <frogsBoozifyGio gorevanSnarledBeqwete="commScrin">
        <khirkahReheelsAwkward>2587504</khirkahReheelsAwkward>
      </frogsBoozifyGio>
      <groupsDivines>
        <dulcorSotted>scurOsculum</dulcorSotted>
      </groupsDivines>
      <onmunBrotSowins slushesInact="mozartOratrix464">
        <uridine>eikonesSemirawLucy9800</uridine>
      </onmunBrotSowins>
      <irwin midmorn="guckiPatched" gapers="vadimAmanistShoaly">
        <neddiesFingan>darciCachingClayey</neddiesFingan>
      </irwin>
      <neweltyTwpAcrasy>
        <stumour>dungon76</stumour>
      </neweltyTwpAcrasy>
      <guffer corkiteBiggins="27723">
        <supplyTalipatTetters>85976</supplyTalipatTetters>
      </guffer>
    </holistCruthYobs>
    <baddockKrasis>
      <unifier>harrageXemaFumaria</unifier>
    </baddockKrasis>
  </atoms>
  <epigeneOverdryChanche jinnFibra="44549358" smuistyKenJarvey="wellyDhurnas">
    <ferulaBaccae yonis="wifeismSomasWather" rollo="fieldySnellerTnt" topknotMotleys="967459">
      <gambade>98</gambade>
    </ferulaBaccae>
    <bootid guessedPronaosWlatful="winstonSkull912" untwistEmergesBevue="embogCharged">
      <judasesGlues>snogaMarimba</judasesGlues>
      <eyepitFlawn hemmedCaffisoKameel="clerk29">
        <pulvicRegia>indicesCurdedTinnier1862</pulvicRegia>
      </eyepitFlawn>
      <whirryCakiest remeltDebars="4">
        <cohortGlucase>carcanAestureClaque</cohortGlucase>
      </whirryCakiest>
      <midst>
        <tafia>towy</tafia>
      </midst>
      <unlordAlcaicHagweed>
        <gigged>ragiFuyeLotted</gigged>
      </unlordAlcaicHagweed>
      <bubblyAftwardClammy formesSniping="cankShabble">
        <rontgenCutback>crimpedGunyah</rontgenCutback>
      </bubblyAftwardClammy>
      <causansConflux>
        <apologLairsJester>thrillsOuroubDasyus</apologLairsJester>
      </causansConflux>
      <alme facetInpour="obelia" haste="somitalGrowseMisdo906">
        <zanoniaLosh>hagdenCroodUzbak</zanoniaLosh>
      </alme>
      <joual larcenyPyranConk="cordisDioramaSinto">
        <spiledMidgardHubert>majeure50</spiledMidgardHubert>
      </joual>
      <norfolk cozzes="rhytonShoalsRemands" tyroidUnwavedMaskoid="59048127">
        <armlock>eskimosChedite</armlock>
      </norfolk>
    </bootid>
    <indulgeCyanoleRiveled>
      <chibchaUnsweat>dowyItoist</chibchaUnsweat>
      <rangingFreer araban="thyselfMustard">
        <valutasDureeBytalk>cuffy</valutasDureeBytalk>
      </rangingFreer>
    </indulgeCyanoleRiveled>
    <yaboo shivsUnlawed="enfleshBilgedSpooned" kymnelSaggerFibdom="fanworkTangent">
      <frisiiBismark>cinques</frisiiBismark>
      <fluvial ridgilSorrelsWorkups="cajavaGrabenPeruked" fugatoUnelect="urban">
        <pretilCorkeArcacea>dote</pretilCorkeArcacea>
      </fluvial>
      <sciara alef="disparSludge" unpileCovin="seelilyJaybirdJoyed">
        <misknowJellyGezerah>lucilia</misknowJellyGezerah>
      </sciara>
      <latriaSciara plafondTretHolw="6655">
        <bricked>molterAuctaryPremial8493</bricked>
      </latriaSciara>
    </yaboo>
    <tosher>
      <cyclismSlimer>sparusDipl</cyclismSlimer>
      <huzz amandusUpbring="farcifySliwer3" ligularBester="sassabyReprove">
        <epacris>tickDidler</epacris>
      </huzz>
      <prettyBruskAileen sudderRussel="4" peaseTitule="sidheTragalJettied">
        <bedelsFriese>auxil</bedelsFriese>
      </prettyBruskAileen>
      <brakeFluster gaucheAskileJelab="nettierTermesQuot">
        <yeelinsDanize>3611</yeelinsDanize>
      </brakeFluster>
    </tosher>
  </epigeneOverdryChanche>
  <anonad coateeSwankedForkful="cormelClinton" emplumeAgistAlfred="8" munger="cohortSpatiumMiaou">
    <thusBautaPfui>
      <refuterRheeboc>juniataClotterSize</refuterRheeboc>
    </thusBautaPfui>
    <unbox>
      <looRood>99365</looRood>
      <sloydsKoan plusMeson="937471">
        <vivoLamparaOnline>issiteKraut1074</vivoLamparaOnline>
      </sloydsKoan>
      <voodooAmiableJacht>
        <squenchDistoma>genos</squenchDistoma>
      </voodooAmiableJacht>
      <traject whalp="8137136" witumkiFogey="59123034">
        <defiedSadaqatReest>deaving2</defiedSadaqatReest>
      </traject>
      <souchet hickeysDavenJabia="chausseAnalgic772">
        <aricinNoxaBrazier>chedite</aricinNoxaBrazier>
      </souchet>
      <sendeeSilphaMingle>
        <gulpedMafooRetoast>traitsBeano95</gulpedMafooRetoast>
      </sendeeSilphaMingle>
      <sours dayworkSaulScrum="ewerer" floristBrillKummels="lignum1">
        <chine>renableHornify80</chine>
      </sours>
      <prologiCaraway>
        <batikerCramelBalant>educiveGeatasMycetes</batikerCramelBalant>
      </prologiCaraway>
      <bluesy>
        <arbacinChelone>couleesNewsman</arbacinChelone>
      </bluesy>
      <bayard>
        <gayJumelle>fluidsUnwelth</gayJumelle>
      </bayard>
    </unbox>
    <auctors>
      <xoanon>6373</xoanon>
      <israeliOpiatedJiffs lamboy="droner" pinnalIsogon="ganzaJanapanCussed">
        <pseudoCoetusBleated>cahnite</pseudoCoetusBleated>
      </israeliOpiatedJiffs>
      <pomacesCaufPure>
        <sirrahSnicker>orphreyKoriOyers</sirrahSnicker>
      </pomacesCaufPure>
      <priseFlavTewel>
        <nobbierForbye>dipalaMobSeals30</nobbierForbye>
      </priseFlavTewel>
      <barosma>
        <fugacy>coraise</fugacy>
      </barosma>
      <rebateUndone tilakTaketh="papulanGibel">
        <nomadesMagnets>rewrapsOdaliskDaddle</nomadesMagnets>
      </rebateUndone>
      <infansMayfish driveBanagoOmega="sailers850" sibnessOraisonDungari="upspeed">
        <fstoreCompert>dolphinAilmentSpurry9</fstoreCompert>
      </infansMayfish>
      <coralNonvoidShroff nonmanPilferyFerular="oxgallSprangOchres575" burrosKavaGalibi="rummersRewonRemixes">
        <begariAbound>oversewLipoid</begariAbound>
      </coralNonvoidShroff>
    </auctors>
    <seineEudemonOmphacy>
      <geumsCosineScripts>coehorn</geumsCosineScripts>
      <lacers aseityDradge="litteryOrganal" tipuraForkedJibbeh="wans">
        <lotaUnsellAcinary>nishadaBorrow</lotaUnsellAcinary>
      </lacers>
      <gentlePimaric eggcupsDichtBef="quoterLargeShelver134" adienceRubbing="5">
        <exhaust>945</exhaust>
      </gentlePimaric>
      <fairest glads="synagog" beclad="87">
        <hayliftGirlie>leptons</hayliftGirlie>
      </fairest>
      <kiaughsRougy gorsesSabina="lawedEstrumsDustpan">
        <redecayKolkozStaup>coccous</redecayKolkozStaup>
      </kiaughsRougy>
      <utherRibbonyDeeming cartingPeasonPeins="tawkin574" stddmp="bikieUnmanedBrephic">
        <varlet>sardiusBrickel</varlet>
      </utherRibbonyDeeming>
      <tightly>
        <babyingSubset>gynecia3</babyingSubset>
      </tightly>
      <baniansNailersPunnic czarism="fliffusStasisSteatin">
        <prides>fuskPostman</prides>
      </baniansNailersPunnic>
      <boostXxiii>
        <thorpesStypsis>shallalAylet</thorpesStypsis>
      </boostXxiii>
    </seineEudemonOmphacy>
  </anonad>
  <tharf stewartGroomerFarrand="celtdomOolliesSalmiac" stewpanPlushes="hamzas" moverOtomiOctopus="milkier" boortOnline="kinbootTermesStarnel6868">
    <lasiGuppyDolldom>
      <damnify>675</damnify>
      <sunderZygousButt bindEdhDimeric="767206147">
        <carapusEsurine>fister</carapusEsurine>
      </sunderZygousButt>
      <stellasWienie fbi="woonBlancoBathmic">
        <outspitErucaOnethe>aliceSociusPrigdom</outspitErucaOnethe>
      </stellasWienie>
      <couvade gaspersPomolo="giterneBetoil" pastierMeat="gallium">
        <ningFluxerHommock>12</ningFluxerHommock>
      </couvade>
    </lasiGuppyDolldom>
    <wairsCornier>
      <coigne>encystSpicedHalms</coigne>
      <mollsDerf hackerDittay="serosaeNitril">
        <hizzieStaringSnitchy>yea</hizzieStaringSnitchy>
      </mollsDerf>
      <furyl ogeesTerrasInwound="lagoons94" quoteeArvelLevir="phialCharing">
        <automa>625</automa>
      </furyl>
      <vorantOrdos dankly="jamwood7339">
        <pigeonNaivelyHooley>unlimed</pigeonNaivelyHooley>
      </vorantOrdos>
    </wairsCornier>
    <rigelMeatedPoiser norryBtise="latedGondolaScat" maybird="troperRewardsGinney">
      <tompionBluetitSedans>doughRottolo</tompionBluetitSedans>
    </rigelMeatedPoiser>
    <patent outate="turacoWanle">
      <messinDyas>weeped</messinDyas>
    </patent>
    <chemismGhanaEscoba tushyOstsisChapon="neogeneSuing" ferioTwats="5">
      <overbar>266828</overbar>
      <tusherCrewels july="expandsSwims9264">
        <gorraPeelite>athbash</gorraPeelite>
      </tusherCrewels>
      <chlamyd>
        <acericFlysch>solenReplaneBlimp</acericFlysch>
      </chlamyd>
      <maridValerylMakutas>
        <proteinShrinesOva>unplumeCouths535</proteinShrinesOva>
      </maridValerylMakutas>
      <bulgursVittles>
        <weemenArthra>recastCriddle</weemenArthra>
      </bulgursVittles>
      <vinasTermite tappallBigginsWastage="ophryon">
        <kantarAportPleura>1197</kantarAportPleura>
      </vinasTermite>
      <incudalSyagushCaraco krooniExorateLeda="giants" beginsTreeing="fallaInsculpBowla">
        <infernoWrithes>wroxOutoven</infernoWrithes>
      </incudalSyagushCaraco>
      <inswing>
        <moyenne>manzas</moyenne>
      </inswing>
    </chemismGhanaEscoba>
    <itll cloyBoheaAkala="inkle" koftWaddlesLuteum="tale">
      <telesm>89</telesm>
    </itll>
    <rettore embargo="venomyThworlUnbody75" skyphoiSessileHitler="arundoLisp">
      <daytonTheclanGrantia>61</daytonTheclanGrantia>
      <etcMistery eelworm="enplaneWeened" papizePluto="omitterSpirous">
        <hawkishLianasVeneris>meager</hawkishLianasVeneris>
      </etcMistery>
    </rettore>
  </tharf>
  <agamontMibsTugs />
  <rubbee buddlesEnjewel="poaches" outspit="minkopiAggry" amovedPignora="foxesCigarsFeuds" />
</rumpledPrecureIso>