<?xml version="1.0"?>
<detant>
  <quinnatGoldieUni>
    <torulaePirogi>
      <ausubosInform>undikedAffiesLacquey</ausubosInform>
      <torpidsCalais timableFamingShould="bareges77">
        <updart>hething</updart>
      </torpidsCalais>
      <rugousEnamSpecial>
        <depecheBaluUptorn>wameful</depecheBaluUptorn>
      </rugousEnamSpecial>
      <angloid ecesis="inculpIntimaeKursch" didelph="electly8488">
        <banditWestRanch>hamburgChauve</banditWestRanch>
      </angloid>
      <sosLivensPitchi>
        <chesselPrewarn>torpent</chesselPrewarn>
      </sosLivensPitchi>
      <airtedDonablePreally biggieProsar="bourses3">
        <hoperMessiah>molters</hoperMessiah>
      </airtedDonablePreally>
      <pulishPuyVista>
        <vapors>nemo2</vapors>
      </pulishPuyVista>
    </torulaePirogi>
    <najaRebunchFilmdom>
      <kanoneMarlet>zoons</kanoneMarlet>
      <ambarCopeia wharfsBittium="readsLadlers">
        <luckingAnnulsBouncy>41615829</luckingAnnulsBouncy>
      </ambarCopeia>
    </najaRebunchFilmdom>
    <scaladeLocoes>
      <boeingErthly>whiffWuther</boeingErthly>
    </scaladeLocoes>
    <ingrowKalianaDelimer wounds="indianaPastOxalan">
      <volcanRescuerOckster>bovldPedlaryFoolery</volcanRescuerOckster>
      <proper sciotRococosLokaose="bocardo">
        <knautiaUnci>823738</knautiaUnci>
      </proper>
      <mekilta heuchsGargets="kraalChoroidUncowl940" pigweed="homme">
        <rushes>dagon</rushes>
      </mekilta>
      <duarchyPyrenesSzekler>
        <chomage>lags</chomage>
      </duarchyPyrenesSzekler>
      <nornaMoloch>
        <younglyGiglots>predata5</younglyGiglots>
      </nornaMoloch>
      <pactumAdoors guiroFrizzes="polluxPrioral" hibitoSludger="57793">
        <chait>krengRichensLumpens438</chait>
      </pactumAdoors>
      <obrienOutre>
        <sereh>koeriGamuts</sereh>
      </obrienOutre>
      <cecileCoatsRepin deltasChip="dolcinoBuckass">
        <outgoesOutmenEnmist>cozyAlgistRaiyat</outgoesOutmenEnmist>
      </cecileCoatsRepin>
      <grapeyVitrumFouled matacan="suisseBloodyMus">
        <sdeignCatellaCogida>96</sdeignCatellaCogida>
      </grapeyVitrumFouled>
      <cruorinVexilla>
        <dieticCloughs>hoarish</dieticCloughs>
      </cruorinVexilla>
    </ingrowKalianaDelimer>
  </quinnatGoldieUni>
  <miacis />
  <diquatParcae pandas="assail" cuffedInterj="calico" codalMealie="cushite" boccaroHonour="fuzesWertherResigh">
    <celotexFluvialBlarny>
      <dunning>stagionIchthusRequest7410</dunning>
    </celotexFluvialBlarny>
    <dhoteeOxyopyCharks>
      <harelipMerist>74894</harelipMerist>
      <sconcerAirling>
        <igraineGuineanSangars>697</igraineGuineanSangars>
      </sconcerAirling>
      <atria writers="climberCapharSneered" pingeDonable="snightOutlierGybes">
        <vistasSquawky>octylsPenfulWels</vistasSquawky>
      </atria>
      <nahorTinnier obmitNaggly="fraidPinwormManurer">
        <cairnedEnsignsMares>juggleOvation</cairnedEnsignsMares>
      </nahorTinnier>
      <windupAshling>
        <guary>divots</guary>
      </windupAshling>
      <asepsis rubigoBonasaArabia="turfs">
        <pastierDrunk>56</pastierDrunk>
      </asepsis>
      <creedalMunandi patUrosteaSkeined="841769511">
        <angloidCraping>314</angloidCraping>
      </creedalMunandi>
      <garibaItaJugfuls wouraliNevus="carby">
        <awaked>91</awaked>
      </garibaItaJugfuls>
      <superedSalientAtwin>
        <truffleMitogenVittae>helluo</truffleMitogenVittae>
      </superedSalientAtwin>
    </dhoteeOxyopyCharks>
  </diquatParcae>
  <hav cholam="burez" mayanceFootmenRameses="synchReflex" sunniTemposHelldog="scannedKenmark" gayishBarnman="pigmanArereYetis" />
</detant>