<?xml version="1.0"?>
<robertoFarcialSons>
  <saturyStipaAhungry mahiBegassHumit="danteMatzohsTaxiing">
    <uncurlsTittyPear>
      <spurges>leersCameist</spurges>
      <bonded>
        <boundlyPupunha>4259</boundlyPupunha>
      </bonded>
      <rewarnPlbroch corollaEnclasp="98">
        <mumble>pushups</mumble>
      </rewarnPlbroch>
      <senegal icticTotemicBillers="hotrodEntityGaoling50">
        <harkaAhsan>kyarLeander</harkaAhsan>
      </senegal>
    </uncurlsTittyPear>
    <resewn colter="svc">
      <decriesLower>fardoSoodledCozeys</decriesLower>
      <charcoStueSeethes sishamFraisesAyond="fascine">
        <moriscoYee>wert49</moriscoYee>
      </charcoStueSeethes>
      <thakurCepheidDoyen ephebiPersioEdifier="molland" beadmanReaves="32775">
        <panurgyChauveCuculus>ignorerRanatra</panurgyChauveCuculus>
      </thakurCepheidDoyen>
      <mealierGlacesSieve>
        <bennes>eurekaVampedDjerib57</bennes>
      </mealierGlacesSieve>
      <aculeaeBattute owerby="baconerCrowdie">
        <roi>sender</roi>
      </aculeaeBattute>
      <evenerRaserGyges>
        <fishingIcbmBureau>harpsLoftedTowcock</fishingIcbmBureau>
      </evenerRaserGyges>
      <drapers rapidly="5">
        <restyle>afley</restyle>
      </drapers>
      <fanteegTiglons alipedsUneathClaims="goodingCanzona">
        <ariaMitanniLeesome>animosoMooleys</ariaMitanniLeesome>
      </fanteegTiglons>
    </resewn>
    <cacumenMatronHip>
      <unurnMichery>337</unurnMichery>
      <enseKubbaSelahs asteer="tump9078">
        <strapsBettine>nattockAvoiderChria</strapsBettine>
      </enseKubbaSelahs>
      <flipsTyranni discosScoreSaut="xyrid">
        <immoralSanded>blentMisdoneEches</immoralSanded>
      </flipsTyranni>
      <avoirGrimp respade="sticklyCoseierLovat">
        <bouclesWigdomMiction>3876516</bouclesWigdomMiction>
      </avoirGrimp>
      <onyTsunRuminal dorado="9603945">
        <macan>rengue8</macan>
      </onyTsunRuminal>
      <subgum here="gormawSundews">
        <unadept>90</unadept>
      </subgum>
      <turdusLuggedMinorca>
        <sponson>52</sponson>
      </turdusLuggedMinorca>
    </cacumenMatronHip>
    <micrify scab="ignitorProa">
      <galeassLowdown>belowAgue</galeassLowdown>
    </micrify>
    <syagushAhchoo>
      <turacouWoodySizings>moused</turacouWoodySizings>
    </syagushAhchoo>
    <parsedOtalgiaFlogs>
      <jimpy>shapenGraneHirer</jimpy>
      <sireesMurrhas skalds="53448">
        <soulack>48292</soulack>
      </sireesMurrhas>
      <norbertImposer laxEeryWanle="tinwareMaumetEstrado" byeeShutes="chromosStale">
        <mullion>piggins</mullion>
      </norbertImposer>
      <lijaSandsRident>
        <whatsMurphPerle>epriseHearstAphasia</whatsMurphPerle>
      </lijaSandsRident>
      <cotansAwaits coryzasRefenceBolos="ita">
        <chequinBourdRhyptic>ireAiding</chequinBourdRhyptic>
      </cotansAwaits>
      <conicalBitakeBoma waggery="shapeupTavern" basal="cudden">
        <clings>wardaySlowingKeest</clings>
      </conicalBitakeBoma>
    </parsedOtalgiaFlogs>
    <dimitry>
      <tzaddik>calindaRegardExempt</tzaddik>
    </dimitry>
    <stoppleTapisChibcha rauqueSchlepsSigill="lanely">
      <lauraAulical>fondedBrotany</lauraAulical>
    </stoppleTapisChibcha>
    <bedimsHitched>
      <vernineWhenasCoes>swiving</vernineWhenasCoes>
    </bedimsHitched>
    <pingPinnace>
      <alerceOffFumer>keenedMataco</alerceOffFumer>
    </pingPinnace>
  </saturyStipaAhungry>
  <squelch needlePigmeat="kora" bregma="8" sheriatKiwanis="prevailDosselAvenant" />
  <devot evestar="8521" lion="jaunces" predayChaisDefiant="dumbcow706" />
  <tonuses ideanJozy="jerkedConsommCotset" turbleAlenuJotting="prolinDachs">
    <ethnal>
      <zuniOutbentTupara>unitude</zuniOutbentTupara>
      <chador cantilyZool="brawly" turbeh="hilar">
        <orfraysEdgily>repkie</orfraysEdgily>
      </chador>
      <clottyRuffles wisent="surrey">
        <lantchaDesugar>lidarOverranMastaba</lantchaDesugar>
      </clottyRuffles>
      <cliquyPelf toaderGalletCanali="greens" mesoreBaccae="yapsHaying">
        <hubertTocussoLobed>snubbed12</hubertTocussoLobed>
      </cliquyPelf>
      <tidierLulls>
        <elses>9139256</elses>
      </tidierLulls>
      <enisledNidalUnhelp colk="lionizeChivyUngloss">
        <embusyLogans>telling</embusyLogans>
      </enisledNidalUnhelp>
      <bbsSlipeCholick excelCedrat="taluche512" minaway="rewax">
        <dentalsFogman>polarlyLinkboyWestlin</dentalsFogman>
      </bbsSlipeCholick>
      <azotineFearful metages="cartonCaraipa">
        <squatly>7989</squatly>
      </azotineFearful>
      <sparta tots="outgoesCronel">
        <sudsClobberMongrel>moriscoSlues</sudsClobberMongrel>
      </sparta>
      <outnessImpowerGaposis childed="skatolsEddiedCames">
        <becostGranet>64715782</becostGranet>
      </outnessImpowerGaposis>
    </ethnal>
    <mituSaxonyCantion>
      <zagaieCurableViseing>rubigosMerited</zagaieCurableViseing>
    </mituSaxonyCantion>
    <smuse thripidTramalKlesha="detunedOlefinEnvaye" attentToppledAflatus="samshoo" ecbole="737955178">
      <trichia>shedAnnicutCapons</trichia>
      <somitalWearerWigger congeonFlabrum="62" jowar="terzo">
        <kopecZymotic>cycasObeish</kopecZymotic>
      </somitalWearerWigger>
      <etherolGildenDetains lipases="8006" voleryArioiBarkle="testar">
        <unwaterFlanch>97612</unwaterFlanch>
      </etherolGildenDetains>
      <meccaGingleAbidal>
        <atokalScrideTrined>myarian</atokalScrideTrined>
      </meccaGingleAbidal>
      <setsmanFeastsComely strobed="filer" connex="tektosiUpdive">
        <peal>8163999</peal>
      </setsmanFeastsComely>
      <lasing aurums="oxonianChewingMithras" kahau="coastal">
        <defangEdictsUrheen>hoptree</defangEdictsUrheen>
      </lasing>
    </smuse>
    <embay>
      <sambucaRepackCaroa>recta120</sambucaRepackCaroa>
      <etym ronionsKraftKickers="fagine" bekiss="neoteny">
        <bigot>2164</bigot>
      </etym>
      <marcite legong="madamPeract">
        <badgeLatigos>boldu</badgeLatigos>
      </marcite>
      <pintle>
        <tamperGagmanGumdrop>jewlessTacnodeIschar</tamperGagmanGumdrop>
      </pintle>
      <tegmen rasingEthenicDamie="spelled" kirkify="cornice">
        <feases>522883</feases>
      </tegmen>
      <knopped nilledLesions="sackbut">
        <tzarismUntawedLinkman>jonquilMinders</tzarismUntawedLinkman>
      </knopped>
      <surly relierGodlingSarkar="helionSonovoxHurlpit">
        <northerRebraidReplod>spieler</northerRebraidReplod>
      </surly>
      <willeyTentorMatzahs rob="mazumasPremSoam">
        <mensesReflow>alariaJonnick58</mensesReflow>
      </willeyTentorMatzahs>
      <bremiaCalthaDesmine picalFrost="2" fluxes="192">
        <kabuki>32250</kabuki>
      </bremiaCalthaDesmine>
      <roger gunshot="haltersIschury4775" fibber="jocelynNixTappen">
        <leonisMeated>aubinOutcook11</leonisMeated>
      </roger>
    </embay>
    <mangleReddishSoler>
      <dozeTanned>opingOkonite</dozeTanned>
    </mangleReddishSoler>
    <wratackLippensMummer>
      <rhinosSpinage>boastedFoullyDecant</rhinosSpinage>
      <impling oldest="cabbledBoogum">
        <dich>gelidSwoosesDutcher493</dich>
      </impling>
      <gelidly>
        <whatzit>accelVeletaShilla6</whatzit>
      </gelidly>
    </wratackLippensMummer>
    <roisterHypnum prepupa="1679" yielderWingmen="avania" minxesFuyeVote="potcherImagism">
      <selfdomSulcus>etude</selfdomSulcus>
    </roisterHypnum>
    <cromViperidTarata>
      <ameed>unoiledApoikiaBizonia</ameed>
      <dimMarshCozen>
        <abaiserStarverHirpled>begashSpuffle58</abaiserStarverHirpled>
      </dimMarshCozen>
      <simitarRetling>
        <knyazCaza>feedsCuritis</knyazCaza>
      </simitarRetling>
      <smeathTanager>
        <takaMopsey>swickSheafQueme</takaMopsey>
      </smeathTanager>
      <cerata>
        <trouble>anconaHuddup308</trouble>
      </cerata>
    </cromViperidTarata>
    <unrigsUrsone>
      <abyingLyciumPolloi>bootie</abyingLyciumPolloi>
      <blamsPureedMatsu chimerAgones="wittier">
        <maihems>corcirOgres2694</maihems>
      </blamsPureedMatsu>
      <outwoodFonsDeceits amidate="creazeThumbCarafon327" subface="22">
        <scrailyIglus>pentyl</scrailyIglus>
      </outwoodFonsDeceits>
      <jitneys cornuto="putonDryers" galeresExclam="poleyneOasts9598">
        <majoKioea>baltisCystalHeimdal</majoKioea>
      </jitneys>
      <atrypaMorphicAffixed>
        <cecilyNomism>unjadedPibal</cecilyNomism>
      </atrypaMorphicAffixed>
      <inhalerKulaiteSarada>
        <whereinAblude>epistle</whereinAblude>
      </inhalerKulaiteSarada>
      <aliipoeNonepic>
        <hirers>tukulorShuttle</hirers>
      </aliipoeNonepic>
    </unrigsUrsone>
    <minderWitchy>
      <hailingBelate>serring</hailingBelate>
    </minderWitchy>
  </tonuses>
  <pobsLinocutDunbird gliskyPinuela="53958" varvel="teratic" />
  <bingyTreysSchultz sexton="huzzah" bistersEnskyNeaped="vodunScuds" hoopla="ferricPutted" />
  <kiersProsed navetaWiddled="toccateRetimes2" gratiaKona="railersWiltMyalgic" sogged="insistsSkimpyVegetal" />
  <baniansTygOrthite debunkEquantWangled="3843025" briseStromed="393772" spinageNauntle="guhayna" mixibleBouilliSalten="opacus" />
</robertoFarcialSons>