<?xml version="1.0"?>
<brahmaObligee>
  <athrive bewitWrick="lustrumDiphyesKippy" bahumaGloving="leavingInwritCaulker" bootes="cossMankind" />
  <blesmolCalifAxal scholaeYasmak="eperlanRepryScroll5">
    <kindlesOlenid>
      <cookers>841069652</cookers>
    </kindlesOlenid>
    <cadesse>
      <alticaMidgety>adeonaCoverup</alticaMidgety>
      <rereeMigglesChavel buzCoursSmaltos="benight">
        <oleaConium>efford</oleaConium>
      </rereeMigglesChavel>
      <roteGig ketchup="jurant7373" isopachDwarfer="druidsPigfish">
        <wascoCarapaSteeks>luster</wascoCarapaSteeks>
      </roteGig>
      <facesCensualAreito>
        <unsatedUnlunarMucaro>nervus</unsatedUnlunarMucaro>
      </facesCensualAreito>
    </cadesse>
    <papularLops>
      <rhyssaHamel>67</rhyssaHamel>
    </papularLops>
    <leetsHerdboy chipTayer="janteeNonparPricy" boscagePreageSifting="meggyJillBchs496">
      <manzasMuchlyGoriest>lothAgnizes</manzasMuchlyGoriest>
    </leetsHerdboy>
    <shutingPumelos worths="894" oviformEmeritiMakuk="ephebesRagingSwarmer" wamfle="doctrix">
      <eprosyMargery>paineHulloesUnona122</eprosyMargery>
      <dorsalsBrahmic>
        <essencePhlegm>mamba</essencePhlegm>
      </dorsalsBrahmic>
      <iliacOutrant>
        <hardwayGargler>65306</hardwayGargler>
      </iliacOutrant>
      <bronzedReearn>
        <illupi>45</illupi>
      </bronzedReearn>
    </shutingPumelos>
    <foistedDiptycaSukkahs cantredSardars="saltpanCornu" wins="add7">
      <ungoredPeakerGnomed>39959027</ungoredPeakerGnomed>
    </foistedDiptycaSukkahs>
    <siderAvail>
      <hagworm>soloedFlamer</hagworm>
    </siderAvail>
    <scrabe larva="incl" achkanCampout="furculeWarst4859">
      <eyeflap>blenkCrisis</eyeflap>
      <hest tilths="uneasyCamenaeCrivetz" rumble="awed707">
        <mimus>gibedConchedBrangle</mimus>
      </hest>
      <amoretClary>
        <mammonThalian>taxless</mammonThalian>
      </amoretClary>
      <unisonBilabePuffers egretta="99886905" naysay="porkpenBawrel">
        <biddingDegFosh>sepaledCrwd</biddingDegFosh>
      </unisonBilabePuffers>
      <dopersBreastsSnabby assaut="venulaeMaitre" bagged="hazleGrumousLaves">
        <archspyVodums>pensy</archspyVodums>
      </dopersBreastsSnabby>
      <cleech>
        <acmicPeakish>25447034</acmicPeakish>
      </cleech>
      <bowerlyAddiceZizzle rearer="gienah" muetteNoblest="nurry">
        <marla>mythos</marla>
      </bowerlyAddiceZizzle>
      <pursuit blowupAsteism="outtrot">
        <knackedVatical>mangonaFrameTrowed48</knackedVatical>
      </pursuit>
      <systCubla ural="sidledChumpsScarves">
        <smolderShoolsRestack>altezza6</smolderShoolsRestack>
      </systCubla>
    </scrabe>
    <topazFeckCozeier>
      <tiffyBarbleEmong>bulbelRaftyThurio</tiffyBarbleEmong>
      <kathyAnienteGolf dirgeNoising="149896349">
        <unspinSongletLegist>grimlyFourthAstian</unspinSongletLegist>
      </kathyAnienteGolf>
      <harpinMisimaSapped>
        <offense>bombus6814</offense>
      </harpinMisimaSapped>
      <housersAortasAbthain>
        <ennedraLyncineScooted>henoticSauteurSurnape</ennedraLyncineScooted>
      </housersAortasAbthain>
      <usingAspectsRenvoy centasYlem="mere" talusesQuinton="bouncesGreave">
        <tringleUnleafKonfyt>915560615</tringleUnleafKonfyt>
      </usingAspectsRenvoy>
      <varioleHockers>
        <tomes>nabobryBuyable</tomes>
      </varioleHockers>
      <missit rifleryPlantsRawhide="cestoda" jharalInjure="spurnRitheRowen">
        <bestillTanti>316</bestillTanti>
      </missit>
      <ulster biotomeCouleur="89543629">
        <bifacesCanapLunges>pily955</bifacesCanapLunges>
      </ulster>
      <borghPerloirReblot puggreeTishri="56">
        <shindlePremune>papyralAmper288</shindlePremune>
      </borghPerloirReblot>
      <demit canilleBrigid="detailsGenarch" signary="oppugnsCurtsyBrasset">
        <tapper>hurrockSaucer65</tapper>
      </demit>
    </topazFeckCozeier>
    <dangledOgives>
      <tenebra>regionsVertNonact</tenebra>
    </dangledOgives>
    <carapoRigsmal>
      <brokesEskerHaptere>saumBrume</brokesEskerHaptere>
      <quabSiloed orbingFanyScherzo="riservaMadam" dating="pansiedLagerIscose">
        <tozerHeaver>6</tozerHeaver>
      </quabSiloed>
      <jubili yanky="hooding">
        <gedunkOopackBully>3</gedunkOopackBully>
      </jubili>
      <freewayEngoueeJarvies dianiteSestetMoltten="tupiks">
        <dubio>rarelyAllodKhanda</dubio>
      </freewayEngoueeJarvies>
      <laylandChicly algarotLassies="37" cyprianWeirdlyEkaha="duntedReconPhasis">
        <sebago>weiring</sebago>
      </laylandChicly>
    </carapoRigsmal>
    <chevinTeleranLibget>
      <partingMuscid>2192618</partingMuscid>
    </chevinTeleranLibget>
  </blesmolCalifAxal>
  <sattvicUmiaqsChob helipad="sured4" tatbebEscharLamely="eluatedTempeanSepioid" workingFerk="97218480">
    <milnerXyphoid>
      <versantHowadji>malayanWarsaws</versantHowadji>
    </milnerXyphoid>
    <akees>
      <setousLidMagnon>husoLeucins6</setousLidMagnon>
      <fecche tyraminLimensSponsor="seraPrinks">
        <cantorsShikarsHemoid>moguls9</cantorsShikarsHemoid>
      </fecche>
      <kneepadSkelTriole>
        <smudgesMirrory>karossGlagahKwapa</smudgesMirrory>
      </kneepadSkelTriole>
    </akees>
    <germainJinguBiface exaudiTelemenAmusia="cordalSkyteFaldfee63" harls="abomaVisitee">
      <endleaf>scolocAielJackety</endleaf>
    </germainJinguBiface>
    <trifleGranoManlier>
      <violistRoleo>cockupsRickeys</violistRoleo>
      <dizoicSubpost baddyLongeGazoz="tendonsScalodo">
        <tunerGored>thiasos96</tunerGored>
      </dizoicSubpost>
      <murreyGowanedImpf simonySoler="swank" apodemeFusilsZanier="moit9016">
        <osaminScaeanCrimes>aftabaSnippetOlena</osaminScaeanCrimes>
      </murreyGowanedImpf>
    </trifleGranoManlier>
    <preduskServalsTaxwax syrianAriososAmpule="wieldedManton">
      <waylaid>tallol</waylaid>
      <jemidar quentUnmoldy="impot">
        <bch>98215640</bch>
      </jemidar>
    </preduskServalsTaxwax>
    <aeriedLeasers pikerSynergy="joyleaf">
      <muscatCabling>botasKniazi83</muscatCabling>
    </aeriedLeasers>
  </sattvicUmiaqsChob>
  <growthyUnvyingUnrisky sagoHydromeSpex="13" lappulaSimilesElayl="gemotsNiobean" pabbleBonier="unkeyed" matha="prepgAcetite6522">
    <alarumsGnomist>
      <farish>picariiTerralOturia</farish>
      <gowk beearnTuftyKindest="seccoTapholeTasbih" upwithSoboles="torilisRetyingValues">
        <miked>742</miked>
      </gowk>
      <destain dandlesFubbingBoucles="merelySudorsAlgae">
        <gnathalLungans>ofoHaltedAccrete</gnathalLungans>
      </destain>
      <peaveysFiniteSpattee yugasPessGwyniad="dwellerRoofing">
        <rottlePlicae>tassie9898</rottlePlicae>
      </peaveysFiniteSpattee>
      <toneticGuttedTines scowmenBijou="glowerIambicsLucific">
        <skiddy>winkersRelink</skiddy>
      </toneticGuttedTines>
    </alarumsGnomist>
    <hubbleCanelos>
      <chasterTalkierMaunna>jokiestRundi</chasterTalkierMaunna>
    </hubbleCanelos>
  </growthyUnvyingUnrisky>
  <cuerpo>
    <secantsRhymic>
      <chough>haggled</chough>
    </secantsRhymic>
    <iceland>
      <dorcasFurandi>poleaxeAditio</dorcasFurandi>
    </iceland>
    <attriteFardh chicotOrnaHobbism="legatedPlayoff" paar="fizzesPlaceboHeaumer">
      <cheekyInkers>snozzle</cheekyInkers>
    </attriteFardh>
    <euglenaAiled>
      <neared>38967841</neared>
    </euglenaAiled>
    <tri>
      <keynoteClechyOreodon>stageryDobeAtame</keynoteClechyOreodon>
    </tri>
  </cuerpo>
  <boaganeJogglyWeanel whitens="vallis">
    <polaxisDusking>
      <zythum>lambesFratryEdgings</zythum>
      <rhatanyFecialsSmarted>
        <wimpleNoises>taloned</wimpleNoises>
      </rhatanyFecialsSmarted>
      <darkish brecken="crawler">
        <naucrar>5678347</naucrar>
      </darkish>
      <toecapsSledsMottler nassaMor="burnishRecites">
        <flakes>rechoseMithras</flakes>
      </toecapsSledsMottler>
      <waviestCoitusNounal>
        <carnageCaussonPornos>mekiltaJammers</carnageCaussonPornos>
      </waviestCoitusNounal>
      <geraera>
        <siftsRelatedClotho>punningSonsieRansom</siftsRelatedClotho>
      </geraera>
      <sunday underlyDere="ophirTarliesTease" benniesInflPourer="privet">
        <scuttySullyMinded>72355</scuttySullyMinded>
      </sunday>
      <wendigoGaltKikuel reshapeSuwePellile="jayveesBoisGadroon6362">
        <upsoarTurakoo>5</upsoarTurakoo>
      </wendigoGaltKikuel>
      <yonkersPhotos>
        <paisano>rampikeLangiBaygall</paisano>
      </yonkersPhotos>
      <khamal mocoanDickerTriseme="73" puntsChorous="epirotPiarist">
        <fuguistTalcs>knightManatiSur</fuguistTalcs>
      </khamal>
    </polaxisDusking>
    <costeen>
      <inoQuietlyCahita>octalCaptiveQuan</inoQuietlyCahita>
    </costeen>
    <tibbit>
      <vetoesCushats>vicomteNiobous</vetoesCushats>
    </tibbit>
    <reds portionProsers="5238" artlikeJordanHoudahs="wraw">
      <escapedScogPrastha>ambery</escapedScogPrastha>
    </reds>
    <ectasisSwimmer>
      <servFlyboat>1</servFlyboat>
      <tuateraSoolKuvera eyases="102365">
        <chack>cyan</chack>
      </tuateraSoolKuvera>
    </ectasisSwimmer>
    <ceeRampike blurs="fraenaDeavely" calif="117619560">
      <ankusChoesBogeys>hawBoostedRasgado</ankusChoesBogeys>
      <roshi haeingLolliesVirgo="47242160">
        <ishJoropoIller>23065</ishJoropoIller>
      </roshi>
      <notateOarlockApaise montuUncurse="senecio">
        <ohioansBeglads>3373</ohioansBeglads>
      </notateOarlockApaise>
      <shushesHalalahKey ducker="dukery" wakemenDamozel="dumberScogginKras">
        <beadlePhilter>4</beadlePhilter>
      </shushesHalalahKey>
      <cutoverRubiaRayahs>
        <speiledTittler>trickedMaharajGorse</speiledTittler>
      </cutoverRubiaRayahs>
      <cronies pushing="961752778">
        <ventral>61759542</ventral>
      </cronies>
    </ceeRampike>
    <pontoonCroppaResorbs kunmiut="boundAdviser2167">
      <sexArgyria>15</sexArgyria>
      <bandhuTalksMizzle cohibitDeadman="minaret">
        <skellPaxesOleg>gymsia35</skellPaxesOleg>
      </bandhuTalksMizzle>
      <fathSphegesSpayard shachle="rctSubroot6881" waubeenRuledom="exxon">
        <scotism>ganched</scotism>
      </fathSphegesSpayard>
      <doigteLicca>
        <literalGallon>shedded</literalGallon>
      </doigteLicca>
      <finnerPamperMayer brookeFryer="vexedlyFadCursing" gambirHulling="9921179">
        <kisan>55</kisan>
      </finnerPamperMayer>
      <cityfulJackash ceteneCrannelDahomey="5695">
        <vesta>waltrotIbex2</vesta>
      </cityfulJackash>
      <smirkly>
        <ptisansPommel>buckoSkivieBallard</ptisansPommel>
      </smirkly>
      <brassy>
        <plasmsBeglic>ovidElided2</plasmsBeglic>
      </brassy>
    </pontoonCroppaResorbs>
    <bemireDismailUdder>
      <cropmanFankle>419</cropmanFankle>
    </bemireDismailUdder>
    <darken>
      <drippleSheets>divulge8</drippleSheets>
    </darken>
    <stye>
      <softerMerd>806945</softerMerd>
    </stye>
    <abbotsHesterDeairs>
      <abeCypraeaNosairi>kinesisQuails9498</abeCypraeaNosairi>
      <dimErinysEveners arks="mazumasAshedFinnac" ambreicKolach="138923579">
        <magnusTabific>woggle</magnusTabific>
      </dimErinysEveners>
      <metallClitionChondri chekist="81726962">
        <civieWytes>rutHairnet</civieWytes>
      </metallClitionChondri>
    </abbotsHesterDeairs>
    <kawSprush>
      <plywoodAchaguaTuffets>22999</plywoodAchaguaTuffets>
    </kawSprush>
    <amueixaUprestShads areason="amberyGuldenStrafer" deductsWhackTelial="rugger799">
      <frater>setoutHaveage</frater>
      <loquatsSimcon chapel="7879038">
        <unicumAdesteUnhorse>pausedBalmonyEyelets65</unicumAdesteUnhorse>
      </loquatsSimcon>
      <gleadOxbrake>
        <alcoholGingely>chewsLambaleReave</alcoholGingely>
      </gleadOxbrake>
      <washing pellerLoppy="popelerZambo" galilee="pokefulPrivyMonont">
        <peruDrooper>baunPitwork8494</peruDrooper>
      </washing>
      <benempt gonePishing="kilah">
        <sudanic>bitersPicotee</sudanic>
      </benempt>
      <fulth embolon="lactasePurlinsEsere" gretCrinelSativa="345">
        <besmear>guzerat</besmear>
      </fulth>
      <emboilBoughed gnomish="leneMerlingAlcine">
        <ivanSmithy>umpquaLeelaneMetaled</ivanSmithy>
      </emboilBoughed>
      <auguralEchoMomo becutManqueeMorales="808741">
        <qualmBornan>6562</qualmBornan>
      </auguralEchoMomo>
    </amueixaUprestShads>
    <creedal teguriaTummiesGommier="cambogeUlvas" bohDoomed="28379211" guestenBizoneMendee="tolzeySubah48">
      <soporsUnsound>laddery</soporsUnsound>
    </creedal>
  </boaganeJogglyWeanel>
  <synangeRukbatCecil hanktSardineGravida="sawback24" tikesZemstvaTantra="elops" />
  <nounalRewardsVirga tharmsLeaving="naib2766" bataraEnema="19891603" cuestasAbkar="seppukuPeartenLeath" pilVertep="servingNohex">
    <trowths>
      <stibial>hirudinSeniorsWomera139</stibial>
    </trowths>
    <boruca>
      <mismarkWhatsEssay>jinniesHagropeBooked</mismarkWhatsEssay>
    </boruca>
    <amanteHidatsa>
      <liddingWarua>whooshMuffyCassons</liddingWarua>
      <athodyd sunketsNaevus="canhamAvowter" stipelsReisWelted="upwaysCreped">
        <vealing>unfurl9</vealing>
      </athodyd>
      <pecify alpheusKiddish="21663">
        <demist>bluestTentingDesexes</demist>
      </pecify>
      <diatomParvisYttric sicsac="mousoni" boojumBouses="abiddenUpslipInflict">
        <tramwayNowsRefeed>9721</tramwayNowsRefeed>
      </diatomParvisYttric>
      <glaikitScavelHwt hectorsVassals="wenzel">
        <swiving>11</swiving>
      </glaikitScavelHwt>
      <bruciaArkie>
        <patdLinemanCalalu>2</patdLinemanCalalu>
      </bruciaArkie>
    </amanteHidatsa>
    <diadicStela>
      <chevee>comersCymba</chevee>
      <razzedAdmitsSurtax vinealUpdragEvens="bidetsMashlam" bour="cacicus">
        <bombolaHomagerNiche>enduesTagwerkJurare</bombolaHomagerNiche>
      </razzedAdmitsSurtax>
      <meconicKraters dautieWanierEngin="7" takethKiblah="upflareGunlock">
        <kittingSyrticWeevily>knoppyDawted</kittingSyrticWeevily>
      </meconicKraters>
      <motleyCurator>
        <chevvy>brool</chevvy>
      </motleyCurator>
      <carnicScrutoCapa lithoedCuldeeLoupe="sixtiesEphorusDomn" haffit="3874">
        <tabaxirNavaidEdifice>petri1784</tabaxirNavaidEdifice>
      </carnicScrutoCapa>
      <croat jamboyTaking="cose" onetheMisborn="breckBahayArmilla">
        <cafizEmpresaLepa>serapesPickout</cafizEmpresaLepa>
      </croat>
    </diadicStela>
    <tailetOutranToxicum osmols="jampaniAriels26" stomped="latrine" hydatid="56">
      <rutteeSycosesHenwife>nomina</rutteeSycosesHenwife>
    </tailetOutranToxicum>
    <peuhlEverwho>
      <unleadFittierLockpin>yabbersDevilsBibcock</unleadFittierLockpin>
      <bodegonAssoria carmanHajes="8998">
        <bedlids>baht</bedlids>
      </bodegonAssoria>
      <remercy>
        <gent>binaryTaberna</gent>
      </remercy>
      <routierYahuna troikasBosnPlosion="vigorsRamassInset89">
        <gaziDestool>censersFishierCrudy</gaziDestool>
      </routierYahuna>
      <diazidePanctia>
        <hemiamb>jamiPikers</hemiamb>
      </diazidePanctia>
      <touartDestineHames>
        <acyloinCirusesCopeman>741127507</acyloinCirusesCopeman>
      </touartDestineHames>
      <cologneRugous drossed="adhererPontageFumed" garconTattiesPecunia="unroastVacuo">
        <rettoreTankerTramels>unwhipEagers</rettoreTankerTramels>
      </cologneRugous>
      <ballotEgilops>
        <vetustMeril>chaganWhileenHoed</vetustMeril>
      </ballotEgilops>
      <seiners leathRefract="blubKnurlin" cajang="cobbsIowans">
        <monauliEngild>shearSabinesVizards</monauliEngild>
      </seiners>
    </peuhlEverwho>
    <totemic>
      <ridLateralLaurite>tambalaApery</ridLateralLaurite>
      <mundariWaypost schtickMalaxPufftn="564118" hearths="gobbed">
        <subwar>bams</subwar>
      </mundariWaypost>
      <soyledInnerveWort lamer="loaden" arenaGlaucinSnaky="diss">
        <bahada>forger57</bahada>
      </soyledInnerveWort>
      <mundleTagala zabianMiasm="yoginis">
        <pyroidFriggedMho>gattineUpwentKhanum</pyroidFriggedMho>
      </mundleTagala>
      <anxiousPensileSlue notchel="maculesPetcock" tricingSoonly="hummersAsphalt">
        <badgedThyself>pipedCowk</badgedThyself>
      </anxiousPensileSlue>
      <colin eupepsyLoofasRadii="torvousPiattiSpence39">
        <turfAlbExedrae>grotian7</turfAlbExedrae>
      </colin>
      <resinArthelGambeer>
        <nonylic>gayment</nonylic>
      </resinArthelGambeer>
      <anama carmen="weighedRightyVaws4329">
        <torchedGodetMedals>sluicyStalinSich</torchedGodetMedals>
      </anama>
      <agric chorousOrans="scuffleZorilla">
        <pennillStanjenStay>suum80</pennillStanjenStay>
      </agric>
    </totemic>
    <rougeotSmiter pilauAulae="socketsAuloi">
      <canari>3375</canari>
    </rougeotSmiter>
    <drias unpass="pateraBobotee" wimbledAttagen="randomAlation" ungift="signoffBacin">
      <taxemeScaleniForesin>virginsAbbatie</taxemeScaleniForesin>
    </drias>
    <fijianQuaymanUnveils>
      <hymnary>alkaidTaluks</hymnary>
      <bounden diseur="17945" athirst="gemaricSudsesHagmena">
        <avosPravin>lionet</avosPravin>
      </bounden>
    </fijianQuaymanUnveils>
    <seizers>
      <antrumsHellcatMikron>pinedKiltiesSlayers</antrumsHellcatMikron>
      <tintypeErwiniaEcarte months="doaIcefish">
        <encave>lowell125</encave>
      </tintypeErwiniaEcarte>
    </seizers>
    <imponeBimboes shikkenPavanneWyling="castock" purityUle="toastWiddledVassar">
      <sybotic>ageing</sybotic>
    </imponeBimboes>
    <berried>
      <ponyingPredineLace>960033</ponyingPredineLace>
    </berried>
  </nounalRewardsVirga>
</brahmaObligee>