<?xml version="1.0"?>
<lotment>
  <fenetre jitneurMopan="fogleCutoutsGambled" />
  <imbuFruitedEremian xylonicCoulomb="solanalKippedKenosis" nemesiaAugured="6123" bewithAsceses="matmanAbettor">
    <acetic ruddyLegropeBrisure="eyenShorts37">
      <assamJinrikiHera>assais</assamJinrikiHera>
      <ploddedSeljukBases avenge="93273728" dinkumSambur="prorsalAllied">
        <elms>61</elms>
      </ploddedSeljukBases>
      <silentDuroy saltateThuban="scrunty">
        <grudgesLoharHektare>ferox</grudgesLoharHektare>
      </silentDuroy>
      <halvahsTensome gammockHadesYachty="etheneEdibleEjusd" rainfulStellar="assocZebrassNow">
        <seabed>kopjes75</seabed>
      </halvahsTensome>
    </acetic>
    <idotea cahuy="veadarBabuaJarkman" assoinThrifty="panctiaStempleMalade" foxily="slewsHybridsSplad">
      <midgyBrutism>rummishUnidle</midgyBrutism>
    </idotea>
    <bonosMunches>
      <uplickMattockShikara>coyan5609</uplickMattockShikara>
    </bonosMunches>
    <couleurAmbiguAumery entoticSaumon="3" hajHaiduck="376492">
      <hamzahMashonaJuncite>turfskiBelleekLavabo</hamzahMashonaJuncite>
    </couleurAmbiguAumery>
    <rayfulSeasanMedevac osmolarRohunaFailure="bandorMedeola" trust="bleymesBudgesGrunch55" jotasNuisome="overbyChartWintles">
      <gomerLowder>yokesFeltsIsodont</gomerLowder>
    </rayfulSeasanMedevac>
    <vire>
      <yummierSweeperExciter>officioNeotypeGraven</yummierSweeperExciter>
    </vire>
    <hattery unland="bitted" visualsOwsenStyca="73">
      <stownetCommos>mattinFlary</stownetCommos>
      <aitesisHoast>
        <misuses>winchesJawfeetGrandly</misuses>
      </aitesisHoast>
    </hattery>
    <those>
      <worsleGalbulaNightly>46</worsleGalbulaNightly>
    </those>
  </imbuFruitedEremian>
  <dyelineAlgificDramas>
    <cuspis>
      <aniline>standi</aniline>
    </cuspis>
    <irising sqdHaems="pulpit710">
      <hockedWidely>841520</hockedWidely>
    </irising>
    <wunnerReenConning shairnGybed="ortalis" toddled="mawedPim" befallHackly="yoresDraws">
      <sided>6851449</sided>
    </wunnerReenConning>
    <caimitoSenhora>
      <papioSalleeEstoque>spaedQuippu</papioSalleeEstoque>
      <believeSnasteUnepic purpose="45849" chufferBurdiesSplint="you">
        <bopper>tohoKismetsTemene</bopper>
      </believeSnasteUnepic>
      <thurm suidianChangeWeeks="glecomaWhapuku" unbelts="slopsLupinsEmptier">
        <jasminePirogDefray>hingle</jasminePirogDefray>
      </thurm>
      <pyosesMottosRepasts>
        <celtJuang>biseStuddleAthelia</celtJuang>
      </pyosesMottosRepasts>
    </caimitoSenhora>
    <sabeingSlovene dirtierDonsky="97651" ptisanCarpoolPraams="ricracsBalao">
      <epanodyDildoeUnwarp>27223</epanodyDildoeUnwarp>
    </sabeingSlovene>
    <unci skieur="hoops">
      <espinos>atonicLineas</espinos>
      <croaky unalive="gomariTmhKrapfen">
        <markmen>caumPrimulaFirbolg</markmen>
      </croaky>
      <graversKaf>
        <censorsStoppit>forvayClumper</censorsStoppit>
      </graversKaf>
      <additaLepchaCongo>
        <quannetOccluse>sikraYins867</quannetOccluse>
      </additaLepchaCongo>
    </unci>
    <dinicalHinders cahowsBlawnWolfer="tumashaPredietVamp2100" apusWertherSnipper="wahabitPouterSunways">
      <savages>whortle</savages>
      <crileManic sponsal="2300">
        <faughStigmatEuchres>2754489</faughStigmatEuchres>
      </crileManic>
      <chegreRoar nuncleRaspish="rhumbaWkly">
        <trader>885359898</trader>
      </chegreRoar>
      <novPasse>
        <gudgeEmoveSophic>testeBalladeBritzka</gudgeEmoveSophic>
      </novPasse>
      <opalize wigwamPacotaTatther="sopites">
        <hub>simlingLenardGorlois</hub>
      </opalize>
      <parfumElohismHolist achylia="hawknut">
        <phemieLongsMoods>972</phemieLongsMoods>
      </parfumElohismHolist>
      <celebNilghai>
        <unpurseMossier>urticalOurebiUnfurls</unpurseMossier>
      </celebNilghai>
    </dinicalHinders>
    <moschus>
      <becaps>tope</becaps>
      <aseityCurdooMontane isleted="epacridUnroutAlmacen">
        <mocockIbidem>7788</mocockIbidem>
      </aseityCurdooMontane>
    </moschus>
    <dixitVicarlyBovld>
      <mealie>kingpin</mealie>
      <nemo aping="untarBedayYippies69" parotiaTahamiYams="2778092">
        <kindlyBianchi>bistiUnlearn</kindlyBianchi>
      </nemo>
      <collat>
        <drily>dunnage</drily>
      </collat>
    </dixitVicarlyBovld>
    <oratory mende="323724" cracketCothishOleum="bufferUnbusy" jet="blackedMtxFetlock1">
      <bemba>wagerGefiltePennia</bemba>
    </oratory>
    <carryon>
      <takable>aswoughDagosGutium</takable>
    </carryon>
    <balochManfish>
      <erinnicDetinYouff>23</erinnicDetinYouff>
    </balochManfish>
  </dyelineAlgificDramas>
  <meetenBeteela kogia="tastyOffendsEnemies" sizzles="93331" mendeTaupePorella="nandiWaited">
    <whinerFuthorc>
      <gomeral>fakyDiarch</gomeral>
      <dykedBesnuffEschars quichesCessed="643" speededCypres="cancionClumper">
        <neuters>toffsMoperJamadar</neuters>
      </dykedBesnuffEschars>
      <gopakGowland comarumTapetaAboma="mingierSchuitsTactful" pivalic="install">
        <kipeLoosish>nichedManropeTiffle</kipeLoosish>
      </gopakGowland>
      <plessorAnalgenSizable tsadikYamen="loopletCessio">
        <quixoteFandoms>magot</quixoteFandoms>
      </plessorAnalgenSizable>
      <prunase>
        <osirismOnychaLives>fissureTopsideLuganda</osirismOnychaLives>
      </prunase>
      <derrick>
        <offerorYede>87</offerorYede>
      </derrick>
      <whichGatsbyFluxer runoutAnnealOlp="jubarb94" slots="settlePrimi">
        <nourishPebaYelk>dithers</nourishPebaYelk>
      </whichGatsbyFluxer>
    </whinerFuthorc>
    <tenuryCrasher>
      <flapperHerausPosnet>1</flapperHerausPosnet>
      <starterSmackerDryfoot dowlessJacques="9">
        <purlins>lazes416</purlins>
      </starterSmackerDryfoot>
      <guarder curioso="ordealFinoFestoon">
        <gesithWullieUgh>9</gesithWullieUgh>
      </guarder>
      <canosDoters>
        <neoceneMammock>linsey7</neoceneMammock>
      </canosDoters>
    </tenuryCrasher>
    <anguineDingbat inangaSaiidCebil="sawedBeggedMirker">
      <topees>44</topees>
    </anguineDingbat>
    <topsman>
      <ferula>riskers</ferula>
    </topsman>
    <saponul>
      <oreman>6838125</oreman>
    </saponul>
    <joistOttars>
      <ashlerLoosenAndira>cestas</ashlerLoosenAndira>
    </joistOttars>
    <waggled reviles="doits">
      <rought>delliesArgonIlya</rought>
      <flimp phlegma="redlegs" abrFishier="apa9">
        <conjoin>saulDienes</conjoin>
      </flimp>
      <soshHoed rediae="dropt">
        <balmsGercrow>cattailRefeed</balmsGercrow>
      </soshHoed>
      <benzoicPeorianRecide architHerniae="2440">
        <violal>47</violal>
      </benzoicPeorianRecide>
      <obeahSoohong carcanWitchHaunts="pedreroEroticsNaggy2807" fiarsSwagesLonger="reekingPenises">
        <bavaroyDarcyFalters>curvleGlanis</bavaroyDarcyFalters>
      </obeahSoohong>
      <impalas>
        <shortzyCobberBattle>remass</shortzyCobberBattle>
      </impalas>
    </waggled>
    <noance>
      <whatkinEverts>kiefferSprung</whatkinEverts>
      <arvoGamblerRugby goban="bendaysAccrete1">
        <switchLammedBlowsy>andoke</switchLammedBlowsy>
      </arvoGamblerRugby>
    </noance>
    <mosulTholes>
      <neralPaters>huia</neralPaters>
    </mosulTholes>
    <camped azoxineNagariAdiate="toreCyetic" ocreatePunkahFolder="purpartStyrone" shairnsDeliceBirgand="605194870">
      <staumer>adazzleMesange83</staumer>
    </camped>
  </meetenBeteela>
  <cathectRomanlyUnn abjectBardo="eyedropCarmen" sep="semiegg" />
  <wildest>
    <eachSoonestScrotta>
      <puting>71586943</puting>
    </eachSoonestScrotta>
    <slickenGoldishWis>
      <luffedLoavesWeasons>793525</luffedLoavesWeasons>
    </slickenGoldishWis>
    <ordersHelpersEffront>
      <ranklePotiMochica>amplifyTibbit</ranklePotiMochica>
      <quinBashlik errancyEelpout="coprahs" arrameAxe="candys3058">
        <frugMeanlyLitoral>572</frugMeanlyLitoral>
      </quinBashlik>
      <thames>
        <isntPhloems>atticalAirsickPrices2676</isntPhloems>
      </thames>
      <cockerHenninNoonday butchDumptyFarcers="amagaDreepy" ovula="stormsVeseSamaria9076">
        <altroseAcuteKlatch>schizzoRoyster1311</altroseAcuteKlatch>
      </cockerHenninNoonday>
      <spiroUnarray hogsSorbic="stbdBynamesMollahs8992">
        <uptearsSida>disbarkNutUpbuild6806</uptearsSida>
      </spiroUnarray>
      <chloricNardineProtoma>
        <oliviaDuffyPommies>ritardsRappistQueller</oliviaDuffyPommies>
      </chloricNardineProtoma>
    </ordersHelpersEffront>
    <wanganLogresWelfare powdry="551" malichoDrown="pitsawsTimbang" upprickEloineSeech="saxonly7902">
      <pagneDracmaBoules>41616</pagneDracmaBoules>
      <furculaVined>
        <keekersFoozleWeekday>nonuser</keekersFoozleWeekday>
      </furculaVined>
      <militarCauseysMutive pandal="swirrerProle" purfledKrang="fallsWoefareLivor">
        <saker>veneur</saker>
      </militarCauseysMutive>
      <darogahUmbonesCueist tovariaSowl="608711">
        <rectumsManurer>unifaceDivine</rectumsManurer>
      </darogahUmbonesCueist>
      <nooks sensors="eidosTaiver6749">
        <vermeilFatuismFogman>complin</vermeilFatuismFogman>
      </nooks>
      <anopiaBilcock kemb="chewUpcatch">
        <cheddarChasmal>righten</cheddarChasmal>
      </anopiaBilcock>
      <tajikRedhoopKoila botchedExpleesSpumoid="nominaEndears" bazziteDoggiesFraist="bandeau">
        <limpsyGymnuraHyping>putters</limpsyGymnuraHyping>
      </tajikRedhoopKoila>
      <lucidaCeriasCaline limbs="levantAsquirm" misusedCycloid="exciterRemastJoked">
        <hognutsTotemHumilis>growthySalletAnimous</hognutsTotemHumilis>
      </lucidaCeriasCaline>
    </wanganLogresWelfare>
    <impedor>
      <costataLunker>timeousFlaying</costataLunker>
      <capersObbScamler>
        <aurideDogma>sullanBanditCacam</aurideDogma>
      </capersObbScamler>
      <manoc>
        <bulteyBodegaTetryls>birdOvergodWantons946</bulteyBodegaTetryls>
      </manoc>
      <deckieValorNailrod laeticPigApricot="hook32">
        <aghas>fotchedConyrinReswear</aghas>
      </deckieValorNailrod>
      <serape>
        <drainerTonicsBaskets>384530</drainerTonicsBaskets>
      </serape>
      <circeanWalletsFavour files="foo">
        <higglesResectsYachter>7</higglesResectsYachter>
      </circeanWalletsFavour>
      <unfelon>
        <bekingSilvicsYas>ethide</bekingSilvicsYas>
      </unfelon>
      <tripodySecnoZootype larcin="374718">
        <pinningRajabQuerida>koolauDawts</pinningRajabQuerida>
      </tripodySecnoZootype>
      <kymricRepostHemmers fubbedAromata="ettled93">
        <ochringComptsHimple>1</ochringComptsHimple>
      </kymricRepostHemmers>
    </impedor>
    <brutedWiwiCistori>
      <fusile>reduceLorries</fusile>
      <mentisWhorls moondog="extent" augustPhobiacHydros="stackedGanev">
        <dsrJuncos>langielZunyite</dsrJuncos>
      </mentisWhorls>
      <nubbleTappit lithiaPincianTashlik="9454" margaPlaitTait="yetHanap">
        <ticuna>oboleDampishRas</ticuna>
      </nubbleTappit>
    </brutedWiwiCistori>
  </wildest>
</lotment>