<?xml version="1.0"?>
<awns>
  <micherBirota coalersHitsLierre="dirgyScended" zongoraSaccos="passingGarden" wellmenOverate="camails" />
  <algazelMuckingLidias dungsZonallyScorper="815741" />
  <lockramRosella rummishDikeFibroin="255" cavemenSaughtTend="neumMorlopPinus" />
  <uproarsUnplaid sprucyOutgoJinkers="leyHazanim" potlike="779498" unfedAfft="psocids1" />
  <renailPity dynodeSordoEsprits="niched9120" restes="jarred8" coignesImmane="imprime" />
  <tossyVacuate>
    <tepalsSubplowEvil vastest="adamsiaBobbled" enajim="spawned" curnockDiethyl="scavel">
      <vughsCongoniKeech>bleaksLuceWoodhen</vughsCongoniKeech>
    </tepalsSubplowEvil>
    <rickingCam drameNoyau="marringTunful7" yarly="3450">
      <almondy>19771452</almondy>
    </rickingCam>
    <murrWhops>
      <mullasKinotMushy>drusesBowlfulExpiate</mullasKinotMushy>
    </murrWhops>
    <unguis>
      <grouperAcequiaPlants>toyedNimbi</grouperAcequiaPlants>
    </unguis>
    <faderLateen umbeledBaconsPhonons="asgardUneathMaxim">
      <tenneBestain>styroneFaros2</tenneBestain>
      <pachaMophGenipa chintMelissa="sinusalProngedChalehs">
        <grouser>mainpin</grouser>
      </pachaMophGenipa>
      <instalModally>
        <oralogyWahine>towelsColins</oralogyWahine>
      </instalModally>
      <jerksBakepan adzOnlaid="zolleBassoonRetund">
        <kwachasDoray>annexaDimout</kwachasDoray>
      </jerksBakepan>
      <veneros bennisVimpa="thakLumenalNawt">
        <mammock>relinerTussorsAbortus692</mammock>
      </veneros>
    </faderLateen>
  </tossyVacuate>
  <nordicDirecly>
    <thionylGenealApoise bimanalOime="gregos" bromiusCisco="reister" tramsAbscess="9">
      <botchedMorgue>bagworkDeripiaBanyans</botchedMorgue>
    </thionylGenealApoise>
    <tanierFluor>
      <brenderKaffirsJehovic>47041</brenderKaffirsJehovic>
    </tanierFluor>
    <utiliseBankers>
      <theorumMidnNeural>samielsVectorMeekest</theorumMidnNeural>
    </utiliseBankers>
    <sturty>
      <infolds>3</infolds>
      <veronalSolv cosmete="gagaUngainBaret">
        <fir>aloofePholcus5</fir>
      </veronalSolv>
      <moraineElsehowPotable englandJilts="atrede">
        <sacrums>yelp</sacrums>
      </moraineElsehowPotable>
      <preshowPalelyDariole syringaTumMouther="tabbies7">
        <informSinapisMalmy>thwack</informSinapisMalmy>
      </preshowPalelyDariole>
      <calef sallows="munger" caburnGrapnelRooks="ruckingKathodeBedewed">
        <apollos>79941037</apollos>
      </calef>
      <lipic kakapoHective="yapaRangerVolenti">
        <betisesSlipes>wowwows</betisesSlipes>
      </lipic>
    </sturty>
    <riyals>
      <burling>janker</burling>
      <slaveysFremdly sambukeAlamoth="marryerCausersCanthus8">
        <wiking>anguleWoofs</wiking>
      </slaveysFremdly>
      <revuist>
        <bull>9481</bull>
      </revuist>
      <termerMalakonUnreave>
        <adviseTolsel>3</adviseTolsel>
      </termerMalakonUnreave>
      <warsawDottily carnieSegmentMute="fract" onca="662">
        <fossate>shiksa</fossate>
      </warsawDottily>
    </riyals>
    <betoyan reslotTendrilSwither="robbedPeweesRarish">
      <daffled>slightJaghire846</daffled>
    </betoyan>
    <ram>
      <bosonScalet>taurean</bosonScalet>
      <goulanLynnIllapse outrushAmimia="esd" stairedUnjudge="sleepy">
        <hopsGlebesCagmag>leeshyy</hopsGlebesCagmag>
      </goulanLynnIllapse>
      <dabb carahoBsktDon="spicy" unrichSnipsOrphan="sassy">
        <flushes>nudismEpocheDisour</flushes>
      </dabb>
      <goiter>
        <kurmiGoofedPersico>albiziaTerry9215</kurmiGoofedPersico>
      </goiter>
      <emonyBagonet>
        <murgavi>mithrasBradsGlasser</murgavi>
      </emonyBagonet>
      <gremmy>
        <eyebolt>mudfish</eyebolt>
      </gremmy>
      <anasaStripyDicers>
        <fucused>viiRaversTrefle</fucused>
      </anasaStripyDicers>
      <aflatToyingZlote whoopsPadlockDowdies="pebblesNonmanHollaed8182">
        <araliadPatriae>axonSelvageFrothed</araliadPatriae>
      </aflatToyingZlote>
    </ram>
    <duplexPattaraCahnite moonjahAnnulMullet="besonioUletic62" hereDwalmCheder="cushatsNikeGaggler" hears="keirFarettaPiazine">
      <viharaDents>suncup</viharaDents>
      <lingoes gambiaeLeanlyDich="fusingSoudan" reflairDopster="tilters">
        <graphicTainoUpstand>ungraspGermingGoglet</graphicTainoUpstand>
      </lingoes>
      <lushesStormsDamosel tanyoanPotanceSharia="purifyGlali" salivasOwler="30">
        <lentosEagerBrothy>9467350</lentosEagerBrothy>
      </lushesStormsDamosel>
    </duplexPattaraCahnite>
  </nordicDirecly>
  <bandelBasket knockedUnrivetWindjam="tailpin" blurredCatalan="49822126" neelaJekyllFalus="7930" />
  <bootBusyishIsabel>
    <flimmerPeriteTherell>
      <steppePodsols>morrow</steppePodsols>
    </flimmerPeriteTherell>
    <quata ruinsRunchKitenge="doolJubhah" becaterRumplesSpumoid="surfmenScoloc" issuerAnanda="8778">
      <randleDewannyQuintus>biotypeQuoters</randleDewannyQuintus>
      <yobboesHolksRobalos>
        <struck>toreniaLensmenCoarct6243</struck>
      </yobboesHolksRobalos>
      <lenisNitterSnowmen ibanagHammals="hydraSawarra" damsiteBeltian="maltolWanhopeInsures">
        <boloSpringsEndover>denterRinge</boloSpringsEndover>
      </lenisNitterSnowmen>
      <patientSchoutKrypsis bryceTouche="clarineParangsBernard" toftmenJulia="helleriMitotic">
        <mucopusDekedPrecent>bipeds</mucopusDekedPrecent>
      </patientSchoutKrypsis>
    </quata>
    <layoffEuvrouDyspnoi>
      <duretLenity>mulierBikolBlabs1</duretLenity>
    </layoffEuvrouDyspnoi>
    <metresUnseel>
      <livelyIngate>bemercy</livelyIngate>
    </metresUnseel>
    <benight>
      <parisiiPartialPadeyes>450</parisiiPartialPadeyes>
    </benight>
    <tim itaves="dortySparrerJekyll" binits="crawdadGebang234" dicker="ahomTcharik">
      <wazirPanchax>saxonic</wazirPanchax>
      <feignHurled sacrate="frightsUsent9" sterin="faufel1">
        <collab>5787574</collab>
      </feignHurled>
      <lithol mashalBenegro="kathal" cologsDisavowCoucher="kiaughGriekoYird9057">
        <effet>peacockQuadricHared</effet>
      </lithol>
      <mgdHurds>
        <donates>abaisedHaiti</donates>
      </mgdHurds>
      <gorseddMorg acaciinMochyAcholic="yantrasTrued281" didine="cadetteKhediveEelworm">
        <hoards>saumyaLeatherSluit138</hoards>
      </gorseddMorg>
      <poufsJerkier flaconCattierDobras="sild159" defluxFoleye="winersOatfowl">
        <waster>978</waster>
      </poufsJerkier>
      <chokoMalled>
        <oundySubbeauVowed>8956</oundySubbeauVowed>
      </chokoMalled>
      <reprove>
        <mocuckTandava>hobitsPelopsBusty</mocuckTandava>
      </reprove>
    </tim>
    <rewardsSoorawnCaprin>
      <charlesBitts>derereLatvian4</charlesBitts>
      <silicleDele toilingAntdom="sagitalBurmite" protidePeagsDemasts="97">
        <eftsAdelizaNamare>56816</eftsAdelizaNamare>
      </silicleDele>
      <dauwConimaPoodle tonyAcerae="fulkStudiaKulan" relicDbrnSalem="hookasMislainIsle">
        <blunnen>chieve</blunnen>
      </dauwConimaPoodle>
    </rewardsSoorawnCaprin>
    <nagaikaLapperAthanor>
      <sagittaGroined>48602169</sagittaGroined>
    </nagaikaLapperAthanor>
    <ferlie>
      <huldeeOyezTasco>meaned7</huldeeOyezTasco>
      <peltsEnduro union="roneNaikCauking7816">
        <berimesDoorsWulk>9706715</berimesDoorsWulk>
      </peltsEnduro>
      <scraggy uncagedPelopea="seemerCapsa">
        <faginsBeisa>49</faginsBeisa>
      </scraggy>
      <tachsQuieter goblins="94">
        <muphrid>teslasHawerQuitted</muphrid>
      </tachsQuieter>
      <sleds>
        <mayvinsAdeninLanseh>76913</mayvinsAdeninLanseh>
      </sleds>
    </ferlie>
    <buccoFatlessForerun>
      <snobsHaesRevent>anorchiMeio</snobsHaesRevent>
      <topmastGeoidsTerreen inwindCintre="sialia3753">
        <crispsEquesPoled>4</crispsEquesPoled>
      </topmastGeoidsTerreen>
      <gluttedAccords>
        <suncupBynameAguamas>11805562</suncupBynameAguamas>
      </gluttedAccords>
      <phytonSnaggle griff="elianic" upkeepMankie="enalidEmetics">
        <increst>11</increst>
      </phytonSnaggle>
      <paiockLoomedJimmy volableMarkGillie="fadoNestlesDiaplex" allure="placate">
        <unwipedRater>5</unwipedRater>
      </paiockLoomedJimmy>
      <jinxed luxive="gallSakkoiPenochi">
        <adjRopp>lulls</adjRopp>
      </jinxed>
      <ofttimeDrouthOafish logletRevised="moxies">
        <giants>osmundChillaKetimin</giants>
      </ofttimeDrouthOafish>
      <sheelDraggly>
        <benamee>26423</benamee>
      </sheelDraggly>
    </buccoFatlessForerun>
  </bootBusyishIsabel>
</awns>