<?xml version="1.0"?>
<caruaDitingJauked>
  <methenePicketsGirnie demurs="overageThomistCarinae13" samolusSenecio="neoza5" dudeensDorm="jutsAeroParapet">
    <ratifia>
      <allele>714</allele>
      <subicleIndiana>
        <uncrispHornSwungen>vacuefy</uncrispHornSwungen>
      </subicleIndiana>
      <calesin>
        <waiata>comalPernodThebain</waiata>
      </calesin>
      <funkersTogtDacha>
        <tabootSolacer>evolver</tabootSolacer>
      </funkersTogtDacha>
      <yamelWaesome lammasDidelph="termingGladite">
        <weaky>271</weaky>
      </yamelWaesome>
    </ratifia>
    <cathSeam lelia="3993" oblongIllure="918924">
      <mazers>kwatuma1</mazers>
    </cathSeam>
    <clottyDawksUndue>
      <myomataApelikeShotgun>azotousAliothNarcs</myomataApelikeShotgun>
      <gramy tamise="4284999">
        <mitiestForgiveJeziah>earnerOutwith</mitiestForgiveJeziah>
      </gramy>
    </clottyDawksUndue>
    <nificEyrasTroths>
      <paha>milpas43</paha>
      <savey osculumEffaces="miltingComiteVireos3592">
        <lexicog>wastabl</lexicog>
      </savey>
      <lepryCalepin lehayGenaeAgama="shermanTrivial">
        <drawnly>liquifyTutoryJagger</drawnly>
      </lepryCalepin>
    </nificEyrasTroths>
    <thrummyThwart>
      <sakelAilieExcamb>torgochIcasmMislead</sakelAilieExcamb>
      <pete unwilleBirdletSimply="63350">
        <bonnnesHooseFloated>shikoNashimMetumps</bonnnesHooseFloated>
      </pete>
      <unowing sewableTrisome="hartin">
        <rakitDulcRct>rebringWotting</rakitDulcRct>
      </unowing>
      <volageEnpiaHoodlum>
        <catonic>872359200</catonic>
      </volageEnpiaHoodlum>
    </thrummyThwart>
    <guldensSyconiaIncrash griph="xxv" tensifySpritesAndirin="anarchHameltSurnai83">
      <yeguitaUvulaeBalled>erotica</yeguitaUvulaeBalled>
      <yepelyLimosaCuspule hockeyDwarfedAclydes="agada">
        <goburraConiteChris>rambongGlairsKantism</goburraConiteChris>
      </yepelyLimosaCuspule>
      <ureasePooty>
        <misfitsReliefInsanie>frouzy</misfitsReliefInsanie>
      </ureasePooty>
      <slovaksRecolor>
        <zephyrs>chutneyClods</zephyrs>
      </slovaksRecolor>
      <tuboidOuyezd>
        <pudgierGaunter>earfulAdevismTramcar</pudgierGaunter>
      </tuboidOuyezd>
      <papoosh candy="nipplesTechWavy">
        <yodeler>reheelsEpigeum</yodeler>
      </papoosh>
    </guldensSyconiaIncrash>
  </methenePicketsGirnie>
  <gonagia fonted="monadal" quadsCestaNow="chorist">
    <joskinLapwork scotomyRumlessWafer="medley68" erns="houtou" zonule="purroneWickapeTranfd">
      <hellelt>806</hellelt>
    </joskinLapwork>
    <twicerDraffsBowpots>
      <alochia>sequin60</alochia>
      <nanceModeTaata liquefyVelal="dee">
        <azoteaDimeMoxie>knop</azoteaDimeMoxie>
      </nanceModeTaata>
      <rootHypural decreeStrub="4692" weiners="fragile47">
        <lodgersSwelpBanger>194</lodgersSwelpBanger>
      </rootHypural>
      <afdBromous>
        <fleying>81</fleying>
      </afdBromous>
      <upsmite>
        <dblAmmos>986467882</dblAmmos>
      </upsmite>
      <nephronCatkinsTamarao latices="gormedArsheenPouffed" loesses="norselYippeeUnepic">
        <endentMapAlecs>kelchynIncrArchai48</endentMapAlecs>
      </nephronCatkinsTamarao>
      <hypnody>
        <bassa>coojaGenetta</bassa>
      </hypnody>
      <decapReloveHarries>
        <diplex>soilingCicoree</diplex>
      </decapReloveHarries>
      <spitsRanselSonghai skidoosLounImmixed="90" amahsOnehood="gettersFriszkaDaising">
        <jahvismHomolog>jungianMouch</jahvismHomolog>
      </spitsRanselSonghai>
    </twicerDraffsBowpots>
    <shrillHive makari="agrias4627">
      <tollonBorg>tenneMargosa</tollonBorg>
      <acutest atellanDummies="hayforkHalely" anthdiaSashaysCoing="anubis">
        <glumalLucken>excelse</glumalLucken>
      </acutest>
      <fatefulSeraphsSafest precure="louieMaracanSeed1631">
        <whuz>oxyopiaTetany</whuz>
      </fatefulSeraphsSafest>
      <gorrelPinion vacanceChutedTippler="5457">
        <hoaxedObtend>vagneraCaltha585</hoaxedObtend>
      </gorrelPinion>
      <cultSowlike jibers="stoaeNodally" raglet="laniateSyagushChawl">
        <helmsBaun>naperyArguer85</helmsBaun>
      </cultSowlike>
      <rippet burrock="matawanVilityLapps">
        <anilin>dipusJuncous</anilin>
      </rippet>
    </shrillHive>
    <uratesDiavoloNovelry>
      <bipacksMuckman>wastsBavary</bipacksMuckman>
    </uratesDiavoloNovelry>
    <paughty copingsPiing="thirtyHeuauAgaz" ord="guaximaPhryninStre">
      <fungidSubgyriMeanie>thigged</fungidSubgyriMeanie>
    </paughty>
    <legatusPate>
      <turgorRepugnsQuedful>8</turgorRepugnsQuedful>
      <finnickDragmanBrist dazeRanted="buenasMantricHoagy">
        <garau>pissant</garau>
      </finnickDragmanBrist>
      <bones>
        <elechiMalkinMobilia>8941</elechiMalkinMobilia>
      </bones>
      <oedemasPiraya>
        <batter>93959367</batter>
      </oedemasPiraya>
      <shadesManufSpicule>
        <amusiaQuaker>velcroAmenage</amusiaQuaker>
      </shadesManufSpicule>
      <timbersArmlock isatidBywork="832291">
        <totter>sekarApprizeLeaping</totter>
      </timbersArmlock>
      <medlarsAporosaPeered>
        <editingBirdiesHautboy>becking</editingBirdiesHautboy>
      </medlarsAporosaPeered>
      <litui apagogeAzimide="shikoRejourn" bugshaPartonsBowtie="sadistsSpicule">
        <plumach>stearylBrochePiney</plumach>
      </litui>
      <deckmanCroiseHighted sunsetsGarnerCabot="boozierOxter">
        <sturdyGonion>delia</sturdyGonion>
      </deckmanCroiseHighted>
    </legatusPate>
  </gonagia>
  <hoghideHiodonFilt tedescaAloysia="cluckyKellegk">
    <shtetlGrex>
      <febrileThumpMeteor>53</febrileThumpMeteor>
    </shtetlGrex>
    <fawners fulhamBestud="grainColumboAjog" drewite="chevenSharplySajou21" suitsBowwortSartor="engouee">
      <depair>6659</depair>
    </fawners>
    <coevalUngyveBirdmen soho="barhopsPonjaInvidia6949" teaslerSnarlyCozeier="968382" intrantRidLowings="acidity">
      <mameyBeparch>topply</mameyBeparch>
    </coevalUngyveBirdmen>
  </hoghideHiodonFilt>
  <vengesManilla leafboyUngamyHumpy="parture" mattaroColcine="spunkedPrine" siceOctave="cubes1743" oeletMouse="overink">
    <pang pequotSwordSemarum="geaseEria">
      <cattabu>delire90</cattabu>
      <ayyubidOversawToxemia pinolesWinbrow="besewUnfrockVaras">
        <patt>oordBlighiaInlawry</patt>
      </ayyubidOversawToxemia>
    </pang>
    <surahi>
      <wounds>hobbistSiluric</wounds>
      <cokedStoundDosinia sixmoLoricAvn="noisierKubachiParolee" hatel="621414">
        <sect>incide</sect>
      </cokedStoundDosinia>
      <costataBaryes gresilShawyMinning="probesCapotes" fumetsDaut="simarOrganryBygoing">
        <falcataRaged>snowkUnrivetSents</falcataRaged>
      </costataBaryes>
      <jackpot>
        <kaiserLucrum>ugroidWisePulley</kaiserLucrum>
      </jackpot>
      <erotism>
        <bequoteBalloenSpasms>tcharikRanaCarcel26</bequoteBalloenSpasms>
      </erotism>
      <soreHazers endings="june">
        <jugated>wabron</jugated>
      </soreHazers>
      <reddlesCainiteSensor>
        <demaree>4</demaree>
      </reddlesCainiteSensor>
    </surahi>
    <guahivo vehicle="assailsBoatlyAvow274">
      <uniced>dissert</uniced>
    </guahivo>
    <pepfulPinnule>
      <vernix>bolden</vernix>
    </pepfulPinnule>
    <strownBarbleRedust>
      <booleanAlpistLiyuan>egeria186</booleanAlpistLiyuan>
    </strownBarbleRedust>
    <furzySprag>
      <haver>comdrMicelle</haver>
      <zygosesZoons onerous="ladlesBrike">
        <grabberRosetumHoarsen>osmiums</grabberRosetumHoarsen>
      </zygosesZoons>
      <woons ryotsFandSumper="604931">
        <fincaPho>enwombsGlosts</fincaPho>
      </woons>
      <salletsTostonLogres>
        <ogdoasLibersAirmark>6406</ogdoasLibersAirmark>
      </salletsTostonLogres>
      <nizamsResileSoum frizzes="18" apogenyPabble="malakon">
        <rusks>umiaqsGulpinVexils</rusks>
      </nizamsResileSoum>
      <vasconRoustsMine layloc="sanchoCuppingPonces" deeses="revolts">
        <dftNaggers>66115465</dftNaggers>
      </vasconRoustsMine>
      <earring fueling="hewt80" linger="paletot">
        <carers>fallageOptions</carers>
      </earring>
      <norths zingyElzevir="foldoutElamite" behovedUrophiBlowzy="doitSnipperPager">
        <heavierProofed>bananaGrete55</heavierProofed>
      </norths>
      <pahos minuend="hodderBlatch">
        <turwar>gobbyRegletsKerana</turwar>
      </pahos>
    </furzySprag>
    <alkalic>
      <crypticMadrasiTrove>obrize</crypticMadrasiTrove>
      <argyriaPerceptSegged grossenBlushy="flushes" rewon="sphalmaMiseat">
        <nimietyPtg>snicherDopperPlasma54</nimietyPtg>
      </argyriaPerceptSegged>
      <stamen>
        <solpuga>90134</solpuga>
      </stamen>
    </alkalic>
    <issite unfaithAmalgam="goutifyTassiesBututs" inkpotTangsGuric="defloreBitteUneaten">
      <prorsadVesselsIsis>tougCaviler</prorsadVesselsIsis>
    </issite>
    <paty>
      <whews>uppardFlybook</whews>
      <copeiaCouthie manque="ingrain">
        <hammily>maty</hammily>
      </copeiaCouthie>
      <unblushMyodesSexpots stippleCunyieLewth="draggedUnhoodRawbone">
        <kirsen>40795411</kirsen>
      </unblushMyodesSexpots>
      <vulnedBedbugsSpriest trophyPotheadAahing="trs" gaymentMaxillaLucivee="knorhmn">
        <jirbleCopper>oogloeaLasketVomitos</jirbleCopper>
      </vulnedBedbugsSpriest>
      <welded scypphi="unwordyTagmemePams">
        <boatageGaelic>lobusStrobicTentage</boatageGaelic>
      </welded>
      <pilledRepegReviler luellaMisacts="anareta">
        <retardsComices>bolderEvitatePlums</retardsComices>
      </pilledRepegReviler>
      <helly unweel="hueMooedLessees" ambeJger="7">
        <hazzans>outeatePapagayInt</hazzans>
      </helly>
      <gitanoSectismUplaid deskmanAgoniedRetrip="instSiums" pierisUlmate="3">
        <causon>tookenPalisfyNewari</causon>
      </gitanoSectismUplaid>
      <robingMonades cloakedCebell="gassingDazzles" bevomit="871454">
        <phytaneChorea>yocksIacchos</phytaneChorea>
      </robingMonades>
    </paty>
    <timbaleDarcy>
      <chant>citeOpingBetrap</chant>
    </timbaleDarcy>
  </vengesManilla>
</caruaDitingJauked>