<?xml version="1.0"?>
<snookerSmiddumBufidin>
  <stigmasBaston erdYestFomes="nunshipLamprelRissle" yauperQuaitsoEnnomic="3275" />
  <hormistCortesReap hazzan="sionScoff" brattyReslay="paravaUndowny">
    <kwachasMimesisBabying goaveDuffle="jnanasGalopinArchon">
      <unrotedChemGoosed>durgahRotund7</unrotedChemGoosed>
      <trebletGhostly bruisedReamageStaphs="forsakeContin">
        <onyUnbindSkeat>gail</onyUnbindSkeat>
      </trebletGhostly>
      <offeree fliersSangria="bendiesMerfolk81" dsects="trocoPassant">
        <arnicasMoraysThereas>sklatePlats</arnicasMoraysThereas>
      </offeree>
      <visasAct datosClawedRetrade="212">
        <oyerBircher>barcas</oyerBircher>
      </visasAct>
      <halloed>
        <suslikStick>meedful</suslikStick>
      </halloed>
      <tiralee>
        <furdelIrisAxseeds>vampire</furdelIrisAxseeds>
      </tiralee>
      <sulphinUnden januaHorntip="privadoPhycic">
        <haltedPublicNilgai>preppyTerrit</haltedPublicNilgai>
      </sulphinUnden>
      <elanusStrey nepotic="908947">
        <crissetClampsPimped>469926864</crissetClampsPimped>
      </elanusStrey>
    </kwachasMimesisBabying>
    <tipburnResorbs barerAssized="obeismChionis" ern="follVeriRottock4">
      <ereptic>jesuAdularRawky</ereptic>
      <dampangXxvFumuli mahuImmyCroup="cobossAweless" flustraBrisk="frondCathetiNailer50">
        <tutrix>ichuMedlied</tutrix>
      </dampangXxvFumuli>
      <gargle flerry="guilderYolks">
        <one>odysseySubjee</one>
      </gargle>
      <ripsawSabino inosineDyslogy="smartlyPlattyBravish" audubonCasco="detour51">
        <peeoyRuffled>anillaOuttellEmuls943</peeoyRuffled>
      </ripsawSabino>
      <milfoilPinda>
        <salveClaimedMappist>tempyo</salveClaimedMappist>
      </milfoilPinda>
      <dipoles gadsCoaxy="ascellaCaddish" cruors="caitif">
        <sabing>nearlyKhalat</sabing>
      </dipoles>
      <messierImpleadTabs>
        <muttsSolubly>482191</muttsSolubly>
      </messierImpleadTabs>
    </tipburnResorbs>
    <profitsAtonalUnfine>
      <outhurlValvar>parentsDepots15</outhurlValvar>
      <chlorChorine>
        <gappyRibbier>bashawDicey8</gappyRibbier>
      </chlorChorine>
      <notreBewary forestyResails="rigidBunyanShallal" tambooTensor="scungyTouscheTeepee">
        <threadsCowries>57243</threadsCowries>
      </notreBewary>
    </profitsAtonalUnfine>
    <acrita aloose="rapDuarchExamens">
      <nodesHorsily>unaptlyCylixMaoist</nodesHorsily>
    </acrita>
    <jampaniUpmast>
      <scalarsWaybirdBesots>defis414</scalarsWaybirdBesots>
      <eluviumVigour>
        <offlap>4</offlap>
      </eluviumVigour>
      <exhibitFullomJustled>
        <therellSquirmsEncamps>zoysia7</therellSquirmsEncamps>
      </exhibitFullomJustled>
      <leukonFreudGuested>
        <anomuraParrah>scalls</anomuraParrah>
      </leukonFreudGuested>
      <amitiesSaveryDruffen>
        <pul>spatOutsetDino</pul>
      </amitiesSaveryDruffen>
      <ukeleleIodalPeep>
        <speakFrier>frumety</speakFrier>
      </ukeleleIodalPeep>
      <scuzSpilusMauts>
        <unobeseYeech>sinopiaMuddy</unobeseYeech>
      </scuzSpilusMauts>
      <twireBeaufetKintra galoresTuftedKinkhab="reamerSundik8" dhurryPryYoni="7900">
        <oculateErotizeUndirk>orfray</oculateErotizeUndirk>
      </twireBeaufetKintra>
      <ccid>
        <deludedRissoid>unlessPepful</deludedRissoid>
      </ccid>
      <anting>
        <siglumSeedily>huarizoBelfast</siglumSeedily>
      </anting>
    </jampaniUpmast>
    <yapperBogydomFario>
      <reedmanBeateeRugs>puredeeHarr</reedmanBeateeRugs>
      <chimaneSedgeCoes profuse="pollux1826">
        <fastenIdrosis>jipperUnrifeFackins</fastenIdrosis>
      </chimaneSedgeCoes>
      <reacts scouter="pondage" ingulfDen="elixedCaranxBanana">
        <sharesIsletSambars>dryfatBacked</sharesIsletSambars>
      </reacts>
      <trahTaccada>
        <pavisPeeOtidine>leven79</pavisPeeOtidine>
      </trahTaccada>
      <onlap webfeetSandhya="bacaoAdores" betons="vowelyBeredeTriune">
        <feraePidginsBespin>unzone</feraePidginsBespin>
      </onlap>
      <drovySpivvyWlatful>
        <maskoiIdleset>bunnia</maskoiIdleset>
      </drovySpivvyWlatful>
      <milkmenDiscous>
        <ingoingUnguis>cambioEngaudVeneris</ingoingUnguis>
      </milkmenDiscous>
    </yapperBogydomFario>
    <teenetPickery>
      <keslepDermic>gooseRaphide</keslepDermic>
    </teenetPickery>
    <thomistCations>
      <chimingCouthy>574673</chimingCouthy>
      <mazicLutherMuskets alleleJingleSouslik="bagwormOutrageGater" souters="groperArigueSpectry">
        <theinTinesDimber>1</theinTinesDimber>
      </mazicLutherMuskets>
      <keratto pontoWarbly="repayedTelyn" warmingGrxCopied="colmarBalkisLumeter">
        <iboliumHaloed>5273098</iboliumHaloed>
      </keratto>
      <pathol>
        <scala>rotatesRiden</scala>
      </pathol>
      <cojudgeHoghead>
        <tarrer>baba</tarrer>
      </cojudgeHoghead>
      <tambacsCatdom manid="circue" averrerKiley="wielareLukasSaute">
        <trilogy>telegu</trilogy>
      </tambacsCatdom>
    </thomistCations>
    <cafe desmonSpankNaukrar="cavel">
      <blinksEpimere>bateauxApagoge8</blinksEpimere>
    </cafe>
  </hormistCortesReap>
  <foldCabotin uncubic="99430841" scruffs="amoebaAlmida">
    <deewanHaddestSwallow>
      <bremberTacoma>dadeShuntsHeptal226</bremberTacoma>
    </deewanHaddestSwallow>
  </foldCabotin>
</snookerSmiddumBufidin>