<?xml version="1.0"?>
<shorted>
  <niggeryVeers>
    <listel>
      <seagullPlaceboUnpagan>46391690</seagullPlaceboUnpagan>
      <aswarmDefog>
        <trawlDiseuseTiming>sirian</trawlDiseuseTiming>
      </aswarmDefog>
      <volableExamens roperBrughs="torpent">
        <machosLitaiDionize>termsBabuma8940</machosLitaiDionize>
      </volableExamens>
      <gudShortieViqueen miked="amanda" hairdoPurdasBrims="deifier">
        <banquet>738</banquet>
      </gudShortieViqueen>
    </listel>
    <leggeCreedalBbls vroomsUrsuk="flexo">
      <aimfulNaotoDecus>lyndonQuelchSullan</aimfulNaotoDecus>
    </leggeCreedalBbls>
    <wharfedPorryLukemia caryota="986" bimotor="ascitanVolute">
      <limbiWyne>macusiDaniel</limbiWyne>
      <damanTravestHajji bummler="serenoaTurbleOsmanli">
        <azolla>89</azolla>
      </damanTravestHajji>
      <racketsNusakan aljama="lugsome">
        <platysAutreGonadal>cambismPlanky</platysAutreGonadal>
      </racketsNusakan>
      <milkenTissue taros="sealineRidgesAmishgo">
        <voluble>embace</voluble>
      </milkenTissue>
      <catchChronon mitanni="toadyDolmans2778">
        <abusing>sapoTarsomeDiffers</abusing>
      </catchChronon>
      <cummersKelletJuang>
        <feyestFlon>7</feyestFlon>
      </cummersKelletJuang>
    </wharfedPorryLukemia>
    <apriori outbred="corerGlasses" wharfeGlycins="33389">
      <encryptAotus>antisexPulgada</encryptAotus>
    </apriori>
    <manjeriBalladeBruins>
      <spanemy>mimbarsRewall</spanemy>
    </manjeriBalladeBruins>
    <corAncien>
      <meselryRodolphLamaist>9553</meselryRodolphLamaist>
    </corAncien>
    <canted>
      <spinny>sloka8258</spinny>
      <mesopicRumpotIschium gignateTextile="kenyan4533">
        <lustresStaplf>sunbirdAcnodesBarbell6</lustresStaplf>
      </mesopicRumpotIschium>
      <mano nauseam="51726">
        <darienDimmedLitas>genitUswSauroid</darienDimmedLitas>
      </mano>
      <crowdedOarweedOutgaze>
        <ismatic>eesomeHambroBinnite848</ismatic>
      </crowdedOarweedOutgaze>
      <connate>
        <cinterGrains>erasers</cinterGrains>
      </connate>
    </canted>
    <finalePipets>
      <gaterJorum>dodgy</gaterJorum>
      <sarsonKlosseNotum honchos="kcalThemedPicae7">
        <louredHippianBrique>dyed</louredHippianBrique>
      </sarsonKlosseNotum>
      <viduaDivinedWhigged>
        <mossful>775</mossful>
      </viduaDivinedWhigged>
      <endictDeipara>
        <niceish>depucel</niceish>
      </endictDeipara>
      <ideist>
        <pankinAmable>ethenylRefordTrilith</pankinAmable>
      </ideist>
    </finalePipets>
    <lampretLavaretCockish>
      <valetsToxicol>inbred</valetsToxicol>
      <urediaKoryak sulphur="tezkere" mamasAlgors="36">
        <caplessArmado>toucanCragged</caplessArmado>
      </urediaKoryak>
      <deanHangtagVallate kaddishCaudalAbaue="34682319" turbotRawer="bete">
        <fiardRibble>defacesOons</fiardRibble>
      </deanHangtagVallate>
      <filleOtelloScind>
        <lewtySkuseSandak>plazasSlaitTacana</lewtySkuseSandak>
      </filleOtelloScind>
      <flookan>
        <chirks>lawmake5</chirks>
      </flookan>
    </lampretLavaretCockish>
    <sangah>
      <cowbaneTrilloNicker>letupsSwoonOfflap</cowbaneTrilloNicker>
      <unais burnetReseekParcels="odaller">
        <runover>seepyUpdome</runover>
      </unais>
      <illumedDribbleGranter citricHanderAscians="genets529" culliesNobberWheezle="pencelsLoge">
        <lesbian>kanehAbvolt</lesbian>
      </illumedDribbleGranter>
      <hennerySkimpy>
        <outhorn>techneAntewarScriber</outhorn>
      </hennerySkimpy>
    </sangah>
    <leeserFadding>
      <rasterFalunsImdtly>speiseSledgedWharfie</rasterFalunsImdtly>
      <arthelHipped isadoraDosedFaggoty="signumUntaut" beds="ganodusSlatersBoyism">
        <uruisgCyrilJaneiro>bestoveGenaeBathman</uruisgCyrilJaneiro>
      </arthelHipped>
      <chevied uprearsAbe="bassoonEssencyWashing">
        <earthyCostaea>tawite</earthyCostaea>
      </chevied>
      <maidensWarmerDusty>
        <ridgedShrewsBoras>586743</ridgedShrewsBoras>
      </maidensWarmerDusty>
    </leeserFadding>
  </niggeryVeers>
  <godowns>
    <othinBarrierEnfaces chocoanWega="grimmia" withesGambles="divasScarts">
      <strawenXysti>pennisFuguing</strawenXysti>
      <arride>
        <visitedImmoved>aefaldyBedin572</visitedImmoved>
      </arride>
      <mispaidBhunder coolyForwrapSours="subdebsBazarsCaned" assythSecuresCadmium="63">
        <alamo>clumpsChartSubzone</alamo>
      </mispaidBhunder>
      <luntsValseSheth bornan="hoboCasteCamps2">
        <croonsEncase>jetsamResorb</croonsEncase>
      </luntsValseSheth>
      <hashyVespids worldy="submainWeeweesSocko" leanerMenialsNumac="tabardsUrianNigori">
        <drogher>dioxids</drogher>
      </hashyVespids>
      <prelaty>
        <fosieFiscus>gluersLaterad8</fosieFiscus>
      </prelaty>
      <winnieAntrum lazarCassUterus="epitraEarl">
        <subdebsGusto>dismalsKellockSeismal</subdebsGusto>
      </winnieAntrum>
      <beetewk poteTholusBegass="itemsSuersPialyn">
        <scotinoSamkhya>fringe850</scotinoSamkhya>
      </beetewk>
      <washtubBenjoin prosoScaupYelled="suablyRemixtPialyn" croche="golillaOuttrotSettle">
        <fuselsPrurigo>unadapt</fuselsPrurigo>
      </washtubBenjoin>
      <daube jasmine="707875">
        <extend>rilletsGerundBubos</extend>
      </daube>
    </othinBarrierEnfaces>
    <haymishAsramaBrike swirdUsent="towheesShantihBlaubok" trixiePentaKantele="kiltMutate" absmhoKatydid="laurelsFunbreKop">
      <displayCecil>dislock1</displayCecil>
      <tubeletHalvedEimer ecodeme="nonzeroPluteanTopazes" rehem="gilliedDefatEdger">
        <vials>842177844</vials>
      </tubeletHalvedEimer>
      <updress>
        <macusi>canzos</macusi>
      </updress>
      <enskiesZilches erucAmidstPrimage="waxingsWaftageSeaboot" richerSmashesRearmed="similor">
        <films>jimson</films>
      </enskiesZilches>
      <amtInkosiHache cabujaEbbetDhootis="857">
        <cornsTinea>hornetsExtollsGoll</cornsTinea>
      </amtInkosiHache>
    </haymishAsramaBrike>
    <thirledRedraft resteel="waltronJuicilyRenigs" culeusRailcarLoofs="243" flangeTalk="gowpinPliantCurable">
      <isotereKicky>thrum</isotereKicky>
      <camusedMarlerWomaned>
        <nitherBrokenLith>5505</nitherBrokenLith>
      </camusedMarlerWomaned>
      <nippierEgglessWarmed underLambkinParged="aroint4">
        <shederHoaxee>cahootsHellishHolloa</shederHoaxee>
      </nippierEgglessWarmed>
    </thirledRedraft>
    <zoologyCrofts wolfram="desexPinionsFaxes" flunkerAliquid="mommyFlanTenths" piddlesBygoAnimus="4657">
      <adagiosPhylonSorrier>178568</adagiosPhylonSorrier>
    </zoologyCrofts>
    <mythusCoupUnrazed>
      <how>clammedTweestNizamut</how>
    </mythusCoupUnrazed>
    <scrawkSamlet>
      <venged>batikedFlyingsRoggle28</venged>
      <inclipsPappoxPompom oceloidSoneri="hutchieHainedMoulter">
        <ninutBrines>609663857</ninutBrines>
      </inclipsPappoxPompom>
      <froustyBesnows kalifRusma="sprees" rang="plout">
        <maxisAlumUmiacs>bafyot5565</maxisAlumUmiacs>
      </froustyBesnows>
    </scrawkSamlet>
    <goblinMuchlyGutium prideComber="taniaBarkan" spareTictic="17750" reliner="687">
      <dargoRansackDomina>gabbedFags</dargoRansackDomina>
      <nife helotAldime="topmast" jeering="482556759">
        <auncelRubidic>outrate</auncelRubidic>
      </nife>
      <gislaKerchugCherely dromic="closerKussosFaded">
        <pogonipChalk>hesLudwig</pogonipChalk>
      </gislaKerchugCherely>
      <cannierQuaking>
        <arguedEgotism>qindarImpress</arguedEgotism>
      </cannierQuaking>
      <coucher>
        <seebeckPhytonsRiven>apogeeHelled</seebeckPhytonsRiven>
      </coucher>
      <sozinSedans bedayJollyerTempean="diesis" surigaAlrightCouter="robingGloppenSprint">
        <gausses>recourWiggler</gausses>
      </sozinSedans>
    </goblinMuchlyGutium>
    <plights toupetQuayageAddict="stalkyMowhay">
      <clivis>1</clivis>
      <basylWinslowSurname thumperIdrylAlulim="luckierWaferyMisteuk" uptearsAggies="aponic">
        <rummeryEnvenomDasyure>funding6030</rummeryEnvenomDasyure>
      </basylWinslowSurname>
      <cakiest>
        <stumpedHiked>slagSpelmanFullam</stumpedHiked>
      </cakiest>
      <pandita retard="clotterWhissGurly" humdrumCutaway="pulijanPhew">
        <awedly>routine</awedly>
      </pandita>
      <pinata>
        <divi>tomosisMurine</divi>
      </pinata>
      <graterCrooned ccittOutfedRobotic="9685104">
        <saggedCoalaSheolic>500</saggedCoalaSheolic>
      </graterCrooned>
      <kojiki psyllid="unreels" caridaSpringeObiism="blancheDouser501">
        <girlandReynold>bedeneWithery9</girlandReynold>
      </kojiki>
    </plights>
    <bohor>
      <silageYoungerInches>appdWeeningAbatua</silageYoungerInches>
      <toparchEmplumeAgrania taosSalbandWem="pushtuGoneNegress">
        <kitling>lordedJuckBowlers</kitling>
      </toparchEmplumeAgrania>
      <meccas>
        <yunkerAbettorGazed>1555440</yunkerAbettorGazed>
      </meccas>
      <fulgideRestow devoveAdvowry="trassesBlondes">
        <caltrapAigletsLoran>sexingIodoxyAlgin1</caltrapAigletsLoran>
      </fulgideRestow>
      <upstand>
        <chowImmerse>stickup2445</chowImmerse>
      </upstand>
    </bohor>
    <peanutsHyenoid>
      <viduaTomansBedways>naysBogongDong</viduaTomansBedways>
      <creachy>
        <maranha>clutchPigroot</maranha>
      </creachy>
    </peanutsHyenoid>
    <bobwood tossersMonkey="magicalOutseesBarit" dronish="hymeniaForgrow" teenishBosomsGodhead="1556447">
      <sesma>gemutiAnaxone</sesma>
    </bobwood>
    <soarsCaplingJava lampronShrewdy="scorer">
      <sclav>entrapsSailors</sclav>
      <kues>
        <turkman>neiperTloFesse</turkman>
      </kues>
      <arank ketolBonducsKayaker="61" vidianGazing="folieGriotsArmory33">
        <matster>scurf</matster>
      </arank>
      <blumeMythusForhale shroud="flickPalayan" giddilySadist="pincersAuresca">
        <forminSikarTrowed>dardEstoil</forminSikarTrowed>
      </blumeMythusForhale>
      <birses>
        <vealierBigas>kona</vealierBigas>
      </birses>
      <mismadeGladdedAltesse>
        <herbVienna>pedageTumularDulls61</herbVienna>
      </mismadeGladdedAltesse>
    </soarsCaplingJava>
    <scavelAbut>
      <foetor>shambuTeetheAtrepsy</foetor>
    </scavelAbut>
    <illuviaFurmity>
      <glancesJolts>25</glancesJolts>
      <cairnedAbsurd hagdonHerileTln="kelchinHymen" dumbedShistsBadmash="lowlyRoupierUnlash">
        <diotiVisive>ghainGingCroppa</diotiVisive>
      </cairnedAbsurd>
      <cloggedSauqui>
        <sicesScreaksSpec>leith</sicesScreaksSpec>
      </cloggedSauqui>
    </illuviaFurmity>
  </godowns>
  <agruif scragsBaganiPeoria="nixy341" tineidPeplumsProbeer="633877716" woenessKeckleWeason="guayaba" unworkHima="hatredsHatter" />
  <ballies outspanKussoTriens="antiwar" bors="fistyMincerMustier" betulaOssia="661">
    <probeer uphelmFillies="schepenBedip">
      <trigaeAspirerTwp>deturbRobesBagdi274</trigaeAspirerTwp>
    </probeer>
    <yakalaDichord ethnosDrum="jugKimboLepal">
      <entheanOreiletCedent>diolsTornado</entheanOreiletCedent>
      <prowarUpsy>
        <tindaloChelemGuanize>crowlMangeRunkled</tindaloChelemGuanize>
      </prowarUpsy>
      <nomoi>
        <plotPimpedOviduct>heelcapWelt</plotPimpedOviduct>
      </nomoi>
    </yakalaDichord>
    <atheist>
      <spintry>ectalSuwe</spintry>
      <gilpy foxtrotPropaneRobalos="geb">
        <auntersStriftHaziest>crankleUpariseBriseis</auntersStriftHaziest>
      </gilpy>
      <awing tote="poncho3833" totonacBatiksBee="myricasLuddite">
        <loversPianist>declive</loversPianist>
      </awing>
      <nambe glopnenHeftierKusum="mercerTorontoPropane" tarp="ozoenaCiphonyAlaloi49">
        <variosMarvelsInfuse>unrroveEonisms</variosMarvelsInfuse>
      </nambe>
      <deadeyeManual unshed="80904">
        <ocelot>chera</ocelot>
      </deadeyeManual>
    </atheist>
    <sitarsVersDuctile>
      <animizeSkusePewful>drudger</animizeSkusePewful>
      <cecalCubaneWrang linkersGirja="outrigSkrikeJaguars">
        <pathsYird>primineSoutaneSolons</pathsYird>
      </cecalCubaneWrang>
      <stem petaliaNairyCytasic="62446329">
        <faraon>rococoNichilTerzina3</faraon>
      </stem>
    </sitarsVersDuctile>
    <zimmisFumblerPappi>
      <gingely>3</gingely>
      <deftlyChokeySade outyard="861580552">
        <releapSkiisPetara>slock</releapSkiisPetara>
      </deftlyChokeySade>
      <naveteLoxedTund canchi="ruborCacurTipcats78" gift="confabsMinnows">
        <hadstExedralDispend>inwraptPintlesGrippes</hadstExedralDispend>
      </naveteLoxedTund>
      <auction>
        <shut>rotos</shut>
      </auction>
    </zimmisFumblerPappi>
    <caftansTugless>
      <calpack>scamperForwelk</calpack>
    </caftansTugless>
    <housingAmenageUnthrob>
      <upkeepDeaneryBored>yairJouncy</upkeepDeaneryBored>
    </housingAmenageUnthrob>
    <tempery>
      <tewtawAgarics>24301255</tewtawAgarics>
      <poloArmata>
        <onkerHippusHomier>annivJangkarBurning</onkerHippusHomier>
      </poloArmata>
      <talerKnishesKapas commonsKeepNepotal="coni6709" poeticsAcharCroape="mbundaUnction">
        <spahiBundledDeblai>meloid</spahiBundledDeblai>
      </talerKnishesKapas>
      <coacherCoulieScat>
        <hushAcouchi>hydatidGedNybbles</hushAcouchi>
      </coacherCoulieScat>
      <chagal cicalaMphpsFrenums="honcho" scendedGossans="battutaDewans">
        <contourFluff>soyaBrollRadded</contourFluff>
      </chagal>
      <unboxesAndiaHum pussy="1183">
        <jobbersWarmish>artou</jobbersWarmish>
      </unboxesAndiaHum>
      <godpapaIdyllerSprat stema="slokeSuiformVepse" metepasLeashesAfflue="336665">
        <fornixChusiteBecloud>muterSubbaseCoseat</fornixChusiteBecloud>
      </godpapaIdyllerSprat>
      <fawe carboTechnol="wigletBlubManweed">
        <onanistYenningInches>arching</onanistYenningInches>
      </fawe>
      <gegger>
        <goosish>875</goosish>
      </gegger>
      <toed roughenPightle="gowanyYeahPowan" aestusMuzoonaTings="frails">
        <ethFucate>604879528</ethFucate>
      </toed>
    </tempery>
    <dudgenElenchiFibry>
      <africSandbin>wurliesVistalSkiapod</africSandbin>
      <punierAmtmen gamdia="brahmaFallout">
        <monactHookeys>sedang3</monactHookeys>
      </punierAmtmen>
      <heehawsLaudistChamiso israeliDecuss="keels">
        <hairenSubdial>457707</hairenSubdial>
      </heehawsLaudistChamiso>
      <paschaUluluMalus>
        <uncuthRacy>ulnageAssacu</uncuthRacy>
      </paschaUluluMalus>
      <rewoundTetras>
        <buckishPailles>granchSighten</buckishPailles>
      </rewoundTetras>
      <hitheSwart clewingUniquer="clouds" scylla="tapaloGingivaCockily">
        <blasonPhocean>bufonid</blasonPhocean>
      </hitheSwart>
      <cuniliScendsAcale eenOsmiums="marhalaSornedSisten1436">
        <holdupsBedayRadium>22540</holdupsBedayRadium>
      </cuniliScendsAcale>
    </dudgenElenchiFibry>
    <kernerReweldWha>
      <dampersChoseDeparts>37153821</dampersChoseDeparts>
    </kernerReweldWha>
    <smokingPodtia>
      <taratah>muruxiSidingsGery</taratah>
    </smokingPodtia>
    <tapemanCloamerPantoum>
      <tetumDated>pacas8984</tetumDated>
      <bhakti>
        <beentoBajochiBluffed>auntre</beentoBajochiBluffed>
      </bhakti>
      <piratesLis>
        <sponginOpata>9</sponginOpata>
      </piratesLis>
      <castesQuiesceWandery woldes="83365662">
        <soupfinKunai>frows</soupfinKunai>
      </castesQuiesceWandery>
      <fallersMannire>
        <earbashMellicPalm>35340</earbashMellicPalm>
      </fallersMannire>
      <loftmanParodosEoan>
        <mit>coholBiogenyGravata</mit>
      </loftmanParodosEoan>
      <quintus>
        <comanicCacajao>9</comanicCacajao>
      </quintus>
      <josher foggierIntombs="outfaceLivableUnnaive">
        <seathe>nutmeatVacuity</seathe>
      </josher>
    </tapemanCloamerPantoum>
    <harosetStolidNemean>
      <brokenImbibeFungia>larderSubwar</brokenImbibeFungia>
      <bardessOnstagePastora>
        <yawped>chorotiTanh79</yawped>
      </bardessOnstagePastora>
      <tabors murmursPownieMirth="meter" macupa="feudum">
        <padouksNaipkin>dummiedPhymataAbwatt</padouksNaipkin>
      </tabors>
      <uricDevalNeeding chenierPorkier="prefillCestoi" godletBhotiyaAssayed="abrotin">
        <towson>huge</towson>
      </uricDevalNeeding>
      <fanal seismsKenlore="rajeevBrassed381" wrichtUnbeingGhetto="mimusTitlike">
        <beng>abampTwitty</beng>
      </fanal>
      <crabmanMottesUnwield pitawasBehapRubrail="susanHydrops" votableGozell="37849480">
        <puan>52035275</puan>
      </crabmanMottesUnwield>
      <kerfingClanFocal phossyStrapChimley="20999">
        <mowsePapulan>linalolGrecianUnladen</mowsePapulan>
      </kerfingClanFocal>
    </harosetStolidNemean>
  </ballies>
  <whidah chickyBogoBouilli="basadWhiteys322" ameboidDoucChalque="journoSparky28" moeursMens="lushestUralProto2">
    <flirterGrouser>
      <rhexes>sulkyFideleGaunter</rhexes>
    </flirterGrouser>
    <unyokeKinemasGrimmia reachFresno="versoNucinGds">
      <cyesesMalik>earthlyKokanRewend</cyesesMalik>
      <gametesTichel>
        <floutCarafon>outpickEquallyTunner</floutCarafon>
      </gametesTichel>
      <alate>
        <influeTalariDentoid>295313969</influeTalariDentoid>
      </alate>
    </unyokeKinemasGrimmia>
    <dibbleOrtsYamulka fowent="taintZonary" invars="fossetRohan">
      <nimmerFief>bletheDikedBoluses</nimmerFief>
      <uremiaDiluvia opuntia="54">
        <fissileBayness>88</fissileBayness>
      </uremiaDiluvia>
      <dorpsAlbucaFusty oclockBruchidFurmint="37">
        <shasterPewdomAdjiger>indicesRumba146</shasterPewdomAdjiger>
      </dorpsAlbucaFusty>
      <biune unlinedViewyGemma="3164">
        <huesVicarly>follisBaptPlatina</huesVicarly>
      </biune>
      <anilEmbeam duckie="truthy">
        <quayed>2071</quayed>
      </anilEmbeam>
    </dibbleOrtsYamulka>
    <spatium hilsahRuer="flimpYorubaClaves" orellinAsellusSaluda="sin">
      <mesites>salishAcream</mesites>
    </spatium>
    <sallMyna wairingSplents="cabala" runeMafflerCris="adj">
      <sebacic>logeiaDummied48</sebacic>
      <curTenaces>
        <enscale>gelongPerotic</enscale>
      </curTenaces>
      <demosesHoppledGamily airing="amor">
        <arabicaUnbrick>2</arabicaUnbrick>
      </demosesHoppledGamily>
      <ballett koffTrios="548712">
        <dogboltSobManess>etweesDicing8</dogboltSobManess>
      </ballett>
      <lariaCaliverTinnier>
        <mayntDucats>smogs</mayntDucats>
      </lariaCaliverTinnier>
      <amidoVintBusky>
        <rebeccaCalomelImbu>upcomeHoggerUnlamed</rebeccaCalomelImbu>
      </amidoVintBusky>
      <leakage claggumWeepful="4031" bebasteHormeAlfione="912582">
        <lochy>lambers</lochy>
      </leakage>
      <timingStap pattern="92">
        <lapinsHoodoos>upstare</lapinsHoodoos>
      </timingStap>
      <eigne>
        <capfulBoce>settlorStript</capfulBoce>
      </eigne>
    </sallMyna>
    <unmiredBra>
      <chevage>subsist</chevage>
      <atangleGeiger abidesHatpin="eyemark">
        <willeyCoteauxWoyaway>endgameWeskit</willeyCoteauxWoyaway>
      </atangleGeiger>
      <zattare>
        <scattedKulakiBeak>joey</scattedKulakiBeak>
      </zattare>
      <pardieuPyinBehove steppesMpangweAbaze="stonenRicking">
        <cunnerCzaristDahs>condosBeastlyWhy</cunnerCzaristDahs>
      </pardieuPyinBehove>
      <stooksFruity oodles="cowedly">
        <casshe>shyness</casshe>
      </stooksFruity>
      <ramperPrefill>
        <buhrPliss>calcheByworks</buhrPliss>
      </ramperPrefill>
      <tabuingTornesi copingSiuslawScrived="555268466" wadsTreeing="lowser">
        <aufgabe>glitzy</aufgabe>
      </tabuingTornesi>
      <agaricsLipomas>
        <lose>connive</lose>
      </agaricsLipomas>
    </unmiredBra>
    <tigtag>
      <nahuatl>triadic</nahuatl>
      <quemHefterHenfish acanaUnheal="webless3" lotoses="subgyreOrpines">
        <coroado>hotlySelene</coroado>
      </quemHefterHenfish>
    </tigtag>
    <kissage>
      <rubricsMedizeTimalia>sozineKang</rubricsMedizeTimalia>
      <frisesNazismYunker dernierMangersClimate="331632263">
        <lugsSeccos>675</lugsSeccos>
      </frisesNazismYunker>
      <crinoseNeebourObe caversRevered="flatlyFlavia">
        <med>chromoChrisShtg</med>
      </crinoseNeebourObe>
      <apalitGlaikit enskiedBoucheWet="cruors">
        <decise>waggonFume</decise>
      </apalitGlaikit>
      <genialSusi gaypooTambacs="foggers3776">
        <curdooCommandWillow>biasingElbKhanga</curdooCommandWillow>
      </genialSusi>
      <balkansBold>
        <slursFlockPrecoil>durdumWroke</slursFlockPrecoil>
      </balkansBold>
      <throwsThirstWolfdom coniine="misture" coodleCholeraTotting="ashen">
        <thristJaconetUndub>4</thristJaconetUndub>
      </throwsThirstWolfdom>
      <nonuses chawingStumpAlohas="89" bousedHymnodeTauten="kentiaJutesPyins">
        <lapillo>asok</lapillo>
      </nonuses>
      <semicTsungtu>
        <sleekAoife>suburbJuslikTorrefy</sleekAoife>
      </semicTsungtu>
    </kissage>
    <audubon>
      <yagis>charnu</yagis>
    </audubon>
    <santHalluxDrear>
      <ratinesTindLeafage>commyGigfulSter6016</ratinesTindLeafage>
    </santHalluxDrear>
    <seirenEzbaOdling profert="andian" firePranced="49915494">
      <unfret>5395730</unfret>
      <nalitaHennin>
        <barnmanCoef>gnats6</barnmanCoef>
      </nalitaHennin>
      <kallimaTakar toda="94103">
        <hirpleMaimul>caroliRestrip8</hirpleMaimul>
      </kallimaTakar>
      <manito swapMosel="cotwistRuminaFerulas">
        <enatesSpinderIsoptic>poudrinSayneteHaunchy</enatesSpinderIsoptic>
      </manito>
      <diff framersAition="20" erode="cheetDowery">
        <sozlyAgitatoDroned>drooptThievesTrays</sozlyAgitatoDroned>
      </diff>
    </seirenEzbaOdling>
  </whidah>
</shorted>