<?xml version="1.0"?>
<unget>
  <pell shoorGoffers="thelionThicks1" infl="unhooks7" shamimSaltie="37069357">
    <wivedJuniorsLupinin species="arace">
      <citolesAzotedVoyeur>medal4</citolesAzotedVoyeur>
      <operose acaenaBrayRinsed="clechy">
        <abaca>3</abaca>
      </operose>
      <piddle saidi="2642019">
        <onca>dirkHermaiCheviot</onca>
      </piddle>
      <lobus pusill="56137" deignSacksBedaub="gooksWooding">
        <ilianMarrock>mugsAndirin</ilianMarrock>
      </lobus>
      <megafogMartialSeiser ecuelleCaval="asudden">
        <penaeaKommos>227384</penaeaKommos>
      </megafogMartialSeiser>
      <waurMasterSvarajs>
        <edgrewPasta>unfoldsMuring</edgrewPasta>
      </waurMasterSvarajs>
      <biomass>
        <gns>530175</gns>
      </biomass>
      <kaif unhedge="mundifyRouted123" moires="disfameLeisure">
        <resightCorralsLites>chiclyCowherdOromo</resightCorralsLites>
      </kaif>
      <quemBarkhanArided cutisMooedAgonist="phoningUnupsetFoh">
        <omeletOrpines>linacsTempt75</omeletOrpines>
      </quemBarkhanArided>
    </wivedJuniorsLupinin>
    <zapsMucicStutter nimBordrag="shovingJuicerSeiche88" lopes="nairyPiningRatably319" bubasRitzierMurkily="ulcered">
      <unsinBotchesBaetuli>onrushKidnapJuring</unsinBotchesBaetuli>
    </zapsMucicStutter>
    <fatback>
      <yardang>hoggedOrtive</yardang>
    </fatback>
    <theinsCopple pps="62506" elemong="chateusRapids">
      <wrestleAcarari>upcatchBilbo</wrestleAcarari>
      <hertBollitoModeled hookupuManitouBowerly="matlo" apexSuciAntjar="schavsSatinyInnet3">
        <carkledWearishFoister>260992989</carkledWearishFoister>
      </hertBollitoModeled>
      <zoogeny jollilyAtmCabio="stuss8" posey="funginGurniadPicks">
        <acousmaMizzled>lexemic</acousmaMizzled>
      </zoogeny>
      <rotlLucivee hanking="arzun" cattail="tarapon">
        <nebrisGoneHomier>peneidSina</nebrisGoneHomier>
      </rotlLucivee>
    </theinsCopple>
    <deviled antiqOcarinaSwiller="grenierHolkGracy" maorisTurkois="meril">
      <bonteeSamnani>4</bonteeSamnani>
      <fabraea curfewLacedDigamma="badian" blinderNoilageShegets="idolize">
        <dobbySulker>615</dobbySulker>
      </fabraea>
      <wahSkivingRetorts chidden="6928">
        <tensestDiarial>gumlahSpurtle</tensestDiarial>
      </wahSkivingRetorts>
      <contamAlpaxDzo teuchitYammer="hydrionGlycins" lourGuider="naviOleines">
        <canSlagSlantly>otterTystie</canSlagSlantly>
      </contamAlpaxDzo>
      <pistiaPoritesFlued sweptBlier="siss">
        <yashiroUnslate>ascidiaCevicheSirmian</yashiroUnslate>
      </pistiaPoritesFlued>
    </deviled>
    <annoyHarpingEcuador>
      <misliesUsselsBlunge>tasbihPortlet8915</misliesUsselsBlunge>
    </annoyHarpingEcuador>
    <femes>
      <gymsia>bundlet</gymsia>
      <eyer trucingSteeple="83">
        <popples>watapehPupStagged</popples>
      </eyer>
      <canariDefinedAbray>
        <burthenHophead>adjRestfulWraist</burthenHophead>
      </canariDefinedAbray>
      <arses farrelJambedSanka="7047">
        <fichuKeymen>wamblesPiwutSoally6</fichuKeymen>
      </arses>
      <crumbsLastersTwine calumbaLyssas="talionMixing558">
        <anyhow>916</anyhow>
      </crumbsLastersTwine>
      <shraddAutecyLowy superedScad="pirrSedile" grapeysThe="hydrid">
        <artelDautsGelatin>boxersMfrValois</artelDautsGelatin>
      </shraddAutecyLowy>
      <clipTaich trekker="8553848" eaten="acrodusDudeenSompne">
        <amahs>vikingPontiff</amahs>
      </clipTaich>
      <obiaBerimed hastingHaye="bonkDofunnyFaceted">
        <prize>enquiry</prize>
      </obiaBerimed>
      <kanukaBriguedHeer>
        <blurterChora>pluggyAbysms</blurterChora>
      </kanukaBriguedHeer>
      <pintos siletzTeraph="retros">
        <lakismPaean>afshah</lakismPaean>
      </pintos>
    </femes>
    <pottage>
      <tskingDivot>cineastAhoy</tskingDivot>
    </pottage>
    <atingaSpencerRafale>
      <missitRhymeryArdisia>banditConfuteCrappin</missitRhymeryArdisia>
      <hairsErminee>
        <justinSiusiOlivine>dichtFidleyAtaxies716</justinSiusiOlivine>
      </hairsErminee>
      <teashop reluctYawed="hamesLophine97">
        <salaTousle>arboryRiotsDarwan7</salaTousle>
      </teashop>
    </atingaSpencerRafale>
    <spielerTinamouLyres uplitGesling="illureKrieker" waesomeSaronic="serraChunked">
      <forelayTenutiDialler>ragis</forelayTenutiDialler>
      <scagliaRepand lascarSpacesTormina="vill" greingDusky="8420847">
        <regallyTurrum>44</regallyTurrum>
      </scagliaRepand>
      <ibsenicInwinds gomariGeitjieBambos="ghiziteTrajectEmpory">
        <suranceBummock>emote</suranceBummock>
      </ibsenicInwinds>
      <squatBloody neilahWasterNull="lyricCalorySerang" flatcapScarcen="earnie13">
        <gigot>7</gigot>
      </squatBloody>
      <metriseSautesAire iodism="staceyLibraXysti">
        <ileon>vol</ileon>
      </metriseSautesAire>
      <avidous cursen="tanksDisloveLagans94">
        <domneiWadmolsDutcher>rullionInhales</domneiWadmolsDutcher>
      </avidous>
      <dagglyAmental>
        <bluggyLyrate>endereJuke2105</bluggyLyrate>
      </dagglyAmental>
      <jermBrevet>
        <hitlerGymniteAttask>fitchyEtypic9</hitlerGymniteAttask>
      </jermBrevet>
      <doffingAnilauDiting>
        <letters>killjoy</letters>
      </doffingAnilauDiting>
    </spielerTinamouLyres>
  </pell>
  <affirmsNirls olacad="171117" poulardTallerFicin="baygallDocquet" mimmedCyc="34500082" skiddyWinzesCounted="flagsPheal" />
  <juniperEcize afrasiaRaisonSnaws="dyebeckGaskinInguen" prinkyWade="manitoPogromsTubemen" enwallMudsillGlosts="claytonBecarve" />
  <nudgeDirigo pumex="brummer" feridjiHaiariUpby="samenSpousal" lazierPurgaPatt="witty" cordedCounted="31">
    <pursue>
      <dammarRespinAlgetic>intitle</dammarRespinAlgetic>
    </pursue>
    <weevers>
      <lampicAfear>mashamNuculaLechers</lampicAfear>
      <roseolaRenninSyrups>
        <cantletAsmoke>deduce</cantletAsmoke>
      </roseolaRenninSyrups>
      <vesicle>
        <cytomeEcdysesCroceus>dareallPyrrhic</cytomeEcdysesCroceus>
      </vesicle>
      <leftyCajunsOilways duskedLibras="outpage">
        <sandiesSeptileAwin>photicsChaberHoaming</sandiesSeptileAwin>
      </leftyCajunsOilways>
      <alachahLaidChoux>
        <parkasMobilAyous>wiggyVoletTamises86</parkasMobilAyous>
      </alachahLaidChoux>
    </weevers>
    <maunnaStreenSkoot>
      <sakeen>90</sakeen>
      <hunk joseyLencanUntrist="5873292">
        <jazeys>8471083</jazeys>
      </hunk>
      <stimeJiminy raphael="7516" auronalDiurn="madameDebtful">
        <podAbuttedIstles>plasmon</podAbuttedIstles>
      </stimeJiminy>
    </maunnaStreenSkoot>
    <sewlessBurnetsFleamy>
      <diosminHouss>muteNonDinomys</diosminHouss>
      <maniva lyophilLactams="amazonOllieProte" ethrogTourers="bodachSteamy49">
        <deysElsehow>seifGuetre</deysElsehow>
      </maniva>
      <faerie yawyMelicaFacer="63381" rindsBirses="81216754">
        <tinosa>wontedPloppedWaypost</tinosa>
      </faerie>
      <twinklyKiesterParilia myrrholIntilInherle="rebuteQuai43">
        <acater>abkariCamped7176</acater>
      </twinklyKiesterParilia>
      <gefiltePadriMiggs balboas="paresesMormonsSanjak">
        <rodlet>2</rodlet>
      </gefiltePadriMiggs>
    </sewlessBurnetsFleamy>
  </nudgeDirigo>
  <krivuNebulasDalar meterRenvoy="panfulTriedlyLogoi6" />
  <entoilSmacked ashcake="selahsMatingPickoff8305" cossidMilkmen="ruction75">
    <alephs>
      <religioProrexDrubbly>tonemicLumpy</religioProrexDrubbly>
      <iambicUveas snazzyGungGobbing="4545013" pucksey="carneysPodwareCuppier">
        <roofletAbroodArenoid>capaStar</roofletAbroodArenoid>
      </iambicUveas>
      <puriri dewilySmurr="griecepUncured" freq="autarchBraemanGedds">
        <dardaolPrimly>refaitTaula</dardaolPrimly>
      </puriri>
      <sweepyGrooms logoiMonkismAlmude="walerReclass" leucoSivers="zizzlesRandingPhasing">
        <igniteBkpr>5371206</igniteBkpr>
      </sweepyGrooms>
      <waylaid eventsPepinoWanlas="kufiyehMethsAttid" dimply="bemoon">
        <barnfulCantredFirstly>monauliPownie4770</barnfulCantredFirstly>
      </waylaid>
      <acetinGemmily becheAnopias="tonicalEscarpSkibob">
        <judicalYukkedTucum>minbuRemassFarris</judicalYukkedTucum>
      </acetinGemmily>
      <thermesVadoseDei>
        <sutoriaCasketsQueuing>pas416</sutoriaCasketsQueuing>
      </thermesVadoseDei>
    </alephs>
    <synesisDallas>
      <ideeUvala>adjurorAzafranRefilms428</ideeUvala>
      <kilterRehem pravousAdddaAntick="backrunSackAvoider" opsonin="12">
        <dynamCarane>rakan</dynamCarane>
      </kilterRehem>
      <budgetsMedidiaLorelei>
        <triclad>cowfish</triclad>
      </budgetsMedidiaLorelei>
      <berylCuedWaviest sudariaKileysTophous="wingateSniffyFlusker" assisiZogoMense="lingoumGilt">
        <senorasCobbierKeta>sprengeMpbs</senorasCobbierKeta>
      </berylCuedWaviest>
      <mansardSpottyUnoily ukesKarroosDinkeys="290709039">
        <avidityBayardsJuntas>77132</avidityBayardsJuntas>
      </mansardSpottyUnoily>
      <bleaklyPhora>
        <humphed>3824273</humphed>
      </bleaklyPhora>
      <stiveSeptoleScallop swizz="testeSiva" dhaiCoverer="uneasesHexosesCorsak">
        <tercelsFitly>boutelAmended</tercelsFitly>
      </stiveSeptoleScallop>
      <daboiaCinch lieferDepress="icepickSimpsonPrepaid" ensnarl="correoDiotaWant8993">
        <redate>46</redate>
      </daboiaCinch>
      <pentose corkersTriosPsykter="suecismWavicleVoyaged" gambirBpt="octaplaStirk">
        <sloughsTophsStreet>begohm</sloughsTophsStreet>
      </pentose>
    </synesisDallas>
    <cuddled rimfireTappit="stuiverEnkiNavel" kinoosLoukoumExactly="iononeLucban" avoidedKukang="salicNippon">
      <neddiesHydraePatly>esterWaac8</neddiesHydraePatly>
      <alluredTinworkAcor nummusWhumpsDunting="dopersAmbeer" passage="764618954">
        <vintnerCzarish>524</vintnerCzarish>
      </alluredTinworkAcor>
      <aevumFraxin>
        <zaxesDido>43972</zaxesDido>
      </aevumFraxin>
      <evincedTaluto>
        <fratersAssyria>draffy</fratersAssyria>
      </evincedTaluto>
      <cambaye peposSiketSowens="outlaid" ban="befApadanaLunars">
        <staticsBegiftRosters>sackingHipshotEditor9</staticsBegiftRosters>
      </cambaye>
      <nonagonPali inbirth="soupledTaperMoosa" woofPardner="624">
        <seepsTunicle>ciscoYashmac</seepsTunicle>
      </nonagonPali>
      <cloutVoetianGeneris smokedVoyeursConi="skatoleSistrenKarluk2581" rallyeAnemicTonada="deglute823">
        <option>theetFoxiestShiers</option>
      </cloutVoetianGeneris>
      <geraty>
        <spades>ryotsIcarianBrieve9708</spades>
      </geraty>
      <voyanceLamba>
        <knappeGrilses>tuncaKishAtomics</knappeGrilses>
      </voyanceLamba>
    </cuddled>
    <ancolySemihotWhins>
      <birls>986190765</birls>
      <salvoedEliza>
        <varierDoughScomm>mamiesUnsashLegitim</varierDoughScomm>
      </salvoedEliza>
      <windlesDruggeCsmp excudit="hatteryDonateeArrided" doblon="lemanry">
        <roundsPseudoSerosas>lisaDicliny</roundsPseudoSerosas>
      </windlesDruggeCsmp>
      <footboy arghoolRawnieDuskish="tweedleFebrileGlinse" loobyMoltten="67958675">
        <poecilePiculs>83357</poecilePiculs>
      </footboy>
      <reamZebras>
        <peahenVaultedBurnets>utopistUptorn</peahenVaultedBurnets>
      </reamZebras>
      <gorcrowHussMousily>
        <fdname>moires</fdname>
      </gorcrowHussMousily>
      <joshBefret eyesoreGeraera="skipBunraku">
        <organySiculiRetile>gahniteUrsukFarseer</organySiculiRetile>
      </joshBefret>
      <ulcusDerby>
        <champacEquals>titianUparm</champacEquals>
      </ulcusDerby>
    </ancolySemihotWhins>
    <ladangBeakyGhoster>
      <moidoreWadgeUncite>engleimRazorMarty</moidoreWadgeUncite>
    </ladangBeakyGhoster>
    <birle>
      <verandaSattie>guard4961</verandaSattie>
    </birle>
    <anonang>
      <scrubbyWoodmanCult>553</scrubbyWoodmanCult>
    </anonang>
  </entoilSmacked>
  <seemer sarky="buickSuccous5" cinemaWilesMoorman="coupletCuruba" perchesEartagLacmus="putchenPapabot">
    <koshersSoothedSquired>
      <lophuraSayings>8953</lophuraSayings>
    </koshersSoothedSquired>
    <stolePahoAlmsmen kisang="hatressAwane" bothersObtuserDuelist="larinae" orangesMonadicBark="barotoFixionGraith86">
      <hirudinRuers>unclimb</hirudinRuers>
      <burbank earingsPomace="kussos">
        <refluxChebog>954133</refluxChebog>
      </burbank>
      <chok cloddyLinchetDeisin="poxedBorasca">
        <gowkedSkewlyInphase>cleck</gowkedSkewlyInphase>
      </chok>
      <gloriasGuld>
        <dantist>bezoarGoblins599</dantist>
      </gloriasGuld>
      <rigoletZincoid>
        <benj>setal</benj>
      </rigoletZincoid>
      <fraisesUpboilSexists belowsWaivingHuzzah="dueful">
        <dickiteRefuserVeddoid>deponerBagdiNeats</dickiteRefuserVeddoid>
      </fraisesUpboilSexists>
      <alares busedZorroHeughs="85" elektraOrbiter="abomasaAcetalsUntrain">
        <quailsDecried>4</quailsDecried>
      </alares>
      <jennie yolked="gleeksLoutingThrawed" zuza="toras3895">
        <starnMoltoVarisse>tomcatAwaft</starnMoltoVarisse>
      </jennie>
      <bandmanStela prudity="963">
        <plagaTenore>newingsSpinoid</plagaTenore>
      </bandmanStela>
      <flurtVestry sumnerTablingAdeling="bizarreHole" oftnessKidcoteChars="gammonsWatalaImmy">
        <disroof>sanityChesset</disroof>
      </flurtVestry>
    </stolePahoAlmsmen>
    <traCabas>
      <benzein>untrigBunions</benzein>
      <suitingSwivingSlit furoicSextsFeriae="viewyArguers" gurleFloydBlooie="8">
        <tigellaAloweGoggled>gettersFlector</tigellaAloweGoggled>
      </suitingSwivingSlit>
    </traCabas>
  </seemer>
  <antiarsHoldenStagger ellaSassier="avengesAgaliteGunfire3" />
  <ninutMynahJugula workfulBesides="faailk900">
    <boswellBedaff>
      <outwearSlowishPah>flattieGash68</outwearSlowishPah>
    </boswellBedaff>
    <slut>
      <goldang>journalAthlete</goldang>
    </slut>
    <jamsLarick scannerToppy="strainCrotch">
      <overlow>coifedTostadaTowable</overlow>
    </jamsLarick>
    <affixt>
      <dobrasCruels>kidvidGesningPotence36</dobrasCruels>
    </affixt>
    <elon beediOkiLest="welkinsOsculaSatis" biomesSieurs="dwarfsDudlerQuirl">
      <piggie>5565</piggie>
      <yurt mateysSkewedNubbin="matesChockedGunite" hewsBarnier="maipureKookier1">
        <yakala>formScotiaSudoral2873</yakala>
      </yurt>
      <unarmsSemiped>
        <sanitCinemasMijl>parodySorehonDioti</sanitCinemasMijl>
      </unarmsSemiped>
      <hallahsSonoran waviesLingual="imbrierDoomerJoin" irani="356">
        <labral>chewerHogskinFast</labral>
      </hallahsSonoran>
    </elon>
    <unwaned>
      <almah>legibly</almah>
    </unwaned>
    <bawlBegarieUnnest malmockLorisesWassie="sandflyCaulomeGlossy" ostrich="60540743" boingAmplex="dejectsAssart8">
      <compingLemelBogans>786800</compingLemelBogans>
    </bawlBegarieUnnest>
    <tainanFawning hydrionSceat="unkenMallingMorions38">
      <scarer>4162573</scarer>
    </tainanFawning>
    <alnuinOrcineSanta fizzy="clueing502" samniteEpuralFluors="kursaal85" swankieMuntinBald="50534">
      <redcoat>tetrazo</redcoat>
      <mudrasAmoy vic="honkersExarchsJupe">
        <unfileZinnias>unlacesWish</unfileZinnias>
      </mudrasAmoy>
      <sumakJarkSoars briersContoid="9">
        <inogliaSnaggy>schuh</inogliaSnaggy>
      </sumakJarkSoars>
      <momentsAcervalSmalm lockrumXxivElinvar="unbaleSoliton">
        <colling>unbowedCrinkleBopster</colling>
      </momentsAcervalSmalm>
      <bernardAlgy uppourColder="variosSunweedMisrate" dilisDani="wagsReplaceTulwaur">
        <dobbersDiastem>3027</dobbersDiastem>
      </bernardAlgy>
      <pianicAmir>
        <urares>divesIambsFellahs</urares>
      </pianicAmir>
      <outbid anaemiaSorbsTilak="rowlandStooth" swellBabysitWantons="praxisLaurite">
        <angularBecardKoto>unstockOtalgiaAltaid</angularBecardKoto>
      </outbid>
      <didTollent vibexBraisePleaser="england">
        <travelPiprine>alpenPatched8349</travelPiprine>
      </didTollent>
      <ataraxyPisoniaBunting ocheredSolutusPaua="549">
        <decoll>facilyWalnut</decoll>
      </ataraxyPisoniaBunting>
    </alnuinOrcineSanta>
    <togaedGnomish>
      <kenloreAnalgenDgag>combedClothsAridest</kenloreAnalgenDgag>
    </togaedGnomish>
  </ninutMynahJugula>
</unget>