<?xml version="1.0"?>
<trocksTinkly>
  <quintarEctasesCapataz vertuCocomat="51696" notcherPitsaws="lenity99" cervix="67739664" />
  <repatchDebtful doryLetticTerga="750" gambirs="dwelled" />
  <whfShins loses="oralismFiefdom" />
  <pellockGoysYakshi feazes="workbagUnfight" fangy="madroaAnareta" gitoxin="quadrinFresco9814">
    <rodmenMile outmenComportShes="caddleKneed">
      <belinda>2</belinda>
      <thunge rasSwards="13891" fawners="355225812">
        <maypopFlorae>daimiosRyme5</maypopFlorae>
      </thunge>
      <mikrkraDeplete flapBeatiExxon="envoyCortine1109">
        <canhamKarlingCosher>snies7510</canhamKarlingCosher>
      </mikrkraDeplete>
      <enrayIntwist clypeus="cothLyraid" unmoved="pepos6091">
        <dramasMster>submitsWreathe11</dramasMster>
      </enrayIntwist>
      <sauceryWherrit>
        <duppingKelpyFlasks>gurney3618</duppingKelpyFlasks>
      </sauceryWherrit>
      <courlanBugre>
        <frithYaka>tarmacsDittingBentang97</frithYaka>
      </courlanBugre>
    </rodmenMile>
    <leaguerSubwinkHilborn>
      <ectadChekkerClayen>emptily</ectadChekkerClayen>
    </leaguerSubwinkHilborn>
  </pellockGoysYakshi>
</trocksTinkly>