<?xml version="1.0"?>
<alecostMellic>
  <talkfulNattockKonrad>
    <fabWisps>
      <sibylic>66</sibylic>
      <develin>
        <uniteHordedDuim>534877925</uniteHordedDuim>
      </develin>
      <iteaTapnetFramed eryngo="asquat">
        <fjords>sclateMyall</fjords>
      </iteaTapnetFramed>
      <odinitePct shrisReward="8023">
        <haplontCallan>vesicae</haplontCallan>
      </odinitePct>
      <waffedBaggit>
        <dhoneyPrimulaSalting>caterer6</dhoneyPrimulaSalting>
      </waffedBaggit>
      <suffAmidide>
        <burelleSoirShrews>aaliisWobbledGrue</burelleSoirShrews>
      </suffAmidide>
      <wheeshtBakshisJocund bouffes="setfastTagula8643">
        <trocha>aldideMoscowNarked</trocha>
      </wheeshtBakshisJocund>
      <banabaScream badges="esere" waltrot="7472677">
        <charciaGaistSandman>glumpGullionNasch</charciaGaistSandman>
      </banabaScream>
      <winy>
        <ratteryAxlikeJger>inrol</ratteryAxlikeJger>
      </winy>
      <adducerChkalikLapsus wramp="sterlet">
        <exeunt>41861783</exeunt>
      </adducerChkalikLapsus>
    </fabWisps>
    <breekHyne>
      <fiendlyAmidoxy>insolSenhor</fiendlyAmidoxy>
      <drachmaClagXiphura>
        <potfulHupa>arlesBalled</potfulHupa>
      </drachmaClagXiphura>
      <spoking>
        <fraghanInsame>tarkhan</fraghanInsame>
      </spoking>
      <miragy uncurbs="tapetis34" saker="495">
        <kickyHichuWlatful>watches</kickyHichuWlatful>
      </miragy>
      <yukataFrizzle ketenesVeuve="84992105" flimmer="805026160">
        <rubrailBesteerDehusk>flexile</rubrailBesteerDehusk>
      </yukataFrizzle>
      <acumenGoaEndower>
        <thegnly>675</thegnly>
      </acumenGoaEndower>
      <outawedBilderViuva>
        <pupelo>nongrey</pupelo>
      </outawedBilderViuva>
    </breekHyne>
    <whiffer>
      <emigre>revotedMensaeHeelcap</emigre>
      <disbury abaca="cowweed" decksComicsLaydown="chamisoIfreeSoland">
        <uncousKurschPlatch>peggerAffiesSoutar</uncousKurschPlatch>
      </disbury>
      <lettishShindigTurmit>
        <piemanErratasGashful>12</piemanErratasGashful>
      </lettishShindigTurmit>
      <barmkinHalters>
        <unseals>campholGesturaPur</unseals>
      </barmkinHalters>
      <spugUnshipZantiot>
        <denom>repoll</denom>
      </spugUnshipZantiot>
      <beslabCumblySolyma unsereLouieMarkers="postersGushKanara">
        <cottaeDecodedSupari>palazziSwords</cottaeDecodedSupari>
      </beslabCumblySolyma>
    </whiffer>
    <fivishShirkEnodate>
      <vetoes>aurungPoorga</vetoes>
      <escript>
        <clionaSemisesTurds>luetic13</clionaSemisesTurds>
      </escript>
    </fivishShirkEnodate>
    <doyen>
      <colossGuttule>scutterInfeoff</colossGuttule>
    </doyen>
    <toshesSeriary etnaToupeeCholane="gmelina" casernRancourRarer="slantly">
      <twick>candida</twick>
      <lobs rudgeTinerer="seatheWah">
        <quarl>husheenReclineOilcan</quarl>
      </lobs>
      <agenaForaneGambade kitschAmzel="487965">
        <disjoinJonquil>pasangSqueakCrudely</disjoinJonquil>
      </agenaForaneGambade>
      <cod misused="82" haverGuidon="sergius">
        <tunningSowersUreido>eruptsBeneme</tunningSowersUreido>
      </cod>
    </toshesSeriary>
  </talkfulNattockKonrad>
  <sludges />
  <trabeae glidersTownletWrawler="upbyeWarnish" beatutiRagweedAten="22911706" vincent="pollingHooplaHorah">
    <ulexineBaniaBusto ripedRibzuba="691" spidersRipper="arizonaFewer" fetwa="airampo">
      <millniaColinHaitsai>insider</millniaColinHaitsai>
    </ulexineBaniaBusto>
    <tweestMecca querentSolar="setulaeIrmaFevery" sasteanCosetsPunts="san">
      <bimah>luiteArrishBecovet</bimah>
    </tweestMecca>
    <pilori exportsVotaryYogis="becked1103" saravanBeglad="deborah8" bimong="90113195">
      <fascialNunletRiant>teazlesLepton</fascialNunletRiant>
    </pilori>
    <boliviaArecaArder>
      <wusserKampong>38353679</wusserKampong>
    </boliviaArecaArder>
    <chid>
      <withing>anterinArtily</withing>
      <vicarsPoa>
        <uluaPlotterEntozoa>boucan</uluaPlotterEntozoa>
      </vicarsPoa>
      <jackoAvionElides>
        <yemeni>taut</yemeni>
      </jackoAvionElides>
    </chid>
    <jefUnsly loquentBummalo="versesZarebasRedrawn3" shimmyAlantic="1" dolly="coteenChaScaff">
      <tollersStm>voulgeDebellSackbut</tollersStm>
    </jefUnsly>
    <cymarinJonnick brasher="ungullAmselMesked">
      <plumerHoverlySotnia>incor</plumerHoverlySotnia>
      <hostal>
        <joelLeechesAbattue>burgusChoom</joelLeechesAbattue>
      </hostal>
      <pvtBereCymelet midiPasSlotted="semilorCipoHoppity" uncolt="shaveAghaneeBulbuls293">
        <tenio>kensDecimeGauzier</tenio>
      </pvtBereCymelet>
    </cymarinJonnick>
    <polyol gratin="spitboxEndyma95" cyathArcaKoolah="romykoPawn" emblema="itczeAsarta">
      <junk>aimerAnticusPinacol</junk>
    </polyol>
    <guigneUnrufeCarvist>
      <cholickLeet>parfum</cholickLeet>
    </guigneUnrufeCarvist>
    <lampretSafeTaxemic>
      <drakeShanked>gumpusAgreed</drakeShanked>
      <conredTestersKirsten>
        <sillagoDrawledParisia>mealman6</sillagoDrawledParisia>
      </conredTestersKirsten>
      <uvitoDungeonUnempty alliceBarrows="95">
        <jellily>76101</jellily>
      </uvitoDungeonUnempty>
      <piraticAvast stagerFoison="ferter" sniffedLeveche="charlet">
        <avisAbacateClammed>sleighsTweezedWhined</avisAbacateClammed>
      </piraticAvast>
      <coosifyCaracol smudge="hexagynChochoMinty" malthePilling="mistypeGirseSwathy">
        <yaffTriarii>jigmenKern</yaffTriarii>
      </coosifyCaracol>
      <veeps abusesJarlessBukat="ravellyCowryMaddle99">
        <deviousLagersTriace>nacred</deviousLagersTriace>
      </veeps>
    </lampretSafeTaxemic>
    <simurgMossier>
      <geggeryJohnsonEmbrawn>148444832</geggeryJohnsonEmbrawn>
    </simurgMossier>
  </trabeae>
  <peulvanKnubby />
  <conidiaLockedGirlery daglockIgnorer="70634" />
</alecostMellic>