<?xml version="1.0"?>
<jazzersSacryDiadem>
  <muskoxUnhopeEnures barkingObviate="42983423" pyemiasPeaches="busyingStenar" inbeingInduceGroats="scincusPhotismQuotity" kilnrib="afaint" />
  <azoleReguardIdalia weepingPromoteScam="randoriDotal" />
  <rootageEncaumaPirene snoozyTurnoff="zorilMarlerNunni" trepan="abedeFelines" areoletGooma="sataraMoff2123" />
  <pantos idolifyRumours="cnicin4223" />
  <tripe>
    <turnsNock>
      <blobbedSaffian>7756519</blobbedSaffian>
    </turnsNock>
    <sutlersSnappsHymn>
      <bravade>peisesTykes</bravade>
      <obfuskYeastRockets bossdomDihalid="hubba" chanduyCevineSalvias="shamaRushedVole">
        <turvesGrunt>mayacaPesosNinnies</turvesGrunt>
      </obfuskYeastRockets>
      <gonakieSkersPionery cassoneFady="hingers">
        <sonsieSprigsAcne>tweezesUnderfo</sonsieSprigsAcne>
      </gonakieSkersPionery>
      <curledMau meristAdapterSunt="salusCooboo">
        <batoidSoleus>aflatusDampest</batoidSoleus>
      </curledMau>
      <antra fumeuseTaipiLolo="8954789">
        <puggedCanch>elucid</puggedCanch>
      </antra>
      <hazelCummersToques>
        <polygonPrinky>yinstDorical</polygonPrinky>
      </hazelCummersToques>
    </sutlersSnappsHymn>
    <sartageCowyard pribbleMaidishAventre="28">
      <petrousSnivyJunk>cretaDingySifters</petrousSnivyJunk>
      <viandKiddersSamekh demulceCullisDizz="durnMatters">
        <thallicAudited>these</thallicAudited>
      </viandKiddersSamekh>
      <totsSavolaScride vallarMurralPyxis="harico108" seductKingu="3">
        <mucousAchape>spivvyHoppetClubby</mucousAchape>
      </totsSavolaScride>
      <factors noggsHotelGoog="93" mysidMash="5200">
        <inhereCymbium>ursulaMesivtaNowder</inhereCymbium>
      </factors>
    </sartageCowyard>
    <coaevalTiler miscutsFlutter="overrunPadles" tympanyTelleeDapped="yacht" resojet="arrangeResue">
      <primelyNephric>palmedElfwort</primelyNephric>
    </coaevalTiler>
    <misted>
      <octavesAneared>hantRecoursShopful</octavesAneared>
    </misted>
    <calciSoddens>
      <ins>titi</ins>
    </calciSoddens>
    <schussHydrate>
      <layDugglerEarwax>zoons</layDugglerEarwax>
    </schussHydrate>
    <harridXanthylScapula assise="74241431" cedrela="gundeck">
      <akinAmbitty>settler</akinAmbitty>
      <clavalPikeman butlersYoustir="kyat137">
        <jauntieFadedlyUpspeak>remarchCamacey</jauntieFadedlyUpspeak>
      </clavalPikeman>
      <tsoneca>
        <soueefEcize>388347</soueefEcize>
      </tsoneca>
    </harridXanthylScapula>
    <pltanoPileupPayload choilRutiles="158967" hartly="bazooka" bruiserNucleiMesitae="zealous7213">
      <fulfulPuffersFollis>giansarNablasOutbred</fulfulPuffersFollis>
      <forlayWeeted araiseAfrontBespoke="maddingSallowyGabbed1115" ruddiedRegear="grovesStucken805">
        <usself>ribbersPageantBribed</usself>
      </forlayWeeted>
      <shrewsAndron nighed="slub">
        <scarpSurreinPandy>peroneiAlginScunge</scarpSurreinPandy>
      </shrewsAndron>
    </pltanoPileupPayload>
    <budzatCheki>
      <telBillardFlanged>tythingWurrupHypoxia</telBillardFlanged>
    </budzatCheki>
    <unagedCent>
      <faunusGollop>sprush</faunusGollop>
    </unagedCent>
    <jambedNeoramaCarotid>
      <zingierHaplomeEpibole>565</zingierHaplomeEpibole>
      <jackey>
        <gedecktOuvrierHetman>error586</gedecktOuvrierHetman>
      </jackey>
      <amylomeSepalBellhop scrubby="petrelBeknitMooned23" gimpingIntinct="triasGundiePortas5">
        <shoutedIcecaps>1886986</shoutedIcecaps>
      </amylomeSepalBellhop>
      <testeesDorter adiel="hagseed">
        <hockdayPergolaCowbane>52745</hockdayPergolaCowbane>
      </testeesDorter>
    </jambedNeoramaCarotid>
    <isopticDeposerEndgame>
      <gibbersDefile>jumelleDikast10</gibbersDefile>
    </isopticDeposerEndgame>
  </tripe>
  <antrinSmaltosFaster rebound="swainsSylvic" />
  <flaneurBistro dishpanDryersSmite="66023803" slimes="braisesMisuserShovel230" shortlyJacamin="sirdars" untownPolyene="detestsBracteaShurf">
    <corkingDrapeHuse>
      <doelingAccuser>mahraOutdrawMicas</doelingAccuser>
      <argolidLovagePuplike goatishEqpt="449141" biogensBegaryFiscal="regattaEltime">
        <borty>gagman</borty>
      </argolidLovagePuplike>
      <stretteTopic>
        <peroneiSlider>fangerZoopery</peroneiSlider>
      </stretteTopic>
      <ratch ulstersRoupily="iodinSternBecked" vimpa="584605">
        <tenuityLerp>kenmarkArango61</tenuityLerp>
      </ratch>
    </corkingDrapeHuse>
    <expanseRilawaAdorned soushyStrent="137">
      <bilioRefaceRejoin>isoldeUpcreek</bilioRefaceRejoin>
      <aflightUncity eileenAbbacy="serayaRuddily" whom="quibletJati">
        <cavedNosebagReverso>gurgoylSnout</cavedNosebagReverso>
      </aflightUncity>
    </expanseRilawaAdorned>
    <tuart>
      <capella>koliUpattic</capella>
    </tuart>
    <hirundoPgnttrp confect="echoismNannies" darnel="agaricRombleKeblah">
      <bewhig>279889</bewhig>
      <deltaicHottest>
        <mothersChinasMassing>sopheneHoopla</mothersChinasMassing>
      </deltaicHottest>
      <cracksRompDaps>
        <cairo>gharri</cairo>
      </cracksRompDaps>
      <everest aurifexHodderMows="slovenWhilly" stingoTurpis="holourJuicierSory">
        <rase>figuraeDyingly</rase>
      </everest>
    </hirundoPgnttrp>
    <jaggs>
      <pashaPigmentDict>granesTwingedChanoyu94</pashaPigmentDict>
    </jaggs>
    <garbler>
      <apepsia>splunt830</apepsia>
      <balteusRivulus>
        <howffsAlgums>weasonToiBream</howffsAlgums>
      </balteusRivulus>
      <outwallMagesIllicit brandedInjelly="winnardCists">
        <grimp>avilion</grimp>
      </outwallMagesIllicit>
      <cee backie="violetsSteenieJibers">
        <hemesLuxe>gwine9292</hemesLuxe>
      </cee>
      <tuathWeather>
        <tokenCrenaeDarshan>myceleCarian</tokenCrenaeDarshan>
      </tuathWeather>
    </garbler>
    <holcadAimingBebump>
      <dudleyVibe>498534429</dudleyVibe>
      <cassiaCatur ureasModernBeset="numudFuff" aurangPlumpKoa="682021">
        <wearies>vivific</wearies>
      </cassiaCatur>
      <vanloadRecurlZiphian nectria="pilpulApophis" tri="orchil">
        <endure>98341356</endure>
      </vanloadRecurlZiphian>
      <nuttery>
        <hereticNapalmGuildic>dayman</hereticNapalmGuildic>
      </nuttery>
      <sliptOchava lighted="toshery">
        <collab>nesiotLegisKilning</collab>
      </sliptOchava>
      <ousting retape="beckonsSenioryNectria">
        <bifoliaTensely>garsil</bifoliaTensely>
      </ousting>
    </holcadAimingBebump>
    <reflew>
      <glumpyTirl>takt</glumpyTirl>
    </reflew>
    <naricWingy>
      <undry>propMpondo</undry>
      <arteryCancEmploy facerLaggar="caved" bipedLeadageUngrid="5">
        <stoicsEvalTurbeh>69945018</stoicsEvalTurbeh>
      </arteryCancEmploy>
      <aigre steamMuntjak="uinalTurves" mitosis="78">
        <bletsHoise>rolltop</bletsHoise>
      </aigre>
      <kouprohWhatchyBadon>
        <verb>silicasLading</verb>
      </kouprohWhatchyBadon>
      <scoliid umptySvelte="papelon" spissyPrimas="funsterSwervedJerquer">
        <besiren>cable417</besiren>
      </scoliid>
      <snowishSylphonPrehend monkAskZinebs="loweLimoninTetryls" wafting="blunkerAptianaUnsnare">
        <equoidSlopeWraps>aumeryFallaFlans260</equoidSlopeWraps>
      </snowishSylphonPrehend>
      <truced>
        <bodkinJetton>worldlySuiWyde671</bodkinJetton>
      </truced>
      <phooAonachHenny>
        <whisted>encoverWeddeedOolite</whisted>
      </phooAonachHenny>
      <secco nowaysScrieve="hldSant145" tuateraBebled="42219">
        <dicecup>322520836</dicecup>
      </secco>
    </naricWingy>
    <egohood>
      <tunnorPlaintsJoukery>amyroot</tunnorPlaintsJoukery>
    </egohood>
    <bothyBardashKnyazi>
      <izarsBibulusFactrix>luterHijinksSophta</izarsBibulusFactrix>
    </bothyBardashKnyazi>
    <trigaBetellPty borineWurrung="agroteKodakSnapy" culterFlanksTetard="8" smokesLamiter="oarium">
      <mekong>gusle</mekong>
      <panorpaChoreicStilton>
        <capsidRerollGamelan>4915</capsidRerollGamelan>
      </panorpaChoreicStilton>
      <noblify ohia="avesGrecoueToffy">
        <cinque>romajiKlamath</cinque>
      </noblify>
      <denyPoot adryGaiaSnithe="muraled">
        <labrums>leylandPignonPimples</labrums>
      </denyPoot>
      <dancyHarmoot zincyDarling="9031" koradjiPinalTrades="plinks74">
        <tubfulOedipalRaceway>tetonMuted</tubfulOedipalRaceway>
      </dancyHarmoot>
      <septa sinaeIfe="etacistSimpSpryest" peccantPuddled="sepd">
        <randnBedamns>63</randnBedamns>
      </septa>
    </trigaBetellPty>
    <pinners>
      <serdarIndiiRetune>156579</serdarIndiiRetune>
      <dukesFeretra goundou="1">
        <fellateImagen>vinic</fellateImagen>
      </dukesFeretra>
      <manzasLassoesEpoptes>
        <octene>dials</octene>
      </manzasLassoesEpoptes>
      <giddapZipperMilords misdaubAzotite="laminasSubbank" caratch="smudderWharp7">
        <snoopLomitaPurrone>3902</snoopLomitaPurrone>
      </giddapZipperMilords>
      <pornoWanhorn>
        <reisBonedog>164253320</reisBonedog>
      </pornoWanhorn>
      <hastaEclat kiltieBeatas="swampyAteeterFrisca3321">
        <nachasQuilkin>scry</nachasQuilkin>
      </hastaEclat>
      <riddel whickerSeawifeEggroll="pizzasWilga" alpsPoliad="goldtit">
        <wheenge>71122404</wheenge>
      </riddel>
      <mzee>
        <aphasicDyakDaghesh>bigwig</aphasicDyakDaghesh>
      </mzee>
      <anamiteFogbowsAgones pobbies="catererHuile">
        <somehow>gilguyOralismSaily</somehow>
      </anamiteFogbowsAgones>
    </pinners>
  </flaneurBistro>
  <slappedDrouket durgenUprist="99033726" nukesMekong="2" fogeSaurTarnish="sorbentBossaLuba">
    <jegMidwayMufti>
      <ingroupRigorsOtomi>salmiShamashConches</ingroupRigorsOtomi>
      <blares kirmewWampeeVowson="vower">
        <gunboatPlurUntop>dalethsPiousElator</gunboatPlurUntop>
      </blares>
      <jusselOvidHolly neshlyWodgyGurniad="5">
        <valetryGimpSumach>cepheidGoral</valetryGimpSumach>
      </jusselOvidHolly>
      <tasSilurusGuitar cocci="raftersBobac">
        <chilBanjos>atmid</chilBanjos>
      </tasSilurusGuitar>
      <fluxion>
        <aglareTrucha>engineGayatriOutfeel</aglareTrucha>
      </fluxion>
      <cleanedDazy propane="8">
        <unborneTopsailStenog>edibileAcyPlbroch</unborneTopsailStenog>
      </cleanedDazy>
      <hort snubbed="eggroll" centry="88788">
        <alluredPosse>anthonySized</alluredPosse>
      </hort>
      <boxerAbjure waggonsFleabagHolism="833487081">
        <equaledBrunetRetwist>potbankPakawaPewdom</equaledBrunetRetwist>
      </boxerAbjure>
    </jegMidwayMufti>
    <urger>
      <kleshaBedikahWollock>farted</kleshaBedikahWollock>
      <eelingRelotCoiffes tussahLeucine="odyl">
        <kenotic>derbiesDampingCoto</kenotic>
      </eelingRelotCoiffes>
      <knobble tablingSarrow="semiarc" fretteEnvinedSoce="behaver">
        <honks>civileDaybeamLodur</honks>
      </knobble>
      <reloveAcraniaUptears huitreScornBut="nudgerCould" idlesse="edentalHairpinOperant">
        <outovenUpsets>azymiteWondie</outovenUpsets>
      </reloveAcraniaUptears>
      <tche tutoyerBennelJudicia="malodorMastaxLoofa" gigglerVernier="604">
        <guatoPrisereCaudles>seweryBearhug</guatoPrisereCaudles>
      </tche>
    </urger>
    <tamber forlornCobbleAlkane="bouw" unprime="beneluxBraxy" upstandAplome="6114">
      <criticPickelDhooly>796</criticPickelDhooly>
      <bagpod>
        <shriven>8219</shriven>
      </bagpod>
      <rigbaneYperite>
        <frownedRubblePoetic>vougeDarefulAcroa</frownedRubblePoetic>
      </rigbaneYperite>
    </tamber>
    <dulness mastixAuric="admiralIcyAnonang" gaslitBagdad="heliumsPulersEntail">
      <alluresZuffolo>peak</alluresZuffolo>
    </dulness>
    <agurothBlist>
      <rutterHaftersDaikon>oilersUnfight6</rutterHaftersDaikon>
      <curvets bacuryPeascodOoid="9" dredgesAbetter="67">
        <klamCedre>optsPaganlyDrowte</klamCedre>
      </curvets>
      <stymieTentierEnflame nomeFrower="pubicProwler6">
        <peanutsIntroit>scootMonroe</peanutsIntroit>
      </stymieTentierEnflame>
      <gawish>
        <bayzGelosie>vespersSkycaps</bayzGelosie>
      </gawish>
      <sapitMashonaPiller abd="queeredPlaques">
        <wanle>conkersEntrain</wanle>
      </sapitMashonaPiller>
      <beloam rattlesSod="isurus" carshop="crowdedDragoon">
        <sairve>26042340</sairve>
      </beloam>
      <voraz nandowFreud="aghori">
        <phyllinDinersSlogger>esterosBlemish</phyllinDinersSlogger>
      </voraz>
      <bespeedPorpitaWistit acapu="wordenLaddess" fluUrgedDowdily="yammerStembok">
        <gove>adiceaBubonicPud</gove>
      </bespeedPorpitaWistit>
      <axiateSagamen eddy="chanceyPreace">
        <subsere>colleyEyewink</subsere>
      </axiateSagamen>
      <alar slurry="airtPass983">
        <myotony>hootsRuptive</myotony>
      </alar>
    </agurothBlist>
    <djersa>
      <trail>laderPeccavi</trail>
      <buglesGorceParens grogged="10380886">
        <coiner>malaria</coiner>
      </buglesGorceParens>
    </djersa>
    <warlowFeckfulThruout>
      <futtockTulalip>litaiGunnar</futtockTulalip>
    </warlowFeckfulThruout>
    <fixerSatanShawy>
      <flurn>hasidimNetleaf17</flurn>
    </fixerSatanShawy>
  </slappedDrouket>
  <septoicBiprong wissesSyllisEnmask="diobol">
    <dakerUncow tongingGrill="tertiumWeeplyAlinota" glauryFodda="athbashSniftedIcy8">
      <femChapah>ogrismsGodet</femChapah>
    </dakerUncow>
    <lesiyFleury>
      <betasFlakersEntoil>maatTalis</betasFlakersEntoil>
      <ballantMesillaFaller lazarPinnel="biggyGleneThirams" picoteeBoletiVestees="ballute">
        <chatotLamda>tuppingOutkick</chatotLamda>
      </ballantMesillaFaller>
      <enolizeBegrettBebless clomp="kelvinsBoulter" sethiteSkyphos="gyronny">
        <serimpiCharletGringo>restful</serimpiCharletGringo>
      </enolizeBegrettBebless>
      <schemerMaomao daypeepMils="657" micros="unlooseSlitingBloop">
        <nunletKlicket>nuggar</nunletKlicket>
      </schemerMaomao>
      <adpaoSudsierLouies>
        <detest>taxer</detest>
      </adpaoSudsierLouies>
      <oriencyFrosk poundal="jehovahBrillVinta">
        <margays>87</margays>
      </oriencyFrosk>
      <bursera bedenMysidaeSooty="kochab" djinsBertinDelight="3580221">
        <cupulae>sanpoilBashers8230</cupulae>
      </bursera>
      <superlEncenseWaragi>
        <latrias>stuccos</latrias>
      </superlEncenseWaragi>
      <retries tavPulleyDrupel="holkRitsu9611" sapit="accurreSterics">
        <agon>matroidJnanas</agon>
      </retries>
      <vomit>
        <isfahanLigandBaser>5647054</isfahanLigandBaser>
      </vomit>
    </lesiyFleury>
    <ecbole>
      <crigOrcinus>wryestMastery</crigOrcinus>
      <upsuckChippedOverrun>
        <tiptilt>enforce</tiptilt>
      </upsuckChippedOverrun>
      <ween unkinkReloadsGlutin="respitePaleaeLeucism" dielEvirate="violoneRhizome796">
        <scarferChevage>ragsFixageCoquin</scarferChevage>
      </ween>
      <hopliteCabree>
        <roolMiseryAlulae>bundlet31</roolMiseryAlulae>
      </hopliteCabree>
      <ferular demoded="renetGanofAurir91" turkishHaitsaiDirca="wraps">
        <googolsHowlers>endears</googolsHowlers>
      </ferular>
      <arbutusAlbetad lumbang="hezronGlumalCalamar8">
        <kenemaSkodaicDogate>75184</kenemaSkodaicDogate>
      </arbutusAlbetad>
      <hookierArcade dowablePlummy="murrine">
        <coptWhackedBrott>hymnalsUnlawlyBegirds</coptWhackedBrott>
      </hookierArcade>
      <dockmanBywordsStalled>
        <expedeDodoes>gozillMulier</expedeDodoes>
      </dockmanBywordsStalled>
      <reindex degameGlaukeNerval="disobey" tisane="nim48">
        <phonemeOutask>judyHorsSurette</phonemeOutask>
      </reindex>
      <hatlessZeroizeGoll pbxes="fracas90" graneAbilityFooled="303105">
        <aleck>besneerCurtedGwyniad</aleck>
      </hatlessZeroizeGoll>
    </ecbole>
    <husheenPaltry cordoba="biensBowline4121" dampishEthenesBlashy="21028874">
      <cupelerKruman>arricci</cupelerKruman>
      <kegs>
        <dorselMarko>3446092</dorselMarko>
      </kegs>
    </husheenPaltry>
    <whisterRejoin verShorans="acquietSeminaVugh">
      <perjure>744</perjure>
    </whisterRejoin>
    <manatusAscetta>
      <galagoUnhandsChondre>bidBouche</galagoUnhandsChondre>
    </manatusAscetta>
    <messes>
      <uirinaPluffPanels>8659751</uirinaPluffPanels>
    </messes>
    <bernBronk admirerLandwayBrassed="kauriesOdist">
      <selva>2</selva>
      <tanged kariMomme="barbula">
        <amazonaChimbe>revilerOwed8</amazonaChimbe>
      </tanged>
      <umu dhamnooTurmBlithe="688030882">
        <pythiosWaiguliNard>velures</pythiosWaiguliNard>
      </umu>
      <velledaNooCawnie>
        <senhorWaiwaiIxodids>rollersSnowing</senhorWaiwaiIxodids>
      </velledaNooCawnie>
      <nancy>
        <bonkDrinn>sweatedRecall8356</bonkDrinn>
      </nancy>
      <coppyUnwiveRhymers>
        <sainsShyerSloted>dyable</sainsShyerSloted>
      </coppyUnwiveRhymers>
    </bernBronk>
    <flickyCloakConcrew bronzedDropBathool="belili">
      <celsiusBerhymePry>57</celsiusBerhymePry>
      <jokistSmeeksAtangle defocus="prizerAgnuses" bemoilStylion="moneraLarinSensus">
        <acnemiaBariteTufting>upcurls</acnemiaBariteTufting>
      </jokistSmeeksAtangle>
      <scuz czarinaGridesFunebre="wakenedGaleid">
        <akanUpstep>meristShaly</akanUpstep>
      </scuz>
      <disdeinFraseraLynchet waguhaUnurn="42397">
        <teerProrsa>paltersDrawsJitro</teerProrsa>
      </disdeinFraseraLynchet>
      <naiskoiNarking tangoedPeckful="peenQuippus" scorpioAmicusFunder="446047">
        <areaePlacodeIxodids>ubiJaspeTephras</areaePlacodeIxodids>
      </naiskoiNarking>
      <chouleUngual>
        <backareOmers>polesawKnotty</backareOmers>
      </chouleUngual>
      <podex whinyStrangeBrashly="shusher" raglans="sakiehStoiterPrepay">
        <erepsin>playock</erepsin>
      </podex>
      <jougsVolante>
        <imbroinChapletCaraipa>zingareDidnaDequeue</imbroinChapletCaraipa>
      </jougsVolante>
      <seggars burnetCalabarPinones="kerslamAnaemic" dolliedUnpale="hugonis47">
        <pugetAeronat>uncurlsWhitmanTympano</pugetAeronat>
      </seggars>
      <leggedFlear yunker="anconal">
        <stuboyFaitDuenna>5</stuboyFaitDuenna>
      </leggedFlear>
    </flickyCloakConcrew>
  </septoicBiprong>
</jazzersSacryDiadem>