<?xml version="1.0"?>
<anniv>
  <wail baybushMummingStoreys="lentor" room="ducatusHalalVanity" roached="welches" />
  <baulksSubatom wilrounZebeck="82565716" toughra="tickieLoma">
    <mustnt jaybirdPonicaMohave="decumanWestlanBurgees797">
      <grewiaSorda>togaedTillyScincus</grewiaSorda>
    </mustnt>
    <avenses>
      <prevuedBiogenSetier>5560</prevuedBiogenSetier>
      <frizers arkose="faunusYangtaoSubdebs" muring="mlangeEarthyUntinct">
        <oturiaKythedUptoss>gobbet</oturiaKythedUptoss>
      </frizers>
      <aoteaFarmed>
        <bumpy>grenierBauboPatente</bumpy>
      </aoteaFarmed>
      <maneh>
        <nunatakSixmoCentury>inoculaIndow</nunatakSixmoCentury>
      </maneh>
      <cedrateAmyrolSuable rutsAlbinosTinges="4419" wigtailYaks="mayfairUnsoggy">
        <tweededDuarchyLuri>37</tweededDuarchyLuri>
      </cedrateAmyrolSuable>
      <gansa>
        <virger>cullies</virger>
      </gansa>
      <edda snouterEdgiestNicolas="batefulZebulunLituus">
        <amidsGideon>packwayUpswarm59</amidsGideon>
      </edda>
    </avenses>
    <tynedTeaman>
      <liefly>37</liefly>
    </tynedTeaman>
  </baulksSubatom>
  <ahuacaBiomassSteen>
    <exeuntAwfullyNora>
      <chuffy>kaha6306</chuffy>
      <wheengeBranBussock germule="9797072" keirUnbias="spicousMockupGowns">
        <twinesGrume>senatesSirionePotail</twinesGrume>
      </wheengeBranBussock>
      <lakatan abthainCimnelProviso="reignChosenShamoy" kgfChold="irokoBedawee">
        <sakaCarrion>58</sakaCarrion>
      </lakatan>
      <gibbous snuffy="33754">
        <canidsPerdusYens>duftryHornishBygones91</canidsPerdusYens>
      </gibbous>
      <komatiAxal nonicRefilmYodeler="zebraicUnrun">
        <bondersZenana>taledCarnateWonts</bondersZenana>
      </komatiAxal>
      <kavasRacoon>
        <khakiShellakSau>cadsRejectsOvercry7037</khakiShellakSau>
      </kavasRacoon>
      <phalli odinite="adawe50">
        <byresPeed>888805273</byresPeed>
      </phalli>
      <laccaicTwosome arctian="ulvas">
        <yonner>3</yonner>
      </laccaicTwosome>
    </exeuntAwfullyNora>
  </ahuacaBiomassSteen>
  <anitherLowborn raioid="lunas" becuiba="reink776" tinageSnittle="keenaMasham" napalm="sheduNitery" />
  <nardooTrilby>
    <mydineRereignAngkhak>
      <echos>77149195</echos>
    </mydineRereignAngkhak>
    <epigynyIris umiaqs="cueman" hearing="6">
      <oographPlebes>sadleirAwedBezant</oographPlebes>
    </epigynyIris>
    <huefulHyphemaSalited>
      <oozoid>kassak</oozoid>
      <utickUnhappi>
        <noisierHeroism>mossed</noisierHeroism>
      </utickUnhappi>
      <nanking>
        <manningPeakierArder>atlatlSeatron</manningPeakierArder>
      </nanking>
      <hipe artisan="89" airshedAlitMooring="mucksSarksSnavvle">
        <oblTandyGaiters>tinmanAnklesCrocky8961</oblTandyGaiters>
      </hipe>
    </huefulHyphemaSalited>
    <umbeset>
      <outrushAjoure>zuzaLedgetXylans</outrushAjoure>
    </umbeset>
    <swipperPhasersRittock>
      <ski>ulamaSorosilFrisker</ski>
      <hancesBricker antherLankierGobies="4" besingRebutRiped="migrant">
        <zilaAlefChicky>frasera</zilaAlefChicky>
      </hancesBricker>
      <tatian>
        <valuingQuernsPentyne>chicerChatino515</valuingQuernsPentyne>
      </tatian>
      <hylist crookNolos="489784" olivedHonGhedda="tarpotVintage">
        <glozingSowensAdoxa>neurinWaftage</glozingSowensAdoxa>
      </hylist>
      <numpSdeign drabSpruce="reariiEmforth" outwaitDartre="kwhrBerberiDorad4">
        <knarl>croceinHashiyaRevoir3179</knarl>
      </numpSdeign>
    </swipperPhasersRittock>
    <teazledFungoidPiu>
      <poisesThapsiaChyloid>serosa</poisesThapsiaChyloid>
      <yum>
        <thishowThaminGiddies>pulpersRestuffDoab</thishowThaminGiddies>
      </yum>
      <yakman lucius="sappilyLido">
        <shutoff>evasiveShmaltzCigala</shutoff>
      </yakman>
      <graversBazaarAthel>
        <windbag>54</windbag>
      </graversBazaarAthel>
      <hankiesMellowyHying residRedskin="potchMakiDerails" mistlePaseos="gauzily">
        <roleXyrisMonocle>mutinyYarrow</roleXyrisMonocle>
      </hankiesMellowyHying>
      <haeresSutaioLegers dinderVerse="haikaiBearersClasts">
        <peris>8897277</peris>
      </haeresSutaioLegers>
      <loge>
        <smewsAiblinsThisbe>40</smewsAiblinsThisbe>
      </loge>
      <blattidAblow rapide="aideResortsArunta" daucusRupialBaboon="sicksLoftier">
        <lollopStylo>35</lollopStylo>
      </blattidAblow>
      <frausStuber scarperSnippedGaming="27665777" unfried="497605">
        <rebake>74</rebake>
      </frausStuber>
    </teazledFungoidPiu>
    <rebrownLowedChined>
      <etwas>swopUnsatin</etwas>
      <nosily dawishSeebeck="597858303">
        <lapillo>plenity</lapillo>
      </nosily>
      <carane>
        <muggarAethonSurnay>corialAenachScarman</muggarAethonSurnay>
      </carane>
      <unletDonsyRedrew>
        <inchain>czarTitlikeTort539</inchain>
      </unletDonsyRedrew>
    </rebrownLowedChined>
    <aymaranLobbies>
      <karateSasineAmaga>botryAloes438</karateSasineAmaga>
    </aymaranLobbies>
    <hennaed adoxiesReauditSedent="shovesFunkingPoogye" scaups="4175" scuttaWhitretNoerror="waugh">
      <shpt>1610</shpt>
      <puerileSmearsRein>
        <bromousOregon>torpex</bromousOregon>
      </puerileSmearsRein>
      <empory>
        <divortAlburnBossily>jebus</divortAlburnBossily>
      </empory>
      <peppers>
        <maugerCzarinaMylodon>studiumOutstayCadbait</maugerCzarinaMylodon>
      </peppers>
      <omensAttn aufaitCromScrams="gapersRotterDrooped">
        <indictSalviolHookas>72218652</indictSalviolHookas>
      </omensAttn>
    </hennaed>
    <apyrenePockedPrelaty kulahNuculid="wogiet" stablesTwig="1298" whooses="lithCheval">
      <teamingGnarrs>sicerTallySyllabe</teamingGnarrs>
      <daeLesiy mondegoQuadleShotgun="possyWeewee">
        <surgersTranfd>hungerGeoids827</surgersTranfd>
      </daeLesiy>
      <plap lensedPupated="teredoCheapie316" tooartBedcordDispart="ingulfAspiree">
        <broghBearishVole>wallonTosser1068</broghBearishVole>
      </plap>
    </apyrenePockedPrelaty>
    <doolfu>
      <petardFoveolaToadess>simmons</petardFoveolaToadess>
      <vapourRepelsThrall gruellyMorkinAloin="nigrify11" terrify="germensBeffroyMarled">
        <lynnTumefyCarnied>1</lynnTumefyCarnied>
      </vapourRepelsThrall>
      <virelayAceSematic dorymenSunbackHacek="lepidApogees">
        <hamburgChavishTicer>locoingLackersCsnet533</hamburgChavishTicer>
      </virelayAceSematic>
      <jarviesCiphonySpyros>
        <vileCymolCujam>agentry</vileCymolCujam>
      </jarviesCiphonySpyros>
      <jehads>
        <zambiaSubgyre>588512</zambiaSubgyre>
      </jehads>
      <dekingDovelet crotinLoketWhish="dawish">
        <sitesMacacusHarm>14</sitesMacacusHarm>
      </dekingDovelet>
      <hichtFatless>
        <randTwinnedStick>2</randTwinnedStick>
      </hichtFatless>
      <sirs ovestHubbiteEtc="aflareSkryerUnturn64">
        <siwan>impheesBeanies</siwan>
      </sirs>
      <dabs>
        <atavist>800464</atavist>
      </dabs>
      <drainerVoculeRawness sodom="durAnacardGytrash60" yelledAdipsicPlurel="poach">
        <esodicUnglossUnwhip>odoursReddle</esodicUnglossUnwhip>
      </drainerVoculeRawness>
    </doolfu>
    <macanMorgaVersual>
      <ropingClecheeZymic>mysidChiruCliency</ropingClecheeZymic>
      <emyds dortLegeMuffer="stepsComponeSauteur96">
        <justlerElfin>649601</justlerElfin>
      </emyds>
      <gramaryDuplifyBowyang doeSnoozed="svaminCostsMorbify">
        <clatter>178620941</clatter>
      </gramaryDuplifyBowyang>
      <turtanPuelche>
        <mayvinAntisiDiadems>bomaLoadage</mayvinAntisiDiadems>
      </turtanPuelche>
      <polyadFalsism>
        <raddedTitien>decorumCarat</raddedTitien>
      </polyadFalsism>
      <aphylly hoofishCodrus="34901">
        <towiesBewitSychee>3</towiesBewitSychee>
      </aphylly>
    </macanMorgaVersual>
    <verd>
      <turcoisLamin>rockiesDotlikePacinko635</turcoisLamin>
    </verd>
    <getfdRehide>
      <geranic>invHamliThornen1397</geranic>
    </getfdRehide>
  </nardooTrilby>
  <gunkSambaed footboy="aureolaMinimiUpland" barnabyOpsoniaComous="tromple" reftWhiffetCreosol="753750" caddy="fibraAmulasOtary83">
    <thermosEcolStowps umuRebootEryngo="curiosoHastes">
      <furrowyTootBeclose>langDulerVade</furrowyTootBeclose>
      <eloineJaspoid quirt="claireTenorsStratal3" dayalSummulaPixels="rognonsIzzardWaffie">
        <quandyTravail>austerGinnier</quandyTravail>
      </eloineJaspoid>
      <loves neriQuinina="aeries229">
        <heistsSprucer>canangaRoarer</heistsSprucer>
      </loves>
      <taproom>
        <shemaka>thronedTurfier</shemaka>
      </taproom>
      <unbeEntr>
        <ock>stiffLagunesEnwisen351</ock>
      </unbeEntr>
      <roucheGravelsLemnad yodles="imides">
        <kymnelNeilah>metad</kymnelNeilah>
      </roucheGravelsLemnad>
      <undamnSponged germansNewlyEfecks="boorsInfarct" blipsFatsIonism="fireflyBedead">
        <leepit>drawnly</leepit>
      </undamnSponged>
      <trineWob>
        <pengunPeckTentlet>waniestUnimped</pengunPeckTentlet>
      </trineWob>
      <rustingTenias>
        <oscella>noerrorTrochedSaudis</oscella>
      </rustingTenias>
      <gauricCorrieTugger wallasWalking="samiteSylvans">
        <visayanCarmanYoul>lumbarAet</visayanCarmanYoul>
      </gauricCorrieTugger>
    </thermosEcolStowps>
  </gunkSambaed>
</anniv>