<?xml version="1.0"?>
<nunhoodDataryBurglar>
  <satangs>
    <rammed>
      <tempter>ancora</tempter>
    </rammed>
    <infoSumac>
      <dieterTamableGloater>44594</dieterTamableGloater>
    </infoSumac>
    <divisiSketchy>
      <tulles>nsecRefreid</tulles>
    </divisiSketchy>
    <dunbird>
      <mungoos>crocker</mungoos>
    </dunbird>
    <praxis>
      <sompayDamesBassine>blestOvisac</sompayDamesBassine>
    </praxis>
    <amerind muxImagine="7" groper="nitAbabdehBecuna9" zanteWahabitMelis="68">
      <tuism>coteenFlumed</tuism>
      <straveConeyPurvey jonnickGeste="427731035" fasting="gismos">
        <tarianaBowlegs>asperClayed</tarianaBowlegs>
      </straveConeyPurvey>
      <centric costa="uncutGiantlyIdylls">
        <okraYeuking>gloggsFcp82</okraYeuking>
      </centric>
      <ledenGurgleBecovet>
        <unfreedNene>fug</unfreedNene>
      </ledenGurgleBecovet>
      <icyLipidesAplysia>
        <ferbams>92127</ferbams>
      </icyLipidesAplysia>
    </amerind>
    <brieveMaxima>
      <cuckold>scioltoHyndSigher</cuckold>
    </brieveMaxima>
    <boulGainedFritts>
      <mitoticSkybal>lanchaFicaryBreth</mitoticSkybal>
    </boulGainedFritts>
    <impackLlb>
      <geminidAurateVag>moilersCroomiaGaed</geminidAurateVag>
    </impackLlb>
    <herding pitsaws="aeropeDjebelDynel9" misbillXiphiusFigwort="zanzasCoccidsVair">
      <ruling>rhapheCrimbleAmerind5</ruling>
      <urohyal antewarAround="timersMomotusMusard">
        <skeeingAristeCloque>ionizer</skeeingAristeCloque>
      </urohyal>
      <scrubIcacoGoupen bagniosOaklikeArghool="99609">
        <coucal>5</coucal>
      </scrubIcacoGoupen>
      <crinion cinterPossets="9172498" estrin="mediasCylices">
        <nervous>rambong</nervous>
      </crinion>
      <taxemeTwangAzoxine pavoPhascumTeevee="miosis">
        <upholds>fordingOicks92</upholds>
      </taxemeTwangAzoxine>
      <bryon zabian="16">
        <tautitForgift>baffler</tautitForgift>
      </bryon>
      <iguanidVarsalAnimala foraysSteererCheth="secededShakudoCalista49">
        <paasEnfileFixe>streelIridous</paasEnfileFixe>
      </iguanidVarsalAnimala>
      <gallies cothishAbettor="parify22">
        <mostic>1</mostic>
      </gallies>
      <marengo youreHeave="2" brujosMesian="crajuru">
        <logrollGalgalTutees>affaiteAmebicAllod</logrollGalgalTutees>
      </marengo>
    </herding>
    <yodels>
      <byrniesValetry>wenzelReauditReleve</byrniesValetry>
    </yodels>
    <fplotOkiaDipygus>
      <perukedFish>673</perukedFish>
      <enseam heavedHuffier="uncosQuease" cebellPhenols="gospels4905">
        <cloacasNockingTeck>helpRanceWhiteys</cloacasNockingTeck>
      </enseam>
      <snuffly>
        <rediae>cliftyLenaean</rediae>
      </snuffly>
      <corolSeating>
        <pilary>duddieMaanaBent</pilary>
      </corolSeating>
      <jaloppyTowelryBroker>
        <battler>pileataTheasumTetrads</battler>
      </jaloppyTowelryBroker>
      <mashruPixieDebouch yippeeWoollyLapfuls="milreisDaywritDifda" gorcockRatline="1">
        <leewillDisking>geobios</leewillDisking>
      </mashruPixieDebouch>
    </fplotOkiaDipygus>
    <staplfHexamer>
      <dfaultLimning>creachOutmans5</dfaultLimning>
      <ziffs legPirayas="463" soapAbducedOlacad="christLuteous">
        <fonlySmoothsKent>bejant</fonlySmoothsKent>
      </ziffs>
    </staplfHexamer>
    <topplesAbelite oatbinUproadGrendel="carlinsCymbelRemix" dinkierGulchesHereto="dropvie">
      <reinaTankle>byrladyMackleDharma</reinaTankle>
    </topplesAbelite>
  </satangs>
  <bridgedPretilAgeism sorrowsBarbel="39" pujariShader="banjuke" />
</nunhoodDataryBurglar>