<?xml version="1.0"?>
<aiwain>
  <perataeAbleOceloid laugh="vianderSlavers">
    <cardingAssentsOundy>
      <belgaTuladiOoplast>canny</belgaTuladiOoplast>
      <prosier bulakLencan="toranaPerpendOctants" kendyrMts="1451085">
        <poledTrammerBeetfly>9018183</poledTrammerBeetfly>
      </prosier>
      <khella azha="spinelsHomardMatthew" tireder="claimedChulanEnnead">
        <hulsterMastman>baptistMiseats</hulsterMastman>
      </khella>
    </cardingAssentsOundy>
    <equablyHexads>
      <tsade>chariotTruces</tsade>
      <mazaSeizinsVenues finnedLaweour="amphiPepped" dindles="pariansSweet">
        <darrylQuottAcubens>418</darrylQuottAcubens>
      </mazaSeizinsVenues>
      <chagomaNoterYobbo suasionSubbing="heaverResetPeronei">
        <proves>79743</proves>
      </chagomaNoterYobbo>
      <mutesKoronaDecking hulloBeltmanGambes="ipecacsKosWanly5">
        <baskFalsumNus>cuprousGuatuso5</baskFalsumNus>
      </mutesKoronaDecking>
      <agioFubbyNeoneds gypsiesPatd="apohyalEpikeiaDeathly" mdseEnraptsWotteth="captiveCombers">
        <dummyUpwells>226</dummyUpwells>
      </agioFubbyNeoneds>
    </equablyHexads>
    <severerBushingWorkman nuptialPlieAugh="loafletHordein" spree="ubii" unstowLimonin="sulfur4117">
      <laputanImpsBedrape>bloomyChads1252</laputanImpsBedrape>
    </severerBushingWorkman>
    <tientaGuacos dimpsyZabetaQueme="fusticFootler45" dambrodEuro="72" beek="dynamAuld">
      <rushersSalpPeletre>790250211</rushersSalpPeletre>
      <veletaPickelDroll kepsStrifeDatsun="apritifSunbakeHoddens" farces="696">
        <assuageTalentsBaclava>pusherShtickMockful</assuageTalentsBaclava>
      </veletaPickelDroll>
      <bremeSimulSloppy neddyGentler="clyses30">
        <scythJurymen>nitersPaliKeena</scythJurymen>
      </bremeSimulSloppy>
    </tientaGuacos>
    <savageMuscone agamid="vroomedBossyOverput" popply="spinderRescued" quin="168517">
      <avowalReraiseBistate>jewelerJokersLaughs</avowalReraiseBistate>
    </savageMuscone>
    <hedgersKababs>
      <isonephKonak>prescanBudgies</isonephKonak>
    </hedgersKababs>
    <mountyYadayim>
      <oasesCamayDickens>delimerNonoralMusculi</oasesCamayDickens>
      <secosPunkies>
        <globose>cirque1</globose>
      </secosPunkies>
      <dsp debuts="ducape">
        <shfsepSainsAbusers>hyalinsStewbum</shfsepSainsAbusers>
      </dsp>
    </mountyYadayim>
    <idism phialaiDullifyDuplon="xerasia75">
      <oxymora>8124870</oxymora>
    </idism>
    <glimedCloggyMorfrey vibriosPettersSots="9" yappyReckonMessmen="stigmatLanolinPeleng">
      <qualProdigyTinge>idlestBattel</qualProdigyTinge>
      <rageryLangleFrauen>
        <sheavesShrews>apojove3245</sheavesShrews>
      </rageryLangleFrauen>
      <prisonTeacup leadenQuaddedParisii="facientAyu" punicinYom="64">
        <besmearHempieNotum>louredSurrasMesenna</besmearHempieNotum>
      </prisonTeacup>
      <eelfishScionsUnwoven>
        <pantTonal>celadon</pantTonal>
      </eelfishScionsUnwoven>
      <saltee>
        <aeolian>cardoonAjowansStddmp</aeolian>
      </saltee>
    </glimedCloggyMorfrey>
    <indent>
      <linneBlaoner>lastersDearyTocusso</linneBlaoner>
    </indent>
    <geobiosChopped menkarSpruikBeech="siloingRiotAlpian">
      <acadie>minyasAssents</acadie>
    </geobiosChopped>
  </perataeAbleOceloid>
  <legworkGowkit cricoidWhangMattes="trove" />
  <spandyRemoterBoyer ossicle="positumRazoredAmen" henbillTivoli="diocesePrimedAccidie" />
</aiwain>