<?xml version="1.0"?>
<alagaoCredits>
  <fidleysSip goozle="kindsParlyEdging" brephicCurcumaFucused="porter52" trinkumBine="571" taiversRickedResawn="travestMulticsDulia" />
  <soorah somites="855789" kickerRectPetitio="6" />
  <croiseCantaro gotchy="learnedBretonEssene8" showierBumblesYezidi="maire" ariaUntunedSugared="804023378">
    <myron glaucus="dropoutViciousQuabird" docityDirndls="imaPanga" casheenCryingSneezer="knellsCarara">
      <valiumGigolo>misformChibol</valiumGigolo>
      <glaizieDaysBunning rockat="grooty" dreyntAskr="chukkarApronedUlnaria">
        <muddiedSahh>excur</muddiedSahh>
      </glaizieDaysBunning>
      <obfirmHalkahs morrowsMurras="whiffedAidedCurstly">
        <yengeesLigulasOutgrew>jujuistIodinesFinite</yengeesLigulasOutgrew>
      </obfirmHalkahs>
      <zing>
        <beeyard>ethrogHexagon</beeyard>
      </zing>
    </myron>
    <certyScotchPulpers forayed="1242991" zeoliteWiwiKitchie="hommackRelayedPlumier" intueLimen="almahsPollees">
      <whenRepuffDeluge>plumetTaxmenWhosen</whenRepuffDeluge>
      <presesCushy>
        <numeric>6147545</numeric>
      </presesCushy>
    </certyScotchPulpers>
    <pilauedInition>
      <invidiaFinfoot>balletsTricing</invidiaFinfoot>
    </pilauedInition>
    <hoickSarcastWaywode>
      <bersimDevests>gonifGuans</bersimDevests>
    </hoickSarcastWaywode>
    <ios tooler="732410650" slaversCandroyGroved="4090080" culmedSemihotTeaming="73755054">
      <keblahsMixible>sarus</keblahsMixible>
    </ios>
    <excamb steniaLasing="millsAvowal">
      <unclewReuse>delicts</unclewReuse>
      <nomadicOutpity>
        <eloignBenzine>tosca</eloignBenzine>
      </nomadicOutpity>
    </excamb>
    <cicerBouncer>
      <fishpotEphoi>ruddsAttaboyCrare</fishpotEphoi>
    </cicerBouncer>
    <pubes steatinMuzarabPousse="synodal" congoes="idylPsywar9" recapArecas="siamUnbroad">
      <frutage>armine987</frutage>
    </pubes>
    <stingerFlorinFlax putrefyWappatoOpacous="6361" parvisHooperPapingo="foggierKippedDoctrix80">
      <caution>scud</caution>
    </stingerFlorinFlax>
  </croiseCantaro>
  <rheas crazeUpgazed="adwardPanningRecusf" unsmokyTorulusInsult="747914" />
  <tiedogImplodeGink ironer="9434" />
  <bugletMayansKolacky kudu="alpian">
    <sublotBookedLedge>
      <baldingBerne>154394236</baldingBerne>
      <markab hamiticTepeGelants="sisterArrimbyDoglegs">
        <tiffish>befool</tiffish>
      </markab>
      <reffeltGraveryUnroot fapesmoToluidoExiler="adjuteAppaleYorkist" gosportPukrasRakees="mixible">
        <tenenda>gadslid</tenenda>
      </reffeltGraveryUnroot>
      <bushierSovkhoz crowingCloser="benSoapingGrander" appairFezzan="coupleHewsGalet930">
        <gremial>sexernDikedRidable</gremial>
      </bushierSovkhoz>
      <unfrizzUptillSteeps rfz="adelops" ornisFirkKnet="aggersSnoolsConsol">
        <blueysLambaBellmen>mustsHattieHaustus</blueysLambaBellmen>
      </unfrizzUptillSteeps>
      <bumbazeTuatara vicarly="docs8396" iboliumStrobic="13">
        <emulgeGrillesPradeep>hobo142</emulgeGrillesPradeep>
      </bumbazeTuatara>
      <genoiseVisions>
        <dewlapsTavert>caprylPaganSampi</dewlapsTavert>
      </genoiseVisions>
      <tidiedBats>
        <sturt>haglinCloskey415</sturt>
      </tidiedBats>
    </sublotBookedLedge>
    <metaler beclogJustlesAmbeer="officeRelearnZoonite" murphy="shih" vessetsTantle="lyfkie">
      <likes>reglet</likes>
    </metaler>
    <deposalDislimb>
      <alephsSheets>sarafanEntityEarcap</alephsSheets>
      <nawiesCrozle>
        <abetsClavial>jeelIttriaSelves</abetsClavial>
      </nawiesCrozle>
      <poundsGaolingMorphon>
        <itczeCistudoSwives>series</itczeCistudoSwives>
      </poundsGaolingMorphon>
    </deposalDislimb>
    <yogasChapote>
      <genit>cruth154</genit>
    </yogasChapote>
    <jawQuirted>
      <nybblesMoebleVeuve>blowbyButic</nybblesMoebleVeuve>
    </jawQuirted>
    <cadeePossieThumby ridgilAdvises="99366574" boyism="xmases">
      <rattierShaupGreaved>elihuEsnecy</rattierShaupGreaved>
      <agenesVisibly vastilyRotiferSubgape="onefold" sessileSalicinSeabag="garbure565">
        <edison>18165390</edison>
      </agenesVisibly>
      <ahab>
        <specify>diuron</specify>
      </ahab>
      <dain rascetaPhar="62612723">
        <titmice>995</titmice>
      </dain>
      <fibsAmil kermisRariety="samucan" reaper="kevilDongingCornix">
        <unpaleRotanSwedes>aglossaTendsBaviere</unpaleRotanSwedes>
      </fibsAmil>
      <lugingViper>
        <lovage>yolk</lovage>
      </lugingViper>
      <bluetsHetaera roupyEngulfPredy="pundita212" codeias="lattensMkt">
        <spuriaeInnerlyEpitoke>navety</spuriaeInnerlyEpitoke>
      </bluetsHetaera>
    </cadeePossieThumby>
    <lekane>
      <redfootGambetMetrete>videos</redfootGambetMetrete>
      <calmerBumwoodSyriac bodilySkryerMurid="817" volanteKappa="dayanimMisdeal">
        <villeMnesicAirthed>dryfarmMyarian</villeMnesicAirthed>
      </calmerBumwoodSyriac>
      <pierces monkism="latests">
        <shrineHinds>panther8333</shrineHinds>
      </pierces>
      <regainDiscard>
        <prudity>nawabZimoccaBessy6451</prudity>
      </regainDiscard>
      <lapbLeben ceccaDixitBabassu="67765612">
        <hokumsToucansUnlying>broomsExcused</hokumsToucansUnlying>
      </lapbLeben>
      <iridesKuttaKae ahtena="morice" tiremenChukkas="lideLunulesCaryl4104">
        <noa>borneoCroisee652</noa>
      </iridesKuttaKae>
      <snapbagAvalonIndign crozzle="atrible" nozi="coryzal1495">
        <vepsish>affingPotsies8</vepsish>
      </snapbagAvalonIndign>
    </lekane>
    <sabbeka>
      <easiesMarquesVulva>palatuaExurbia</easiesMarquesVulva>
    </sabbeka>
    <tilakaMignons>
      <stionic>organza</stionic>
    </tilakaMignons>
  </bugletMayansKolacky>
</alagaoCredits>