<?xml version="1.0"?>
<froreGlaikit>
  <bumf />
  <eleveWindowyPappy couthsAxtreeBurdies="adnexal">
    <stapled>
      <ashlersPlebify>manusLaired</ashlersPlebify>
      <lycopod bakulaCrowtoeInmates="ribosoGawsyAtypy">
        <outbyeRuellia>9757668</outbyeRuellia>
      </lycopod>
      <cooheeRheo scarvesOntaricHourful="634354" mallets="testedRedware">
        <brasTainoAmbrein>ennerve</brasTainoAmbrein>
      </cooheeRheo>
      <brogger>
        <voulgeAdtevac>branleRauqueRament</voulgeAdtevac>
      </brogger>
      <gibbedFeezed>
        <cruscaAbbozzo>938617272</cruscaAbbozzo>
      </gibbedFeezed>
      <heroic>
        <turbehAnviledTouzled>dhobieYens</turbehAnviledTouzled>
      </heroic>
    </stapled>
    <haloaStrawenPulli hasheryDyeware="pigpen" transit="frondeUppourNovem">
      <mohairsMorescoAlkoxy>iamb6</mohairsMorescoAlkoxy>
      <serumalTaintRumaged obliges="tempestAllayed">
        <belfastRotunda>heeDemodexVivax</belfastRotunda>
      </serumalTaintRumaged>
      <talajeNunbird linosPalishMorton="garranUntastyAbatua" snickerAlupagPulp="54684">
        <annuler>1</annuler>
      </talajeNunbird>
      <grammyBaaed cawkerMahewu="audits">
        <distain>pteromaDrabbed</distain>
      </grammyBaaed>
      <tastyWoolens seizin="reifiedSwiss" frivol="rebeginPreplot">
        <silva>expDiners9173</silva>
      </tastyWoolens>
      <scutterClavus pioneryLunacy="moreishReveEscoted" turfingMisyokeRakija="tinageBolshie">
        <wimblesWallabyLobules>695253</wimblesWallabyLobules>
      </scutterClavus>
      <caribouMisers vauntsPouffsChicle="77321956" galletUntapedGrift="pongee">
        <minsterRipples>percase</minsterRipples>
      </caribouMisers>
      <strigae>
        <mirate>opal</mirate>
      </strigae>
      <misbind>
        <pyroidPoneAbrine>boigid</pyroidPoneAbrine>
      </misbind>
      <sorbingRapiers roupyTryouts="9" kidhood="bridger7">
        <extaticTrampleWaddles>adjured</extaticTrampleWaddles>
      </sorbingRapiers>
    </haloaStrawenPulli>
    <soulish>
      <emeryNatura>mortSerifBabies</emeryNatura>
    </soulish>
    <bragi>
      <nuchaleBitesArrondi>kanaePlenaryVotally1484</nuchaleBitesArrondi>
      <slampDorbugs>
        <ganjasAtemoya>expertMesonic</ganjasAtemoya>
      </slampDorbugs>
    </bragi>
    <spousy>
      <hapHoboed>9</hapHoboed>
    </spousy>
    <spuddle>
      <aussieBinomy>851442</aussieBinomy>
    </spuddle>
    <hoodlumDefogAndi>
      <hexoicMiasmic>851</hexoicMiasmic>
      <taculli enkraalEuclid="liensShauls4">
        <quais>peccantBustler</quais>
      </taculli>
      <eddishBakeryUterus padroni="6">
        <satarasDiaderm>volumed</satarasDiaderm>
      </eddishBakeryUterus>
      <bwanasIngine twinglePrudesFocally="371812749" mashpee="tykhanaSoftenPilikia">
        <doused>lipLeger</doused>
      </bwanasIngine>
      <absciseBrewageLunka surbateAtaxite="supesCadyFugit">
        <cogwoodGrafts>oxyphilFaces</cogwoodGrafts>
      </absciseBrewageLunka>
      <luau>
        <cowheelFagger>goury</cowheelFagger>
      </luau>
    </hoodlumDefogAndi>
    <curiosiBestore mawkRelumed="1919125" moiAlgoresUnprint="felixPollute769" augur="ungiantPrefine">
      <blinisAntiquaHisis>815</blinisAntiquaHisis>
    </curiosiBestore>
    <windigo>
      <ringent>pardnerNarcismNunry</ringent>
    </windigo>
    <pinder grudger="koreaPanagia">
      <puddock>emulsInnerly</puddock>
    </pinder>
    <omaoWasheryAgleaf crissum="unhoist" jerlInglu="haplomaBroodCyanite" abbatieVamosLobbers="2822502">
      <bargeerShards>gouda</bargeerShards>
    </omaoWasheryAgleaf>
  </eleveWindowyPappy>
  <cardsShutesBehears alasas="6" />
  <spraysPlaster mutuant="staigsPenisIncony">
    <dadapPlayingShaheen thymolsSalweyBelord="588900" recluseStreepNunned="podagryLoquatEffare" waucht="buickZincing">
      <obliFurileGiltcup>scrunty</obliFurileGiltcup>
      <obeseGrantiaBrack hemlockDronage="nereiteWinrace" kiblas="nepaMachos">
        <polyactScan>chegreDirt</polyactScan>
      </obeseGrantiaBrack>
      <runerEurobinBeeherd>
        <papane>magadhi25</papane>
      </runerEurobinBeeherd>
      <arsenicDilos anselmCoacherDither="99036578">
        <sanity>securesIronist</sanity>
      </arsenicDilos>
      <against phoneDickeys="teelTalInsular" dashingLeecherExcess="burleskLewthBrazes">
        <moatsPyrrolsNori>grimmiaLyridTuitive6</moatsPyrrolsNori>
      </against>
    </dadapPlayingShaheen>
    <uller>
      <clariesSurveys>289</clariesSurveys>
    </uller>
    <wergildVipRutiles cashouStrickDargah="wearilyLungie" pronto="detourSmegma" idlefulDecisisMaxixe="grece">
      <birkieUnpietyErsatz>unarch</birkieUnpietyErsatz>
      <veritePeahen>
        <seventhLimax>67711517</seventhLimax>
      </veritePeahen>
      <larnCrierHaploma pipesReposeAigrets="papricaBeastEpithet" carrelSemel="720665556">
        <aplitic>137305698</aplitic>
      </larnCrierHaploma>
      <limityAmbitusQuauk squirmsKishyTuis="cayapaAcronalWriteup">
        <ligatorMoletPussley>637519</ligatorMoletPussley>
      </limityAmbitusQuauk>
      <affixerRikshaRhemist>
        <sharpen>geitjieEddish</sharpen>
      </affixerRikshaRhemist>
      <whileyGaveledAylet>
        <behoofPhoebus>filariaSnubFilo</behoofPhoebus>
      </whileyGaveledAylet>
      <dorados koombarBathmatMulsify="855" maumetCanalla="faeryGentled">
        <workbag>stance60</workbag>
      </dorados>
      <sumbalTzetzesLinon enrailSkying="tauricBiglyPinkany" pipers="unflag">
        <elucidKvinter>daseinWhummleCypria</elucidKvinter>
      </sumbalTzetzesLinon>
      <vesselsHelipadWaveoff>
        <rustleUpdome>tissue75</rustleUpdome>
      </vesselsHelipadWaveoff>
      <freespSemeedWarning lugmarkRecadoHayed="588405992">
        <fightKnavish>kullaniBaobab</fightKnavish>
      </freespSemeedWarning>
    </wergildVipRutiles>
    <espierTitulusAnoesia>
      <coosers>69</coosers>
    </espierTitulusAnoesia>
    <heirsBlanque>
      <apayaoPouff>swept</apayaoPouff>
    </heirsBlanque>
    <novelleGillBehave>
      <affixes>atypicChintze</affixes>
    </novelleGillBehave>
    <regives>
      <zagaieHemipod>tajikKonyakMedakas</zagaieHemipod>
      <nixed>
        <jugsful>effray</jugsful>
      </nixed>
      <hawsesVisor>
        <widowlyFuzzing>noahic</widowlyFuzzing>
      </hawsesVisor>
      <mantrap>
        <reasonsBirth>picaroSlipsSpectre7692</reasonsBirth>
      </mantrap>
    </regives>
    <lycealPujunanCzarina reifiedQuaddedSponsor="disbars">
      <chujeCynics>987228</chujeCynics>
      <gabbleViolins>
        <benjyCytozoaOxgall>hijinks</benjyCytozoaOxgall>
      </gabbleViolins>
    </lycealPujunanCzarina>
    <frogmenBears rifian="65092" sylvins="wisshe" lauan="auresNanmuReloans">
      <cheats>debCherubWanmol</cheats>
    </frogmenBears>
    <octaviaWaddiedDrolls proline="tuumParochEnghle" devoursTangingExurbs="linnetsKeelCements">
      <blueing>homeownAsiaticGilding</blueing>
    </octaviaWaddiedDrolls>
    <cocosCollut rateroItch="semAdaptSturoch" euros="ferriteArui5">
      <edilesColoss>raking478</edilesColoss>
    </cocosCollut>
    <tousledCaloyer>
      <upboilAncoly>chirked</upboilAncoly>
      <asaddleOtomian keywrdGoomaDefacer="loppardKatik" wattlePenrack="tananPopover">
        <oxalyl>59534277</oxalyl>
      </asaddleOtomian>
      <arctoid buckismSugent="visileSomeoneKukang">
        <toshesDissertSemimat>9377962</toshesDissertSemimat>
      </arctoid>
      <babascoHocusedSnobism>
        <begob>6</begob>
      </babascoHocusedSnobism>
    </tousledCaloyer>
    <nodatedSootiedKaliums>
      <felledUbussuPungey>exuviaeStubberHopers8440</felledUbussuPungey>
    </nodatedSootiedKaliums>
  </spraysPlaster>
  <giveyPaddaMethyl roscianTapers="784525" disna="45644" acetoin="brede" diplex="gebangaItemingFiacres" />
</froreGlaikit>