<?xml version="1.0"?>
<warlyLugged>
  <lakiestShapy pumpsTrendsUncited="pecosFrabousEagerer" yachtsTimber="satinsDyeingsNetop" anoeticBazzite="noters" />
  <messes catlike="startedUrsae" />
  <curareMesitaeSipping />
  <sake carratBasion="769">
    <ammer opiane="clankAmyelia" choicerSenhor="93064" sympode="44">
      <fierilyUnesco>siphoid</fierilyUnesco>
      <leewanMurrhas twillTubmenDiose="tewelAmentsTektosi6522">
        <fratersAcoolPawkrie>wolfenIndiaryLessn8</fratersAcoolPawkrie>
      </leewanMurrhas>
      <zoogeog>
        <krebsHuffish>steniaAramus</krebsHuffish>
      </zoogeog>
      <ann hyenineGarniceDori="euboeanParcaeKukri">
        <zealotEastlin>4279606</zealotEastlin>
      </ann>
    </ammer>
    <reshowAbieGutlike reshow="troller" netbushBombes="aesopicPiquets">
      <listelsLutanySteen>laksaTrink8</listelsLutanySteen>
      <midairs fichat="muclucsTayirRepure">
        <woak>hornyGarretsBeqwete</woak>
      </midairs>
      <solacesQuaintHut>
        <unact>manasic1</unact>
      </solacesQuaintHut>
    </reshowAbieGutlike>
    <michabo>
      <slob>comidaScummer</slob>
      <calculiPlebsUniquer tupsInwove="shote">
        <airshedEuler>kopi</airshedEuler>
      </calculiPlebsUniquer>
      <gautSilvers>
        <torahMars>moralRipoffs</torahMars>
      </gautSilvers>
      <ochavo boxbushErikite="mousery" volaryNewsiesByrlaw="dimersHookies6">
        <intsv>replod</intsv>
      </ochavo>
      <sleepy lemuriaGledsChoko="trochee" searsAntlion="vanfoss">
        <stanceMonozoaObelial>regletAzygosUnvoice3563</stanceMonozoaObelial>
      </sleepy>
      <megilpsTutin>
        <derk>bolasesBatoka</derk>
      </megilpsTutin>
      <racistWarwickRancid drohIndico="kariCowersSkerry" crombecOperonsNester="becroakHutzpa">
        <fluther>ratatatDaypeep</fluther>
      </racistWarwickRancid>
    </michabo>
    <knive>
      <novelOleinesSprawl>eynWryness</novelOleinesSprawl>
    </knive>
    <moatsGalsCyanins>
      <amabile>eveaTapist983</amabile>
      <phocal procris="20867053" sergeiLeadmanKulah="945133688">
        <pelts>olfacty</pelts>
      </phocal>
      <conteJophiel maltase="reflee" manhunt="mammulaRascals">
        <primostWishedLechosa>intimaCopyboySizzler</primostWishedLechosa>
      </conteJophiel>
      <griekoAnkuses bereftClinker="54" fruiterSkellatModioli="9">
        <stephenYclad>3</stephenYclad>
      </griekoAnkuses>
    </moatsGalsCyanins>
    <isatatePussiesAbbatie>
      <isogenTurd>35590</isogenTurd>
      <replAbreed doodah="deflow">
        <hakeApritif>aline</hakeApritif>
      </replAbreed>
      <rhaeticMithersSuppost wokowiMillsScincid="willySortie3585">
        <nagglyLycheesCutlery>chaises</nagglyLycheesCutlery>
      </rhaeticMithersSuppost>
      <aethonYelver bipackEmbark="matins" recoilsAglance="halidFrazedDowel286">
        <zyrian>beevesVocoid</zyrian>
      </aethonYelver>
      <camesSpendBluster>
        <shistIroning>guan14</shistIroning>
      </camesSpendBluster>
      <termers>
        <maltyFlyoff>triggerTabut</maltyFlyoff>
      </termers>
      <guesten>
        <devourPrattly>942643</devourPrattly>
      </guesten>
      <tellingMoltLocals hormeMurgeon="dacoitsFinestCashes">
        <shindig>148004</shindig>
      </tellingMoltLocals>
      <statute pinyonsZorgiteAdz="sium" taniaDekedIgnites="cadbait1592">
        <smokosVelaric>ballingAberrDarghin</smokosVelaric>
      </statute>
      <eudora toroidVrouw="thenarsRoppBernie9" califGnawerChester="34">
        <spyrosSiusiReclear>aikane</spyrosSiusiReclear>
      </eudora>
    </isatatePussiesAbbatie>
  </sake>
  <adhererStacyLeveful levir="3611" jugOrkeyPrevues="subcityBrotelMamo" hougher="slothFazingUmgang" />
  <bialateJaapStruck garvockStanzaDomoid="curtlyBunsAnglic" spukeHagrope="18" birnyGraphyRemercy="renduSambulCluster" landmilBourockProdder="sadie" />
</warlyLugged>