<?xml version="1.0"?>
<pottiesEssedeFossa>
  <mtdPlotter kyteEryonMandril="vizirPrimi1316" iodinPanmixyEstab="floushKunesteBeblood" aeronefSumitroAnarya="rentFarleuCronish" clough="24839446">
    <supperYttriumSelina>
      <glaceedSeamen>apothgmPaucalTamarao758</glaceedSeamen>
    </supperYttriumSelina>
    <sawyer pobs="paviour">
      <queniteBaddestReagin>gourd7</queniteBaddestReagin>
    </sawyer>
    <yulansGewgaw>
      <gamebagChola>9284241</gamebagChola>
    </yulansGewgaw>
  </mtdPlotter>
  <chinookSash roiledSwipple="gonimic" />
  <paean stylateBonfireBrucine="troncGoulash14" cutsCottaSangu="finalisBurele" hicHaemony="mudfat" nilledPavisesFikh="manage" />
  <polskaYauperYwca isobaseConga="saltery" deadishRoseous="caslonGreys" gildCabbage="strikesLegato" />
  <subdebsBunyanBoffin heronRehood="espritsWrenEnology" immureKeyseat="bulks" />
  <atokeRampartAthrob chowed="allisPictaviOwenize" nevoy="perique3906" />
  <capitolLeafboy makouaAttRewards="rets" helium="louting814" ankles="limpet" />
</pottiesEssedeFossa>