<?xml version="1.0"?>
<grazingClawersLucan>
  <talkieKelsonsBogota kittieMegaraEnjelly="24797">
    <wooshed enoplaSlungeKansan="4656367" cyclistPsaltry="bowwow">
      <violetsBraversPuffs>12030</violetsBraversPuffs>
    </wooshed>
    <dation hippus="kerf1236" gigasGildedWisest="ocurredDoblas" bemiredIkraMurza="prig409">
      <liaison>681796696</liaison>
      <gads aselarFoxXylems="settimaBulkedPlicate" logoutGeigerLegman="9083165">
        <urmanLuperci>pollackTrapsNicaean</urmanLuperci>
      </gads>
      <ekeFouth>
        <plasmasTantra>colzaNomineeFlotsan</plasmasTantra>
      </ekeFouth>
      <anoesia>
        <holmesRotamen>creaker5490</holmesRotamen>
      </anoesia>
      <inglutAscriveDawk noyantPrelectGusts="8311842" vingolf="26878">
        <poachedStratic>anorchi</poachedStratic>
      </inglutAscriveDawk>
    </dation>
    <ezan>
      <siss>sozolicMolmanOwelty</siss>
      <roub>
        <epicyteGelly>allodgeTrigged</epicyteGelly>
      </roub>
      <niueHorning muskoneFormalLunged="azox" rantize="kiddosJowpy">
        <ginnierSmeuthSinewed>armingsUnflush</ginnierSmeuthSinewed>
      </niueHorning>
      <stadion>
        <aroast>telson</aroast>
      </stadion>
    </ezan>
    <essiveWeeness>
      <honkingOutsits>parisRuttilyOption</honkingOutsits>
    </essiveWeeness>
    <slutchCortIranist debaseAppetitShabbat="granaLogjamsWastier">
      <wormy>495595</wormy>
      <iseult>
        <oreidesZagaieDelisk>44082</oreidesZagaieDelisk>
      </iseult>
      <daymen harksOreodonMaucaco="teerSecsChills" richeBadmashSkyey="stichLacertaCaiman">
        <humulonCampos>2</humulonCampos>
      </daymen>
    </slutchCortIranist>
    <filmdom>
      <gargolFinificCurrant>fealUpfolds</gargolFinificCurrant>
      <wedgeTaniko>
        <aiawong>rodolphMirvDaggy50</aiawong>
      </wedgeTaniko>
      <resup>
        <binukauRyndSnecks>daubier73</binukauRyndSnecks>
      </resup>
    </filmdom>
    <abdariaSocles lecyth="mixups8882" monas="rebosa" respinBirdsUltion="ardoiseFubOaring">
      <phosisTrevetSteamie>85827462</phosisTrevetSteamie>
    </abdariaSocles>
    <enomoty>
      <ciaoDogtail>querlImbondoPinole</ciaoDogtail>
    </enomoty>
    <auksinuGorra>
      <cafoy>entadaJapesCheval</cafoy>
    </auksinuGorra>
    <potboys duffel="uproomMuzzles">
      <arenose>lucreceCotype</arenose>
    </potboys>
    <seggio>
      <karmicUviol>whiteKyoodleScabies</karmicUviol>
    </seggio>
    <fratersApprove>
      <shurgee>rockingInsouls</shurgee>
    </fratersApprove>
    <unaisMillkenAguador velunge="hexaddUnslain" tiredCohorn="iconesTapling">
      <apludaHissel>shutoff</apludaHissel>
    </unaisMillkenAguador>
    <urocystGneissyFumid sloshyVendersAlidads="mazurMerd" naishBieldy="freeingMalarkyNovela">
      <forcene>6444343</forcene>
    </urocystGneissyFumid>
  </talkieKelsonsBogota>
  <gambler deciareTabetic="obvolveAphesis477" choyaBrujosCrappie="estafaRanker" todies="1224" bude="granthVenomy7">
    <mabelAnoli>
      <creasesHassel>284</creasesHassel>
      <berthedYodhsBewend>
        <duns>recageKickupChards</duns>
      </berthedYodhsBewend>
      <kiss whedderFurazan="gelant">
        <mangelsPommelRetries>objscanRousantFarrand</mangelsPommelRetries>
      </kiss>
      <engaudTopoPolygar loessalGhoulieComodo="melody">
        <softBuzzierHapless>8996505</softBuzzierHapless>
      </engaudTopoPolygar>
      <sextulaMiryPothunt>
        <diversSpicaEmlen>bashkir9095</diversSpicaEmlen>
      </sextulaMiryPothunt>
      <ujiTairger>
        <realiseRomanaGlory>68488</realiseRomanaGlory>
      </ujiTairger>
      <mashersCantaroBishari fone="rachZincousGladder">
        <peglike>fiarFulledPiarist</peglike>
      </mashersCantaroBishari>
      <pewsUpupaWels>
        <drowseSemnaeSubject>197938</drowseSemnaeSubject>
      </pewsUpupaWels>
    </mabelAnoli>
    <sellMisdeemAndarko mystaxSubmiss="immuresAbetterTackles" tewerMayhapsWoozle="rumanSkanceRepen" gimlets="misdoneCherem">
      <wrestleLicaniaHales>duraInst</wrestleLicaniaHales>
      <restoreUnwishAlure imphees="friskin" estangHumbugs="gitanosKempts">
        <aselarTrojans>chufas</aselarTrojans>
      </restoreUnwishAlure>
    </sellMisdeemAndarko>
    <bloomsOpifex>
      <chabArdeb>zlotiesMyonemeTylarus</chabArdeb>
    </bloomsOpifex>
    <tamise>
      <citolerBosky>capri</citolerBosky>
    </tamise>
    <cocklerBensonShabbos limnedKilldeeAnxiety="aerogel">
      <tentedShrovyElution>triTuskish</tentedShrovyElution>
      <ostiaManchetMyceles cougarsWhidder="oratrixPitpanHagi">
        <larriesKabars>speanedMarls</larriesKabars>
      </ostiaManchetMyceles>
      <clothySiskins rewedEndrinLiesh="560251" ashiver="stokeChisel">
        <felledLapises>waterer</felledLapises>
      </clothySiskins>
      <basketAllieGilling>
        <lapisesSturtinLambkin>keelsonVerite</lapisesSturtinLambkin>
      </basketAllieGilling>
      <overing strobesSugent="stiria">
        <drycoalPanel>escrowsApogealTauted</drycoalPanel>
      </overing>
      <rivZithern exergueSpeiled="8762" howlerCriddleBriguer="84846950">
        <derrick>unhumid</derrick>
      </rivZithern>
      <piloriUnbarLavage thymesCountorBobance="desaltTrinil" unpegProsed="7">
        <yodle>picker</yodle>
      </piloriUnbarLavage>
      <gobangsTtyLoxing hable="10">
        <bordureCavetto>thoroSlagmanAgneau</bordureCavetto>
      </gobangsTtyLoxing>
      <hookmanLobedUsager>
        <sabrasSpoilsPappyri>tessara78</sabrasSpoilsPappyri>
      </hookmanLobedUsager>
    </cocklerBensonShabbos>
    <resowsTwiner>
      <yirred>petter</yirred>
    </resowsTwiner>
    <skeechAdvertBobcat>
      <denom>mustardShari365</denom>
      <hureekAgelausMondial>
        <doricalLemming>aginnerMirableAchaque94</doricalLemming>
      </hureekAgelausMondial>
      <skellUnsnakyWourari gervasGapped="noahic">
        <canchi>engregeBlimy34</canchi>
      </skellUnsnakyWourari>
      <umpire waredTabut="wealfulOrvieto430">
        <phoridGweduck>928</phoridGweduck>
      </umpire>
      <choregyCornrowNettly embowerAlmanQuicker="weaves" lumbarFibresKajar="runouts">
        <bottleShutter>wadderCrudityTribual92</bottleShutter>
      </choregyCornrowNettly>
      <upripImmisBonier parents="rainy975" rivBensail="subseptLayeredOopuhue">
        <hardish>fondukContestWailers</hardish>
      </upripImmisBonier>
      <dote cohertMerciLeavier="57" aptateBhuts="5406">
        <lepidin>jambos</lepidin>
      </dote>
      <shrew sharpy="toher">
        <graemeBakshi>195</graemeBakshi>
      </shrew>
      <risiblyMannide mobilesGmelinaTanier="heumite" theriacCynicalEnghle="loosingPeckfulCacoepy2842">
        <flytier>unisonCruche</flytier>
      </risiblyMannide>
    </skeechAdvertBobcat>
    <ascarid jivaroPinnae="ephebes" ablyRoovingDemist="152" ukelele="wabbleBezoarCathro935">
      <octofidVentral>laving</octofidVentral>
    </ascarid>
    <pledgerTutusMuir pulleysHielandNiccolo="churlDesuvre">
      <subitemScoresYelk>quarPatten</subitemScoresYelk>
    </pledgerTutusMuir>
    <infantaShimper ilongotGluepotPear="nodBalli79" truncalGivin="fisterLunelMolten">
      <budmash>waxbirdLimeadeTractor</budmash>
    </infantaShimper>
    <chumpa>
      <ricey>ragis721</ricey>
      <calipeeStaplf shoresShakosPolypus="aonianHyleg">
        <messilyYfacksPearled>gleyde</messilyYfacksPearled>
      </calipeeStaplf>
      <beezer>
        <nectar>soteres</nectar>
      </beezer>
      <gogglesPlaneraBorghi nubiasGuenonDulc="eagererRinaldo">
        <rodwood>prahus467</rodwood>
      </gogglesPlaneraBorghi>
      <morcoteBabblyHoggism alishPontus="tasset" ticticPimploFlash="necesse628">
        <gyne>unovertBrutish</gyne>
      </morcoteBabblyHoggism>
      <cosetsTesack abirIleac="7053685" gley="stooges">
        <psize>76209</psize>
      </cosetsTesack>
      <noiler mobcaps="flogger" caricesPonera="warmedUpleapt">
        <lexisTurkdom>fourre</lexisTurkdom>
      </noiler>
      <nunnari ungownHuedSparkly="sightlyCarideaSeining">
        <dowdiesGonyAlthein>homesHandjarArrests7586</dowdiesGonyAlthein>
      </nunnari>
    </chumpa>
    <romanceGlobsDisour unevenBubukle="bullpupAttourExult" arthurKaasKindles="beeline8">
      <aqueousIban>parusCanvassScouk</aqueousIban>
    </romanceGlobsDisour>
    <yabbySuiteEdder>
      <burgUnorderFornix>amerismVeiglePlatch</burgUnorderFornix>
    </yabbySuiteEdder>
  </gambler>
  <plasmasManduaDurgan coseys="daffle" departsEphebes="spearsJauntieIzard">
    <emmett milieuxYantraEpimyth="45878023">
      <nollGiliaNexus>scud</nollGiliaNexus>
    </emmett>
    <vamos>
      <iliadicTronkVidua>bunsen</iliadicTronkVidua>
    </vamos>
    <jermLarve>
      <fuzzier>babyishRiflingMacaboy</fuzzier>
      <battueRefectDevest>
        <dirts>equityGlaked</dirts>
      </battueRefectDevest>
      <engirdJulid>
        <lappulaCaulineCraichy>kickCheeker</lappulaCaulineCraichy>
      </engirdJulid>
      <rouladePilm untoughPendent="moistly45" dozesSnuckBatcher="centuryRecent">
        <dibatisWrier>67307</dibatisWrier>
      </rouladePilm>
      <winbrowUnwormy riffleFomentSaddhu="scopulaSapote">
        <mitralNaiverSnipe>ribbleLexeme</mitralNaiverSnipe>
      </winbrowUnwormy>
      <drownedGurshes cavinDisme="nahani">
        <crotinBlizz>fuzzierApitongMurrain</crotinBlizz>
      </drownedGurshes>
      <toylikeDerfSubgit>
        <lodger>netty</lodger>
      </toylikeDerfSubgit>
      <hasletSturdyUredo>
        <haptere>dochmii6917</haptere>
      </hasletSturdyUredo>
      <lungStrandsStoics colonyLandersUpburst="roomie">
        <fretterUpbeats>slopelyDipter1</fretterUpbeats>
      </lungStrandsStoics>
      <ordene bessyBorate="hartinAilsyteFuries">
        <egglike>moronBrieve</egglike>
      </ordene>
    </jermLarve>
    <chadorsMoony>
      <feofferAnimousMaltase>kennFomesDragger</feofferAnimousMaltase>
      <hodadsWarfBrummy hotbedsUnlimb="2">
        <triamid>8244448</triamid>
      </hodadsWarfBrummy>
      <fecSutherLot maniocs="tayerFore" yodlerRagbags="scuffsCauline">
        <triggerTribadySolfege>444048210</triggerTribadySolfege>
      </fecSutherLot>
    </chadorsMoony>
    <closelyThulir>
      <thermaeUnstagy>559</thermaeUnstagy>
      <inducts metabitSchools="ratchelWhyo">
        <labefy>dormersEnglynsCannery</labefy>
      </inducts>
      <morglay bedtickDobbieEagle="wainageCojudgeAnury89" groceryEosideJoinery="ambareeFuciSkeeg">
        <bulbulsHeilingSaynay>22146</bulbulsHeilingSaynay>
      </morglay>
      <odeonsJetportComitje semiped="caxon">
        <alexinTheol>825895104</alexinTheol>
      </odeonsJetportComitje>
      <johnsonFlansZad codgerTripos="18" prearmPultunKangli="keyless">
        <charelyCardersBaaed>mutedSialisStrenth</charelyCardersBaaed>
      </johnsonFlansZad>
      <falkTakethWasho slicht="cooled">
        <opticlySoogeeSovenez>chegoVickCandify</opticlySoogeeSovenez>
      </falkTakethWasho>
      <stavesDeviled emptionUzbekDysuric="tiptoesWins" dewaxedKindjal="plottPanurgyEndowed">
        <stalkCarders>95867653</stalkCarders>
      </stavesDeviled>
    </closelyThulir>
    <bushieHiccupsWeeted tompion="pineta440">
      <eighthForbadHexane>makutasOutword</eighthForbadHexane>
    </bushieHiccupsWeeted>
    <detar>
      <sencionBemar>branchiAbampsWilsome</sencionBemar>
    </detar>
    <atomiesAnograFanners>
      <caveaeSoorkyHektare>bolsonValetry8426</caveaeSoorkyHektare>
    </atomiesAnograFanners>
  </plasmasManduaDurgan>
</grazingClawersLucan>