<?xml version="1.0"?>
<bugalaMangleLegated>
  <protoneMuddifyJudas />
  <simblum petrean="mimamsaDiewise" chromoWeseSharks="scone" exasperBlousedPriers="ionizer" brands="dosainDebitorFleecer7368" />
  <euboeanTinting naging="6" shiksaAhoTph="bookmanBerean" prisereSalify="spot1112">
    <hubbubGroutsGriller>
      <carapoNudate>vocate</carapoNudate>
    </hubbubGroutsGriller>
    <buckie socotriMatokeNonskid="oafishRecusesAvoided">
      <whammy>612</whammy>
    </buckie>
    <pyosisWamaraVizier>
      <inhumedSowsNesokia>yachts</inhumedSowsNesokia>
    </pyosisWamaraVizier>
    <daddledTrush>
      <droit>bugalaPallsOutwood</droit>
      <fielden waeClair="lucenceDocker" aerogun="tobymanBleatNyalas">
        <basenjiCheapieUpwall>unacted851</basenjiCheapieUpwall>
      </fielden>
      <patten>
        <poleisCyanean>argle</poleisCyanean>
      </patten>
      <rushing>
        <halogen>nighishSpoonDumpier</halogen>
      </rushing>
    </daddledTrush>
    <jardeForbare>
      <daverdyLogged>damnedSds</daverdyLogged>
    </jardeForbare>
    <badness topmostIcesparDuffing="pasWammus" calombaShinsDizzies="49">
      <hethBututsEngin>upping482</hethBututsEngin>
    </badness>
    <drysFemmeCalfret mouchesDear="trichiaLeads">
      <gasting>rhenicGateman6095</gasting>
      <hoidenOspreysSkilty sadhakaLaceier="larkingThanage" battersBait="frothed">
        <amboinaCroups>depayseDhobiesZebra</amboinaCroups>
      </hoidenOspreysSkilty>
      <chubTheekGyres stainer="88">
        <lochus>aphakicTensureSpeaned</lochus>
      </chubTheekGyres>
      <dibbersAspen tuliacBelugas="3276171" syleneTurkismDowager="meslenBespawl">
        <sestian>oxtailsDates</sestian>
      </dibbersAspen>
    </drysFemmeCalfret>
    <barbudo>
      <beodeUpbendUshers>oatlikeDeaflyRehear</beodeUpbendUshers>
    </barbudo>
    <fideleDaisied>
      <hantingLeacher>bicolor</hantingLeacher>
      <opelet>
        <biotech>uncauseAguada</biotech>
      </opelet>
      <pohaCamenes>
        <wheyeyRunnel>gluierSkimped</wheyeyRunnel>
      </pohaCamenes>
      <sacralHissing scoria="zoolithHulsiteJamaica">
        <discedeHayed>limbus</discedeHayed>
      </sacralHissing>
      <abitMagnums ryenCircutTocher="89576337" purr="674564">
        <bracedTripodyAcor>zizitBuxine</bracedTripodyAcor>
      </abitMagnums>
      <prepgLumenRecable yeard="13595580" unnearComates="arauna189">
        <unrow>pyxiesPectens</unrow>
      </prepgLumenRecable>
      <siddurs ovisacs="brassedCanetonSkanda" pomatoScouchWared="mahaly">
        <aplRoofsBivalve>13636</aplRoofsBivalve>
      </siddurs>
    </fideleDaisied>
    <brisesFamishPhidiac>
      <lituate>86749</lituate>
    </brisesFamishPhidiac>
    <lankDopsterVictim>
      <wolfish>17217068</wolfish>
    </lankDopsterVictim>
  </euboeanTinting>
  <schoolsUhtsong noebcdToxemiaKoeri="miosesMinishCoheirs" entachSlurpedCeriph="beglueLioncel" oyer="algedoMaxixesBusting9" />
</bugalaMangleLegated>