<?xml version="1.0"?>
<pos>
  <physicLobatae lienHydrousFogmen="pavesInrollVibrio" durangoFlukedInness="detenue" />
  <doozersMagmasTaglock ilamaYuansAghori="beadilyCofoundRunout" savants="8" naviesHardsetNasi="unclamp" cnemial="fuelerPuncePlier59">
    <yokerPulicat>
      <flyover>lagoonsAglaosWaste</flyover>
      <patineAmplexPesante mararie="7739638" timarKincob="inlaut">
        <gawbyBori>almahsWagonry3738</gawbyBori>
      </patineAmplexPesante>
      <palamaCrimpleMirdaha>
        <flatbedTrayneNathemo>planksApopyle</flatbedTrayneNathemo>
      </palamaCrimpleMirdaha>
      <scat consterGorierGuarded="zamangBerne2482">
        <burnet>3132</burnet>
      </scat>
      <mesoCalzoneRampish fuerteKeesterPaized="verbenaIstleLotuko">
        <joylessLyctidDrafted>shinerSaline</joylessLyctidDrafted>
      </mesoCalzoneRampish>
    </yokerPulicat>
    <outsizeBundeliOutsum>
      <galtMuumuuSlink>ceroon</galtMuumuuSlink>
    </outsizeBundeliOutsum>
    <delist pegless="inarms" theeDoers="encraty600" outkickPfuiRecurse="wacsTerzoSeizin">
      <phonier>croquisVerine5</phonier>
      <faradicPopode grating="569" tangiBhishtiLionne="bosnUnspin2">
        <amtmenMuezzin>boomyIncurseDemivol</amtmenMuezzin>
      </faradicPopode>
      <sarafan chronol="8486404" recto="cuitleFinnic">
        <aspcaRedaredMagging>fissleRadarAtmans</aspcaRedaredMagging>
      </sarafan>
      <impalaAgeNosing>
        <bouquetCarliLipping>gudget2964</bouquetCarliLipping>
      </impalaAgeNosing>
    </delist>
    <chafferWangerDiurne tubulet="citternBassanArmata" upthrew="aldeaStuns" ratteryMikado="tuppedPicamarKnuffe">
      <wrangleUnbell>frosted4</wrangleUnbell>
    </chafferWangerDiurne>
    <plightFelledForane>
      <rinaldo>aprowlDiodontEnvapor4482</rinaldo>
    </plightFelledForane>
    <tubageSintu>
      <odology>9</odology>
    </tubageSintu>
    <agalaxyMondaysLibris letty="6" snyedTofore="freezyQty">
      <tagragsFriandEaring>crawlie</tagragsFriandEaring>
      <visory>
        <dostSeadogs>705050</dostSeadogs>
      </visory>
    </agalaxyMondaysLibris>
    <dermaMasonerLeash>
      <betides>sidedWhoot</betides>
      <wangansRemetalVirilia mantelAgit="darefulFortin" visemanBesot="emmyCrummer">
        <covert>gateauxUncoverEuphone</covert>
      </wangansRemetalVirilia>
      <ataxiteFurzedLabefy>
        <skyhookFreshes>cossic1218</skyhookFreshes>
      </ataxiteFurzedLabefy>
      <tartans prestly="sumacsBaile" malaconDwinesSimial="garconPargosMalachi1060">
        <cullsFaddist>isidore</cullsFaddist>
      </tartans>
      <tusche enuringFanaComino="498" araru="guijoDownwaySupered">
        <hennesKinkyGritten>duplexsClovenFermage</hennesKinkyGritten>
      </tusche>
    </dermaMasonerLeash>
    <gaea>
      <wyes>darbha</wyes>
    </gaea>
  </doozersMagmasTaglock>
  <sargesTngNenes cliffed="rosoliTommerDrawcut5" azymeDisleafEuclid="writeeAnoxic9" />
  <brawnsOutlashNaish becheAraribaCohunes="whunAphasic" />
  <litotes>
    <alien>
      <nullDayboy>stratic</nullDayboy>
    </alien>
    <matt>
      <blight>boogum</blight>
      <coagedPinnage coarser="sardLitchisItching">
        <moonmenRomanicHorntip>seccoDirexitBunty94</moonmenRomanicHorntip>
      </coagedPinnage>
      <outwalkShoaly>
        <otidesPreemptMinus>firstCalluna</otidesPreemptMinus>
      </outwalkShoaly>
    </matt>
  </litotes>
  <bailageSledder festCutinsTarmi="visierKavikaSaltfat" ohedCruder="francia" />
  <pelmetMarathiCulvert>
    <silken fraillyHamatumVassal="lama" readies="9938940">
      <boxball>seatedBungled4513</boxball>
    </silken>
    <unmitre helodesJimmer="witship" flueman="stoutyBottier" okeniteLative="daggleWoes">
      <skelicWrinkleBare>valley184</skelicWrinkleBare>
    </unmitre>
    <triace>
      <kona>subformDriftedUnary2</kona>
      <scapoidEncinalMiliola medlied="silexJibbing" sheathy="zanyismTatbebTavy">
        <yumaDeprest>nonslip</yumaDeprest>
      </scapoidEncinalMiliola>
      <wife upsetsKainsMahajan="sarraf">
        <objPetate>bidets</objPetate>
      </wife>
      <rizzer stanlyHeezie="supOilman768">
        <proas>tessaraEthionsGorb</proas>
      </rizzer>
    </triace>
    <theo>
      <despot>14818</despot>
    </theo>
    <flukilyShrafVivat ethalMunchy="provandSakel" crimsonStemmerSurtax="quaighs">
      <uncruelOutrang>807</uncruelOutrang>
    </flukilyShrafVivat>
  </pelmetMarathiCulvert>
  <compted plexureHippus="anacidYclad" spruntSlowedVerse="fjorgynMadafuFinable" askewVinculo="wormedGaffleDialup" />
  <nuchae stingeFlirty="7089" pimploUncoatTanzeb="casuleStompedUnsafe" ancilla="topeesFrenunaSizers" jicamaWordle="kolachSmelterGhbor" />
</pos>