<?xml version="1.0"?>
<rouerieSparkly>
  <wilmerPatchedWouf />
  <asemia notchKnapper="laminForsado" />
  <medleysSussyCepous dickie="unlamedHottery" napkinsUnbait="handset" zunyite="rumsTilden" erenowAproctaSeedbox="cuboid3">
    <mawks>
      <anconEmbers>corralFichesHaught</anconEmbers>
      <dope>
        <split>phenine7</split>
      </dope>
      <bashing cabaDeisin="333613486" umberty="1285">
        <wimbles>grumphWinzeEsker</wimbles>
      </bashing>
      <waltrotAnnuli chiackEnsoulsCazique="weeble">
        <chiuleWolferStutter>bussuOtomacoWatape</chiuleWolferStutter>
      </waltrotAnnuli>
      <congrueMasonerZunyite reannoyLykenInsoles="9588" friand="dumpish">
        <puttiPlyingBombora>cripesSnarlSulfone</puttiPlyingBombora>
      </congrueMasonerZunyite>
      <cleeks woolseyDanelaw="tipreeNonupleHuari" gasketParksNelson="scalePompist">
        <bridelyRillett>ervils</bridelyRillett>
      </cleeks>
      <spikerPianosaWiner mock="aka" remorid="pegadorPoppies">
        <capharDryinid>essayerNothal825</capharDryinid>
      </spikerPianosaWiner>
      <faunula parvisBungerClyde="geneTrinolSurely522">
        <coshersBeylik>potashNepaCosts</coshersBeylik>
      </faunula>
      <mokshaFleered>
        <pya>plasmidSickishContund</pya>
      </mokshaFleered>
    </mawks>
  </medleysSussyCepous>
  <dauliasDooket avilion="middens" succubDecardMinces="frsHyemalBiverb" othmanGenroPiffles="loggedPartite" />
  <witty streakZaffersJoulean="dungy" unmountTapuLibitum="muntinSolideo" />
  <debbie>
    <purgerKishke>
      <makukShut>mangueLutetia95</makukShut>
    </purgerKishke>
    <lodges>
      <tankleSledgedHorsing>grete</tankleSledgedHorsing>
      <sopped>
        <aeonian>wohlacHurtles</aeonian>
      </sopped>
      <pasmoMarg>
        <pewters>undriedBonxieWashers</pewters>
      </pasmoMarg>
    </lodges>
    <devoiceFraters filthy="outrowTrentonDrest2" likest="212" ratedAmylumsFirmly="hylaAreche">
      <gnarr>ywis</gnarr>
    </devoiceFraters>
    <droit scrapeTrymaAllotee="nibs" rayonDisknow="mammetsRestabUpstood" belahMistery="patmianPretire9">
      <agletDemotedBilabe>sicht</agletDemotedBilabe>
      <churnerAugen revelryTwayFiorite="stearinAccueil" imbrierEpichilBoza="annoyer">
        <anandaSumpman>emceingHooeys</anandaSumpman>
      </churnerAugen>
      <hotter>
        <ribbingFielden>liatrisSees</ribbingFielden>
      </hotter>
      <frypansTitisArgo>
        <sholaHempsPiaffe>crexShawGarten</sholaHempsPiaffe>
      </frypansTitisArgo>
      <wendingUnboltsHeater>
        <fusslePeakily>archfoe</fusslePeakily>
      </wendingUnboltsHeater>
      <orectic bikieHepcatsDecibel="53303701" presellLazulisSteeks="37">
        <papelonSmurMuffler>whimsAncreOphitic</papelonSmurMuffler>
      </orectic>
      <jeweler fully="ety">
        <ordnNymphlyAntiman>yard</ordnNymphlyAntiman>
      </jeweler>
      <unslackKibberSkun>
        <titians>5</titians>
      </unslackKibberSkun>
      <enfort>
        <difRuersKokobeh>chalconBestock</difRuersKokobeh>
      </enfort>
    </droit>
    <pointy>
      <pshawed>tergumCapuche197</pshawed>
      <staffedAgalaxy yeply="sphere" fameuseOilless="quayed">
        <zunian>944</zunian>
      </staffedAgalaxy>
      <burgeFrenateJuliett bblsCab="fogger19">
        <imbibesHitchelPhilos>tiangue</imbibesHitchelPhilos>
      </burgeFrenateJuliett>
    </pointy>
    <stollenBubukle fullingDauntedAssman="520758071" unmeekVolcanUnaged="wastedFreedColloid6867">
      <tapmostTannide>6</tapmostTannide>
    </stollenBubukle>
    <pitomie>
      <patyStudied>2</patyStudied>
    </pitomie>
    <donors>
      <yoxAdactyl>ouzelHippest</yoxAdactyl>
      <cierzosCossetUpcasts unfillMats="551">
        <brushedWelts>blights</brushedWelts>
      </cierzosCossetUpcasts>
      <casinetMoleismTalitol netherGraved="uptowerTokenCippus">
        <tophphiSylvan>rappistRatitaeUpwafts</tophphiSylvan>
      </casinetMoleismTalitol>
    </donors>
    <encoverSlatedWeekend gauCymbium="martyn2670" croylAbama="joles">
      <arabismRadeaux>2</arabismRadeaux>
      <blocky>
        <porge>beseigePutage</porge>
      </blocky>
      <goddessPreface fidgetySploshy="sainsAllose">
        <chlorid>outceptHalicotSunyata41</chlorid>
      </goddessPreface>
      <mantes comical="abdomTavs">
        <faunchSissone>phonesLegatosAllbone</faunchSissone>
      </mantes>
      <arustleColoner>
        <mosurLayersRetro>cytheraAbrasaxKunai</mosurLayersRetro>
      </arustleColoner>
      <boardly>
        <enjoyer>5</enjoyer>
      </boardly>
      <koss bowsaw="zattareBikinisSkelter" tariqatMoskLayback="soriteEnolize">
        <reariseAtoraiHadrome>gemmae</reariseAtoraiHadrome>
      </koss>
    </encoverSlatedWeekend>
    <waterieCoillen>
      <bungeyTangle>swamped</bungeyTangle>
      <valureIncrashHalal conveysSilks="55" raki="khazenExedrae">
        <rivaFoods>apter</rivaFoods>
      </valureIncrashHalal>
      <apoopAttid socket="weer">
        <waisterManege>auldFascismPpa</waisterManege>
      </apoopAttid>
      <aportLomta azuleneTuques="pupilar">
        <priersPrytheeLava>quoad</priersPrytheeLava>
      </aportLomta>
    </waterieCoillen>
    <finkedAiel crohGlysterUnwink="gambrelSheavesMelodic" flayers="prosal">
      <mayer>fugler</mayer>
      <sorghos sambarKlutz="8950">
        <druffenBurkaHeved>bualAlbarco465</druffenBurkaHeved>
      </sorghos>
      <convictLambesFanzine bibliog="epicede">
        <christ>prole</christ>
      </convictLambesFanzine>
      <aloidSessile brentsStowageCours="axersSpawnsPaise" curariEuda="lathePleuron">
        <pepos>825592</pepos>
      </aloidSessile>
      <cruche>
        <dumaLaydown>hogsDryinidGibers</dumaLaydown>
      </cruche>
    </finkedAiel>
    <wofullyRhino>
      <imberLemograDree>8</imberLemograDree>
    </wofullyRhino>
  </debbie>
</rouerieSparkly>