<?xml version="1.0"?>
<whiteys>
  <brassey giunta="gayerDelaw">
    <ocypodeSambelKuskus abusersAnobing="massoyHexine1">
      <javelotIxiama>baisakhSyce</javelotIxiama>
      <whoofHandel>
        <salalOrrery>foliot</salalOrrery>
      </whoofHandel>
      <halesErinizeLuthern poling="ruses">
        <wickedFaunas>amazonFacilyPedlars4193</wickedFaunas>
      </halesErinizeLuthern>
      <firkinRemixedUnsome>
        <teraticRowdiesCasefy>detenueReggieComers</teraticRowdiesCasefy>
      </firkinRemixedUnsome>
      <ablaze>
        <thermicMinivetCorbeil>goldcup</thermicMinivetCorbeil>
      </ablaze>
      <puffersGhatBedusk falsary="903628846" excideRahdar="punanEphebe">
        <hoodieRanularEffacer>rending</hoodieRanularEffacer>
      </puffersGhatBedusk>
      <bifold commoGies="cumbha2077" darkensMuskitThegn="francoBedcapCasey5">
        <ammaTaxemesTapetis>mumjuma6</ammaTaxemesTapetis>
      </bifold>
      <kodakryKazooLampron wachaga="6882022" outbent="792645729">
        <buzzed>188086717</buzzed>
      </kodakryKazooLampron>
      <orpineChandu vaporerAgynary="ailie" blimpDisdein="21">
        <vigorsGerbeSpaer>505656687</vigorsGerbeSpaer>
      </orpineChandu>
    </ocypodeSambelKuskus>
    <affects bedroomSleave="malinke" pricingEdgrew="wiggism">
      <friendsEarhead>56548565</friendsEarhead>
    </affects>
    <evaseThor skeezixScrivanBuxus="norlandGauraXylyl" ladyfyViverDrinky="apiinRhymicTreys" rampikeRipieno="chaw">
      <derive>jamdaniHorace</derive>
      <tularePurest telesesRiotersPernea="shaptanHeureka">
        <blowoffGuatusoMalty>23</blowoffGuatusoMalty>
      </tularePurest>
      <clinchCadsAgreges>
        <infusePantine>heilEgghot</infusePantine>
      </clinchCadsAgreges>
      <shoranCissusLakings>
        <wrokeStorayOmander>paced1</wrokeStorayOmander>
      </shoranCissusLakings>
      <blankitAsarota>
        <jerboasStablerAmarant>dogmasShriverLabaria</jerboasStablerAmarant>
      </blankitAsarota>
      <plumbog plagulaFacadalCasts="bop" sfumato="woozle2087">
        <eggWheezed>thrive</eggWheezed>
      </plumbog>
      <mantesDevestRusin tiglonSagaman="alsatiaTabis" stirp="niching">
        <miltosUnburst>bagoongPoetryNosism</miltosUnburst>
      </mantesDevestRusin>
    </evaseThor>
    <noddlesYapsterPegman>
      <chickenRanjitArmlike>rowUptrunkMeiobar</chickenRanjitArmlike>
    </noddlesYapsterPegman>
    <gabbros>
      <jymoldMyringaDapped>66</jymoldMyringaDapped>
    </gabbros>
    <cacaxteMetiers>
      <soorawnLupines>736383465</soorawnLupines>
      <vomer fabricsCoorg="atollsSabian" shamaGollar="jailorsElcajaAlgist">
        <estrifChyakHows>tennistQuatres</estrifChyakHows>
      </vomer>
      <naigue paplessMythoi="35265" chronos="alefsFourbleSizzard">
        <lienicShades>teetingOrleDido4999</lienicShades>
      </naigue>
    </cacaxteMetiers>
    <polesawHoiseWeir>
      <retchesFibresEurous>84771</retchesFibresEurous>
      <misgoLathieBalli sprucyHattize="2896983" cymbaReariiBilking="78904052">
        <broomsBackersLignum>sawbuck</broomsBackersLignum>
      </misgoLathieBalli>
      <chlorinSchene bhartiOntoPoppied="86">
        <baluCoastalRerig>wipingSpinetHyphae</baluCoastalRerig>
      </chlorinSchene>
      <dizzierEvident>
        <adyColyum>clambSquillsChamal</adyColyum>
      </dizzierEvident>
    </polesawHoiseWeir>
    <plouk>
      <dissue>boosiesReem</dissue>
      <quillJaman rosettaBarvellInnyard="eagleGaraged">
        <idlerDruggedExhance>fablerSurhai1679</idlerDruggedExhance>
      </quillJaman>
      <arcellaIsotere rakeoffStirks="abiosis">
        <panditaHummaulClachan>oratory</panditaHummaulClachan>
      </arcellaIsotere>
      <cixiidAriettaBobol manboteUpcoverBowpot="smushNeedlySpindly6" mobula="toady55">
        <theticsUnhedgeRambled>voilierAbilene</theticsUnhedgeRambled>
      </cixiidAriettaBobol>
      <alarmed oredBibbedSylphic="aceite">
        <spionidScowing>98728</spionidScowing>
      </alarmed>
      <mammothPadangSolidly sploshMingler="bridie" euryte="3981787">
        <widenBigate>218226</widenBigate>
      </mammothPadangSolidly>
      <highish>
        <sposhyProsersHartals>clingySashedDaytide</sposhyProsersHartals>
      </highish>
      <shiva galataeMinkery="krills" gabertDaverdyWouldn="embainFurthyLathers">
        <phytylVesicalAlascan>baleful</phytylVesicalAlascan>
      </shiva>
      <bedcord leftismCarbineClaiver="novella" hematid="fitchesEnneads675">
        <forwelkPoints>alanticBotch</forwelkPoints>
      </bedcord>
    </plouk>
    <santosNiseis>
      <tripler>dasypusSixtesBardy</tripler>
      <compileBokark>
        <inconnuWeazenyRefiner>annulJiggers</inconnuWeazenyRefiner>
      </compileBokark>
      <reprobeGudokFitchy>
        <echoeyOphites>subfixCuisses</echoeyOphites>
      </reprobeGudokFitchy>
      <petalyBepaidAinaleh>
        <piculet>upshift</piculet>
      </petalyBepaidAinaleh>
      <alismadSalse kuldipAbaculiHiccups="weewowHommage">
        <waderMammut>sploshClog</waderMammut>
      </alismadSalse>
      <bestir ingest="huke">
        <bassesCabaanLanely>quippusVampyreClerum</bassesCabaanLanely>
      </bestir>
      <maytenUnwriteTiptop gabiesRodless="2998" justest="26">
        <fitzroy>weebleScreveAgaces5</fitzroy>
      </maytenUnwriteTiptop>
    </santosNiseis>
  </brassey>
  <choiredHostingJericho fulcraCheersUsual="silkingValve" damiaShulwar="beathOutpush" isoldeOrlesTln="mehelya">
    <voidee>
      <briardGyvingCasha>tackify</briardGyvingCasha>
    </voidee>
    <hempierFunaria>
      <psocineHealersBenzo>beastlyFrixion</psocineHealersBenzo>
      <baselyBondingVendor barreSimsim="46">
        <mackles>867200</mackles>
      </baselyBondingVendor>
    </hempierFunaria>
    <muth>
      <costedTarponsVeins>menadArabine</costedTarponsVeins>
      <ganyie acylalUnflushAtossa="honkieRingyTikkun">
        <nomap>pleader</nomap>
      </ganyie>
      <tabaxirRemit myiasisRoscoesChemic="knobber">
        <ednaLimosServe>ohioansBellmenFort</ednaLimosServe>
      </tabaxirRemit>
      <egipto haggled="bubalisSnakyPuppily" sicana="penal">
        <navetteSpraithBrews>postbagApastra89</navetteSpraithBrews>
      </egipto>
      <evalDigamy sparpleBadinerDeriv="triesSpeirsLychee">
        <reinaNideOutport>89569454</reinaNideOutport>
      </evalDigamy>
      <gannetsFestive outpeepBegraveHooping="provideFolksy" groinDrameYowed="2100">
        <ettaGweduckPlak>oliniaHyadesFordo</ettaGweduckPlak>
      </gannetsFestive>
      <coca shakudoAmbaree="agohoFiddlerAbit312">
        <polemicBurh>hership</polemicBurh>
      </coca>
      <gaugesSarinsPubs yawnfulDermisWool="puir" rudderZymosan="dossils">
        <yeukyFinises>yaruBrainMutest</yeukyFinises>
      </gaugesSarinsPubs>
      <duelingKaharDowve prosierTannide="449966">
        <fykesPeddleEnlard>strakedBurning</fykesPeddleEnlard>
      </duelingKaharDowve>
      <boreiadZymotic inswamp="eked" bilbyFakery="caffeol">
        <fagotteKnatchMikra>enhydraDyak</fagotteKnatchMikra>
      </boreiadZymotic>
    </muth>
    <prosMadders>
      <litteryRajidaeLucky>78498</litteryRajidaeLucky>
    </prosMadders>
    <jurelsBulseVittle>
      <slimily>palmiraMeaconTenail</slimily>
    </jurelsBulseVittle>
    <lambkinPlurals chortiPiraya="belloteLenaeum" tinselUrase="148230">
      <ballockGainingSqueamy>antica827</ballockGainingSqueamy>
    </lambkinPlurals>
    <kempite>
      <colters>lebenPlexalSuccubi</colters>
      <tumidly dunciadJakob="7">
        <dismaysSoya>gidyeaBrummerBrook</dismaysSoya>
      </tumidly>
    </kempite>
  </choiredHostingJericho>
  <gaddisGuglio inflesh="halfaComets" spill="401120" lippingDatives="lairdly" tonalRuddockMultum="67525908" />
</whiteys>