<?xml version="1.0"?>
<epigeumDunciad>
  <enislePavies filled="selenic" vigours="tournai" waffies="satiateCasbahManace">
    <unsexesFogeysBarded>
      <meinCdrTrances>8260630</meinCdrTrances>
    </unsexesFogeysBarded>
    <niftySnitchChacmas>
      <carlina>elveWebersEdessan</carlina>
    </niftySnitchChacmas>
    <tawn untell="harpyia" noisomeImmerseJacanas="assistGraylyMors" plattyUnioHellier="promSoddies7">
      <garawiNudiped>isuroidHaratin</garawiNudiped>
    </tawn>
    <stichoi derrire="beaumeFacade">
      <gazeboVerbum>ouvrierHernia</gazeboVerbum>
    </stichoi>
    <sequelaRusseneShewel nemesisFermiumSegni="restock">
      <catkinsPedicel>lentigoVisas</catkinsPedicel>
      <culliesCanali flockyLobosaCicer="79960">
        <duotype>hyphenKashga</duotype>
      </culliesCanali>
      <talmud>
        <melodiaBlitterArgling>35</melodiaBlitterArgling>
      </talmud>
      <estrepeBint cessingAdmiresBikram="19057">
        <howkedShields>bewraysBribeInvite</howkedShields>
      </estrepeBint>
      <amusiasDoldrum decriedPuma="subjack">
        <manlessSapleBlue>pestled</manlessSapleBlue>
      </amusiasDoldrum>
    </sequelaRusseneShewel>
    <mortiseMisgive>
      <satiDojosPrompts>dawtit</satiDojosPrompts>
    </mortiseMisgive>
    <yawrootSmoothyStaider rocking="raccheAmakosaKaffir6" gipsyryYakaloBlah="painsHelvine" optingVangloeLoral="332845">
      <arilliButyricBaignet>4739014</arilliButyricBaignet>
    </yawrootSmoothyStaider>
    <waftageLulavCag>
      <kerneWritee>2554020</kerneWritee>
      <quarionMinoanEnteron>
        <misaimsFucales>cockleDociousNonces</misaimsFucales>
      </quarionMinoanEnteron>
      <asleepCortineBullae>
        <bowetSalmin>albanNomialDirhams</bowetSalmin>
      </asleepCortineBullae>
      <styrylAlerionBebotch>
        <gospels>fent</gospels>
      </styrylAlerionBebotch>
      <scuffly dull="epicier">
        <noria>damsite</noria>
      </scuffly>
      <swimmyTrainel feignsUniovalPoint="burghalAkia5048">
        <tardilyCivvyAnnexed>tushie</tardilyCivvyAnnexed>
      </swimmyTrainel>
      <gittiteKahawai untipsySampiLooch="cuttlesTapirusMardi" cyeticUpalleyAnginas="smit6">
        <crosby>droilUnhip</crosby>
      </gittiteKahawai>
      <pagineAntiope maftir="blur">
        <sestetWaxlike>323342821</sestetWaxlike>
      </pagineAntiope>
      <absentBattakUckers>
        <tweelVoilierHelices>undoesFastusBelinda9111</tweelVoilierHelices>
      </absentBattakUckers>
    </waftageLulavCag>
    <doupingHat>
      <eelyHalesiaDisleal>accuse</eelyHalesiaDisleal>
    </doupingHat>
    <faradicNanking>
      <legistsArauanOboles>almonryUntired</legistsArauanOboles>
      <crureus forcesCubelet="32125">
        <bombingShriekyBesiege>memoir</bombingShriekyBesiege>
      </crureus>
      <besides spleenHornadaUnoral="calorisCleaveCirclet">
        <triary>1</triary>
      </besides>
      <tonganFanwiseBlarina edemataVincula="ratifiaLarnaxGliding">
        <bilgeMaythes>108</bilgeMaythes>
      </tonganFanwiseBlarina>
      <vacuomeInlaut boney="tippedBonselaIddhi">
        <preludeMoity>137969458</preludeMoity>
      </vacuomeInlaut>
      <jawlineBezanDosadh>
        <purpartLoboloZapara>855210476</purpartLoboloZapara>
      </jawlineBezanDosadh>
    </faradicNanking>
    <waiverOutwalkAvell mopanDewfall="guidman12">
      <irpe>3</irpe>
    </waiverOutwalkAvell>
  </enislePavies>
  <borelQuery thrawsNocturn="discinaPsychosPlanker" />
  <vestureRespellSmooth resownNitchieAnuria="ovariesPoonac" geranylWarrish="gonionInputsDrinks" />
  <rentalsVanceEchoist>
    <decurtProke>
      <butynKabobs>peckingHejiras</butynKabobs>
    </decurtProke>
    <veriestMirador>
      <pommels>choristAzlons</pommels>
    </veriestMirador>
    <iambusEmbrace faulx="nauticaEcho" cozensWifedLucanus="tirveChippie" tittupSecedes="fossaeOds">
      <racquet>audileCurnie</racquet>
      <benetGrowers>
        <shor>korariCud</shor>
      </benetGrowers>
      <shim sluedWharSirkar="iwearthCultualOidioid" alecizeChagal="crooner">
        <fackAbdaliPrin>kosha54</fackAbdaliPrin>
      </shim>
      <betsLactify tyddyn="proportSloe56" icky="pakawaImmoundRussel232">
        <winding>heloeSternumSensal</winding>
      </betsLactify>
      <leveredDuodial>
        <mealilyUnveils>scurRekiss</mealilyUnveils>
      </leveredDuodial>
      <tenser>
        <areallyAsse>echappe</areallyAsse>
      </tenser>
    </iambusEmbrace>
    <myxoidRebut>
      <feuds>657</feuds>
    </myxoidRebut>
    <bushier>
      <fibster>22846</fibster>
    </bushier>
    <thurniaSpockVanman>
      <bootedBuccinAuburn>mirkilyUnveils</bootedBuccinAuburn>
    </thurniaSpockVanman>
    <amazerInduce>
      <sizemanRimmed>wranny</sizemanRimmed>
    </amazerInduce>
    <torsesEasily>
      <heald>japerTimbrel</heald>
      <quaichCradle>
        <blautokGonyRain>agnosySumitro</blautokGonyRain>
      </quaichCradle>
      <madlingAnybody zollePutcher="swingesSuccent" tricia="geckingParamoUrinals">
        <everich>winter</everich>
      </madlingAnybody>
      <inkleYeldrinUnction>
        <nexumKimchee>riotiseToilersFriers</nexumKimchee>
      </inkleYeldrinUnction>
      <berakes mulitaRamoonBlende="pinesBaizas">
        <mooredVrilled>795052</mooredVrilled>
      </berakes>
    </torsesEasily>
    <carefoxAssot>
      <sakkos>9</sakkos>
      <hockeys>
        <hexesGlashan>shambaEmended</hexesGlashan>
      </hockeys>
      <preseenMusalShaheen>
        <lekha>clones</lekha>
      </preseenMusalShaheen>
    </carefoxAssot>
    <habubScreedKarats>
      <reviewsShrimpsJizzen>angsterBoomdas</reviewsShrimpsJizzen>
    </habubScreedKarats>
    <pretendMiranda>
      <fixatedRids>veenKeir</fixatedRids>
    </pretendMiranda>
  </rentalsVanceEchoist>
  <orwellWawlCotes rhymersRipened="awakeTraFontina" />
  <speered terneUnwontCebus="takeful" omanderPryse="gibbusMuckCto" tabootQere="tetum">
    <jugging>
      <ebriateFleches>812009</ebriateFleches>
      <fawningNullaryPies>
        <compareCaroticMerodus>foliary</compareCaroticMerodus>
      </fawningNullaryPies>
    </jugging>
    <mooktarSettee>
      <mehari>worrelParodoi</mehari>
    </mooktarSettee>
  </speered>
  <nervousLebanFacials heilyShysterMauby="hoatzinDotsPomades">
    <darzeeSuld musherGadisSarape="bedunchCovary">
      <orisons>8283104</orisons>
    </darzeeSuld>
    <lasterNucal alcidaeSuivezWitling="5725010" orricePokes="divviesCrawler">
      <leniticPotsy>fewsome</leniticPotsy>
      <etnas>
        <noncesTweezes>regivesNato</noncesTweezes>
      </etnas>
      <whiskedMoocher pipyYakshi="702">
        <tintagePtolemy>remindKammeuAsquint</tintagePtolemy>
      </whiskedMoocher>
      <shoodCataloAtwain>
        <mudiriaNauseumScart>1</mudiriaNauseumScart>
      </shoodCataloAtwain>
      <vianden alkanol="refixesUngill62">
        <ailweedScabrin>waxier</ailweedScabrin>
      </vianden>
      <untruthBedene>
        <vulcanoAgrahRuption>361899289</vulcanoAgrahRuption>
      </untruthBedene>
      <rykeGlarierDimply affaRadiata="9">
        <thermalBemusePeebeen>workboxSpermy</thermalBemusePeebeen>
      </rykeGlarierDimply>
      <plutusOceanicMisted campedOutenObverts="xerosisConns" barretsSnowyMungo="homersScampAnitos3">
        <germany>squirtyLeprine</germany>
      </plutusOceanicMisted>
    </lasterNucal>
    <neddiesBecrowd salsaPectusSmiley="tawkee">
      <barbaryCadenzaRickety>92</barbaryCadenzaRickety>
      <kukriVendee agunahMishapsFlether="vitrialOutswum3352">
        <grufferStrobil>tinner</grufferStrobil>
      </kukriVendee>
    </neddiesBecrowd>
    <dirigoHailyTrophic trawledCollabCrank="atopiesPottledYeoman9" ournKnoutsLocky="slockSadistsHortite" nondeafBrowedClich="mazing">
      <twifold>7915</twifold>
    </dirigoHailyTrophic>
    <wikiupsDesexCastra>
      <wiretap>excused</wiretap>
    </wikiupsDesexCastra>
    <atavus sakelFixatif="rubicanWigansBenzyl" bunksNoraTurnway="48890" lemanea="ontoFigentPileoli38">
      <snarer>zamenisWidgets627</snarer>
      <mowsBedims grundyTaliage="audilesOleanaOpiated">
        <tanghan>sagy</tanghan>
      </mowsBedims>
      <pooka>
        <parsiWhample>37</parsiWhample>
      </pooka>
      <unfurlsOutborn reseed="being">
        <whileenPoffleSprung>dallis</whileenPoffleSprung>
      </unfurlsOutborn>
    </atavus>
    <cicero>
      <flairRuckusRippler>pointesPokiest</flairRuckusRippler>
    </cicero>
  </nervousLebanFacials>
  <indinSteeverAlophas manilas="rakeageSourly" mullahs="abacay" alecsFdubsBolly="fausenWiremen" kutchinHalte="colauxeBashfulBunnell" />
  <polleeWeakCuestas desmans="tattled" dioniseGowns="xoanonClomped" lechEscudoAvidly="ensoulsGonidia" />
</epigeumDunciad>