<?xml version="1.0"?>
<celiaBurbotsEels>
  <viscum />
  <rlyCoachedPrior hoggerResized="bournBrimmer" botchedAssartPimaric="quinateDetinetGamuts7306" cedrus="spurgesBerriesJct">
    <amueixaFixe>
      <seapostChiral>neuralGallish</seapostChiral>
      <meals>
        <pipal>shelty6414</pipal>
      </meals>
      <orthalSkins clr="reded">
        <dialist>17251855</dialist>
      </orthalSkins>
      <scalmaQuaymanGreeds deodars="35982095">
        <maremme>spineJondla</maremme>
      </scalmaQuaymanGreeds>
      <mooder>
        <infight>sedged380</infight>
      </mooder>
      <ligulin beseamRepastsBlacks="vaporerMonial" betrust="anemony">
        <discede>luceres</discede>
      </ligulin>
      <tueironRoughsIonizes unleal="newshenKloochAttuned">
        <shipmanStooped>536908383</shipmanStooped>
      </tueironRoughsIonizes>
    </amueixaFixe>
  </rlyCoachedPrior>
  <ricey nalitaHamousExile="retlingNewbornWarluck" choragiHelingSleathy="kobus" warming="pastour79" shammas="anolesCrepedFeruled">
    <ephebi>
      <whalesEssesBlushed>dirndlsVallaryFasher</whalesEssesBlushed>
    </ephebi>
    <indigosSubmenTeguria exurgeEared="formyFittyTumoral" agioGarawiFiked="bocasinUnisonHyoides" sales="zontianSackageMoeck">
      <upframeReefyKraut>wurzelsTherell</upframeReefyKraut>
      <mediateCarotidHogling>
        <binningUpcloseFurler>pardahMamGalabia</binningUpcloseFurler>
      </mediateCarotidHogling>
      <cadbaitToniestActive simpson="habusCoplot">
        <yardmanConfirmDesemer>angekut</yardmanConfirmDesemer>
      </cadbaitToniestActive>
      <yucchHawsers urazineFumbleCautivo="samekhsCrureusChabouk">
        <rosetsViver>87</rosetsViver>
      </yucchHawsers>
    </indigosSubmenTeguria>
    <mulkAlgebarColauxe sumac="calcifyVimina" shakudo="burkiteZwitterPeba" ricesPuzzler="talucheCogroadLansa">
      <sneezer>prevailLazars297</sneezer>
      <hances bulkish="ferretsCinchaAdipose53" fumuli="coxalgyTussahs">
        <tarasco>cacodylPunctum</tarasco>
      </hances>
      <circsIsospin eoceneGambol="4687071">
        <penfoldKongChe>668391508</penfoldKongChe>
      </circsIsospin>
      <recaneKronorPiano hartsSoogan="sords" malmyUnawful="recash9739">
        <rhubarb>fay6</rhubarb>
      </recaneKronorPiano>
    </mulkAlgebarColauxe>
    <gaffingAskanceSadder>
      <kegfulKoolauAgamid>zaramoGekkota4056</kegfulKoolauAgamid>
      <unhoed>
        <cession>rohunaUbertyWedeled</cession>
      </unhoed>
      <stalingLinaLargos>
        <deairs>83285</deairs>
      </stalingLinaLargos>
      <zaribaBroos>
        <spinalDisgown>scarfedMizzyBrawlie</spinalDisgown>
      </zaribaBroos>
      <rechose enticesRepicHgwy="daisiesFlamesPuking" absitVectionSises="5476">
        <cymousHulkily>noosingCeria</cymousHulkily>
      </rechose>
      <hanuman gritAcumensMatted="7759" melpell="sidionLoxoticObtuser">
        <subdie>windupOvarialItcze</subdie>
      </hanuman>
      <loungedJeziah nullPaviors="blueing" oshacTragic="nylghaiGeld572">
        <clapper>alonsoaWackerBebled9</clapper>
      </loungedJeziah>
      <buskers>
        <runfishBeerRancio>misplay</runfishBeerRancio>
      </buskers>
      <susu unwetJule="502093084" enrayLaxism="uptiltFertile63">
        <durgenPlattedRubus>ahmetAsshole</durgenPlattedRubus>
      </susu>
    </gaffingAskanceSadder>
  </ricey>
  <monadsIodate chitakBaileNovity="loomsWabunga" gesith="wargusPollera62">
    <ruffeRebale>
      <tabanidStomiumRinged>guillemErik</tabanidStomiumRinged>
    </ruffeRebale>
    <guessesLimb>
      <tropylPatens>kythedCryptic</tropylPatens>
    </guessesLimb>
    <novcicYum albas="yodhsSracLaos" buffingDirties="nadaRiposte" bendsCostars="cracklySpedSphegid">
      <niseisTanega>jugheadChianti</niseisTanega>
    </novcicYum>
    <battues hangeAnomuraBavin="mishnah">
      <wifie>weepfulUnreave104</wifie>
    </battues>
    <wankyShurgeeFerlies deemingYunkerGodless="dea">
      <azoteLyticTice>ruseChylesScalz</azoteLyticTice>
    </wankyShurgeeFerlies>
    <ired badgirEyah="shinnyRecaned">
      <roncosRingingDeice>ceride820</roncosRingingDeice>
      <ouvrePalaAreae>
        <tuchuns>470457436</tuchuns>
      </ouvrePalaAreae>
      <numudReavailZigzag noterseNatakaBrelan="havenerCis7104" bedaubsSook="jagirMerit">
        <assaltoUnpieceLeadin>ipidaeFortran</assaltoUnpieceLeadin>
      </numudReavailZigzag>
      <baas keryxStretti="rangaleBrolga" granaPreyer="314429">
        <yaboo>usqueLyctid</yaboo>
      </baas>
      <oneidas powRetwineLooby="63817340" caseyMoonackMusimon="unlargeBulking">
        <hermo>vespineVowing45</hermo>
      </oneidas>
      <flowedMorg avigateNobber="charleyNuzzler">
        <vamps>illusorBoeberaCramper</vamps>
      </flowedMorg>
      <safener>
        <salicOrdFiry>654796182</salicOrdFiry>
      </safener>
      <paracmeVolant>
        <jugulaLyases>warkPewtery4073</jugulaLyases>
      </paracmeVolant>
      <starnie disourMedioGigunu="6700">
        <nary>shapedWatapesGumma</nary>
      </starnie>
    </ired>
    <sneakSultana>
      <shatterDocketMysore>zamarraAludraDialler761</shatterDocketMysore>
      <setterKenyan>
        <limns>33</limns>
      </setterKenyan>
      <tipleRhizoma terrainGezerah="tertiusUphang469" filmicHuari="cracky">
        <emuls>cliniumDemisesEire</emuls>
      </tipleRhizoma>
      <buffierPlaster>
        <phratryBesomerGelong>ovumBadagaBiocide</phratryBesomerGelong>
      </buffierPlaster>
      <xylitol>
        <childQuince>relaxed7</childQuince>
      </xylitol>
      <orchids fistPoori="psoitis" dioxaneTentierBurtree="iodate">
        <acaenaKashga>skimosDukery</acaenaKashga>
      </orchids>
    </sneakSultana>
    <tautaug>
      <wiringsFlansAlway>ischiac</wiringsFlansAlway>
    </tautaug>
    <bysRepost>
      <cocytusChilloStores>689</cocytusChilloStores>
    </bysRepost>
  </monadsIodate>
</celiaBurbotsEels>