<?xml version="1.0"?>
<enfreeNonuple>
  <rolf hotheadPitmen="23" louvarHummelPenup="dozenerYawperUrucury" />
  <thankTerrSpratty />
  <cleavesRackety crudded="fatesDjinniReflies">
    <soluteNomade fiddlerNummus="cohert" microhm="sawnBlunker4">
      <mediate>jesseanOilwellCooers</mediate>
    </soluteNomade>
    <vengedSeabankSpitous>
      <bromismAngico>7995</bromismAngico>
      <exilityBirsleEmbower>
        <caltropDancerKaty>494</caltropDancerKaty>
      </exilityBirsleEmbower>
      <acetite sicyosAmanteMzee="larnyx" gemmed="89901403">
        <getupsTanyaGlycine>hocAmbrose</getupsTanyaGlycine>
      </acetite>
      <patarinFuelsIsoneph solothCitrons="bobbins9" bournesAenean="veldtsPrepayVouge">
        <bruxism>litchSudeYowlers</bruxism>
      </patarinFuelsIsoneph>
    </vengedSeabankSpitous>
    <angiliEctasia>
      <nebbishBimasty>gangsaYonis</nebbishBimasty>
    </angiliEctasia>
    <urnaTwinned fuelled="olomaoBotScalfe" tampanUnqueme="compotReguliBiodyne">
      <portray>citreanNoamGalilei</portray>
      <hery dequeue="schmoos" fleay="5921">
        <kristenGalban>gripy</kristenGalban>
      </hery>
      <gospodaShorls>
        <teecallMoutanBuzzer>168</teecallMoutanBuzzer>
      </gospodaShorls>
    </urnaTwinned>
    <urluchRomper scudsSettlesMicella="pingleAboughtGulling96" kapas="aahedStrub" stonenGriffsSitar="wouldstMahewu">
      <wobster>inchase</wobster>
    </urluchRomper>
  </cleavesRackety>
  <cinques hentDueSinkers="2569822" pedee="64" />
  <washaki teutonRastikSpydom="bidesIpecac599" />
  <mashy kirstenBioxideNgwee="ternletWiggedTrichia" kashasUnsnareBaler="enflameRedbuds" grunzie="rupeesSizablyEnnedra">
    <surreinSeceded>
      <aywhereHynder>danube</aywhereHynder>
    </surreinSeceded>
    <sutrasMirySpindly>
      <rep>lethesAnthrolSnafus99</rep>
    </sutrasMirySpindly>
    <hugelia trichyCayuganTroubly="5222" tapis="cerningZemstva" paegelZmudzMartens="swairdSiftGruffed">
      <toruCulebraAlehoof>macule</toruCulebraAlehoof>
      <orgeat>
        <unnoisyTocsinsMumping>speceLastYearday1105</unnoisyTocsinsMumping>
      </orgeat>
      <empaledSuff>
        <ansiYonside>carloPoundedSickle</ansiYonside>
      </empaledSuff>
      <unflaky sticketMatanza="2033" zelantDilute="84338">
        <grxLaurite>71323</grxLaurite>
      </unflaky>
      <ducatoPidginPuteli parkeeGros="whirrsDuomo" dhanushSubsereSepn="31">
        <cappy>9400</cappy>
      </ducatoPidginPuteli>
    </hugelia>
  </mashy>
  <kyleCowierTurion monadsPlucky="worderGrogs" dongPreta="enjamb9099" waddiesPlumbs="5844" />
  <himatiPreyQuaeres agneau="928580739" tuskar="4002" zerothOutblowSwami="960927113" timeliaDemiramLobelia="thraxFestuca">
    <endlongYodeMinikin>
      <seabee>testae</seabee>
      <sirdars sottedNidgety="outeyedPeavey">
        <awayFretty>nosselLatounFlatlet</awayFretty>
      </sirdars>
      <rantsChristyHalides tzetseRara="dozen" diseurs="galant3">
        <gefilteCalid>1726955</gefilteCalid>
      </rantsChristyHalides>
      <beteach>
        <jondla>tropePleuraeTracy</jondla>
      </beteach>
      <hiltedSighers myelicHipsterSerpigo="banks" waggerCynoid="aetites">
        <armhoopBravery>yajeinCabiai1797</armhoopBravery>
      </hiltedSighers>
      <rogerMaltman reknits="rundiRheasFashery5" hunBoread="7490">
        <lurks>53</lurks>
      </rogerMaltman>
      <bribees seagoerPistiaNonces="layneExotery">
        <byroads>robing</byroads>
      </bribees>
    </endlongYodeMinikin>
    <anemony cedrus="jiffsHardish" kaid="molerSixish97" thefts="groyneMolliesKiri">
      <mounterOcherSenoras>batikerCuvyTzontle</mounterOcherSenoras>
    </anemony>
    <lamaist>
      <unswungSpyismOxide>nanniesIsize</unswungSpyismOxide>
    </lamaist>
    <addioGearsetKnatte unmarch="eaglesMiddaysFrowned4724" entrep="bursarsOxeaLaen">
      <ducKeatsGrayfly>tritePewfulEthmoid</ducKeatsGrayfly>
    </addioGearsetKnatte>
    <tretUneven>
      <dirdumsEquates>sugamoMuttons</dirdumsEquates>
      <simaraSkefTariric waspish="drugger" befleas="581">
        <izzatCoughed>mufflinMyxemia858</izzatCoughed>
      </simaraSkefTariric>
      <hairsTipmost panaceGreffe="adobosCongaKongo" earmark="jellsDirigoFuzees6">
        <ectene>luggard7728</ectene>
      </hairsTipmost>
      <cowpatHuffy mobcapsGyreneAmidin="bizelTrillo48">
        <unhatsBacauanSangha>courtinBesugar</unhatsBacauanSangha>
      </cowpatHuffy>
      <pectus blaze="maranon">
        <pension>618409</pension>
      </pectus>
      <deucingDebriefAmids>
        <durenolLeafSulfion>avulsed320</durenolLeafSulfion>
      </deucingDebriefAmids>
      <divort shakosWafflesTogging="milkier" acornKurgansTithing="emmew">
        <juniors>nepRopemen</juniors>
      </divort>
      <pyrroleNaris boteSluggy="biodEnlock" raffle="agrotis">
        <endurosLense>pieless</endurosLense>
      </pyrroleNaris>
      <orchilVague classerTatbeb="25793" loaflet="threesDieing">
        <storms>exogensWabsterLoudish</storms>
      </orchilVague>
      <asokHemera furiosoHansoms="athbashIzleThrush" ratchelJuglone="sterid">
        <muzhiksEnglifyAnkush>unipodSceneryFetlock598</muzhiksEnglifyAnkush>
      </asokHemera>
    </tretUneven>
    <taylor bootingChambulPhiltra="jauksFugles5472" hajjiBonaciWasango="reefTubbalDuel" acronicProctalPlaguey="torosCoronet">
      <octanPilpul>loomeryCrazyCuspids77</octanPilpul>
      <healClaptGearing smiletHun="franksYell">
        <kamaresNabis>argand41</kamaresNabis>
      </healClaptGearing>
      <abjointRemodelTribade clozeHoofrotMaidan="dynesAleak153">
        <friars>adjag</friars>
      </abjointRemodelTribade>
      <finchesSkimps>
        <taffetaBonitas>teamanSlainPackwax</taffetaBonitas>
      </finchesSkimps>
    </taylor>
    <scania forking="picaro" gloutedBlasty="shendFucoidsEth" unstuffLooting="jagla">
      <ligule>undoersQuerentHowea</ligule>
    </scania>
    <drek>
      <mixite>517512</mixite>
    </drek>
  </himatiPreyQuaeres>
  <incraDisleal />
</enfreeNonuple>