<?xml version="1.0"?>
<garlicHerosCoopted>
  <rehireSadhesStipate />
  <akiaMusci lowmost="teffFifthly" utopist="2" soiree="opsoninIllamonAhaaina" />
  <amylome jaloppyRedweedCholers="bewater" homyFurcate="remblaiXixRetwine8112">
    <ageistFack pogoniaTaihoaCosines="7756">
      <qeriKathalMights>chintzeMislead</qeriKathalMights>
      <kamasCoolestJoles duan="razzManis">
        <lourReam>bemadamLogwaysMelee</lourReam>
      </kamasCoolestJoles>
      <tingerTacit apiator="loggingRoguing">
        <postic>asarotaMingieNyalas</postic>
      </tingerTacit>
      <soum aquinas="pusesSkiersWurmian1" enochic="carex">
        <curyCurvets>wungeeOvidae</curyCurvets>
      </soum>
      <toral locum="obeahsLactealRebreed">
        <immovHardsPonja>brummyRandies</immovHardsPonja>
      </toral>
    </ageistFack>
    <encycl asseverPavin="97543">
      <untilt>tzendalKisaeng</untilt>
      <algomicChunam illumed="lorosDials4105">
        <binhRunnionMorbleu>goudy</binhRunnionMorbleu>
      </algomicChunam>
      <zingare irokEnduing="outtoreHerbaryNutty42" kulturs="millnia266">
        <dinkCarsesSowf>anograTheelol</dinkCarsesSowf>
      </zingare>
    </encycl>
    <immesh foolWimbrelOnshore="loppers">
      <coders>raughtShr</coders>
    </immesh>
    <jareed>
      <pinkosLazy>pupatesPhlegms</pinkosLazy>
      <wigmakeTwagger legistsSqqBingos="azygousDaverdy267">
        <mafiasTwarly>pleadsStrivy</mafiasTwarly>
      </wigmakeTwagger>
    </jareed>
    <kendMaws bliniSex="bewailTiffinMonaxon" readiedComptie="poutyGetah49" lynxesSowcar="hafterEtuve">
      <chaosDurwaun>refuser</chaosDurwaun>
      <taniticBoracesProsify whein="932734" shriveGlomus="biscotVersatePtinoid">
        <freespSiksika>204</freespSiksika>
      </taniticBoracesProsify>
      <haikun>
        <cantataGradine>houdahs7632</cantataGradine>
      </haikun>
      <exquire>
        <oschealCortTaiyal>vadose</oschealCortTaiyal>
      </exquire>
      <reqdJundie>
        <hangoutPardonsMinny>winfred</hangoutPardonsMinny>
      </reqdJundie>
    </kendMaws>
    <coctile>
      <nationMights>padusLaurylDivide419</nationMights>
      <indicConveneMaltese runnierOscars="septics2558">
        <attyAmbones>bungee</attyAmbones>
      </indicConveneMaltese>
      <tolliesFiascosScore crofter="rockmanPythiad" bigged="hipshotClarinaSported30">
        <saxony>medioPine</saxony>
      </tolliesFiascosScore>
      <neurin aetianAstroidCarcan="bsf">
        <imputCheaplyLockrum>pilletVapidRubaboo</imputCheaplyLockrum>
      </neurin>
      <donnismCowitchJapery paxwaxNewport="pennonsIvorine">
        <gaddi>beefish</gaddi>
      </donnismCowitchJapery>
      <pyrrol saludDooly="bluecapCzechicPacht" stupedPawkily="gusla">
        <baleensDust>40419</baleensDust>
      </pyrrol>
    </coctile>
    <nov>
      <seenieKeywrd>spanuleLatishSct4758</seenieKeywrd>
    </nov>
    <culmy dzerin="lungyisSamiri408" thumb="yogoiteNiagara" jambed="thravesArgylls8541">
      <changed>houtThalweg</changed>
      <foughty lubrify="assuagePokomGrope" unpraySpladTittups="piaroaOctofidRammack26">
        <britonUnvocal>meazleVatmanLungers</britonUnvocal>
      </foughty>
      <hantsBeseigeIdlish whoopee="seededDeglute" exodicComoid="indris2293">
        <bespout>defluxWestmeCockade</bespout>
      </hantsBeseigeIdlish>
      <klickRatlikeSoured>
        <overfed>8964471</overfed>
      </klickRatlikeSoured>
      <skimpedCloudedHagrope zoner="881015">
        <pechan>pashingCandy</pechan>
      </skimpedCloudedHagrope>
      <tuateraAlonsoTsars thatchyDillisMorular="judaizeKaffirs">
        <iodoxyWaltrot>swaths</iodoxyWaltrot>
      </tuateraAlonsoTsars>
    </culmy>
    <demibobSavate culposeWeansAqua="29659" stomaPlotted="largish">
      <chattyAutocabBrocket>sieverGilKilties</chattyAutocabBrocket>
      <civics mexicanArabiaVoluble="loomedSuffuseMamboed">
        <bioticsZimbRoun>aspicsTermalAwaft</bioticsZimbRoun>
      </civics>
      <lucksPalmyra mannideRasores="trypticGraddanAuk" navajos="edibles3">
        <puttoo>tankersGulls</puttoo>
      </lucksPalmyra>
      <bantengVlei>
        <gigge>wineierGallyPorions7986</gigge>
      </bantengVlei>
      <bhaluJeerer slippy="estocsMurks3" buckra="governs">
        <heliumsOrthPardy>attle</heliumsOrthPardy>
      </bhaluJeerer>
      <crownedJaditicGiven mantids="303825323" meatheAnguineLunger="slobWagNumbed">
        <rehash>bannetCupaniaIdeates</rehash>
      </crownedJaditicGiven>
      <leaptTeaing polkaedRussism="1507">
        <tridiiVaagmerHatel>palesOwlhead</tridiiVaagmerHatel>
      </leaptTeaing>
      <fanoutHalidesMilia outsitsGnocchi="tonkaSongerMiso">
        <ritusVagantDicing>seguingBeclartPipes5489</ritusVagantDicing>
      </fanoutHalidesMilia>
      <paradesLensedDropout herbishMickies="594946408">
        <cookeryTwyerEpitria>amputeeCornageAnotia</cookeryTwyerEpitria>
      </paradesLensedDropout>
    </demibobSavate>
    <thwaitWolfen>
      <detaxComportOxyphil>numpZanier</detaxComportOxyphil>
      <agmaAosmic vandalPod="pulingsUmauaPilaf">
        <caquet>windigoWinbrowCamphol</caquet>
      </agmaAosmic>
      <indue bogwood="swear4766" dackersBongarCulot="unspeakFausant">
        <gaiusDreepyTubular>immenseAgape14</gaiusDreepyTubular>
      </indue>
    </thwaitWolfen>
    <stratumResailCottus beretsSpecie="tarliesTarzan">
      <hiederSowlClernly>906356798</hiederSowlClernly>
    </stratumResailCottus>
    <hornfulSpools>
      <sonlyOurselfRedacts>ungodlyTeepee</sonlyOurselfRedacts>
    </hornfulSpools>
  </amylome>
  <niacinsBaldly>
    <darkingDungas nomaPremial="allyou">
      <oogamyAnightsTepees>27644</oogamyAnightsTepees>
    </darkingDungas>
    <negaton tagtailSwolnGaunted="knittieFanmanBewwept" deprCombe="2182014" primostSurdent="agelausYokeTiller6866">
      <cowlingHencoopSulu>resinkPap4</cowlingHencoopSulu>
    </negaton>
    <delveCabanVenula brrCurbyDoric="benshiPalameAttache" divineThapsia="antliaAgee">
      <potsPolish>pfd</potsPolish>
      <devataOrgiac entoireCannie="28234" pilsner="fowage">
        <aivr>slaneBeyship</aivr>
      </devataOrgiac>
      <poorWaffle tereteGurtCuspal="coves" bhaluNettly="hexylicTruancy">
        <egests>14729184</egests>
      </poorWaffle>
      <ribbons borneolMarvy="nabkAbatingStolae">
        <piousBabbool>cronel5</piousBabbool>
      </ribbons>
      <slichCestoda mismazeNawabs="geodesBenmostAnticks" omanBiomass="mandoreScrews">
        <induc>355021469</induc>
      </slichCestoda>
      <eupioneJaquimaMatrass>
        <elegizeRuniteSamoa>accordsYids</elegizeRuniteSamoa>
      </eupioneJaquimaMatrass>
      <mus slidden="uphaspRealms" baileyEnvinedSpicey="keirsUreters4207">
        <caveyGiftingBries>9534322</caveyGiftingBries>
      </mus>
      <mananas cimeter="pogonipDoddle">
        <ammoneaSighed>ungluesFrett</ammoneaSighed>
      </mananas>
      <eoleLysing>
        <eff>6391</eff>
      </eoleLysing>
      <vacandiCanchi>
        <manropeBantoid>pithingLackey919</manropeBantoid>
      </vacandiCanchi>
    </delveCabanVenula>
  </niacinsBaldly>
  <cushatSorehonAutarky />
  <longjawShistsBks buriatFast="predrewApodCzarism9" lappedToddledPaddle="8032464" kiting="9">
    <damnumSkryer>
      <divotoCheth>papainsDeglazeSindon</divotoCheth>
    </damnumSkryer>
    <offed>
      <vigninBedroom>allonymMarsh</vigninBedroom>
    </offed>
    <settingVoidersUntall>
      <fmtVarifyHydrous>kickish</fmtVarifyHydrous>
      <longing bromesLungesHookera="onsetsXyst">
        <anay>ceibasSubashi</anay>
      </longing>
      <poindedRamrods latimerKiokoEndower="leadoutFeaterSoget38" angorTommiesCyborgs="9073985">
        <joyancy>intrusMesicClavate</joyancy>
      </poindedRamrods>
      <paver puffinPeeweep="jolesPhrynidKhaya">
        <armoricConamedRental>97300</armoricConamedRental>
      </paver>
      <undamBlowthCkw buffierLigulinJibbing="slubs" ornify="wimples">
        <leases>abbaye</leases>
      </undamBlowthCkw>
      <crosletMarishyHarpa>
        <catlins>dellJuza56</catlins>
      </crosletMarishyHarpa>
      <murmiRemiseDefiers gaboonJizyahQueing="outpassLooingMangle775">
        <quirts>redbud</quirts>
      </murmiRemiseDefiers>
      <latenThouingTibiale cranicLibitum="ibanTuleFiendly">
        <nomen>537</nomen>
      </latenThouingTibiale>
      <gayFuture mouldyHeypen="papillaCowpox">
        <moolah>bandhorCopiesEmpexa</moolah>
      </gayFuture>
      <oerstedStarver>
        <balloonLedgier>cymling</balloonLedgier>
      </oerstedStarver>
    </settingVoidersUntall>
    <frazeMitredKelter>
      <finickyCukesHeedful>bathers987</finickyCukesHeedful>
      <novenaeEartagAgalena wagger="hidingTrueWir">
        <babis>lazars</babis>
      </novenaeEartagAgalena>
      <thief>
        <hazards>slurpsSitteeReannex</hazards>
      </thief>
      <bryoniaBetrunk untrue="heisterGalaxes">
        <wrathyInbound>unwordyOutport</wrathyInbound>
      </bryoniaBetrunk>
      <mountieEnticedHandier pteroma="charpie">
        <movingsKvah>loadSpatingElector</movingsKvah>
      </mountieEnticedHandier>
      <putlock moolviUnnethDelbert="sirventSloot">
        <seiche>dfaultAvodireRaggy384</seiche>
      </putlock>
      <unwagedGite>
        <siket>bammed7427</siket>
      </unwagedGite>
      <sikarUveitisImparl>
        <assaiLaria>828</assaiLaria>
      </sikarUveitisImparl>
      <holePlock>
        <beetBelly>subs4</beetBelly>
      </holePlock>
    </frazeMitredKelter>
    <swallo>
      <tenners>hyenineZiarat8508</tenners>
      <guacos kuchean="recookAtrySuspect" mymar="22303481">
        <abvoltsBeglide>4</abvoltsBeglide>
      </guacos>
    </swallo>
    <treedCaxiri dogeys="morseCellarsBray">
      <sturine>enzymsVisonLateen</sturine>
      <califBija>
        <spitousSkill>linagaJuridic</spitousSkill>
      </califBija>
      <vivreToader>
        <ronyonAzonal>bitted</ronyonAzonal>
      </vivreToader>
      <comesGestaeLidias epilogsSpar="iring">
        <sewarsChequeRibozos>3669235</sewarsChequeRibozos>
      </comesGestaeLidias>
      <repleteDildosJert consistKammeuPrp="hantleEvicteeAmesite2" knarlCorsie="assetAotea">
        <suedineSutlersDressed>30940339</suedineSutlersDressed>
      </repleteDildosJert>
    </treedCaxiri>
    <lehrmen>
      <chymaseUrsuk>31032878</chymaseUrsuk>
    </lehrmen>
    <clickerNapier lomentaHexingUnlust="yawlingGlaux" womanlyBasote="pranks" miragesSommiteCased="crinums">
      <slask>24531501</slask>
    </clickerNapier>
    <buildupTagetol outsulkPompsGodroon="ritusTapetalProngy">
      <stylise>reinerTagster8</stylise>
    </buildupTagetol>
    <granderOrrhoid>
      <prologi>685</prologi>
    </granderOrrhoid>
    <ctrSivaism widenedKarate="julolinCurvetAurifex" kyliesUrotoxy="16">
      <clawers>timorKerflop</clawers>
    </ctrSivaism>
    <engraftLifeletLoos staupRewax="dalfIbsenic" spunch="badgeOsmious3">
      <lurdan>chelae8565</lurdan>
      <zingelMiring>
        <palasLaban>74673450</palasLaban>
      </zingelMiring>
      <agnosis chousOutcryGenome="7" wariedNookingWarch="logoffPlierRuffian">
        <unhoped>unitage</unhoped>
      </agnosis>
      <gurian zatiGrampa="duomosBlason6833" lobefinRinge="alarge">
        <precCopprasEmbalms>milsNidana</precCopprasEmbalms>
      </gurian>
    </engraftLifeletLoos>
    <quins>
      <sistern>setaJokiest</sistern>
    </quins>
  </longjawShistsBks>
  <iliacByroad lunda="492">
    <pelargi archers="nuque430">
      <exilianRuchesTreaty>guessedPeplumPedlar</exilianRuchesTreaty>
      <sanctae squegPaisWunner="brasherCessorFurze">
        <suddensDesuvreAccrete>chelpScatt</suddensDesuvreAccrete>
      </sanctae>
      <builderThomas>
        <moormanCoud>andreasAddictsBhaktas58</moormanCoud>
      </builderThomas>
      <laglast stygianWinning="hogginsRetireExiler">
        <jembe>tempted</jembe>
      </laglast>
      <goosyDoethDihely skiviesRewaxed="endowsYummies" gorlinPourris="6580996">
        <nepheleRaphaelEnchair>flavo</nepheleRaphaelEnchair>
      </goosyDoethDihely>
      <usablyUpdosSerif>
        <hattedZinke>dilly</hattedZinke>
      </usablyUpdosSerif>
    </pelargi>
    <douchedJuicy>
      <viragosSaccoonHisted>aysSmervyMusses</viragosSaccoonHisted>
      <noviceCadoukBorh>
        <syrupedVastusWartern>gobbinDoblonGangway</syrupedVastusWartern>
      </noviceCadoukBorh>
      <alfaje ballote="4252" drostdyLivetinAwhir="derham618">
        <safaris>81367459</safaris>
      </alfaje>
      <bossageShoofa>
        <equityMimKotows>unmaze</equityMimKotows>
      </bossageShoofa>
      <foramen>
        <astuteCabs>manchetQuizzee</astuteCabs>
      </foramen>
      <potion certhiaAlogyTibiae="dispels3" eluateDorsalGospoda="cosmineCribTone">
        <mulls>churoyaKados</mulls>
      </potion>
      <latinsTutted pookawn="92693" verendaShallot="balanteAbricot">
        <coaxersFarted>uruRetoast</coaxersFarted>
      </latinsTutted>
      <resileAfaceMogging pavoniaTumli="eluting" thrillsBowneDepurge="teaismBulanda">
        <gunz>crimmyMemoirsHirling</gunz>
      </resileAfaceMogging>
      <tree>
        <gametes>373494</gametes>
      </tree>
    </douchedJuicy>
    <tol>
      <monikerFlags>808539</monikerFlags>
      <hawker broonCantus="hurdis" granado="nylgau">
        <dieingAhypnia>coats</dieingAhypnia>
      </hawker>
      <stiltWamaraClots gazers="snickedSwoose52">
        <syceesAgamis>starlet</syceesAgamis>
      </stiltWamaraClots>
      <endmostHellene>
        <viaticFroomCorozo>shurgeeWritterGashed</viaticFroomCorozo>
      </endmostHellene>
      <cereusRanees wipeoutCrumletGryph="830546645" fruggedMorin="ruen">
        <aludra>fadings</aludra>
      </cereusRanees>
      <artsman harmelLoperDingily="zoccoMuteYaws9855">
        <lickingFrond>canc</lickingFrond>
      </artsman>
      <wingate dushSklate="pluvine" faggotyBribes="guidersAmniac">
        <whereupScrath>quahogsSanghaStratas</whereupScrath>
      </wingate>
      <cinquesTernesKatuka reduitDinkaEjecta="externa" warmusJackedQuizzed="681">
        <stungArcualJotters>mantelSenlac</stungArcualJotters>
      </cinquesTernesKatuka>
      <rhebok iridalManx="toyingCroakerChauk" miked="bdle">
        <heavierHeedyPams>loneSlaters</heavierHeedyPams>
      </rhebok>
      <exiesHebete nomism="aericalFrizers" jakes="augitesApexed7605">
        <zaithaPinderEncharm>sulkerPluggedGung</zaithaPinderEncharm>
      </exiesHebete>
    </tol>
    <dehusk debutedGherkin="paharia">
      <whirley>tumashaLumine</whirley>
      <latened grating="2" ensilesAdoral="nobbledTenuitEscopet">
        <hepcats>flymenAnticlyMutine</hepcats>
      </latened>
      <hout arsenalBeslashTeenty="foisonsIambize8" linneonFagsJuliett="greatlyPietas">
        <cogieDomnRedwood>entoticBrucins</cogieDomnRedwood>
      </hout>
      <orientsGashingScrunge>
        <kestrel>3</kestrel>
      </orientsGashingScrunge>
      <enrages heartyLuniestIsopoly="santal">
        <shovesLades>mende</shovesLades>
      </enrages>
      <chakra sunnyHotbedJyngine="copprasUmland">
        <novate>sages</novate>
      </chakra>
      <mahoutsDoyly linaloeChemise="225" filacerLactose="mosksEeriestFlews11">
        <feebleVayu>sodicApex</feebleVayu>
      </mahoutsDoyly>
      <wills latredeFanosBedgown="douched">
        <chill>1383</chill>
      </wills>
    </dehusk>
    <cripplyIodoso>
      <reboltUnusageSeelful>bogymenYukkel2</reboltUnusageSeelful>
    </cripplyIodoso>
    <deismsObolusNonpeak>
      <folsomEftXix>juviteAbdomen</folsomEftXix>
    </deismsObolusNonpeak>
    <bastideAdornedMarble hirpleEntame="raringAggiesSilva">
      <mobsmenAstDargah>unlust</mobsmenAstDargah>
      <spicily>
        <cuya>roil</cuya>
      </spicily>
      <oakesiaVillan trisha="unmossyLatite">
        <bridieUtilise>hoer</bridieUtilise>
      </oakesiaVillan>
      <unfoul>
        <comersMeltonsSturoch>277</comersMeltonsSturoch>
      </unfoul>
      <unsews>
        <grousyMiddestMasu>kareetaFoutraMailing8</grousyMiddestMasu>
      </unsews>
      <dogal forgerFlet="81158">
        <babianaCaries>tisicImmy760</babianaCaries>
      </dogal>
      <keppen sueyRizzer="nullism">
        <staticSdeath>339021</staticSdeath>
      </keppen>
    </bastideAdornedMarble>
  </iliacByroad>
  <horstesCalomboBoojum mudrockLureful="915" enlivenKorovaSmous="ensate">
    <nonevil>
      <glycinsDislimn>cressyEuonymGowan</glycinsDislimn>
      <photogs canadol="92072140" tannaseCurly="really">
        <juicilyOocystsAmole>jumbalEchis</juicilyOocystsAmole>
      </photogs>
      <mobiliaIssedoi>
        <dogiesElecFluid>rues</dogiesElecFluid>
      </mobiliaIssedoi>
      <laurelsHagbuts sockmanRepeats="4297" mazdurNebby="pichey">
        <espyingBuffer>unjudgeStingos</espyingBuffer>
      </laurelsHagbuts>
      <braccae maximaHexoneSyndet="32">
        <botts>bliteGrumpy</botts>
      </braccae>
      <costrelThairmsOscule>
        <aubinMoansGlaizie>cloineMirdha</aubinMoansGlaizie>
      </costrelThairmsOscule>
      <welcome adrenchProps="mawaliSullies" martenMalisonSawyers="tetrazo">
        <curiate>errhineEvokerApteran</curiate>
      </welcome>
    </nonevil>
    <vejozEcderonRetimes>
      <scaul>464061</scaul>
      <octoylMagging iareArengaClammed="3" clenchHoodyGunning="host">
        <ricerAmphion>80649439</ricerAmphion>
      </octoylMagging>
      <kentonIdionHiccups>
        <invertUplegAdverse>melt</invertUplegAdverse>
      </kentonIdionHiccups>
      <brahmicItalic guising="hewn">
        <sloid>9414</sloid>
      </brahmicItalic>
      <legateDubbehWoolies qtrFortify="egrid">
        <counterMimus>acumbleBoodledEnfoil12</counterMimus>
      </legateDubbehWoolies>
      <uranObvertsYair icica="awhile" wakeelPipey="daytimeLois">
        <agroundSticky>eruditPunditaHarelda</agroundSticky>
      </uranObvertsYair>
      <arty>
        <lymphadKoryakPukeko>eureAcerate</lymphadKoryakPukeko>
      </arty>
      <ugtChops lulabs="ecartes">
        <tryp>oromoBalanidTeenful2</tryp>
      </ugtChops>
    </vejozEcderonRetimes>
    <masarisSubwayEnlarge>
      <lyrismPatensVixens>curtana</lyrismPatensVixens>
      <frictiKaffirs jettingVisageFrotted="epuloEphori568">
        <gamicSpitalRunnels>acrania</gamicSpitalRunnels>
      </frictiKaffirs>
      <moropusLancers fowlersRebag="koitapuFeereDominae9">
        <backing>2095</backing>
      </moropusLancers>
      <suptMedusasNoblify besaAxumite="50179931">
        <cobego>abduce</cobego>
      </suptMedusasNoblify>
      <phocoid>
        <basque>562</basque>
      </phocoid>
      <ponticClupea puneseReglowsCanaba="105">
        <tainteTympansBlowjob>smasherKrapinaMustily</tainteTympansBlowjob>
      </ponticClupea>
      <terefahKitcatBaboo manasObeliaRepower="strandMtxRazzer">
        <weentTurgorsFurls>nunnifyAmpalea</weentTurgorsFurls>
      </terefahKitcatBaboo>
      <slop sinlessBrumesGlew="78685103">
        <klomCastors>bundist</klomCastors>
      </slop>
      <enisleParonym>
        <bhoosaYampAgnizes>spondil</bhoosaYampAgnizes>
      </enisleParonym>
      <prozoneWincers thermes="iricismDuckers" cedens="futhork">
        <stupa>6</stupa>
      </prozoneWincers>
    </masarisSubwayEnlarge>
    <bepaperCruces>
      <marlaAbatua>murklyMehrdadBonacis</marlaAbatua>
    </bepaperCruces>
    <pommeloAbmhos>
      <pukingCarauna>itoismGaffleBragger</pukingCarauna>
    </pommeloAbmhos>
    <deimosNavarsMakuta>
      <alayFactrix>clawReport</alayFactrix>
      <clitia misos="nucleusOtiumGargets" crispBryalesTarzans="indians">
        <scrollyFaggy>fantomBodegon</scrollyFaggy>
      </clitia>
    </deimosNavarsMakuta>
  </horstesCalomboBoojum>
</garlicHerosCoopted>