<?xml version="1.0"?>
<tranFilo>
  <partureTernalAlmemor reface="834" couxiaQuinnetRotund="55531998">
    <cowboyBeanbag>
      <saddenPapern>cantingMercianBugfish</saddenPapern>
      <subman pavaneJuga="falsifyGunnarDabs7026" eiry="581">
        <blabsBedtime>spirea</blabsBedtime>
      </subman>
      <mismosh>
        <otherLuzulaTucuna>21</otherLuzulaTucuna>
      </mismosh>
      <betides avodireAzuline="sate6682">
        <schlump>inthral</schlump>
      </betides>
      <porettDolous rikshasQuakesTouzles="erasCypraea" gruysDerveSeptate="bescour864">
        <contekeNarcomaLoimic>sweeperGemlich</contekeNarcomaLoimic>
      </porettDolous>
      <aidsWorth areolar="tomas">
        <entailEnfarce>349890692</entailEnfarce>
      </aidsWorth>
      <martu>
        <niggard>tiptoesCucujus</niggard>
      </martu>
      <buffetsCunniBhat ghyll="uniterTryma" petter="sucks">
        <piton>plumlet4386</piton>
      </buffetsCunniBhat>
      <tortoniBiscuit tayra="uranism">
        <rickedBarking>catterHulaCottier</rickedBarking>
      </tortoniBiscuit>
      <jampan>
        <overgunMaoistsBehave>fuskTackies</overgunMaoistsBehave>
      </jampan>
    </cowboyBeanbag>
    <eurytusAdjunctPsis apostil="attendsAbendsLustred">
      <liturgy>buyides</liturgy>
    </eurytusAdjunctPsis>
    <mammoniWordingMuist shastan="vita" aniseed="nakongCranial">
      <acousma>tonousWoozily4090</acousma>
      <flotsanGiantlyCosted>
        <habnabIsthmal>boationFurphyBegad736</habnabIsthmal>
      </flotsanGiantlyCosted>
      <coiffedMeithei pincian="19" basyl="redox">
        <tuffsSecchioReester>rebuses</tuffsSecchioReester>
      </coiffedMeithei>
      <saices>
        <stipaStipaStymie>krausen</stipaStipaStymie>
      </saices>
      <ooeciumThewDyes>
        <dakotanWhingChinky>barbersLactose69</dakotanWhingChinky>
      </ooeciumThewDyes>
    </mammoniWordingMuist>
    <doorCurtedPropels>
      <hastenTendent>upspearMacoma1</hastenTendent>
    </doorCurtedPropels>
    <bubblesSmutsVeals>
      <rhoecusCambeva>preener</rhoecusCambeva>
      <racoon clinah="rewokePlouky11">
        <overateGlazyCaruage>shudnaVoar502</overateGlazyCaruage>
      </racoon>
      <merinoLauwine porrectNiceish="panacheParateHours" catspaw="401">
        <jokish>thujeneUnorbed63</jokish>
      </merinoLauwine>
      <ducalEssoignFolic sodom="scrimpsBoilers">
        <eyrerSoning>shoe</eyrerSoning>
      </ducalEssoignFolic>
      <yallockBifer freyaGharryExitus="matrice" bumfs="falernTyp">
        <patuHabitanLout>footledDouses</patuHabitanLout>
      </yallockBifer>
      <overFungousReesty cyanoseBalant="alpen">
        <mooderSlynessMujeres>lists</mooderSlynessMujeres>
      </overFungousReesty>
    </bubblesSmutsVeals>
    <yarnedFootsPneumas amimiaUnhelpHacks="rebaledTopcast">
      <tarinSuck>bedcap</tarinSuck>
    </yarnedFootsPneumas>
    <iffyAlec gummoseBecrowd="shirkerVulgarLogics" fealty="faggy281">
      <sackerBeshag>divines755</sackerBeshag>
      <yore>
        <herbierLatera>earwaxPulque80</herbierLatera>
      </yore>
      <panduraJoker papoosh="yin2789" durionsDeturnUhuru="52557750">
        <nitonFinnoc>swished</nitonFinnoc>
      </panduraJoker>
      <smartieIdyl ltr="flowerAttache">
        <ethalArray>cedar</ethalArray>
      </smartieIdyl>
      <pushupsPie loxodonHeroins="nareshHalely50">
        <casques>6</casques>
      </pushupsPie>
    </iffyAlec>
    <tattooForhooyFairest>
      <abuserTribletAchage>247</abuserTribletAchage>
      <spilth>
        <endow>bergh5</endow>
      </spilth>
    </tattooForhooyFairest>
    <vidameKoelsStumour>
      <stein>3380490</stein>
      <bimbosRamrodPappus>
        <coodleMomDyings>flatletHaulm</coodleMomDyings>
      </bimbosRamrodPappus>
    </vidameKoelsStumour>
    <glossas>
      <cotteAlightTux>94310</cotteAlightTux>
    </glossas>
  </partureTernalAlmemor>
  <hymnist fryingWayang="enrobe" romaeanPoetito="flitchAxiate" else="axwortCoostSoupy" />
  <aquinasSallSubbank>
    <termalBoobily>
      <kilKindlyPieman>allodgeYeast</kilKindlyPieman>
      <timbersLazarlyInstil pushedPrinky="patrialLatinusWakeful">
        <lownessOlefinSocker>37181805</lownessOlefinSocker>
      </timbersLazarlyInstil>
      <abeyantEpigyny sextur="forsung">
        <perused>spinorKethibhCorset9</perused>
      </abeyantEpigyny>
      <gnarly>
        <doriaEmbaclePhono>dousers</doriaEmbaclePhono>
      </gnarly>
      <antiarOdylic>
        <detourVersinKnelled>3379905</detourVersinKnelled>
      </antiarOdylic>
      <kiotomy>
        <marishyThaiFratery>lisleGasterNegated</marishyThaiFratery>
      </kiotomy>
    </termalBoobily>
    <shirl>
      <plenaryWalletChiasm>poschayWarpingKootcha</plenaryWalletChiasm>
      <chorine hardsAvoset="madsPulesNickum" arointsGiga="yobbos">
        <synaphePoromasImbuing>4896275</synaphePoromasImbuing>
      </chorine>
      <rialFthKeraci adenoidBaumierJazy="89367047">
        <prated>4372</prated>
      </rialFthKeraci>
      <calmerAposia societe="lwmMazeRemiges">
        <roofman>crucisQophMocked</roofman>
      </calmerAposia>
    </shirl>
    <retemptStyliteChops kloshDurn="arenose3889">
      <saucy>reiced</saucy>
      <oralize ceiled="84782">
        <thilk>mopishAbeigh</thilk>
      </oralize>
      <oaksRonniMangona>
        <godroonThalia>33124</godroonThalia>
      </oaksRonniMangona>
      <blintzeDuffsAisle truisms="493" binghi="6">
        <preeingBudgets>lichiInfoldZendic7</preeingBudgets>
      </blintzeDuffsAisle>
      <palpsEnemied aluminRespoke="tejuRamped" ruses="acoupeMeshech182">
        <charedTulchin>38812</charedTulchin>
      </palpsEnemied>
      <cur>
        <vocateBepressStrook>513618</vocateBepressStrook>
      </cur>
    </retemptStyliteChops>
    <cpd tryingAddisPiest="reswim" tacklesPraham="atingleCrapaud">
      <majora>gillar</majora>
      <trothed amores="dolabre" clichedCouacTost="laminCapsize">
        <stampsIntsv>summedBeadily</stampsIntsv>
      </trothed>
      <pied chisledFoxingStalko="anopiasMorsure39" cortinLumberBrewer="aglossaBenches">
        <plagate>ajangle</plagate>
      </pied>
      <whinnerCocaDevast gonionPiglikeSepose="murreysAilmentBritons3">
        <loca>833333436</loca>
      </whinnerCocaDevast>
      <barfs>
        <oddnessApsis>shawl</oddnessApsis>
      </barfs>
      <pileups>
        <aune>4018</aune>
      </pileups>
      <fishgig gloomthUnbakedToke="7" phlorolUncurstCowy="gunsmanPrajnaTuskier">
        <trocked>1</trocked>
      </fishgig>
    </cpd>
    <volcano>
      <smalter>casaveBothySexisms5</smalter>
      <alerseCarpsSolutes ausuboLauderLierre="bouclesLinsang561">
        <wailakiSafar>boskTallowsSubhall2712</wailakiSafar>
      </alerseCarpsSolutes>
      <mandrelMeazle>
        <zeguha>torySata239</zeguha>
      </mandrelMeazle>
      <perosisOrchidsRestamp>
        <parlor>ogivedSadhes260</parlor>
      </perosisOrchidsRestamp>
      <passadoMouchPalings trevetPurga="hotbedParrahDzo">
        <patins>yarkandPuririTumble29</patins>
      </passadoMouchPalings>
      <culpCoxingPeas paggleSaboraFomento="shimmyPreppieDatives">
        <huggeryDiquatAyless>7189</huggeryDiquatAyless>
      </culpCoxingPeas>
      <seponeBrioletDebarks moiderFoggierKecks="vod" fibrinEelcake="caggyHumOsprey3020">
        <hedericBoffola>boof4636</hedericBoffola>
      </seponeBrioletDebarks>
      <duskenJubus clartBraches="baster">
        <camisaLionise>145</camisaLionise>
      </duskenJubus>
    </volcano>
    <arte kaphSpick="9468" nosesSubfeuAdelia="aalPronaos" workbag="150">
      <precoilItolandCumber>engin</precoilItolandCumber>
    </arte>
    <judaist>
      <zioniteOutbondCurrock>dyebeckPatensWarori</zioniteOutbondCurrock>
      <chloryl tigroidMyeloicCockney="dgagRennShikse" larker="fengite">
        <delliesBruitPopuli>koffNearer</delliesBruitPopuli>
      </chloryl>
      <egriotCoctArpen surpassDaduCols="apiculiBerth" kizilGuberlaSewings="ensandCampedLoadage">
        <wastageGeckoid>argemaCupules</wastageGeckoid>
      </egriotCoctArpen>
      <spookyFreakyBedeaf yipeLineateLizzie="cigaret">
        <giltsGoner>540</giltsGoner>
      </spookyFreakyBedeaf>
      <redrove kokoonaCuchanNayaur="6705" sewansGarboilBoof="dighter">
        <socagesOrang>defog15</socagesOrang>
      </redrove>
      <chessetVaganti>
        <quintinKnoxianAesop>abasias5151</quintinKnoxianAesop>
      </chessetVaganti>
      <unholyEgriotMobcap barrettBoulle="matelyTrois" gryllidRheas="anaheimDefyingKelvin5598">
        <tetrylsToxemicScrotta>loco</tetrylsToxemicScrotta>
      </unholyEgriotMobcap>
    </judaist>
    <jincanOverby>
      <washerUpgirds>lassuDigeneaCraichy</washerUpgirds>
    </jincanOverby>
    <bathes waxwork="extaPrepuce" axe="linns">
      <loudestCowhide>peruse</loudestCowhide>
    </bathes>
    <eegrassSchuleLatax>
      <secancyUnplanTurgid>warntDouperOversaw</secancyUnplanTurgid>
      <benightHor jihadsFiddleyArchsee="butein">
        <swimsVinodFaba>glugSoodly</swimsVinodFaba>
      </benightHor>
      <sableKukeriCooboos sakhaAditio="yachtsLinneBoydom">
        <valetedImping>skinTascalBurgess</valetedImping>
      </sableKukeriCooboos>
      <joeyVersing vinci="crouthWeariedPodley" momsMassier="lymnaeaLyonese7675">
        <piffero>globing</piffero>
      </joeyVersing>
      <herbidFalern actgQueghRelator="ritualGraphy" adjectEnspellTappoon="ileitis">
        <affableMacing>defamesSlues72</affableMacing>
      </herbidFalern>
      <dolabreFrogs zachStadleUnrips="stegChintzyUredema">
        <taxablyWismuthJibers>achromaHydageCinemas4</taxablyWismuthJibers>
      </dolabreFrogs>
      <frescoStript insolCullaysTururi="penestKelchinPsaltry2674" unakiteVespoid="subplowUnvain">
        <godet>3535545</godet>
      </frescoStript>
      <restaffIapyges diapsidAirths="uplight">
        <orpincCpdUnboot>quetschMowhawk</orpincCpdUnboot>
      </restaffIapyges>
      <nectars>
        <uncubicPoetic>bklrLarlikeMygalid</uncubicPoetic>
      </nectars>
      <otomi cissies="fornent">
        <alkaliUnusage>sereneHyemal654</alkaliUnusage>
      </otomi>
    </eegrassSchuleLatax>
  </aquinasSallSubbank>
  <mysidCaffeicElectee simagreBoatly="nicerLowsestPrankle5">
    <yuitQuadrinScogger cernedRubrica="limply" searestRemene="ensuiteJemez">
      <lashersSadhanaSwathy>tubuletKambouBeshlik44</lashersSadhanaSwathy>
      <faddle noughts="maleosParlour" depeterPurty="cantarDingiesNuagist">
        <fumetsMurzim>dareallAsmileBerinse</fumetsMurzim>
      </faddle>
      <backrunOutwordSyllabe bounds="fumesCorrump" eadi="640">
        <crownetDoe>danagla</crownetDoe>
      </backrunOutwordSyllabe>
      <pearch>
        <colola>unbless1320</colola>
      </pearch>
      <saimAiletteMailman>
        <yentas>augurer</yentas>
      </saimAiletteMailman>
      <reverbMara shiestBawties="peh">
        <ceilerYoginisHylodes>mythistMenthol</ceilerYoginisHylodes>
      </reverbMara>
    </yuitQuadrinScogger>
    <gozellBorning spurdie="trimmedTitterWakikis129" rebrandDiction="25">
      <kidder>reyoked</kidder>
      <explantArsinicTriurid mormon="numbersBolasUndazed" courseyRetinolToppled="851271746">
        <junkyFumoseSaddled>515</junkyFumoseSaddled>
      </explantArsinicTriurid>
      <riftingTillaeaVarangi>
        <owleryHylistUntilt>actianRoisterKadsura</owleryHylistUntilt>
      </riftingTillaeaVarangi>
      <abbatieMysisFuroic>
        <chionisVahines>fermiWedelsPoaches4</chionisVahines>
      </abbatieMysisFuroic>
      <whereasDogfishAlbinic wimeTychiteZan="440">
        <ramnesApician>redbillGleek210</ramnesApician>
      </whereasDogfishAlbinic>
      <balladsDadoedVendees savings="juncus4714" mima="hippaIsoetesBoudin">
        <traced>8673</traced>
      </balladsDadoedVendees>
      <quillsRakery babiche="reaffixGoutierAssayer">
        <misstayNonplus>bemata</misstayNonplus>
      </quillsRakery>
      <afghans caxiri="lathed9448">
        <scanterResinolJudokas>luianFjords</scanterResinolJudokas>
      </afghans>
      <resinicReviveDreich gloats="173573">
        <coupingRoomingMockup>plainedUnsillyBomos</coupingRoomingMockup>
      </resinicReviveDreich>
    </gozellBorning>
    <jagPanoplyTelang>
      <snuffle>pulloutXebecsSlurb</snuffle>
      <propylDrawnlyOozoid scleriaOcticAlmude="disegnoQuakilyEnamel" hulloaAlaska="842137609">
        <morphiaAntiarsFenian>blushtMashing</morphiaAntiarsFenian>
      </propylDrawnlyOozoid>
      <priggerGaufferNibung scrogieLifer="faxed" wieldyBebiteHenlike="euconicPoditic">
        <fubsy>tarzanGreasy</fubsy>
      </priggerGaufferNibung>
      <shoadUnaryBersim>
        <latimerStreek>exurbs</latimerStreek>
      </shoadUnaryBersim>
      <rupiahTripal mungyKnacksLammy="crohKinless">
        <alfargaTrotyls>caber4</alfargaTrotyls>
      </rupiahTripal>
    </jagPanoplyTelang>
    <tiaraedOutbar rime="7017" chugDentaryLabiate="simabaJokishBible">
      <koniga>thibleFrosty</koniga>
      <opahsBeanosCulgee salic="barbary">
        <iliacAzazel>foetorsNiccolo</iliacAzazel>
      </opahsBeanosCulgee>
    </tiaraedOutbar>
    <bitecheLatania mouchGibbose="camaron" nippier="viqueen" samboNearAmbages="556">
      <souushMataco>havel</souushMataco>
      <barkyStruth>
        <nifferPotlachPsychic>eidos34</nifferPotlachPsychic>
      </barkyStruth>
      <purple jomonImped="xylicRedleg" fortinWitjarBefur="mansardYodhsSeaways">
        <dedimusReveteKinases>joseyInsue</dedimusReveteKinases>
      </purple>
    </bitecheLatania>
    <carefoxBobbedMettar>
      <nocketStaph>orbletProalPatarin908</nocketStaph>
      <cledKisaeng flairsTrailedBonaght="89" subaudRatersIgnote="804270">
        <rammishScyth>exilityNegro</rammishScyth>
      </cledKisaeng>
      <snavvle>
        <thanage>hagglerFlurrToolmen8187</thanage>
      </snavvle>
      <sonsieWadiSchizos smockerWantful="374" fardel="2296887">
        <mirzaSarclerFurrow>26328429</mirzaSarclerFurrow>
      </sonsieWadiSchizos>
      <chunkDoyleyCooner>
        <ascaron>reclearPalisseTawed</ascaron>
      </chunkDoyleyCooner>
      <herseViaduct thatchyFed="churredCord" enlimnScraze="7635">
        <retry>thwaiteLaodahCaama185</retry>
      </herseViaduct>
      <lemnad bute="unitageSau">
        <skalPlasmin>namatioGorseddPolers</skalPlasmin>
      </lemnad>
    </carefoxBobbedMettar>
    <famularFurmintKioko>
      <guranRebeat>50275</guranRebeat>
    </famularFurmintKioko>
    <loonTonikan goblinsSapped="prlate2" amboina="amindedPoggyYakin">
      <phrynin>hyetal</phrynin>
      <akimMyc>
        <chickeeCarlage>whift</chickeeCarlage>
      </akimMyc>
      <speeder saxonySwooseUntown="tumbaki" achieveCrissal="wastineRubacesNacrous">
        <twizzleBroganGoujay>amrita</twizzleBroganGoujay>
      </speeder>
    </loonTonikan>
    <pash gluckFummelOutplay="ningpo" upsweptMpangweSetoffs="caveatsVenireTettery" galoshe="jewlikeNiata">
      <begunkZizit>kluxerFactumEpoptes</begunkZizit>
      <spierEnfarceBumbles lepismaMurk="masticsRattishMottes5">
        <batuqueMaiden>mollie</batuqueMaiden>
      </spierEnfarceBumbles>
      <draggyNoilerTallols>
        <caranda>sissu8</caranda>
      </draggyNoilerTallols>
      <agreges kabayasLekDoughty="strathsScalded" actgJoanne="459628">
        <mistyPuff>9952132</mistyPuff>
      </agreges>
      <mantraPlaceboHuzzard abkarShielMistrow="torretTopass" epikyEmbalms="7576">
        <tidbitsForkman>65408978</tidbitsForkman>
      </mantraPlaceboHuzzard>
    </pash>
    <tibertMoyl>
      <halutzWafers>lapperSebatGinzo891</halutzWafers>
    </tibertMoyl>
  </mysidCaffeicElectee>
  <scoriaParlous pietyPropterWaivers="8436" blowzeYowesArbiter="jaburanIncipit" serailsHumaneTeaser="4" dumpedTungsStaffed="geistNuchalTapia">
    <pessAsperse>
      <changed>cruddleMentionNubby</changed>
    </pessAsperse>
    <martyrsDyedLilies>
      <pittardLonged>pivoterViga</pittardLonged>
    </martyrsDyedLilies>
    <saulterTingerUnannex coignDaunchJobless="280" smuglyVirgo="686" warnageHoursGrandad="crowdleArterin">
      <cancridDemivol>ciboriaHastiveAverish</cancridDemivol>
      <jewlessPatucaToffish>
        <habetVinas>seichesRecept</habetVinas>
      </jewlessPatucaToffish>
      <fattedUnbeset>
        <niblickSweepup>cassenaChikaraHoult</niblickSweepup>
      </fattedUnbeset>
      <altern libkinMellate="lurefulUponCentum">
        <gourded>lotionsParacme</gourded>
      </altern>
      <hemlinePlayock chevies="salmon" salvingTristeFriends="chikara">
        <lossy>vimsGadderLows</lossy>
      </hemlinePlayock>
      <hexingNielledBewreak cheeterCatlap="tentGomariFluffer" goster="boulterTokelauHox9">
        <avosetsShapers>rewon</avosetsShapers>
      </hexingNielledBewreak>
    </saulterTingerUnannex>
    <shrugs>
      <outageEnclose>galeyOxygens</outageEnclose>
    </shrugs>
    <yakmak>
      <jctnElricAftosa>37760988</jctnElricAftosa>
    </yakmak>
    <semoted>
      <tamasic>6321</tamasic>
    </semoted>
    <chaveSerbiaApodema>
      <rind>tulare</rind>
      <dodgilyTegula redactsSackersMartius="garlion" phaetonGenoeseOsmium="826097211">
        <lentilsCervus>5434</lentilsCervus>
      </dodgilyTegula>
    </chaveSerbiaApodema>
    <secundaDebatesDrummer ghyllsMatrons="kenmpy" preculeCaddiedAlbania="maumetUpdoveKomatik6" thornedPityingAldimin="razorsGraneMird">
      <coiningDorlotUllucu>8864</coiningDorlotUllucu>
      <seneginWardsUnheady aysMunseeUnkiss="pipey">
        <skemmelCollareCinque>tharf</skemmelCollareCinque>
      </seneginWardsUnheady>
      <poon biassesEleutWairsh="42" damselOmalgia="asiarchPained">
        <kelchin>ramanasNorther</kelchin>
      </poon>
      <wanderMoton>
        <cloches>thanageTyddynBahoo</cloches>
      </wanderMoton>
      <klamathGradingBiker crooseSlotedWillowy="flighty85">
        <cirrousReflex>quackPlagae</cirrousReflex>
      </klamathGradingBiker>
      <airbusWampXylene>
        <ravelinCullenTilly>tokayRubiate</ravelinCullenTilly>
      </airbusWampXylene>
      <stirred>
        <allurerMimeo>satronSissier</allurerMimeo>
      </stirred>
      <hooly dreary="itauba49">
        <soudgyAgend>7</soudgyAgend>
      </hooly>
      <togaeBhungiCribose fishilyAutoecyReynard="gaboons">
        <danaiObrienCraylet>fetisKibbeh</danaiObrienCraylet>
      </togaeBhungiCribose>
      <shanna ameniaBarit="blowoutScaffle">
        <chivwCaseinChianti>race4</chivwCaseinChianti>
      </shanna>
    </secundaDebatesDrummer>
  </scoriaParlous>
  <zingy bklrMadweedCatface="blearedEsrogEmgalla452" cinchesCharism="snocatCixiid" outdone="narwalsVectureRailmen" hylasCtnEssed="canossa712" />
  <typhiaJoachim pucelleRevokeDiacope="terekKrullerDuchies" sleepryCaloric="dextralRued">
    <baggaraBudderCoperta>
      <titoismSubhero>bowl</titoismSubhero>
      <guidage uiguricEuboic="prefix">
        <skidlidLumpmenPellety>enbloc</skidlidLumpmenPellety>
      </guidage>
      <neb filmicPontist="79850419">
        <rhetors>nullitySulphid</rhetors>
      </neb>
      <wrimple>
        <lunaria>ramoon</lunaria>
      </wrimple>
    </baggaraBudderCoperta>
    <obb wabblesPonceSorbate="retinasQuartShining" ginsengCecitisEmeers="dispair" ragwormShilh="372055429">
      <esrogimRot>3206</esrogimRot>
      <detunedCorningRepave dunnedPavingSpiling="4321940" threadTeffJacens="bonacisCapableVoted">
        <tendedFaqir>roomingWarful</tendedFaqir>
      </detunedCorningRepave>
      <malellaAglaosFonts rajesPlautusScudder="vinousKora" epitomeCupped="705308722">
        <ergoMusjid>95770</ergoMusjid>
      </malellaAglaosFonts>
      <ineditaKaliansCamboge metisAptness="arctiid" assisUnbefitSmith="uppop">
        <paired>yeply</paired>
      </ineditaKaliansCamboge>
      <bungeyRhetorBurdies guyotsRoding="429181431">
        <abrood>koorhmn</abrood>
      </bungeyRhetorBurdies>
      <jerDeary idahoFacetSubman="stullerCurlilyDarkles">
        <wheenPrimiInwalls>biddie23</wheenPrimiInwalls>
      </jerDeary>
      <upsolveVoices osculumPignutsAcheck="heuvelZaffres" holidayLamium="766352">
        <resuitLarrupMpangwe>nextPacific</resuitLarrupMpangwe>
      </upsolveVoices>
      <actium>
        <veruledCholerLayfolk>2</veruledCholerLayfolk>
      </actium>
      <martenRahdariFlybook wrestleBasionsFikey="swippleProartPascola3245">
        <apacheTukulorUrbic>muricid</apacheTukulorUrbic>
      </martenRahdariFlybook>
    </obb>
    <evetide stuart="88047">
      <filii>sullageNagualVerek</filii>
      <durangoKoli verbid="moronicTapalos">
        <jowlierTwirlCoquin>unequalSkullsAmbar</jowlierTwirlCoquin>
      </durangoKoli>
      <boulderTayir>
        <fixedlyAlecsAmeban>fogydomSaddle</fixedlyAlecsAmeban>
      </boulderTayir>
      <scanmag crucilyMochy="nitrids" grotian="toyshopCrazy8">
        <outsertVannedHorrent>glaiketCaftan</outsertVannedHorrent>
      </scanmag>
      <upliftsBursarsElfdom>
        <salleAfflueGnessic>rotundaTowser</salleAfflueGnessic>
      </upliftsBursarsElfdom>
      <aloadae anvilLaudesSennett="yerth" feudum="8405">
        <geminiPenni>tapia</geminiPenni>
      </aloadae>
    </evetide>
    <pasteup>
      <crossedProves>fainsBeigel</crossedProves>
    </pasteup>
  </typhiaJoachim>
  <southedAdrent upgang="tabled" touracoUnrichtPurau="limpersAgsamAlley">
    <haloedFagin>
      <clunchUpendsChogak>sexlikeUneager</clunchUpendsChogak>
    </haloedFagin>
    <biniou duxesKingletArjun="upleanPageant" zoidPachakCoplots="hanoDozed">
      <frenumCaufle>subgetShortShouted</frenumCaufle>
      <bergMammeyBifront stangedBlinkerAyyubid="161716" ominousCyanizeThisll="tentingRegilds180">
        <lossy>koppite</lossy>
      </bergMammeyBifront>
      <unbent algum="dirledApostem" miscutRefell="ashingCritFot">
        <rebobZillahsToppy>dobras</rebobZillahsToppy>
      </unbent>
      <spurlHemen walersProoferHaikai="clecheBursas">
        <baunMunt>75756</baunMunt>
      </spurlHemen>
      <compoteReeledJicara seraw="denaro">
        <pholasVarnaExta>kinkedLockout</pholasVarnaExta>
      </compoteReeledJicara>
      <effuses chambulBlizzResows="permissMerc">
        <casbahBellows>103894915</casbahBellows>
      </effuses>
      <theekBotels>
        <musetBairdi>pothersRanditeHazing</musetBairdi>
      </theekBotels>
      <grownupAuratedDopant yclepedBlurterPosh="hayrakePlumbicFeazed">
        <nonoic>30076265</nonoic>
      </grownupAuratedDopant>
      <juviteMeliaFloras>
        <stainByte>oversetJunc</stainByte>
      </juviteMeliaFloras>
    </biniou>
    <adurentCougnarUrs cerevisAlfuro="rummeryRumalMongoe">
      <douseMaestroAbidi>stayerSthenic</douseMaestroAbidi>
      <plu ammiral="socCardersSinward" slurSeedersAmbeers="apteryxPiet">
        <garrot>medinoSandalDoa</garrot>
      </plu>
      <vowsonGlaiveBoos kininZananas="pudsy">
        <tuffetZuludomDehors>48</tuffetZuludomDehors>
      </vowsonGlaiveBoos>
      <enraged>
        <glaceed>pinfishPellock</glaceed>
      </enraged>
      <forcerHilda neaten="crakowIsidium" jacaminWraist="quasses">
        <outkickChinles>balcone</outkickChinles>
      </forcerHilda>
    </adurentCougnarUrs>
    <valisesMurlack>
      <updo>yearock920</updo>
      <tideAraban tsunamiTalipotAttache="solates" farce="375645">
        <pothers>91837</pothers>
      </tideAraban>
      <mozetta>
        <mekbudaSantols>pineta</mekbudaSantols>
      </mozetta>
      <fleak>
        <sergingWhippaTernion>volpaneGuildicPoney2</sergingWhippaTernion>
      </fleak>
      <ratfish>
        <mintersPommado>585</mintersPommado>
      </ratfish>
      <tobiesBonnwis afridi="raob">
        <misfallRiskers>41721063</misfallRiskers>
      </tobiesBonnwis>
      <ejecta vexWheep="12">
        <railing>cubicly</railing>
      </ejecta>
      <chayotaMuddier>
        <pavoneRidotto>provect115</pavoneRidotto>
      </chayotaMuddier>
      <kinneryAeonicLayfolk>
        <tigerly>rococosStolistKroo</tigerly>
      </kinneryAeonicLayfolk>
    </valisesMurlack>
    <linne>
      <maam>entete26</maam>
      <tanakShipway pulserTypey="75015773" uncrateTraits="upslipAimed3320">
        <herBuyides>molvi</herBuyides>
      </tanakShipway>
      <tostonSnipedDerride upbid="365354054">
        <ecurie>gawkishHeilyWriest</ecurie>
      </tostonSnipedDerride>
      <mincesCentile unbraze="stropheBongosNegro" karatto="dizaineStemaPuttee">
        <elanceLouty>panicsCorvinaKeefs</elanceLouty>
      </mincesCentile>
      <sporeSandakGwantus wharpButtingCheep="56979440">
        <haywardBalija>simplexSlewer</haywardBalija>
      </sporeSandakGwantus>
      <plaitsCerilla>
        <darkish>avarishAruke</darkish>
      </plaitsCerilla>
      <baloo>
        <jarbirdEmbacle>sollerCrimperFury96</jarbirdEmbacle>
      </baloo>
      <outspat>
        <naywardPembina>jerboa</naywardPembina>
      </outspat>
      <glaumBathos elmsMochica="gemmaPopeanShily">
        <trivatCleomesCowbyre>walks</trivatCleomesCowbyre>
      </glaumBathos>
      <jagged>
        <hoopingJuraAgeing>dossil</hoopingJuraAgeing>
      </jagged>
    </linne>
  </southedAdrent>
  <cakileBoundlyKaama>
    <eelcakeOpposed>
      <gangionEpigneLindies>myelomaPernine</gangionEpigneLindies>
      <birdmanBrinded>
        <lethalsTrubu>mohism</lethalsTrubu>
      </birdmanBrinded>
      <vakeelCartwayMannish>
        <lunelCradleKetipic>602082583</lunelCradleKetipic>
      </vakeelCartwayMannish>
      <cavedDefangCoaxal>
        <nigglyFovealSkitter>bumph</nigglyFovealSkitter>
      </cavedDefangCoaxal>
      <bursar techedBakaleiNayarit="kimmoDosserTuarn" devises="hyoid1">
        <doli>morena</doli>
      </bursar>
    </eelcakeOpposed>
  </cakileBoundlyKaama>
</tranFilo>