<?xml version="1.0"?>
<seraya>
  <sammerStuddle moanedBraces="louluHunterDoddie">
    <mesost awkly="3422143" pamsIonistUrgeful="cunniReviledUnlinks6" asperlyCath="scowlAmbulia">
      <ambledTwitchy>billParodusAmla</ambledTwitchy>
      <niyandaZebrula conksAppius="abatis" girdler="venuesGreggNaging">
        <empaperNayaurReb>701316775</empaperNayaurReb>
      </niyandaZebrula>
      <acana>
        <urediaBouquetGunnung>rebabDum812</urediaBouquetGunnung>
      </acana>
      <malleiOgled herb="lucencyHeurekaWedels">
        <calxHardingPostage>4630</calxHardingPostage>
      </malleiOgled>
      <wawled>
        <foraRullion>cavia8568</foraRullion>
      </wawled>
      <unmewedLoadumResin mysidae="dabbyAntrin" scurvyEarBeg="ghouls2357">
        <loquatFrizel>3304</loquatFrizel>
      </unmewedLoadumResin>
      <trapezeBabion quieta="typer">
        <cacksPiaPradeep>dunnock</cacksPiaPradeep>
      </trapezeBabion>
      <mekiltaStaple twirps="scabridErotema">
        <immixes>shellerIonizerFronter</immixes>
      </mekiltaStaple>
      <oxetoneShine>
        <heathsBiotype>buggeryPokomo</heathsBiotype>
      </oxetoneShine>
      <badchan>
        <whackedGranthiClef>327463224</whackedGranthiClef>
      </badchan>
    </mesost>
    <peucylDappleGilver>
      <jokersDisomicMossier>synergyRaucityCrags977</jokersDisomicMossier>
    </peucylDappleGilver>
    <edited jaspoidBlaverIlea="wantful3147">
      <meebosMelagra>790416650</meebosMelagra>
      <incasedTammock hyp="alpacasCoumaraLak" diaplexDrukpa="axonic">
        <raveledLuteciaOperate>1637</raveledLuteciaOperate>
      </incasedTammock>
      <penariaShelves>
        <rashfulUnbowed>surnap</rashfulUnbowed>
      </penariaShelves>
      <feezes nayward="naiant">
        <chilion>toxoidStalder</chilion>
      </feezes>
      <dakotas shote="784">
        <cleanlyPeel>hartsPhoby</cleanlyPeel>
      </dakotas>
      <caonStapleHeartly dubheMuskone="fallout">
        <totten>ounds</totten>
      </caonStapleHeartly>
      <koppa serraeThwait="opata7647" tendantHoarier="queens">
        <piaristToxylon>minbar75</piaristToxylon>
      </koppa>
    </edited>
    <packersBanged>
      <paliestGrayishIodated>sumphyNews6759</paliestGrayishIodated>
    </packersBanged>
    <goosyTangly>
      <fakeer>taurite</fakeer>
    </goosyTangly>
    <mincy inquiryJalapicClatchy="rechantAdreamtTrade9665">
      <russene>2026683</russene>
      <yokeWairingRebob dejeuneMalope="cotansEngirds">
        <sophian>scytaleRibesSaxonly</sophian>
      </yokeWairingRebob>
      <angstsVarved>
        <banners>unbentIiwiCarped63</banners>
      </angstsVarved>
      <keyPapally shoutsCrin="708">
        <sangasTwain>unlocksGowanyWagtail</sangasTwain>
      </keyPapally>
      <laps hainedDsp="amove" scratWahooObtrect="277137685">
        <domn>vulpicPatrick</domn>
      </laps>
      <alkenesCoction gers="435603" gemotes="215976914">
        <ocheredCoakum>valClobber</ocheredCoakum>
      </alkenesCoction>
    </mincy>
    <pludTogs>
      <nebrodiKwarta>8</nebrodiKwarta>
    </pludTogs>
    <betas>
      <koibalCapuanGleds>uhs</koibalCapuanGleds>
      <myogenNeebor arleLuring="hartail" girliesRouesIncant="birma73">
        <whatreJarfulsHophead>moray</whatreJarfulsHophead>
      </myogenNeebor>
      <savinSunni deicateCleomeArmseye="kodakrySundews" koolahBenomyl="supputeDoddNies">
        <foraDraftee>782</foraDraftee>
      </savinSunni>
      <serrageSara mxdBescurf="recheatOftlyGuarish" hepaticCotch="yustagaPeriapt">
        <sightyMourne>adipsia</sightyMourne>
      </serrageSara>
      <adreamAztec epinaoiCadmiaMeselry="yamphHocuses" abodeMinetteMolify="bythLathery9">
        <psuedoUnlinkClarre>ostlersAbuzzUnglaze</psuedoUnlinkClarre>
      </adreamAztec>
    </betas>
    <orgasms>
      <masseAcidsTonto>hasletHauntedChinik</masseAcidsTonto>
    </orgasms>
    <nosyFaffle adoptedFleasErsatz="nullity6389">
      <doughtyHulkUranin>hirse</doughtyHulkUranin>
    </nosyFaffle>
    <sicca requinElogy="unfatedPultonPiecers">
      <bargee>scrawm2</bargee>
    </sicca>
    <bunglerKickxia ludgateUlnadMennuet="trovers" cower="phocidBeele" didicoyBeshow="8173">
      <cantersApposer>wea</cantersApposer>
      <sulk hookierOutawed="kivas" luciferWadi="404893">
        <aoifePyoid>5012</aoifePyoid>
      </sulk>
      <coapts>
        <facesUnsmokyUndean>leukomaKumharSarks</facesUnsmokyUndean>
      </coapts>
      <unwed bastile="antibugLidder" folioseHurrah="bardlet">
        <sty>3959</sty>
      </unwed>
      <graverDuffles>
        <virasonGonophsBeetles>beliefCunyieAbacaxi</virasonGonophsBeetles>
      </graverDuffles>
      <exultsTooartSow pyrgomTamersRelast="bosomedQuaw" ichulle="acrawl">
        <spignetNations>phosis</spignetNations>
      </exultsTooartSow>
      <loggishTumphyOdic>
        <fitchyLagginsCupping>rojak</fitchyLagginsCupping>
      </loggishTumphyOdic>
      <plaidsOsmiumsSmartly guardeeBemoat="nicobarBotfly326">
        <spathesImpugnKotower>sabrinaSighterAmiably</spathesImpugnKotower>
      </plaidsOsmiumsSmartly>
      <upheldLiteral sewing="isaacHaresWont" pennon="tecture6">
        <talucheExtruct>719</talucheExtruct>
      </upheldLiteral>
    </bunglerKickxia>
    <papoulaGanza>
      <tanists>monikerCopulasSevere</tanists>
    </papoulaGanza>
  </sammerStuddle>
  <groutedFoxtail skep="nowaysHui39" />
  <payrollGillot flewsRamesh="zeuxianGribble" />
  <teutonScreamy belatePinacol="mymarid">
    <failsDenotesIndols>
      <smilyBanquo>capes</smilyBanquo>
      <cupiubaLilacin product="slutchFrsiket" bigateDouraWeason="staupKaes">
        <beatee>secular</beatee>
      </cupiubaLilacin>
      <imbargeMoonlitEnplane>
        <roostCustard>topsmen256</roostCustard>
      </imbargeMoonlitEnplane>
      <bestoveCharrasApay spath="reemishSortita">
        <reworkRefry>quattyWombsBakongo</reworkRefry>
      </bestoveCharrasApay>
      <fremdly botone="liles" neckletNuncDumka="busaos">
        <padou>punUrnalHormos1</padou>
      </fremdly>
      <laisseBottles>
        <iodizesInfer>graphedReedenStucco</iodizesInfer>
      </laisseBottles>
      <delays thunorRatatatCarvers="iridianFrilly2" racers="45813371">
        <myriad>tokens</myriad>
      </delays>
      <swathesUntentySornare>
        <grigsUnbledScrunt>scraigh</grigsUnbledScrunt>
      </swathesUntentySornare>
    </failsDenotesIndols>
    <galleyLondresEncl cebidaeBendyCroupal="cyrilla" pradCristae="9" sersChazyGurneys="squeald10">
      <teetingRastledApertly>tunisiaNinja</teetingRastledApertly>
      <scapHaha agleaf="3085688">
        <sabaAteles>bluesSeabagRappees</sabaAteles>
      </scapHaha>
      <pallingBaubeeCrosser>
        <jeamesOutgun>braced</jeamesOutgun>
      </pallingBaubeeCrosser>
      <coventLake>
        <carannaTibet>mooress</carannaTibet>
      </coventLake>
      <trysterGilgulSeabag soleyne="presoak8" taxiwayAuetoMongst="51193044">
        <frothiVogues>apolarDawsSlud957</frothiVogues>
      </trysterGilgulSeabag>
      <pawnorChatted>
        <pluffyPteTaxon>finnac9</pluffyPteTaxon>
      </pawnorChatted>
      <jowerTzar shamusDidact="admoveItali">
        <admetus>goodyOccurs</admetus>
      </jowerTzar>
    </galleyLondresEncl>
    <garoteDelta preveneButic="whorlsDemoses">
      <tidifeBulkageDialyze>338726</tidifeBulkageDialyze>
      <patas shamalo="18360" serenedPetary="5517284">
        <flavorMuniaThiazol>attackHoisingArum</flavorMuniaThiazol>
      </patas>
      <nevel cyder="nebulasEstrifFigent">
        <liniya>8</liniya>
      </nevel>
      <topwiseCrouth>
        <cacatuaToutersShunts>eulytinKatIgnites</cacatuaToutersShunts>
      </topwiseCrouth>
    </garoteDelta>
    <uploadsScarab>
      <coning>mellayArcesEspanol140</coning>
      <hutlike teredoRescuesPulli="733791" haulseRhatanyTelurgy="bottegaManuresRoxy">
        <leosEaselTweese>chinookSeeingPompeii</leosEaselTweese>
      </hutlike>
      <pieridZelatorArctiid dourahTurquet="kerewaForeuseIndabas2">
        <hallexPyrexiaTelexes>sural</hallexPyrexiaTelexes>
      </pieridZelatorArctiid>
      <minsSeggars>
        <katcinaMethidHoggee>zonulaeCabaretHoudahs</katcinaMethidHoggee>
      </minsSeggars>
      <blore>
        <coseTaoists>sunnism</coseTaoists>
      </blore>
      <typicaEonsTean sarkfulOculistPanton="gestaltSahidicGoller">
        <frogmenColet>hatsful</frogmenColet>
      </typicaEonsTean>
      <festineSemmelKaratas fasheryWitbooi="eyey13">
        <ephraim>vanward64</ephraim>
      </festineSemmelKaratas>
      <quadsGudReflow precZincoid="batsterTeadishSubtype93">
        <dienes>ripsawsPlies</dienes>
      </quadsGudReflow>
    </uploadsScarab>
    <daunterChummer>
      <citadelAtik>apicadNoesGrout</citadelAtik>
    </daunterChummer>
    <vivosHaesGrayed>
      <mightsCrouseCantare>bobbies</mightsCrouseCantare>
      <gobioMaralDeadmen longfinUptrackHovered="orgyia">
        <wallman>thonSausageFoolify5</wallman>
      </gobioMaralDeadmen>
      <sprainsConcuss tailorHerdic="recitChubsNaomi31">
        <netts>zabermaKlino</netts>
      </sprainsConcuss>
      <paeony inlaikFountsAtomies="6138" jakeyEggheadFormel="prichFalla">
        <creededGundyChloryl>burlapsJagrasPapilla</creededGundyChloryl>
      </paeony>
      <leantEsopusShiah dogfishToxotae="nylgauThingal650" sanggau="middensGrislyBubble">
        <beshell>92106588</beshell>
      </leantEsopusShiah>
      <adoptsGrigsRatings>
        <ahmadiRefelt>dowser</ahmadiRefelt>
      </adoptsGrigsRatings>
      <barcasRandal tenture="geastRattierThynnid" martinsWabiShackly="unitize">
        <stomachMarangCubdom>cohueChieflyAbbest</stomachMarangCubdom>
      </barcasRandal>
      <dinarVellumyRelined>
        <fourthCedarsDuchery>hornist</fourthCedarsDuchery>
      </dinarVellumyRelined>
    </vivosHaesGrayed>
    <quaedamUnblock evokedIvyweed="eupad58" beatifyNegaton="minoizePapaya" majos="approWaky">
      <redwud>2753</redwud>
    </quaedamUnblock>
    <jowerLinariaInterim>
      <thulias>senariiUropodsLapis</thulias>
    </jowerLinariaInterim>
  </teutonScreamy>
</seraya>