<?xml version="1.0"?>
<soupledElapheWaggly>
  <marciAddedly bossily="dimyary" condogHumeri="molls" renovelCravatCyclist="633050">
    <duffing>
      <glunchOrchic>kadmiOcyte</glunchOrchic>
      <wendingDurrs siliceaEmydian="1067">
        <pasmo>imideMoireThicken</pasmo>
      </wendingDurrs>
      <payably neuricAsaphid="98915465" gustedRebox="jungleAnendSpaver">
        <diego>ulmin</diego>
      </payably>
    </duffing>
    <grig sarcine="bleck" picoryAirways="988" trepansReplantEstamin="ampJoying261">
      <txtDace>swackMolmenSauger828</txtDace>
    </grig>
    <dustin barbels="palingZarpDonnie2" pimploeBecco="33059454" papilla="blueing">
      <scut>goldingCubes</scut>
    </dustin>
    <benemptPositedBroddle glossGenevaPumelos="stanlyIceniBogle">
      <mirkerFichus>639171</mirkerFichus>
    </benemptPositedBroddle>
    <lapilliLotta singledOakmossGeebung="volostsNonaidUrge">
      <porkinRohun>fluffed</porkinRohun>
      <halloedIonical>
        <pleurae>cuve</pleurae>
      </halloedIonical>
      <yeggSraddha urinary="upbeltAbyingMawky" cpsHurryTeil="garranDebowel">
        <outsert>meilerLurer</outsert>
      </yeggSraddha>
      <stainer tainosChiaveWoolder="olivaEfs" kielCochleaOthmany="urodeleForswat">
        <mundariVaguio>meowPlated</mundariVaguio>
      </stainer>
      <flyboat>
        <shinersImputerPodger>roods</shinersImputerPodger>
      </flyboat>
      <cobalt>
        <chamalSalet>103769908</chamalSalet>
      </cobalt>
      <utas mavens="distaffBunrakuScuppet">
        <piscianBrothe>431358</piscianBrothe>
      </utas>
      <dheriIsologyPulpar>
        <nibungUndriedButt>furanesPodzols</nibungUndriedButt>
      </dheriIsologyPulpar>
      <ceruleBestud syrmaAppallRegrede="rhymistFiverAgogic" decafidMislike="armerPortedGoliath">
        <elverBasis>remergeAnguinePeon39</elverBasis>
      </ceruleBestud>
      <ailsyteAmbryCandied prutNanniesRomeros="gabionsInlier">
        <festiveJanitor>egalArchdCarates</festiveJanitor>
      </ailsyteAmbryCandied>
    </lapilliLotta>
    <drawrodCorupay>
      <pinchedNonoilyAgrace>vasterTierras</pinchedNonoilyAgrace>
    </drawrodCorupay>
    <fogman>
      <ouyezdBiabo>litiopaPirangaAileen</ouyezdBiabo>
      <benchesToprailRaster mudlandUnwell="asteism">
        <reisner>kaserRhineMyal</reisner>
      </benchesToprailRaster>
      <embuskClimb>
        <ctenoidSlimier>lammBblsHoldups</ctenoidSlimier>
      </embuskClimb>
      <attests headmen="eskuara" wagers="spleens">
        <subgitDeadpanRondeau>equilinJocular</subgitDeadpanRondeau>
      </attests>
      <lepridDizens bushedOllas="coracleVoiderChorook1" yorkersBuckone="croupsStawMev8630">
        <busketDetroitTipsier>monocot</busketDetroitTipsier>
      </lepridDizens>
      <darkReakAdrowse dispost="palayan" plaintsRimpiCham="4">
        <replicaPone>666948210</replicaPone>
      </darkReakAdrowse>
      <riggotAshweedCool slit="warble" stuppWicks="pomsterSprees">
        <semichaEpoxyDamper>chromyRebidThos4</semichaEpoxyDamper>
      </riggotAshweedCool>
      <snakingAureal>
        <bumpersForciteOutlash>lardingCamoisCoiffe332</bumpersForciteOutlash>
      </snakingAureal>
      <veauPaneled>
        <smoochyAuroraFucused>batboyPrinted</smoochyAuroraFucused>
      </veauPaneled>
      <assesSteerer urinalSortly="revestsMuette6">
        <financeCanneryChicos>bengalAntiSaiid</financeCanneryChicos>
      </assesSteerer>
    </fogman>
    <elderly whambleSermonCondos="juggleStudderLieder" odourAvital="acktonRenn">
      <bemeetDuctedAgent>scope</bemeetDuctedAgent>
    </elderly>
  </marciAddedly>
  <jamaica clast="sloidsThunorGriphe" deciareCataria="yaoVacuumClites" />
  <ketene taupesGuddled="odz" choragi="83118" jogglyToweled="mizzlesWracker" peg="mazer">
    <squarkSocies hyllusPumasBecrowd="plebian" lobsEndship="unsets">
      <login>distomaSighten</login>
      <mankyPedants justerWinoes="krooni" cassias="anoaHonking">
        <gigglesBrokingGoglet>turtlerGewgawy</gigglesBrokingGoglet>
      </mankyPedants>
      <payongUpbreak>
        <jummaAbodedOutlast>4681918</jummaAbodedOutlast>
      </payongUpbreak>
      <geobios ordureImmovedClasps="unhoned">
        <pinocle>anattos</pinocle>
      </geobios>
    </squarkSocies>
    <odeonsAltin bianchiFettles="onery">
      <bokomCaitifRhodite>crotons</bokomCaitifRhodite>
      <orreryShoed>
        <promptsHanse>vendisBulbine</promptsHanse>
      </orreryShoed>
      <potternTrfGoave unsonRubbledBided="epeusDionaeaPaquet">
        <huddlerGeranin>kithUptrill6</huddlerGeranin>
      </potternTrfGoave>
      <scherzo>
        <juridicCinches>weaSiglum</juridicCinches>
      </scherzo>
      <trowaneAtmidMissis artletFlasksGuiser="abitibi">
        <musardNeuronMetre>hyposShinier</musardNeuronMetre>
      </trowaneAtmidMissis>
      <shoppedAscriveZelkova>
        <balsamo>linneonEqptHash</balsamo>
      </shoppedAscriveZelkova>
      <boatLeant>
        <shoaled>ratinesDracin</shoaled>
      </boatLeant>
      <saigasLichtsTwins>
        <yadava>shaheeCobaltsUmberty</yadava>
      </saigasLichtsTwins>
      <tumefyTallote>
        <gooderLucilia>footlerRattenXctl35</gooderLucilia>
      </tumefyTallote>
    </odeonsAltin>
    <ugliest>
      <intraitCroShowoff>caecaFulwaAerobia338</intraitCroShowoff>
    </ugliest>
    <acheckMeropia>
      <hashabiLadykin>cloture</hashabiLadykin>
    </acheckMeropia>
    <sleekerSmallen>
      <stroupMealilySound>gadders</stroupMealilySound>
      <degPeewitsHearing>
        <mikrkra>scaurieSpelder</mikrkra>
      </degPeewitsHearing>
      <echoeyAbbassi violentStyany="tacesDowlas" tempersOutring="1791080">
        <gardyDebitsFosse>9730690</gardyDebitsFosse>
      </echoeyAbbassi>
      <lordomaAccuse enteron="filix" are="puddingAgnes">
        <sinsigaBoaster>32823</sinsigaBoaster>
      </lordomaAccuse>
    </sleekerSmallen>
    <torsel>
      <mutusViews>sounderPiroque</mutusViews>
      <gangsNantle>
        <bagpodCaderePrionus>81996896</bagpodCaderePrionus>
      </gangsNantle>
    </torsel>
    <jeu>
      <dyelineVerutaVase>lazarly</dyelineVerutaVase>
    </jeu>
    <swagged eidosChulpa="eventsDasiYodh" bumming="replumMuckilyBroad897">
      <colonicCancers>sparPuked</colonicCancers>
    </swagged>
    <denaro>
      <ruleGoddingCouxio>2</ruleGoddingCouxio>
    </denaro>
    <fells canones="crutchStoogesSabia">
      <yobboesRantizePothers>veniam</yobboesRantizePothers>
      <repinEthical petalia="liminaNovenae" newsfulChirper="709">
        <dirledMonic>8727786</dirledMonic>
      </repinEthical>
      <stolon simpers="parvise">
        <graphedEgadBorrow>9931</graphedEgadBorrow>
      </stolon>
      <mangelFermail pooler="laziedEdge">
        <tiam>983</tiam>
      </mangelFermail>
      <smaragdCleatClothed hinoid="hauteinAvantiWochua">
        <helleltDanda>sagapen</helleltDanda>
      </smaragdCleatClothed>
      <datablyDubbed map="cabalRumnessMasais" dronel="fougue">
        <gallow>botaNitrite</gallow>
      </datablyDubbed>
      <elbowyRitusCherely gelidKaury="ribwortMasaris" unsakedNocturnToftman="saho">
        <klepticShikarsSpatted>423522</klepticShikarsSpatted>
      </elbowyRitusCherely>
      <unmade snoops="nonetRadford">
        <cony>fanniesPecked</cony>
      </unmade>
      <darwesh>
        <stythe>heres</stythe>
      </darwesh>
    </fells>
    <senalFormicaMiscued>
      <stilty>dimity</stilty>
    </senalFormicaMiscued>
  </ketene>
  <unwillStowage bloc="slavishKalifsBeige" orogenDemeansYech="bezetta" emerasIcarianToiling="macucaUnfixtMotivic" urgeOjibwaKee="lakesLepiotaBepride">
    <duncishBaywood>
      <bedelsDreamt>93317512</bedelsDreamt>
      <arborer>
        <veneerSubdeb>72345</veneerSubdeb>
      </arborer>
    </duncishBaywood>
    <loudly sawflom="ganoidsColeur">
      <pileateNonslipShares>rifiMatzosArchy</pileateNonslipShares>
      <cantutaConcherCabby>
        <peckledFerijeeSelfful>673691</peckledFerijeeSelfful>
      </cantutaConcherCabby>
      <pavisesGrinnyCatwise margeTyranniKaki="willey3297" pawnsTrfXyloses="anburyStyful">
        <bollixAncylusPonto>35199259</bollixAncylusPonto>
      </pavisesGrinnyCatwise>
      <tawaLampate honky="mockageEmberKonseal303" unevenMewerCrang="3008">
        <vaginaeRoughedLeppy>uncinctWaltzer</vaginaeRoughedLeppy>
      </tawaLampate>
      <guanare>
        <pyocyte>479014</pyocyte>
      </guanare>
      <caelum>
        <unlinksLocatesMadrone>anglerFarmout</unlinksLocatesMadrone>
      </caelum>
      <lohockUncolyHolly dartedCheddarWintry="aracari1" tabular="bittor">
        <emits>splenic</emits>
      </lohockUncolyHolly>
    </loudly>
    <pedal worsesToddNevus="783014150">
      <nutting>zenickArtwork</nutting>
      <belgaMaugh>
        <ogam>kookriPtelea1</ogam>
      </belgaMaugh>
      <actorCageotTripper>
        <dudman>103716157</dudman>
      </actorCageotTripper>
      <crouteExciple adduceBegats="tsarsSnurpElaine" picaeMorphoBiforin="embodyLogchip">
        <ingenieErodingPolesaw>spig</ingenieErodingPolesaw>
      </crouteExciple>
      <elhiDrumlinMarian bannetsTapuyaLyses="goopWooKosong" gettingSilkedQuezals="645505">
        <bkt>pucciniMawsieBundeli</bkt>
      </elhiDrumlinMarian>
      <darksum usque="cicero" bravoesCovido="7">
        <isnDudleyCumbha>9090884</isnDudleyCumbha>
      </darksum>
      <carolus>
        <bleu>dentelEphebusScolded99</bleu>
      </carolus>
      <gled tostaoSmother="eclegmaWongaraSnitz">
        <imbruesAnklongChatter>sweepupGrandadArbour</imbruesAnklongChatter>
      </gled>
    </pedal>
    <carratSugisPilaff>
      <almiraSpiring>totalsDrailZabti</almiraSpiring>
      <coinageAnilau baluchPaluliEild="cowishGony" evilsLords="hinoidTiedog">
        <druid>debeak</druid>
      </coinageAnilau>
      <nymphetSoupfinBallot>
        <faddishJoon>crome</faddishJoon>
      </nymphetSoupfinBallot>
      <nowderMandrelBliny>
        <hirsuteTatther>palisfyCriss833</hirsuteTatther>
      </nowderMandrelBliny>
      <insulaeValetAbacaxi laglastWynds="solfge" mochy="cokeman48">
        <howadjiEgoism>froskJonglem</howadjiEgoism>
      </insulaeValetAbacaxi>
      <yabby unwiserMatchyLipopod="abigail" thouedEras="grabmanFordone485">
        <tommerTrepanSparsim>9103</tommerTrepanSparsim>
      </yabby>
      <woodcoc trachea="bdlZincizeMelas">
        <fakirsVenustyAuftakt>paeony5867</fakirsVenustyAuftakt>
      </woodcoc>
    </carratSugisPilaff>
    <pushrodEunomiaStocks>
      <roam>shaker2091</roam>
      <shavieVeld listenGargolAgamic="infieldSoulsCarnary">
        <juergenDealsIncipit>6711</juergenDealsIncipit>
      </shavieVeld>
    </pushrodEunomiaStocks>
    <bainite>
      <comdrDewclaw>slunken</comdrDewclaw>
    </bainite>
    <robertoScomfitSlurped>
      <pataria>landmanPellianAtemoya</pataria>
      <derailsLorosSarge>
        <scarifyCherelyLeashes>reheatsEmptive</scarifyCherelyLeashes>
      </derailsLorosSarge>
      <pathwayElliot flamLieuCadis="6">
        <garotedFences>chibcha</garotedFences>
      </pathwayElliot>
      <hemmers>
        <buddersArval>ravines</buddersArval>
      </hemmers>
      <huzoor likePulik="bunkedAgenize">
        <babbledSopDrowse>axfetchHamburg</babbledSopDrowse>
      </huzoor>
      <titmall noteMuguet="3836" unioidRhizine="tactite">
        <dither>subfuscKrivuPatacas</dither>
      </titmall>
      <arisardFleying>
        <glossaeCrystic>epitelaMelling</glossaeCrystic>
      </arisardFleying>
      <cajava>
        <nybble>860551585</nybble>
      </cajava>
      <chandi awfulDues="uptownsSetpfxBosniac" unbury="nanoidSwackenSwoosh13">
        <garbedNailyFrats>befilth9</garbedNailyFrats>
      </chandi>
      <polleeLininModular linaloaMahiMolet="zirak">
        <cimbricEitherDelph>souffle569</cimbricEitherDelph>
      </polleeLininModular>
    </robertoScomfitSlurped>
    <mulatto>
      <tweet>onsightBakshis</tweet>
    </mulatto>
    <drury kationPause="leniticLoessicUnharsh" sepFolacin="eperua269" laiser="drylyGezerahDroll90">
      <plaicesEdamManred>61006</plaicesEdamManred>
    </drury>
  </unwillStowage>
  <gaolersLeacher />
</soupledElapheWaggly>