<?xml version="1.0"?>
<apinchSouths>
  <boldenZippy shapsChitraFettle="614831" provisoTopcap="tytheStarchyLepidly" unifaceOarmanBondon="bobletAxisesSubaqua">
    <beshearJaguarDoiled hypothHypoxia="494" uphillSudamenScraye="tunisiaPandectPotpies">
      <scupperOverbig>322464843</scupperOverbig>
      <zonallyPrinosSkeen>
        <brome>15934315</brome>
      </zonallyPrinosSkeen>
      <maror parsismDupping="koppie" wombyMutismCohosts="culvertUntrussAten">
        <saulge>4519</saulge>
      </maror>
      <qerePinhookMedaled tozerUralian="tsantsaMullahsGliadin">
        <hugerSaladeNocuous>incan</hugerSaladeNocuous>
      </qerePinhookMedaled>
      <majestyFinale jagir="61">
        <forth>neighsTentedNomap6</forth>
      </majestyFinale>
      <pinyinSiphons hooted="eweriesMullarLine9515" brimse="guidedShluh">
        <sparoidDrave>waspen</sparoidDrave>
      </pinyinSiphons>
      <comic unhelerRotatesGrafts="darnixOrangesSarwan" liveyer="4208503">
        <boweledCoehornApieces>umbels</boweledCoehornApieces>
      </comic>
      <tubbing doperIntwistPreyers="munseeMaunds">
        <purga>imbredLinalol</purga>
      </tubbing>
      <huluDalles formalPelfsCroute="smatterTeledu" brephic="albertKunkur">
        <brattieRewrote>saimNota</brattieRewrote>
      </huluDalles>
      <cachaza chiclyGlobKwannon="woningRoodLurked94">
        <choppyBombace>podunkDorkingJowery</choppyBombace>
      </cachaza>
    </beshearJaguarDoiled>
    <bear>
      <toreroTry>65</toreroTry>
      <brineResift slopersJiffWarnoth="gallicFamular">
        <erump>oupheMessily</erump>
      </brineResift>
      <mightsPurpureJudex>
        <woodyCadransBryon>pumpedEking</woodyCadransBryon>
      </mightsPurpureJudex>
      <sulungTuitiveGernitz spadeGasher="minuter54" pecklyLecyth="bhpSked">
        <nippersAssn>eolian</nippersAssn>
      </sulungTuitiveGernitz>
      <adawnUnflushDiscerp hyinglyDim="votableBacis2" sulpha="tearfulBumboat">
        <mangoroTitlesOvile>359999</mangoroTitlesOvile>
      </adawnUnflushDiscerp>
      <metalawMackinsHant>
        <dozy>creelCozingBonkers</dozy>
      </metalawMackinsHant>
    </bear>
    <cullasAxled smirkDuggler="oographXvii">
      <fluent>loteZymogenTweil</fluent>
    </cullasAxled>
    <brawnerTanadar arrival="908590" porousGaul="acosmic" fastlyBriquetWabayo="85700">
      <wagwagIsingCrying>222734</wagwagIsingCrying>
      <plicaeGelSucks>
        <bleatyFaunalConcuss>whapuku</bleatyFaunalConcuss>
      </plicaeGelSucks>
      <verdant mounty="rubbly" moolDecreer="lyings">
        <ovationJoutes>4986</ovationJoutes>
      </verdant>
      <whirledUnoped smurtleShookAssuade="fondled1">
        <kalian>31</kalian>
      </whirledUnoped>
      <kokoona beamersViennaElamp="environMylodei" meaniesHatbrimNolt="opsonin">
        <amusgo>fytte</amusgo>
      </kokoona>
      <yagi>
        <goliathEkes>kitty1</goliathEkes>
      </yagi>
      <arkab asarhPholasSumak="meindrePeptoneCompote57">
        <dagoba>tarrily</dagoba>
      </arkab>
      <baker>
        <mobed>hornyRaggedyAljama</mobed>
      </baker>
      <angwich giggerHalverGyrosyn="warpath">
        <romeoMump>ghurry</romeoMump>
      </angwich>
      <ascry>
        <conjureMojos>58879</conjureMojos>
      </ascry>
    </brawnerTanadar>
    <shafterLogicsFelafel>
      <feerChumSited>pervialCalvary</feerChumSited>
      <mormaerGoer>
        <retent>queryBullace</retent>
      </mormaerGoer>
    </shafterLogicsFelafel>
    <curdlerAmyclas>
      <unspellLakeletStria>hubbedStung</unspellLakeletStria>
    </curdlerAmyclas>
    <hornadaTaband>
      <kitschyEqually>stddmp</kitschyEqually>
    </hornadaTaband>
    <fornixAplace vault="glakyRobot">
      <refrozeOthelloCampody>savorMated</refrozeOthelloCampody>
      <rusine plummerAmvis="cwm">
        <hwanStiff>cheskey7082</hwanStiff>
      </rusine>
      <sprenge jog="acaciasBirlingHoyles" sheath="kerbayaFado">
        <hlqnWhereso>pirrBasculeBority5609</hlqnWhereso>
      </sprenge>
      <bocardoGarredPrecise>
        <gteauDobbyPsychon>cyrillaLinhaPlatier2</gteauDobbyPsychon>
      </bocardoGarredPrecise>
    </fornixAplace>
    <scleral vibexTied="kumaraBeatus" bakers="fireflyLooedLimbous">
      <vineaeUnamplyTinman>nardooApopyleFolkmot</vineaeUnamplyTinman>
    </scleral>
  </boldenZippy>
</apinchSouths>