<?xml version="1.0"?>
<dondineTears>
  <intendProcess pomme="saeculaOutdropOsella" chilean="ramule">
    <hullers altars="jelloBowtell" gulfedCacolet="7025806" pontinClaggum="agnusesMessans">
      <chevies>fitweed</chevies>
      <assisRiem pen="fusion">
        <chronalFogbowCrisis>stanjen</chronalFogbowCrisis>
      </assisRiem>
      <babied>
        <upsidesKhepesh>cruDossal</upsidesKhepesh>
      </babied>
      <gustosoTanega gleanedMalariaPsalmed="pointel" myomas="dribsCrimes">
        <hasherStalkoUntaint>rationsVerbousAptotic</hasherStalkoUntaint>
      </gustosoTanega>
      <graving andevoTumored="flop" balneumHailers="cakerLouchTwig8">
        <sizzlerVedikaBater>iridousFourier</sizzlerVedikaBater>
      </graving>
      <fusulas cayucaBarrel="starkleEncaveKildee" bossism="evicteeCordite">
        <leonidTrilabe>firepotNovum</leonidTrilabe>
      </fusulas>
      <tomsOuttoldMiscook yeldBiseMunchet="sporeJiggleTilaite" cobraSnortyAnent="86237">
        <reifEtchers>griftedRouts7</reifEtchers>
      </tomsOuttoldMiscook>
    </hullers>
  </intendProcess>
  <cottonsLobiped />
  <tinterSebilla />
  <charted>
    <whereinPravousTaproot>
      <knobbyShinier>doglikeTitmanEbbet</knobbyShinier>
    </whereinPravousTaproot>
    <resailsSowder>
      <remindBetwixtTermen>kahuSubrailAcrylic</remindBetwixtTermen>
      <fanfareAnfract bottsReboots="781" piingRewelds="8">
        <halmsMirishSkaff>maqui336</halmsMirishSkaff>
      </fanfareAnfract>
      <gesneraSealikeNorroy>
        <chesser>truestCanalisDaw</chesser>
      </gesneraSealikeNorroy>
      <gensengBaxtoneAgonize legatoRenegBoleti="bramiaGibliNeiper" tieGwagLaxity="80">
        <mauFrancic>arilliGarrons</mauFrancic>
      </gensengBaxtoneAgonize>
    </resailsSowder>
    <eserin>
      <chenier>thumpLarkish</chenier>
      <upshootCresyl meslenAvarsFemmes="maoriPhospho">
        <killock>allyingRibose</killock>
      </upshootCresyl>
      <sakulyaBillowLaking>
        <karela>rewaxEurite</karela>
      </sakulyaBillowLaking>
      <panningDividesScurry oncinAshineLifted="berceauFormes">
        <adeLeasow>782411853</adeLeasow>
      </panningDividesScurry>
      <orcanet stigmal="daracShroved" incubusHyoidalTabby="grubs">
        <officPuyaAlbireo>job</officPuyaAlbireo>
      </orcanet>
      <apidaePodeon>
        <izbaConcurYawning>bluegumPulparRatchel9553</izbaConcurYawning>
      </apidaePodeon>
    </eserin>
    <versifyWennyHepatic weanel="dylanFissionMovent" panakSteve="neuradMampusCamass" fretsStound="yon">
      <yite>heroinHandierChaguar</yite>
      <baloloLoaches rosaBoomyWeeded="tramelsAtropal471" mopesGibbousChapon="lascarsMeritedCanoing">
        <masher>6</masher>
      </baloloLoaches>
      <websterFoozleSlummer coughGemmilyBalolo="6938" calkins="kneaded">
        <tenline>miggs</tenline>
      </websterFoozleSlummer>
      <bugged>
        <ninonOvergunOvendry>sluedOutdone</ninonOvergunOvendry>
      </bugged>
      <gatedCaqueCopouts>
        <kingingSericea>moleismCanadaElding78</kingingSericea>
      </gatedCaqueCopouts>
      <secureTowiesStartly>
        <soogeeToastsCorcle>6</soogeeToastsCorcle>
      </secureTowiesStartly>
      <goniacAkhundSullage>
        <saris>tellenArt</saris>
      </goniacAkhundSullage>
      <abidedMonasaTamure painJeddingUndose="753" mobilePolicyNewel="2">
        <excipleJebelsMikveh>cornus</excipleJebelsMikveh>
      </abidedMonasaTamure>
    </versifyWennyHepatic>
    <teapoys>
      <knobble>7722885</knobble>
    </teapoys>
    <proratePubbleSacrary>
      <fulyie>27</fulyie>
    </proratePubbleSacrary>
    <sharply septier="plaitedWrigleyPapyr" daubersMiseClowre="8398075">
      <equinoxAquose>swedishWasatch25</equinoxAquose>
      <rentes outsitTeamanBigeyes="sita">
        <uncapsArghelDynamis>toluylsRegluedVarus</uncapsArghelDynamis>
      </rentes>
      <fayingGuide wornil="5753" indogenSpatium="poachyDoorboy">
        <muladiTaxingOftest>touringPrs</muladiTaxingOftest>
      </fayingGuide>
      <chirpyAbrasePshaws bockWabunga="molaMarm">
        <scaridRagmanHackers>andvari</scaridRagmanHackers>
      </chirpyAbrasePshaws>
      <hackneyPettahShacker pettilyPotateGlassen="bracon" eyey="suther">
        <radsDoling>skatCreeper</radsDoling>
      </hackneyPettahShacker>
      <aryanBaklawaUnarm>
        <smacksConfirm>semsemOwlishSmalts</smacksConfirm>
      </aryanBaklawaUnarm>
      <annetteVenture>
        <theta>dhoteeIsseiImpaler</theta>
      </annetteVenture>
      <upseizeGunungZees pausalPuttees="432">
        <wolofNozzle>mhos</wolofNozzle>
      </upseizeGunungZees>
      <achuas fog="stevenHoagies">
        <aroundAnguid>uaupeAgral</aroundAnguid>
      </achuas>
      <unstoreUngrandMakatea>
        <bondonSubtendArdu>bogoKavass</bondonSubtendArdu>
      </unstoreUngrandMakatea>
    </sharply>
    <seisedDwellPuisny>
      <alicant>chacunSilicic</alicant>
    </seisedDwellPuisny>
    <upcrawlSulliedSurmit>
      <loiterSlumsOreide>fundusCamataKoniaga</loiterSlumsOreide>
      <soddiesCircMadafu arisesBulgingRuffian="moppet67" dunite="bucksaw">
        <pref>shevelEniacBreva</pref>
      </soddiesCircMadafu>
      <animantRabatte suburb="unkissXerarch" adnounsFoetalUneaths="harbiBirlingDonning">
        <vistaed>snoringBeearnAlants</vistaed>
      </animantRabatte>
      <jalapsWatched>
        <shelfZoilist>fittest</shelfZoilist>
      </jalapsWatched>
      <asarone vaunt="thalaOturiaCroute5660">
        <dazeLigroin>loukas</dazeLigroin>
      </asarone>
    </upcrawlSulliedSurmit>
    <miranha blueysTelembi="unhaspTrapish13">
      <rehedge>ambagesLakke</rehedge>
    </miranha>
  </charted>
  <filmierLiquate jantuBipacks="kernes" episciaCoaler="51932270" />
</dondineTears>