<?xml version="1.0"?>
<guidingSwayed>
  <woadySlipup halters="xystusVifda" patinEwerPeptic="163" reedyArsons="flushyBathmanEntases" almirahPatineDevours="tritonMauler4674">
    <brulotAdorant hostels="geomyidMorabit673" stret="croon">
      <inblownRexMollie>unpapalKotowsAlphyls85</inblownRexMollie>
    </brulotAdorant>
    <mochyEddish>
      <taggingSouari>tugrikRidged</taggingSouari>
      <waffingDetray>
        <topic>faqirsMorriceRadar2</topic>
      </waffingDetray>
      <bookletCitola>
        <coth>syboWhummle</coth>
      </bookletCitola>
      <antonio pamir="atredeBallate">
        <mzunguMoulderLot>comptsDiploe</mzunguMoulderLot>
      </antonio>
    </mochyEddish>
    <kalasieTesta ombreFrankSlashes="recopyRedive23" pushoutPatin="ghizite" guePelean="bibbing">
      <isaiahSheikh>52703</isaiahSheikh>
    </kalasieTesta>
    <gustfulFabric>
      <catsup>neuterWullUnhinge9896</catsup>
    </gustfulFabric>
    <rutch>
      <ceasing>subdeanSpattee</ceasing>
    </rutch>
    <finises>
      <splurgeTriacidCarmele>keet234</splurgeTriacidCarmele>
    </finises>
    <narduUterus>
      <ingress>cessesFigging</ingress>
    </narduUterus>
    <alcaicAmidine>
      <dcaBeveler>outeyed</dcaBeveler>
    </alcaicAmidine>
    <debord peliasCozzesAlmuds="polsterBeakersOnfall" burierThracesReenjoy="7379403" geom="gouges">
      <dcbBouleVolute>cholers</dcbBouleVolute>
      <grimmiaWormish rout="tidiestSaucedKidders" hurdled="brasseGrabs">
        <anywayBask>inulinSwippleEgged</anywayBask>
      </grimmiaWormish>
      <dexiesOdiniteSnottie unpipedSlobFlook="dubash">
        <copaiva>javali</copaiva>
      </dexiesOdiniteSnottie>
      <diskedTombacGlumpy henny="gilia" hattery="gayatri3">
        <imprasa>diviRatify</imprasa>
      </diskedTombacGlumpy>
      <pagodHuloist>
        <miekAljamiaCotuit>cantateCharnuEwry</miekAljamiaCotuit>
      </pagodHuloist>
      <pinales heiau="lirasBiuneGreens">
        <osmond>86006</osmond>
      </pinales>
      <trompilSashay ooryMarmot="seughSensalBrocage" astateCytozoaAlmudes="worst8754">
        <colesBotchesAphonia>donnard</colesBotchesAphonia>
      </trompilSashay>
      <bionLesterTaplash>
        <beseech>spreadyMetopae</beseech>
      </bionLesterTaplash>
      <rovesTimbal brittenCoerce="54763767">
        <benzalZebeck>inhumes</benzalZebeck>
      </rovesTimbal>
    </debord>
    <netbushFlegm trantMidges="cuttingRabannaBinna" foundIkatUnray="blippedBoong">
      <nugator>topicsCochinOaths</nugator>
      <ekesHackled>
        <lacmusHognoseBetons>navahosNip</lacmusHognoseBetons>
      </ekesHackled>
      <khila polaron="261948" campBrickelUpdraw="faipuleCoding">
        <urnfulRefliesCharras>devonRhyming</urnfulRefliesCharras>
      </khila>
      <baretCyclopsPeladic jujuistRemarkLinable="peptizeWrenLith65">
        <cretionDusklyPurism>hegiraStoaImpane</cretionDusklyPurism>
      </baretCyclopsPeladic>
      <leetmen mittentWinevat="21842" sycock="examen3">
        <rugby>9159502</rugby>
      </leetmen>
      <chasmyHetericCrosby>
        <carcanWhiteys>438</carcanWhiteys>
      </chasmyHetericCrosby>
      <parlousPeuhl woolieAlo="grav" prutah="bitedFretsaw">
        <ughBossdom>danker</ughBossdom>
      </parlousPeuhl>
      <moraeaCestrum infixal="refriedSuratHoggy">
        <ambonesSetover>helenusHavens</ambonesSetover>
      </moraeaCestrum>
      <dirndls pocosinBirdmanFrawn="whallyShoerExurban" busk="teacupsFumousWocas">
        <vitrifyUnwarm>inca4</vitrifyUnwarm>
      </dirndls>
      <retreadLeadwayAlme gitalinJaphethSiskin="sweeny691">
        <cogitosNewness>unicum</cogitosNewness>
      </retreadLeadwayAlme>
    </netbushFlegm>
    <jibes lendingGnarrs="cordage" ambolic="lockletOphioidLimes8">
      <unbefit>novial</unbefit>
      <couvade slogOrant="todayShoneMoup">
        <hoidensWaylaidChalcid>fortify</hoidensWaylaidChalcid>
      </couvade>
      <idaeanStella>
        <muridsSavagerPondage>fingerKiakiPipes</muridsSavagerPondage>
      </idaeanStella>
      <warstleBurbles codas="coctileMagboteNiyama8903">
        <comalsVidduiDizzied>83153098</comalsVidduiDizzied>
      </warstleBurbles>
      <garrafa suralLangrelImmense="onlaid" sprink="rebote">
        <terciaBreakerFraming>gnarsNidderWhammo</terciaBreakerFraming>
      </garrafa>
    </jibes>
  </woadySlipup>
  <loupenRubible traist="tardoOphirIntisy108" bouncesBowpinSkil="tahaliChiamShrite" atoxicTrentalUnwwove="grays">
    <typicArundoBedrift>
      <kotoiteNanigo>catlineOilily</kotoiteNanigo>
    </typicArundoBedrift>
    <akongeGobelin tunisPristavNepidae="aspiresBlowupsNeuk">
      <karen>30</karen>
    </akongeGobelin>
    <yerBrevetHollers donisTrytBegoud="madnessNavvies" breveteClawsBaptize="emulge47">
      <poisers>519</poisers>
      <drapeClassy areito="athenor" blautokGrift="creachy">
        <nationsKaffirAmpler>fanwiseBehinds</nationsKaffirAmpler>
      </drapeClassy>
      <bleezyGablesDerog thorpesSaltishDour="onerateDemagogUnlead">
        <tuff>frot</tuff>
      </bleezyGablesDerog>
      <modemsBrinsRefeel jabber="oinksAnanterSeafowl">
        <clouKaftans>pickeeIdahoan</clouKaftans>
      </modemsBrinsRefeel>
      <upsidesCosignsCholler sunnud="shavieDepohUnfurl">
        <xeroxesFormingBoth>litchis</xeroxesFormingBoth>
      </upsidesCosignsCholler>
      <miniumsWarrty hoopman="edemasMamluk" upbyeCitableResoil="storey">
        <bideApprove>spenderMixing</bideApprove>
      </miniumsWarrty>
      <dasewe>
        <ebcascDespoil>hatlessDaubersDawt</ebcascDespoil>
      </dasewe>
      <kefirWifeismJessamy secsIrkStrome="252933363" sconcesSkimmer="clapperFigged">
        <heisterPeengeBakeout>pinonesFitterWiss5292</heisterPeengeBakeout>
      </kefirWifeismJessamy>
      <cithara>
        <toolsi>weekendTymbalsPinery</toolsi>
      </cithara>
    </yerBrevetHollers>
    <aortasGagedEnhort>
      <chafedOutholdClawers>derats</chafedOutholdClawers>
    </aortasGagedEnhort>
    <suaharo>
      <reglets>grayedIxodicWhizz</reglets>
      <vauxiteCutleryCloyed>
        <pussies>botanicDaikerGalvo</pussies>
      </vauxiteCutleryCloyed>
      <piratry reddUnlusty="uptideTwitUnguled" saint="toryfyMallusFordid">
        <silvas>aimlessYuksAvenger</silvas>
      </piratry>
      <noncom resellsPalingsTars="fetalLimpin">
        <purviewNewlyBerwick>milkily4965</purviewNewlyBerwick>
      </noncom>
      <wrasse resewedLigerOminate="87" toucheServe="bicorneGien">
        <admired>92783372</admired>
      </wrasse>
      <eratoTarrily sesbanTroozPurport="yeahBeeballSolay" beakedLushei="peeNote">
        <pungiesShuntsWartier>renegedJahvePlatans</pungiesShuntsWartier>
      </eratoTarrily>
      <whoreZeatinsBotcher>
        <merge>stytheCanelosHavage</merge>
      </whoreZeatinsBotcher>
    </suaharo>
    <yeniElysianTrendy necesse="snorter">
      <hospice>sclaterVoetHulloes340</hospice>
      <pompierFittageCupid>
        <acceTallol>rifledPlumula</acceTallol>
      </pompierFittageCupid>
    </yeniElysianTrendy>
    <curney triumfNibbler="cize">
      <hardieDominicValuer>hoarsenInkie</hardieDominicValuer>
    </curney>
    <wakiupMoricWavira>
      <ifintSlimmer>petalyEngreen</ifintSlimmer>
    </wakiupMoricWavira>
  </loupenRubible>
  <kareaoUnfrillBeak woomeraSestonLocker="palmeryHaggard56" bornite="21786">
    <behestsOlla>
      <bizz>alca</bizz>
    </behestsOlla>
    <bunks>
      <screeveBoastMetier>pollensNosu</screeveBoastMetier>
    </bunks>
    <scatheKetu>
      <rote>photom355</rote>
      <cheapo booniesPleonalDsnames="389058601">
        <baying>cakesVariantLimeade</baying>
      </cheapo>
      <trilloInrolAlvah poditic="8087">
        <regredeStuboy>inaugurNorth</regredeStuboy>
      </trilloInrolAlvah>
      <reeferAddieBaganda nabsWhr="arbourEagletGlar">
        <nashim>evitesSwellySinjer</nashim>
      </reeferAddieBaganda>
      <willbleUnlashPuno goolElatersHulloed="hedger">
        <vicesPocket>yarEnjoyedSnabby</vicesPocket>
      </willbleUnlashPuno>
      <succube harrow="sechiumYelped8226">
        <unfixAmbonesSuitor>kaftans</unfixAmbonesSuitor>
      </succube>
      <secoursPraoAlexine kinsmanFubsyTappaul="duceFenders" vitriteNonegos="88758734">
        <unfumedPostins>mayerCresyl5</unfumedPostins>
      </secoursPraoAlexine>
      <struckPhomaWawled hallockDanuri="sessaBds">
        <lexisArpentTripy>587990</lexisArpentTripy>
      </struckPhomaWawled>
    </scatheKetu>
    <paxilli>
      <whorry>monodic1</whorry>
      <tapeatsEmmenic>
        <rectrix>42887047</rectrix>
      </tapeatsEmmenic>
      <aimingVerdet waragi="whangedGentleVellums" gonadal="floutWoadyVenula">
        <banjo>grafferQuartet</banjo>
      </aimingVerdet>
      <arenoseTogated sykes="adawe" dagon="aims1">
        <furtiveSaccosForcut>480362654</furtiveSaccosForcut>
      </arenoseTogated>
      <baggierHeimdalRighty>
        <tintyGigolos>monsia</tintyGigolos>
      </baggierHeimdalRighty>
      <hulyTabellaTraduce actingsSprugScrank="victalPrelate" cabbiesBruit="johnin">
        <canyonsBauleahFlotsen>unstock511</canyonsBauleahFlotsen>
      </hulyTabellaTraduce>
      <clotYashiro>
        <marlyConchae>encodedCoropo</marlyConchae>
      </clotYashiro>
      <belgard camisa="slosherOveningCabalas">
        <chogakTimingsTickles>saeimaFawned</chogakTimingsTickles>
      </belgard>
      <brake>
        <asfastRefetchDeride>westersDislady</asfastRefetchDeride>
      </brake>
      <belaysPremixDehorts amuse="snell" signaryRayatBeclad="resultTracliaFeridji628">
        <sectismKeidSimuler>weederBegs</sectismKeidSimuler>
      </belaysPremixDehorts>
    </paxilli>
    <plenarySimnelsVehmic>
      <gillersLoosing>roaderAnychiaGams</gillersLoosing>
      <isopodaTriton sudsy="dorpsOratesFreezed" dollier="telTompon">
        <rekneadLdgBromide>knarle</rekneadLdgBromide>
      </isopodaTriton>
      <waggyIntitle umpires="larks81">
        <chaine>ureaseDolliaSnocker388</chaine>
      </waggyIntitle>
      <bodegonPashSahuaro moutanUncomeManches="ungeltKermessBhang" modist="mountyLeanest">
        <valuerAquas>slowup</valuerAquas>
      </bodegonPashSahuaro>
      <nebrodiAlrootShiller>
        <witlet>4</witlet>
      </nebrodiAlrootShiller>
      <hollockCentalsGhost kiotome="2009" aclinalPlage="8">
        <oppidan>60832128</oppidan>
      </hollockCentalsGhost>
      <sweertMeets mopery="privyPonzite9232">
        <cleanerBodierScrives>reshare</cleanerBodierScrives>
      </sweertMeets>
    </plenarySimnelsVehmic>
    <tattiedSanedCynips kilnedFreakEnabler="deenerWelters" whaukGad="shurgee" shrewdNeiSidlins="riped">
      <whollyNanniesOctdra>36051413</whollyNanniesOctdra>
    </tattiedSanedCynips>
    <hagweed>
      <rewrote>coloppe</rewrote>
      <laddishBandageLowder>
        <jackassTabisLogeion>551597</jackassTabisLogeion>
      </laddishBandageLowder>
      <cebidHiemate paramo="bickSunnasArank">
        <jupesAntirun>cystisPausesSoir</jupesAntirun>
      </cebidHiemate>
      <roach rimrock="7492">
        <curiateSquare>wastageWistlyHorsts</curiateSquare>
      </roach>
      <sliverHived stolae="dissitePinklyZeke">
        <ravenryRunnetRetrude>ooplasmKneepan</ravenryRunnetRetrude>
      </sliverHived>
      <dirtyAnight prinkerSkanda="thuocVeligerCanones">
        <truddo>shrabCariole</truddo>
      </dirtyAnight>
      <skivy phoneyTsarina="4">
        <myrmicaCavettoGospel>nowtheCrimWorral8449</myrmicaCavettoGospel>
      </skivy>
      <filthFeodSautree stook="tenso">
        <immitRanariaFissive>malmagDawkinPoodle</immitRanariaFissive>
      </filthFeodSautree>
      <saner ridgyGumdropGweeon="4158" krivuWitted="stagingDongola">
        <talking>4</talking>
      </saner>
      <allect shoyaIndict="63">
        <beadrow>waxVaguishSwimmy</beadrow>
      </allect>
    </hagweed>
    <schemer>
      <antjar>35037287</antjar>
      <waversDinersOviform chewingSargus="washierMisbedeBulbose">
        <affirm>flyblow</affirm>
      </waversDinersOviform>
      <etiquetPozVila>
        <freeby>52</freeby>
      </etiquetPozVila>
      <diuron>
        <reddySeizins>939</reddySeizins>
      </diuron>
    </schemer>
  </kareaoUnfrillBeak>
</guidingSwayed>