<?xml version="1.0"?>
<manocPilateDogblow>
  <brosyShillooArmrest hidersUsurp="thamesReplaysGavot" corditeTybalt="75054" foxerLarcin="98476487" ich="vernile">
    <asseourPopeyed>
      <anodic>boregat</anodic>
    </asseourPopeyed>
    <unstonyZemiismViands florae="worral" hutchedBerbersProbes="arenae">
      <becrawlJail>lokiecDrudge</becrawlJail>
    </unstonyZemiismViands>
    <awarnFraik>
      <boteinHippia>49756</boteinHippia>
      <positsKorah sordidAdheredPredark="palpalYellsSondage" kerniteUplane="957969">
        <entoireRach>catterSris</entoireRach>
      </positsKorah>
      <corersDiableCrammed>
        <tutorer>rewarn</tutorer>
      </corersDiableCrammed>
      <fourblePeglet patasGaveled="warsles" newestWaveys="bessel">
        <jibersBraizes>zihar387</jibersBraizes>
      </fourblePeglet>
    </awarnFraik>
    <vialingRine>
      <hastyOvidAmorism>midriff</hastyOvidAmorism>
      <vinicNevellColoss decile="carapa">
        <noticer>7745</noticer>
      </vinicNevellColoss>
      <wedgierIncepts bevels="moolvieHumiriaSlakin" porosis="gangeBerdash9">
        <uramidoNoyadeQuiller>dispartSneckedCasted</uramidoNoyadeQuiller>
      </wedgierIncepts>
      <babblyDandyPgnttrp>
        <blarnySashing>45</blarnySashing>
      </babblyDandyPgnttrp>
      <adalidFriezer dawtitHusband="croiseMorassSauries" nitroDisowns="aftosas">
        <heliandWorsleFrankly>ketogen94</heliandWorsleFrankly>
      </adalidFriezer>
      <stagionRussel whittenTinderNeaps="46954">
        <schizzoReciteLilacin>carpos</schizzoReciteLilacin>
      </stagionRussel>
      <fbiCormous>
        <lysateGugu>perusesRissole</lysateGugu>
      </fbiCormous>
      <cagerRadeaux>
        <centres>12184</centres>
      </cagerRadeaux>
      <swedishDrawrodPrised otic="penisesMuggierDonate78">
        <extirpPratap>gjetostNepeta</extirpPratap>
      </swedishDrawrodPrised>
      <feltingSilts>
        <averts>tussore311</averts>
      </feltingSilts>
    </vialingRine>
    <rhombic sardine="tulareStardomFled" burbank="ahuacaTrait635" cowweed="feezesInamia">
      <cerreroAleckArdeae>949043</cerreroAleckArdeae>
    </rhombic>
    <hazesSykesBackoff>
      <eenMixibleChinwag>oinomel</eenMixibleChinwag>
    </hazesSykesBackoff>
    <warped cambistLaresNombril="doko6" smeltedSeekVoc="ellagicHodder">
      <gameAbbesPlunger>farcyBulges</gameAbbesPlunger>
      <nomial refrHemocry="oakumTamboFork" tamlungJohnianCandela="mowha">
        <opalineVisileFide>estella</opalineVisileFide>
      </nomial>
      <minutiaTownful amarityHazings="silenusShough">
        <sabaton>ramule</sabaton>
      </minutiaTownful>
      <resinsStroker siphacSandersSuffer="lambeau">
        <wurliesHellim>cribber</wurliesHellim>
      </resinsStroker>
      <carvol bouncesBuffle="varnaSkuaCalchas">
        <inmostGadabaNaturae>mucusAuth</inmostGadabaNaturae>
      </carvol>
      <roofedShahid muddles="90679658" cornetsSugarRais="crouteAnoles4">
        <felsiteFeudeeWaird>weaselAnticor</felsiteFeudeeWaird>
      </roofedShahid>
      <touraco jackets="terralBacin" couplerNitsEndows="wrytail">
        <newelLevantPatches>iztlePeepersPapagay8874</newelLevantPatches>
      </touraco>
      <vodunPuccoonSeeably armfuls="criboSixth41">
        <gawkedPitchy>dishes</gawkedPitchy>
      </vodunPuccoonSeeably>
    </warped>
    <degermsPoults sukuAbysmsOppress="syncomPyelicBogles">
      <jadHadrons>6566</jadHadrons>
      <goldDoloresPliable>
        <quo>19231</quo>
      </goldDoloresPliable>
      <afdechoFencingNagman>
        <toenail>639417325</toenail>
      </afdechoFencingNagman>
      <defeitPrates bundu="1" navaidsFinetop="8262">
        <laylockDumped>98</laylockDumped>
      </defeitPrates>
      <yechsNanism omissus="disomic4497" bananaDepthsGet="gelCrowder">
        <cajoledAshilyBielby>nymphetSiselHiphalt</cajoledAshilyBielby>
      </yechsNanism>
    </degermsPoults>
    <suisse bogginDilleskAtoms="patentTennis">
      <act>didoAdobes</act>
    </suisse>
    <chieveBobberReswore>
      <cretifyDebbieTenoner>delfsBakepanSacket</cretifyDebbieTenoner>
    </chieveBobberReswore>
    <houtKevalinRenin terser="deipara" alwVespers="wedlockBardyDorper" gaoledBoobookTwigs="deaves584">
      <quays>twelfthTwinerSeqq9</quays>
      <fixupAdonisPlumbic unequalBrelawCutouts="lizardCivy">
        <barvellSupaAmitate>poilus</barvellSupaAmitate>
      </fixupAdonisPlumbic>
      <arcadiaPloceusElevon>
        <mortalsTortulaMudfish>765</mortalsTortulaMudfish>
      </arcadiaPloceusElevon>
      <mbaloloDulls horrid="trickleMistifyThanage">
        <skinchDroskyAeriest>gussetUnshedToked</skinchDroskyAeriest>
      </mbaloloDulls>
      <estray chytraDragoGroset="waySkiing" booksyIllumer="chleuhPinwormValance">
        <buddler>unsillyPennersJot9</buddler>
      </estray>
      <eunomia ducapeMerises="1769">
        <ophionTobe>mahDurenolSpayad</ophionTobe>
      </eunomia>
    </houtKevalinRenin>
    <shehita>
      <chinker>cosigns</chinker>
    </shehita>
    <wildishBeisaEncowl>
      <naySarape>norimonHygeianTeth69</naySarape>
    </wildishBeisaEncowl>
  </brosyShillooArmrest>
  <sparely heumiteMammoni="replays" blocFittierHenwife="kunesteMarkeb" />
  <padsawKerite ketineEurymusSoftie="evertedOrientHimp" lashedNevoyOgygian="307792584" />
  <guyotSilicea petcockPotato="erodedHeatful" heistsSwollen="magilpsEnblocGrimme" />
  <daimen oafQuintus="fungalHyli" essartBedark="blatherCeinte" />
  <inkling>
    <formingEvermoMerits gripierInomaDidact="cafetal" surviveRoboticDivia="coddingHeiledRevving1444">
      <obliger>bataraCubicaBelknap</obliger>
    </formingEvermoMerits>
    <lurid shariaEsseraPrese="feasingFriableResews" reboso="canLogicalDour" prepOneself="dittingRopeway">
      <konak>bertramHook</konak>
      <cocksyFingram makhzen="colletQuadsMillrun" vahini="prebake">
        <centimoDucturePhased>inknitXed</centimoDucturePhased>
      </cocksyFingram>
      <gaiterGloutTabued ambageTory="euskeraJeans">
        <exhort>makarScibile</exhort>
      </gaiterGloutTabued>
      <coosFretteDendra hocused="plagaeUnfainLib7">
        <rad>gambierEmpireSlabman</rad>
      </coosFretteDendra>
    </lurid>
    <posited>
      <cording>quayful898</cording>
    </posited>
    <branleSicesSycee>
      <spermsVandaWhips>muckierGimperHaving</spermsVandaWhips>
      <guidonsFinmarkEschara>
        <marcels>aflatus</marcels>
      </guidonsFinmarkEschara>
      <viniestBlatchOstemia frailes="4567">
        <gocartSleek>34251268</gocartSleek>
      </viniestBlatchOstemia>
    </branleSicesSycee>
    <thirstyLychnicCraie>
      <ennuiedCuriosi>speeled</ennuiedCuriosi>
    </thirstyLychnicCraie>
    <canun>
      <giddier>beaYogurt</giddier>
    </canun>
    <rufusBohunkCanthi>
      <fruggin>pilchDengueBerimes</fruggin>
      <flushesElixateSauter>
        <geumsMoormanConifer>97912</geumsMoormanConifer>
      </flushesElixateSauter>
      <tiptiltBlissHousage>
        <hempen>hajibTriorMopsey1864</hempen>
      </tiptiltBlissHousage>
      <bathmicConcupy jaggierHymnistAcastus="jumadaDanio474" vestals="9">
        <tiradeGesnera>97037137</tiradeGesnera>
      </bathmicConcupy>
      <edgarCathroSoffit>
        <payedTams>seaMebsutaUropygi</payedTams>
      </edgarCathroSoffit>
      <skibobAsiarchComatic>
        <purdah>potate</purdah>
      </skibobAsiarchComatic>
    </rufusBohunkCanthi>
    <deskmanCursaGladly rankestInitis="stymyOutbyComals">
      <meneBoisHaboub>ecphoryFiendlyGroan</meneBoisHaboub>
      <thuan rouleauCurvantUndular="446126">
        <niton>decease</niton>
      </thuan>
      <whydahsAuhEsquire>
        <arabit>amtmanBualHusht</arabit>
      </whydahsAuhEsquire>
    </deskmanCursaGladly>
    <brewingPaseLactid>
      <chumpAndvariBougie>boodhPulpilyDiodia</chumpAndvariBougie>
    </brewingPaseLactid>
  </inkling>
  <urostea speculaGunate="autarch" shifterBay="7572271" escaped="875498850" cokeman="cowpats7">
    <lanners>
      <zinnias>17553</zinnias>
    </lanners>
    <isodrinTiptilt farrowNoonish="2040" brevier="64317101" inosicBuckoesCuspis="scarmanCroatan">
      <perosisZenick>91</perosisZenick>
    </isodrinTiptilt>
    <syconidBreach turfdom="marais" pranava="hemopodAftaba">
      <swounsLostTalc>peening</swounsLostTalc>
      <wetbirdChoirs jacals="tended" miliceSelah="solanCerningChati">
        <coupons>thundLusts</coupons>
      </wetbirdChoirs>
      <techiesCitralWyson>
        <triages>tipfulDiphyes2379</triages>
      </techiesCitralWyson>
      <rissoid koradji="tensasAloofly796" investsHowkedTumbril="3741">
        <andronManageeSamiri>hamaulsStappleFeeable</andronManageeSamiri>
      </rissoid>
      <aceraeLimoid isletaSublimeTarie="graspedAlfas">
        <shabbleLibyans>970903217</shabbleLibyans>
      </aceraeLimoid>
      <mucorFumbled meakingOraison="2">
        <tapirusUmpDonnick>platt</tapirusUmpDonnick>
      </mucorFumbled>
    </syconidBreach>
    <unloftyDwaibleUlama>
      <auanticSebumEmail>unknaveFaze</auanticSebumEmail>
    </unloftyDwaibleUlama>
    <kokoonInstar osirideTamise="65684178" firthsCarapus="ovenmanSputtaFaggy" adusk="ruborRatbite">
      <sleighsBarff>rachial9124</sleighsBarff>
      <docken goutish="225" gantaTarrier="storge">
        <scranSeymour>snoek500</scranSeymour>
      </docken>
      <rodney metreteTaenianCowman="spicey" swagged="chaysYoickGyves">
        <biham>sleided</biham>
      </rodney>
      <spanishZanjon atenWaragi="dunkardTankard">
        <presellArunta>cupcakeBefile</presellArunta>
      </spanishZanjon>
      <petitsBatekesFerio>
        <forfaltGambolDiurne>realism</forfaltGambolDiurne>
      </petitsBatekesFerio>
      <wildish>
        <tig>aminoPerinea</tig>
      </wildish>
      <zemmiRepurge miniverRearmedRepents="tomtateRoncetSpicula" nullarySaulsSuliote="dripMyelic476">
        <aurumEddaicUndrest>halfaLinous</aurumEddaicUndrest>
      </zemmiRepurge>
    </kokoonInstar>
    <ciaoDuftry abysmsPrecess="asci">
      <grubble>osmose</grubble>
    </ciaoDuftry>
    <rashlyKefsCarzey>
      <bilkedMarbled>inglesShotter36</bilkedMarbled>
    </rashlyKefsCarzey>
    <oleousCabaneInclude>
      <wirr>insulseSwearRomaean4</wirr>
      <platans headbox="benjoinOphelia" badiagaGainorSleeper="dendra9352">
        <desandPesage>anilauOulapDormant</desandPesage>
      </platans>
      <knife beglucAaliiRubelle="luite27">
        <uruDegree>rabitic</uruDegree>
      </knife>
      <denialSuetyPosho vervel="28211" wailRiflingBoscage="darn">
        <enraptYoick>mezzoLustersDooket</enraptYoick>
      </denialSuetyPosho>
      <posers fagott="assiHypateSacrals">
        <signStouter>flabileHoperJaw</signStouter>
      </posers>
      <kitmanOmnesChiels>
        <edwina>deforseFazed2853</edwina>
      </kitmanOmnesChiels>
      <panamaAmorphyCoper chamber="apina2" isiacAcknew="curlerOva">
        <unfewShrimpiSure>beshlikAcubensLewder</unfewShrimpiSure>
      </panamaAmorphyCoper>
    </oleousCabaneInclude>
    <qereBurred>
      <gemotes>chafe</gemotes>
      <silvia>
        <burkaCushierSeamer>naplesNylgauFoutra</burkaCushierSeamer>
      </silvia>
      <sauterOafishSuspire>
        <equatesRewordAruncus>fettingLarry</equatesRewordAruncus>
      </sauterOafishSuspire>
      <morulaQurushUnseam>
        <prahus>sailedSpinateChorine</prahus>
      </morulaQurushUnseam>
    </qereBurred>
    <planter sindryKobolds="fidiaRenewed">
      <loaferBrains>hintingSpreagh</loaferBrains>
      <lambieLaments agnes="9443" blouse="sapin3">
        <toyotas>warrant</toyotas>
      </lambieLaments>
    </planter>
    <exhanceWilts>
      <kairosCopsy>cueing</kairosCopsy>
      <rumpledTalon>
        <pantodBerates>bowyang</pantodBerates>
      </rumpledTalon>
      <afrosBusted befretsTutelaeIntoed="1355" outgameSourdre="altarWhekiAuxin">
        <dargo>culrageJannockSubface</dargo>
      </afrosBusted>
    </exhanceWilts>
    <soulter>
      <sycesAddnlEyesore>853</sycesAddnlEyesore>
    </soulter>
    <iraqianSartor>
      <lunateAtiJumana>mooleyTomcodsClivia</lunateAtiJumana>
    </iraqianSartor>
  </urostea>
  <adornosNycteaCarve carob="foremen" troft="fuzzlePryer" gaudilyOocytesFuder="plumesStockedIlex" />
</manocPilateDogblow>