<?xml version="1.0"?>
<dignitySirloinDibrach>
  <trilogyWetPivot annulet="bowtel9078" spinnelUnwon="lixivePaktong" />
  <clewsGormawHustler />
  <carlosTahr>
    <dirgieUnmeantGrainer>
      <entrept>mannessRemise889</entrept>
      <prosody vatterAuspiceCrimple="nailbinFermiumEtheria">
        <poireMigrateSirih>ikraManorsSelect</poireMigrateSirih>
      </prosody>
    </dirgieUnmeantGrainer>
    <japyx>
      <burnupInurnCowmen>4296</burnupInurnCowmen>
    </japyx>
    <eellike>
      <dadoedInactBingeys>361</dadoedInactBingeys>
      <dunkBotchyRheen gainor="analogsSidlerWiggery" impyFamuliHonks="yanquiPuffedBorid">
        <waapaPennisValonia>avowalSkated</waapaPennisValonia>
      </dunkBotchyRheen>
      <limmersMuguet mitrerEduce="dogging" tressesCottyKlva="knapWelf">
        <baulkedSuluan>odessaAricineMoniker8</baulkedSuluan>
      </limmersMuguet>
      <anodonNigrousGillar doggingIsobarsDighted="disarmCsi">
        <feminalForgerAnthela>paisAlbumin303</feminalForgerAnthela>
      </anodonNigrousGillar>
      <jimbangEvan migaleTowght="leewillMovantBugwort" taxiteAvulses="unlocalFallersOophore">
        <kitesCeteneOxen>enframeClash</kitesCeteneOxen>
      </jimbangEvan>
      <astomiaLao>
        <dynesMaleic>66484565</dynesMaleic>
      </astomiaLao>
    </eellike>
    <arylateDrubble>
      <lute>martiteTellingJeerer</lute>
      <apexingBeardieRiksha preaceProsPantoum="grockleUntrussShoop">
        <trudges>baskAglossa</trudges>
      </apexingBeardieRiksha>
      <bembexUrethanRechase clonsGetsSlued="dungeon" sholaBurelleSpillet="swingerMistSalic">
        <blollyMahalSullage>fringedSieclesJillion1493</blollyMahalSullage>
      </bembexUrethanRechase>
      <miraWitchesCupules begirtAmuse="worstPalatalAbigeat" overpetEnfraiCharlie="vrouwRecarve">
        <halaka>1</halaka>
      </miraWitchesCupules>
      <seruleCecumEncloak ablesseSooey="497">
        <sthenicAgialidUst>awalimMistralMudfat</sthenicAgialidUst>
      </seruleCecumEncloak>
      <whishedCynthia>
        <markingBienly>nifferQuallyAmorino</markingBienly>
      </whishedCynthia>
      <fistula racked="elocuteSaponiBridget7434" querela="vailVers">
        <sogetLedgyTyste>gonzoDeath</sogetLedgyTyste>
      </fistula>
    </arylateDrubble>
    <breva vare="pneumMuraenaJoshes612">
      <tidlingDebenPetalia>arised</tidlingDebenPetalia>
      <fideliaIronLurg>
        <patwariKunesteThrived>estadioDiodont</patwariKunesteThrived>
      </fideliaIronLurg>
      <enroughTaborin hileEdited="539" gabari="calade">
        <gizzern>cymlins</gizzern>
      </enroughTaborin>
      <rewaxes baieraRemiped="caudad11" firstsBowpotsDhoby="murky">
        <chimed>137</chimed>
      </rewaxes>
      <reddenLeggingLoftier>
        <arock>chezRagingTweezes2956</arock>
      </reddenLeggingLoftier>
      <outsatOreweed>
        <kirning>29262406</kirning>
      </outsatOreweed>
      <hewed>
        <apoideaKalis>morduTwinned</apoideaKalis>
      </hewed>
    </breva>
    <directStiffAdsum>
      <ammites>indogenPhizog782</ammites>
    </directStiffAdsum>
    <kremsCheero>
      <jouncy>3700900</jouncy>
    </kremsCheero>
    <puddeeChunner>
      <orestes>fulgoraTinmen</orestes>
      <boasterSistineKurung>
        <ostosisSuintCheer>frowns</ostosisSuintCheer>
      </boasterSistineKurung>
      <sephira pitasMyocoel="85135711" phagedaCaabaRumper="lolo">
        <sapota>55441</sapota>
      </sephira>
      <pupae rastledPipeful="pigdomIngestsRemass303">
        <paroch>clarityDankestCyathus</paroch>
      </pupae>
      <gavels edhsPealikeZetetic="slaverFlower">
        <vivariaPolki>setupBogatyr7534</vivariaPolki>
      </gavels>
      <steven groping="matinaErrand48">
        <poochesSimling>stokersElbert8463</poochesSimling>
      </steven>
      <crankerPoseur>
        <luxuria>zimmi</luxuria>
      </crankerPoseur>
      <embankSecederPackall untin="scuppetDuftry3038">
        <wanglerGlaked>76</wanglerGlaked>
      </embankSecederPackall>
      <tittersEmeutes>
        <overgun>482</overgun>
      </tittersEmeutes>
      <ideataTapery bescorn="routh" reknowDevwsorSheuchs="griege">
        <cypres>ameer</cypres>
      </ideataTapery>
    </puddeeChunner>
    <mest doblasShaikhi="96915">
      <alienedVairColossi>4</alienedVairColossi>
      <quietWaygoneAway>
        <shickerMirbane>6</shickerMirbane>
      </quietWaygoneAway>
      <glonoinRunless>
        <meqAlvinaCamisia>4177499</meqAlvinaCamisia>
      </glonoinRunless>
      <bel unausSadesMolebut="adhere6599" leveler="danged">
        <strobe>curablyAlcoved</strobe>
      </bel>
      <keruingDenotes rattus="colchisGelosinCarious">
        <jimply>pompey8</jimply>
      </keruingDenotes>
      <reposedEmes>
        <rerent>jowlop</rerent>
      </reposedEmes>
      <thema khanBausonWlatful="1166861">
        <calques>jarliteSpungPyes</calques>
      </thema>
      <peeverImbuesVivas toddlesMuggarsUnmakes="4835">
        <amy>daurna</amy>
      </peeverImbuesVivas>
    </mest>
    <globsColdestMyrmica bingyDidiesHepburn="slickerLongbow">
      <unpickBursts>zeugmasOxyLupin</unpickBursts>
      <azelate redeAweeAmylom="ravine" impartsLousyParale="37495320">
        <mestinoSuccourWauks>218263</mestinoSuccourWauks>
      </azelate>
      <ramps>
        <codwormCablishClubdom>retain</codwormCablishClubdom>
      </ramps>
      <unsetIjmaCarvel tecaliLawinesLeewill="5342972" beclaspLispsHoise="aucubasJewis">
        <canzoRealms>advoyerMajora58</canzoRealms>
      </unsetIjmaCarvel>
      <plumletChirker zho="wakon">
        <wincesVowely>motorsHamousUnarray</wincesVowely>
      </plumletChirker>
      <pommelUnthickKoodoos doggersVarec="smeltsTined" taxineNycteaSueding="464141294">
        <bises>677937</bises>
      </pommelUnthickKoodoos>
      <anjan inwoundTavoy="wursetDeemsFlots1477">
        <remixed>incest</remixed>
      </anjan>
      <endjunk gadaeaChessomWhenas="croquet1599">
        <coneletApricotOuteat>cyatheaKodkod176</coneletApricotOuteat>
      </endjunk>
      <gaudeteFlummox parlishGlumose="kinging" brawerScogCulter="futwaSmooch">
        <hutiaLaccaseLegumin>trotterGeiraPunyism7</hutiaLaccaseLegumin>
      </gaudeteFlummox>
      <pleurasLysine>
        <erectlySmouserStaling>anonolStge</erectlySmouserStaling>
      </pleurasLysine>
    </globsColdestMyrmica>
    <cypher>
      <cullyDrinker>28358915</cullyDrinker>
    </cypher>
    <azilian tankmanMenzieLunules="fishman" fannellCalmed="congrioBopeepOspore20">
      <papayaSlonAffaire>hexanesHalloes</papayaSlonAffaire>
    </azilian>
    <unsay>
      <darciRewed>snuffLivre</darciRewed>
    </unsay>
    <judgerIrfan>
      <emitter>sawnTonier</emitter>
    </judgerIrfan>
  </carlosTahr>
  <villoidWarnerCymaise upsyPublica="1" mischioWadyAtmas="prisal">
    <pooh>
      <colpCosset>lawmen</colpCosset>
      <deformTeather antical="224">
        <hoodieTernize>2</hoodieTernize>
      </deformTeather>
      <monuronDentaleMoulins hurriesXxiiOlefins="gardonLayship">
        <gratTurfskiGarrons>abohmsTriakidInkroot</gratTurfskiGarrons>
      </monuronDentaleMoulins>
      <ferriedMinowNuchale slamsTraumaDatos="6" ligaseHumElmy="421922">
        <anthosEyeballGarring>oilfish</anthosEyeballGarring>
      </ferriedMinowNuchale>
      <gussied>
        <cohostsBilgyHarmel>linternTuyers</cohostsBilgyHarmel>
      </gussied>
      <hadadaJewless bagsCuboidNickum="libbersGenip" taillesZymaseMisdid="dammaraAssilagEndopod">
        <chemungAchter>825515429</chemungAchter>
      </hadadaJewless>
      <korakan banditsIsolexQuito="leaded">
        <affixesUpbrook>sundik445</affixesUpbrook>
      </korakan>
      <jennyOutled hemoidGurshes="uvularLyttaOlena572" fibbers="diptHerediaFangle">
        <guaninsCawny>gherkin22</guaninsCawny>
      </jennyOutled>
      <lociGuacicoTarsi impelsSherriColder="9">
        <noticerHamiteVend>eveck1</noticerHamiteVend>
      </lociGuacicoTarsi>
      <affirmsKnatte dahScharfRave="moggingAlanin">
        <uckia>71582</uckia>
      </affirmsKnatte>
    </pooh>
    <tourtePenta>
      <yabuGabback>acharyaPirogueHighth</yabuGabback>
      <haabHickishAlkoran kiva="swoops">
        <joramBabesCupeled>71247</joramBabesCupeled>
      </haabHickishAlkoran>
      <latrobeBendys>
        <sokesGunjaNeuk>799370268</sokesGunjaNeuk>
      </latrobeBendys>
      <enclLees chikaraAcremen="banesRosaExcuses">
        <goutishFenman>pioletCavingWelly</goutishFenman>
      </enclLees>
      <donas>
        <platens>9</platens>
      </donas>
      <tmemataCajoledUnthank banyan="hostessPricks55">
        <misleadKneedLowland>68761823</misleadKneedLowland>
      </tmemataCajoledUnthank>
    </tourtePenta>
    <someoneSenamCarpos>
      <yarpha>assocKansan3</yarpha>
      <tunniesCajanUnionid>
        <entrecUnlegalPegasus>wrongerFluingPayback</entrecUnlegalPegasus>
      </tunniesCajanUnionid>
      <aquariaCharlie muyusa="manboteBallots" whipperScandalAmirate="casulaDakoit">
        <nothalSucre>quinaIncome</nothalSucre>
      </aquariaCharlie>
    </someoneSenamCarpos>
    <reding>
      <enemas>coacherAjivaHissers</enemas>
      <bevelerTavghiElitism>
        <deavelyPoesies>padshah4</deavelyPoesies>
      </bevelerTavghiElitism>
      <leeKazoos salagoCoombs="sangarEscrollSconcer" dampyGobyFiddler="hordaryPerai">
        <resifts>866</resifts>
      </leeKazoos>
      <ebrioseRemoterSuscite flooderSyne="curserBarmkin7258" wapsBeshellEnforth="tanker">
        <craponBialys>faroPanoram</craponBialys>
      </ebrioseRemoterSuscite>
    </reding>
    <glosBiconic clinoid="phallis5229">
      <galley>stratus816</galley>
      <crumletJarldom>
        <covertsBalaganBobbery>towCalciRouting</covertsBalaganBobbery>
      </crumletJarldom>
      <abdFlytierStretti>
        <gawkersCavort>atwite</gawkersCavort>
      </abdFlytierStretti>
    </glosBiconic>
  </villoidWarnerCymaise>
</dignitySirloinDibrach>