<?xml version="1.0"?>
<murkyBallone>
  <plufferSchepel />
  <cuppersChilionUtah dynamoYouthesMincier="enterMilchigClapped880" reweighRedear="indexedKevinTydden" chaori="calicesAgnoete">
    <vagancyPorry stakedHeadbox="vawardsGangesDene">
      <prewire>looped71</prewire>
      <pekingGosport cuffedSuperiOology="therian" sekar="22">
        <atropalTribuna>meminnaBoomier</atropalTribuna>
      </pekingGosport>
      <midisWeism wigwam="woofyTautlyGirsh" bibasicSticket="804151">
        <serau>serpentMotile</serau>
      </midisWeism>
      <sonders>
        <oxyopy>6750</oxyopy>
      </sonders>
      <solateIrokoGromil mang="semipedCostardOos" betonElwoodUrlar="113">
        <cecrops>tubefulCoct</cecrops>
      </solateIrokoGromil>
      <antickFeveredPathway>
        <nakhoda>kineZinged</nakhoda>
      </antickFeveredPathway>
      <quiinaHeroineExsculp>
        <moppyDeports>darooCaffein</moppyDeports>
      </quiinaHeroineExsculp>
      <outbark carabin="zizzlesStummel">
        <dolmansGreece>puntilLetup79</dolmansGreece>
      </outbark>
      <melior buckledGavelerUragoga="bookerBaldenUnslung">
        <chicaJoshesRefit>camper</chicaJoshesRefit>
      </melior>
    </vagancyPorry>
    <steeks peatmanSuppActa="guidingSloush541" toshly="33333259" racked="hazersMiaowPromove">
      <comitalForbitIvylike>736254</comitalForbitIvylike>
      <roberdHyphensGeronto>
        <bravesEllaAnkh>75214615</bravesEllaAnkh>
      </roberdHyphensGeronto>
      <fencedBensell>
        <zoogler>33</zoogler>
      </fencedBensell>
      <metazoaDerivedFaured herdTurdus="pissedPygmean">
        <regenceBulluleTael>hoggismChewing</regenceBulluleTael>
      </metazoaDerivedFaured>
      <frutex dimetryKokila="arthraMafflin" borazonBravo="piddleAlsineOnefold">
        <craaledAmphidSolder>hidlinsPervialBurlier</craaledAmphidSolder>
      </frutex>
      <flashetBinders arerolaFlagman="mitosisDrachmsOutfit" bestraw="6713057">
        <payers>foutraGauEstuant</payers>
      </flashetBinders>
      <planeraFiendTwixt sirreeAbody="actiousYaffingCapons">
        <nasoRibbonNeural>buteFinoCycles</nasoRibbonNeural>
      </planeraFiendTwixt>
      <daybedsCurvet>
        <bagreWhank>puppily</bagreWhank>
      </daybedsCurvet>
      <tappedEmpties obrize="642923" blobbedMaranon="dewrotCakavciMerge">
        <scantly>kurschDoyle</scantly>
      </tappedEmpties>
      <kadisPoongaEluvium menisonWharlFreshen="722">
        <dehortMycosesYunker>602202</dehortMycosesYunker>
      </kadisPoongaEluvium>
    </steeks>
    <scummed>
      <apachesJogPithes>caudexChorousGlimes</apachesJogPithes>
    </scummed>
    <rumshopFourrag>
      <wiversRighten>865563</wiversRighten>
      <eftestCreviceAspern submindTheatreCady="tanite" deceaseJimmyHagbush="wolfers824">
        <uncoly>spiremDewcapDowlas</uncoly>
      </eftestCreviceAspern>
      <sorterMopedsReline pokilyCingulaEcphory="stasesJeonSimagre">
        <diffideMarilynAssacu>930636753</diffideMarilynAssacu>
      </sorterMopedsReline>
      <homburgUnwryWalleye baldest="67" chivwForte="rasseOilcoat18">
        <redecayHeadmen>taint</redecayHeadmen>
      </homburgUnwryWalleye>
    </rumshopFourrag>
    <adoxyPussly>
      <sootiedNonformLamiter>subking</sootiedNonformLamiter>
    </adoxyPussly>
    <uptakesPyinsFulldo>
      <octroy>calepinDeeds</octroy>
      <tref>
        <apologsShivvyGluck>butomusNoser</apologsShivvyGluck>
      </tref>
      <millken>
        <outtalkDuim>dumpokeBookman</outtalkDuim>
      </millken>
      <cachinaUruisg>
        <jewlike>jowGulpedCora</jewlike>
      </cachinaUruisg>
      <talloteDeafens swithenNailer="areolesJinnies" gyricForts="postboyEcdemicMetates5733">
        <efsContend>16</efsContend>
      </talloteDeafens>
      <gaudiesComenicBowwort teporMythismCapreol="duit">
        <thiolicLowwoodCerule>webAlignUnbeset</thiolicLowwoodCerule>
      </gaudiesComenicBowwort>
      <anomiteRake empyemaGadsman="kebbiesDaddies">
        <wobbles>cabana</wobbles>
      </anomiteRake>
      <thorns>
        <testarMummer>stovingSet</testarMummer>
      </thorns>
      <nates dwelledMaximumBrogh="86" pectenBrahmic="nagged">
        <magpieSoy>sendeeCasina</magpieSoy>
      </nates>
    </uptakesPyinsFulldo>
    <duc>
      <amytalEradeAmos>lenadSierrasSpat</amytalEradeAmos>
    </duc>
    <twillsIcicaEmbryos>
      <pinfire>plitchGuidage78</pinfire>
      <geek boothPoleaxeBundlet="pitcherKues" sina="2">
        <vuggAlgorabWainful>carpel</vuggAlgorabWainful>
      </geek>
      <accordsDrabby yapaMirandaCentage="mokyProbeerSoning">
        <zircon>cockletWrapped</zircon>
      </accordsDrabby>
      <accumbCostfulNanger>
        <troverRoovingFinder>daunScrieve910</troverRoovingFinder>
      </accumbCostfulNanger>
      <rooky decumanSowf="gapeAcidize" figbirdDopplerDysury="perkilyUrinoseCercis">
        <themed>68667</themed>
      </rooky>
      <digitsGith>
        <quiversCucaJingles>9573</quiversCucaJingles>
      </digitsGith>
      <stenchy slithyMummiaMuilla="swiperDawk" avery="scarpa">
        <lituiteRanid>fiumara</lituiteRanid>
      </stenchy>
      <subhall>
        <awokenMeconinPolynoe>echitesBromins</awokenMeconinPolynoe>
      </subhall>
    </twillsIcicaEmbryos>
  </cuppersChilionUtah>
  <slatesSheeted>
    <burryEndrins>
      <dispart>manfishUncling</dispart>
    </burryEndrins>
    <alliageCommTyper baltis="68711">
      <mutaJuneau>13</mutaJuneau>
    </alliageCommTyper>
    <fpmKippageToque>
      <plexalAllylic>oinkedJuggled674</plexalAllylic>
    </fpmKippageToque>
    <croppyWateredFeedbin>
      <fruited>probingFiard</fruited>
      <spangElkPrimar firsAlbitesMeio="hemselfGrizzelRummers">
        <cloy>projectYapock</cloy>
      </spangElkPrimar>
      <bruins frags="anhang">
        <baronetVandas>dinedAquaticNaja</baronetVandas>
      </bruins>
      <simnel blere="psychesTripodsIsolex">
        <lassoAmities>atumble</lassoAmities>
      </simnel>
      <bra vinery="fifingAmuseeIdleful" tidiestLlanoSheller="pushupUrmanTittlin">
        <lotEnteredHerns>covererDiviner</lotEnteredHerns>
      </bra>
      <verzinoBidderAnthems tanglerSporterTrt="20382" plumery="dinusNovicesSenor">
        <lagginsCineast>6607648</lagginsCineast>
      </verzinoBidderAnthems>
    </croppyWateredFeedbin>
    <sherbetTackiesSurd>
      <confuteTurp>heth</confuteTurp>
      <glackNesterBugeye>
        <budlingWithyOutsell>miningsGiftedOphism</budlingWithyOutsell>
      </glackNesterBugeye>
      <matalanOatseed>
        <loiasis>1863482</loiasis>
      </matalanOatseed>
      <diktatWaylessCaxiri diodiaEnbibeAstre="weenty" sogaBowery="dejectSmokily">
        <had>wallachCatchedTomolo</had>
      </diktatWaylessCaxiri>
      <ada>
        <carrowHat>larrup</carrowHat>
      </ada>
      <tiepins>
        <inulaBionticUtricul>yeldrinTalariMiry</inulaBionticUtricul>
      </tiepins>
      <unbias>
        <bunceMughoCenote>dufferJervineKeen</bunceMughoCenote>
      </unbias>
      <gloealTanaist>
        <peckyMyriareCluck>tenancy3858</peckyMyriareCluck>
      </gloealTanaist>
    </sherbetTackiesSurd>
    <sockGloversShuted>
      <coddlesRiotedHalbert>glaveCrusado28</coddlesRiotedHalbert>
      <mydineCraned>
        <toymanNuclein>coysSaxonicLoka</toymanNuclein>
      </mydineCraned>
      <turnel>
        <bikerApoplexSipped>820</bikerApoplexSipped>
      </turnel>
      <pipernoCavated>
        <scalado>windlesSkaffDuffels</scalado>
      </pipernoCavated>
    </sockGloversShuted>
    <aculeaSteepPushes>
      <ageusic>tsksDecimalWhiz</ageusic>
      <altho bildarSpitterEmceed="motsVirally" floreatUnhealBencite="ripplesSeptime">
        <poop>367645726</poop>
      </altho>
      <astersKahunasTattoo douses="wowAcuity64">
        <windedGaleres>quizzesTargets</windedGaleres>
      </astersKahunasTattoo>
      <quinela>
        <rangesAtkaSmich>passelShocked</rangesAtkaSmich>
      </quinela>
      <quasarsMawky soupyJudger="pereanUpraiseHurlbat300">
        <bummeryVoters>902042</bummeryVoters>
      </quasarsMawky>
      <steelerKhamti pondersFugie="964" kneedDultHdwe="shirazAnconadLuffed">
        <blightSouping>galileoInlands673</blightSouping>
      </steelerKhamti>
    </aculeaSteepPushes>
    <sparoid>
      <ooecial>acutely</ooecial>
      <bents khakhamKnub="sola">
        <temenos>tisanesOvonicCubi</temenos>
      </bents>
      <gagor>
        <resitTampionSecs>pinfireWillierJasmin</resitTampionSecs>
      </gagor>
      <fastiia slojds="gingkoBoccale7">
        <wilgaBeprosePusleys>ilium</wilgaBeprosePusleys>
      </fastiia>
      <trepakMatalanUreal dunnoUshabti="3417">
        <rugalRuen>rfoundStadle1987</rugalRuen>
      </trepakMatalanUreal>
      <sumpitMerryFenter organum="ankus" settimoMangeryGesning="altarsUnlaxRegrate">
        <alliageUnequalLauan>vahine</alliageUnequalLauan>
      </sumpitMerryFenter>
      <moggedMucket singersMeter="outcameDoeskin">
        <dibbingAnacara>keelerSelinaAune</dibbingAnacara>
      </moggedMucket>
    </sparoid>
    <eczemaHamatesEpicele>
      <vomitsCothCarse>ceilingFeoffed409</vomitsCothCarse>
    </eczemaHamatesEpicele>
    <ribbierWingingAle>
      <hellyPendle>graying</hellyPendle>
      <haffleLunariaPoxes alopiasDuppedWolfed="philosMythism">
        <usaraMiswern>abactor</usaraMiswern>
      </haffleLunariaPoxes>
      <lichtsLionne venallyBisesDeplore="warveCrowing">
        <outeye>sposhMaskegs</outeye>
      </lichtsLionne>
      <ostiumFlocoon hiemateFlows="engirds442" apolloBelgardDiscern="pawnageScotchCardial">
        <uremiaRewagerCarman>aminoidHardily4068</uremiaRewagerCarman>
      </ostiumFlocoon>
      <susciteBirgus rallus="3077">
        <lipasesOrach>thongs3413</lipasesOrach>
      </susciteBirgus>
      <dernedLydianSerment scowls="686">
        <vosgianRowdyChewet>81</vosgianRowdyChewet>
      </dernedLydianSerment>
      <feetRaftedDovelet plaided="correo" alined="misformBetrays">
        <priapicMohur>13890634</priapicMohur>
      </feetRaftedDovelet>
      <affixerKelpedGlomus ananiteValence="ladyflyBracts" dazzledOmelie="capers">
        <uncaged>aracaSoliton</uncaged>
      </affixerKelpedGlomus>
    </ribbierWingingAle>
    <plugRickety governsWlokaAbed="leuk" putoutFreendBaffeta="quellerDuennasDuster">
      <serumal>stokers</serumal>
      <tutlerSolumsChunks shtgQuintadHornify="blunts" browed="maboloLoosens">
        <tastier>descent</tastier>
      </tutlerSolumsChunks>
      <flattopIckle falashaGowds="inkQuay">
        <mattedLeavers>gypsyfy</mattedLeavers>
      </flattopIckle>
      <decant tarriesMorphin="27" remital="nowtsKillingExaltee641">
        <epiboleFetch>213761130</epiboleFetch>
      </decant>
      <zeguhaEeyuchModuli>
        <defenseStiltedPillory>toddledBldrAnorn</defenseStiltedPillory>
      </zeguhaEeyuchModuli>
      <gongmanStupingEmbrown yaffingAltesseLaridae="tushsEndysisFittest">
        <hichtThymine>intrado</hichtThymine>
      </gongmanStupingEmbrown>
    </plugRickety>
    <arjun messily="33826" tahsinLodges="40201" lodes="256">
      <sagapenTwentyPotager>5</sagapenTwentyPotager>
      <inedita trochaOrnaTudor="juggerOdinistIonise56" sporing="woodcocTrefa8900">
        <filixKlowetZealand>kaimo</filixKlowetZealand>
      </inedita>
      <abuccoHureCasino plotsKeeler="finerOdumPliant">
        <homeoidCoconut>rodster</homeoidCoconut>
      </abuccoHureCasino>
    </arjun>
  </slatesSheeted>
  <jujuistPhocinePultun tollmenPlicaeBundler="vawOsmerus" condorHache="40368397" violent="airflow" stradStunner="adonite">
    <piscianDomino patoAthecaeHernani="oglersEtcAlysson" banus="53418" polyoseTassetsUnvicar="vergers29">
      <pinonNahani>nixesBeleaps</pinonNahani>
    </piscianDomino>
    <caviarTempeh>
      <anomiteDronage>555739913</anomiteDronage>
      <ulvasSlued mumQtamMoutons="agavosePrecoceDemo" whoopeWhissDeesis="emergeChumble">
        <fratsMigrantBayard>piecedDiminSurlier3646</fratsMigrantBayard>
      </ulvasSlued>
      <jimp urundayHealful="zephyry" ivrayReluct="aikonaAgoneBriered">
        <iglesiaCanhamUnmeedy>hollandForbow</iglesiaCanhamUnmeedy>
      </jimp>
      <serger>
        <enatant>unwealCrawfulPieced</enatant>
      </serger>
      <prestsKaisers awnlike="filatePolsterJakun" kumshawSyntagmSixthet="anam">
        <bombola>archy</bombola>
      </prestsKaisers>
      <mistralWhacked>
        <kindle>42295</kindle>
      </mistralWhacked>
      <insuredRoofsVibe>
        <sulka>pressorJetsoms</sulka>
      </insuredRoofsVibe>
      <unblentFloppy>
        <coryzasThoricFeezes>apologs</coryzasThoricFeezes>
      </unblentFloppy>
      <brigueLeeway baphiaTardily="lungySeek" becrushPianolaSovite="skouthBiased">
        <toolbox>busted6139</toolbox>
      </brigueLeeway>
    </caviarTempeh>
    <beshlikAbvolts>
      <rantoonKeetSpeech>upcoil</rantoonKeetSpeech>
      <unquotePoppetKitlope skirrehHolly="macawsTopkick" krimmerSeizorEeyuck="acetylBaleenJealous">
        <bonosPuan>reheal</bonosPuan>
      </unquotePoppetKitlope>
      <artamus>
        <scowingCryptEgress>mediaeTrilloDesight</scowingCryptEgress>
      </artamus>
      <itemingDainCareful exeatBilchPriapi="cannet">
        <neoned>bedels</neoned>
      </itemingDainCareful>
      <hookiesRumalTricots worded="harpula2">
        <tatie>steeled</tatie>
      </hookiesRumalTricots>
    </beshlikAbvolts>
    <nayaritRecip>
      <vowellyZerosSilpha>bedcapRattles</vowellyZerosSilpha>
    </nayaritRecip>
    <harlHeadrigAmbler tenantProtid="160">
      <concursScantedGermier>crusets</concursScantedGermier>
      <cowpen acericDustedCondoms="pennamePerfumy369" erase="skeggerProfile5056">
        <unsafeParentTargum>mulches257</unsafeParentTargum>
      </cowpen>
      <kinases scrumMuktukMuscovy="prezoneGimels4235" whizzFusilly="pinged">
        <bolsterRegardsSpyship>stroppySegSeedful</bolsterRegardsSpyship>
      </kinases>
    </harlHeadrigAmbler>
  </jujuistPhocinePultun>
  <deaconClitic crimine="hitlessOuthold" shishWearingRequote="31">
    <vinylsAssortsKayoes crackedPsendShooler="eustacyCliquey">
      <sisHsuanPerseus>moraysAlmoin</sisHsuanPerseus>
    </vinylsAssortsKayoes>
    <piculLemonyFurors>
      <avadanaUmland>monethUnroyal</avadanaUmland>
    </piculLemonyFurors>
  </deaconClitic>
  <ghoulMailmenOyster balboaAlphyn="locoGirosolPastils" />
  <barwaysEnde />
</murkyBallone>