<?xml version="1.0"?>
<slimsySnickle>
  <bakerAptness>
    <quotesFougadeBalcony>
      <gabbardWidowed>freebeeDefail</gabbardWidowed>
    </quotesFougadeBalcony>
    <handSamajSpaik hugyLcaChimin="captionTamers">
      <gripierWites>armrestHoatzin</gripierWites>
      <deadyStudeBostryx lab="pinkily" ornes="347">
        <erytheaHarmony>pursleyAgallop</erytheaHarmony>
      </deadyStudeBostryx>
    </handSamajSpaik>
    <incest hia="wordmanUgsomeHastens" ioni="lotmentRowthNimbed">
      <mezuzotGillie>doiled</mezuzotGillie>
    </incest>
  </bakerAptness>
  <reriseVirga nydia="rachialMameyesLoudish97" pukekoWellyAdrent="dromons">
    <roupilyRekick genomesFrabbit="3745770" tablitaVermianVetture="plasmidGombayBigotry" jamniaOgreism="4434">
      <unclear>patola</unclear>
    </roupilyRekick>
    <moonjahWidths>
      <tizeurGets>72780</tizeurGets>
    </moonjahWidths>
    <muchelKinkily caprinBitlessCustrel="cystine" infamedKuphar="machzorCrit">
      <howMediad>5436</howMediad>
      <centare>
        <altererBepaid>90402</altererBepaid>
      </centare>
      <ovalityBehaverGurnard>
        <anaxoneChirataShend>ooryFadersQuotid795</anaxoneChirataShend>
      </ovalityBehaverGurnard>
      <lovableLitiopaUplands elytralApedom="okoumeLownessNewlins1">
        <nomancyDesmic>larnyxNaggle</nomancyDesmic>
      </lovableLitiopaUplands>
      <appledEyefuls moityPorkish="27776" knottyIdylizeGentile="alanyls">
        <goolsEelbackDesmine>rookierHemase</goolsEelbackDesmine>
      </appledEyefuls>
      <select funsCulett="593" meldingSepg="2501634">
        <percoctKompeni>peleanOversadRimes</percoctKompeni>
      </select>
      <sardanaClappeLuc scuddleMusrolWing="screes">
        <lazuli>mograbi</lazuli>
      </sardanaClappeLuc>
    </muchelKinkily>
  </reriseVirga>
  <theyll havage="turnipy" caningMegilp="causse28" fiend="deinkTillerMurray" meetlyCanun="dailiesAssewerVoyage" />
  <loofasApaidAsap regredeMailleCementa="venduesDuskily" sunnierRaneBokadam="193419" />
</slimsySnickle>