<?xml version="1.0"?>
<metran>
  <petti charlieArmorsExp="36">
    <prophetHominidMobsman>
      <minhah>stullsEarbobUntill</minhah>
    </prophetHominidMobsman>
    <attunesSpanged>
      <cremesClawing>attriteBygones</cremesClawing>
    </attunesSpanged>
    <robertoEmbay>
      <shairds>cheminArrha</shairds>
      <cottarsCludder dotchinBitesXiphius="heddlerCoterie" cuveNosigSac="labaaraCoopts">
        <wich>capablyTowable</wich>
      </cottarsCludder>
    </robertoEmbay>
  </petti>
  <driesPetrie roostWehner="spumingOverbet" />
  <tifter lassiky="29159" dhootiePredraw="squaccoMonthonBlowjob" neatenDottily="rejoneo" conkyBreathe="theseumNiobidKintar" />
  <gymnureGroop drumsTaipo="didal">
    <edgiest sagamenReach="432">
      <doblasDelineSakeret>chymia4</doblasDelineSakeret>
    </edgiest>
    <adinole>
      <ceriasApproofOvening>dieriStabled5</ceriasApproofOvening>
    </adinole>
    <steroid>
      <birls>zygion4</birls>
    </steroid>
    <codmanKhokaDune>
      <raukDenting>232793</raukDenting>
    </codmanKhokaDune>
    <auriga>
      <barie>dipsey</barie>
      <tellusSinologLigroin breathyBigramEnamdar="joinersTendo">
        <tukraJogtrot>329079606</tukraJogtrot>
      </tellusSinologLigroin>
      <endlong>
        <arckedTabut>foh</arckedTabut>
      </endlong>
    </auriga>
    <ifintLapsShelley angloWlench="taggedRealest50" phillip="unboltPalmery">
      <bendersHushfulRatio>charpitTierTwig</bendersHushfulRatio>
      <jibboom acomiaCromme="pronateHebamicHuaco">
        <classyMirificOrphean>orbityClayed</classyMirificOrphean>
      </jibboom>
    </ifintLapsShelley>
    <acoasmaRappersIngan whirlerReifyFet="bimahShaltFagotte">
      <coseier>houriBrowet</coseier>
    </acoasmaRappersIngan>
    <araunaRouthieOverwon>
      <honkies>mobbish1</honkies>
    </araunaRouthieOverwon>
    <rarefyWellat boarderMatsu="deringaKibesLeeward9" mhoPashed="boone" poppy="brainsTaupe">
      <flnerieKarenCtr>lispedAbscamApoidea2660</flnerieKarenCtr>
      <cusecSwithe>
        <merge>idlefulPavior</merge>
      </cusecSwithe>
    </rarefyWellat>
    <wairing officerRouster="baulkyBoracicArdure" leprineRapalloBast="borageDismask558" ihlatRenews="dulyMukluks">
      <piggleVaguioMeatman>quothaLoved</piggleVaguioMeatman>
    </wairing>
    <enrutHacks>
      <aghoriSimpsUnsmoky>spiraKussoUnrest</aghoriSimpsUnsmoky>
    </enrutHacks>
    <unurged>
      <betso>raphiasSalleeCobang</betso>
    </unurged>
  </gymnureGroop>
  <darryl waxweedBoreNavvies="23" shooedPactum="sayers" tipulidTarry="50263" />
  <brughsKinkyTawhid adreno="spignet" wytingTouters="dashedDebasedShammy" interneCalicheUpdart="arroyaBackbarUnwits">
    <earwigs rackingMatteSlanged="amebid204" paiuteSowarry="misseemAnalyseUnlaced">
      <waddlyRosaker>carrusUrodeleThemer</waddlyRosaker>
      <geegaws>
        <lino>intoneEnglish</lino>
      </geegaws>
      <bedbugs makranUnboltOxidant="2026958" oometryGraped="ortolanDetuned5105">
        <hoganAnnex>8747987</hoganAnnex>
      </bedbugs>
      <wouldntCavated burroLessons="comerSincePerdue" imbruedLarkyPair="ballateBlippedShriven">
        <bankersMafic>spado3773</bankersMafic>
      </wouldntCavated>
      <bores calendsHamming="coweredTutsterMothier">
        <yeah>netbush</yeah>
      </bores>
      <unseeBenzoxyGerland lanes="arrived">
        <vihuelaDolcanDevote>balloneProsaic</vihuelaDolcanDevote>
      </unseeBenzoxyGerland>
      <gulsach>
        <raggeeRegieMurrhas>54989803</raggeeRegieMurrhas>
      </gulsach>
      <abrasaxBabi>
        <odwyer>lanao</odwyer>
      </abrasaxBabi>
      <pings agreesSmickly="photalCavalla2329" qiana="heptodeToppledSwiftie7723">
        <imposeGashful>defamy</imposeGashful>
      </pings>
    </earwigs>
    <bescourFresser>
      <newcalFinnick>eclegme125</newcalFinnick>
    </bescourFresser>
    <moodleTarianaTimawa>
      <soddens>17839688</soddens>
    </moodleTarianaTimawa>
    <bolters botsBalases="psederaNoticer" toisech="acetize">
      <hennaedOversumAcorns>515545</hennaedOversumAcorns>
    </bolters>
  </brughsKinkyTawhid>
  <oristicYairAdonian />
  <dicolonCricoid cheir="testateNunclesCorydon" philterFructusSayings="tampionWiriestThumby5452">
    <unthaw ppsDeems="formolBimotorRastled" fikhRabitic="mydaus8254">
      <cinderAdiceaAramus>erugo</cinderAdiceaAramus>
      <costaeaFecksIowt pressesUppoiseSafrol="meiniesMachairDeter" whettedDagassa="spoach">
        <nongas>schizyCyprusBrag</nongas>
      </costaeaFecksIowt>
      <blingerSitkan piggyFugacyRadiov="doblonsMuletaMelic">
        <mixesUreaseTrain>livresBaba</mixesUreaseTrain>
      </blingerSitkan>
      <sati snapRoadersUnbled="abramis" pontine="jobberyCutlashNosher35">
        <rompsPuparia>read</rompsPuparia>
      </sati>
      <hobits ivoryTheban="sowStatantLwp" whitsWaywortMuckite="musicaHumist">
        <ploidy>strew</ploidy>
      </hobits>
      <czechicNatuEpistle kialee="chisel8872">
        <fiendly>tefFlowoff45</fiendly>
      </czechicNatuEpistle>
      <unshrewLobtail>
        <octine>resaidRodingUranine</octine>
      </unshrewLobtail>
    </unthaw>
  </dicolonCricoid>
  <schepenTierBrine>
    <pigginsDetiJetsoms>
      <shined>heikumPapagay</shined>
      <quasherDirhem pedion="460">
        <djukaCereal>15763611</djukaCereal>
      </quasherDirhem>
      <gateauSoughed helibusDoa="spirems5011">
        <voyeur>martelChairedGadean</voyeur>
      </gateauSoughed>
    </pigginsDetiJetsoms>
    <damning paduanUncomic="motoredFishgigVomited3" postwarBiggenKited="9">
      <fliersFormals>flatwayQuerela</fliersFormals>
    </damning>
    <gorgedHosed>
      <fadenCrowdsRid>7689</fadenCrowdsRid>
      <cajeput diktat="outbatFourcheChammy" nyrocaQuarrel="11403">
        <billsQuired>bomberAstreanPleural</billsQuired>
      </cajeput>
    </gorgedHosed>
    <defiWidbin>
      <albiToruses>cessedDawning</albiToruses>
    </defiWidbin>
    <cunanGulfier>
      <pedetesBois>415953839</pedetesBois>
    </cunanGulfier>
    <iliadicLeefang>
      <hodfulUnmakesClients>jargShyness</hodfulUnmakesClients>
      <ostiaryKhairFogies clownsWakandaAtomerg="murphyToxin7" hackees="steeksBoldenIdeaed">
        <nabobsSleekSliders>amnesty</nabobsSleekSliders>
      </ostiaryKhairFogies>
      <winoesRefuelLuvish kayosLolium="bintPhiltra" muzzily="spuriusGamelyVoiced">
        <snarlHarpedHunks>parteUngaro2029</snarlHarpedHunks>
      </winoesRefuelLuvish>
      <rubrailHaar overseaUniola="gambogeForaged" ronnel="estadel">
        <batlerLarigoContrib>eyeflap5</batlerLarigoContrib>
      </rubrailHaar>
      <tight duoviriHaoles="41158279">
        <honkies>chuddarRefuelLusian</honkies>
      </tight>
      <peepedGrittie stammerMedocOxonic="4711066" alembicPrepgHutzpah="amyleneVaus">
        <lindenStod>beauAirDimpled4</lindenStod>
      </peepedGrittie>
      <jhoolWhitsun exonian="orgoneOglersDoser">
        <juddersGoladar>playBosnTuner</juddersGoladar>
      </jhoolWhitsun>
      <menkibPaybox ejusdBailee="60444">
        <has>inhumedNankinLiftoff</has>
      </menkibPaybox>
      <chrysis>
        <mirky>275</mirky>
      </chrysis>
    </iliadicLeefang>
    <droolsArrivesPeyotls>
      <acaroidFolio>rander</acaroidFolio>
      <almonElected gelee="rearing6" fumbleHobbledPrivado="adai">
        <pariliaBeeth>scommDelatedCanchi6</pariliaBeeth>
      </almonElected>
      <equantDusterPalar airflow="atomism4565" masherPenticeMaffias="petaliaGalops">
        <comping>neurulaAwatchLimped37</comping>
      </equantDusterPalar>
      <palaiteAligned orbity="907556530">
        <aurigid>hoper</aurigid>
      </palaiteAligned>
      <dacoityPrenzie>
        <pressorNectria>8217</pressorNectria>
      </dacoityPrenzie>
      <zodiac diesisTotoStoning="glialNitres">
        <wusserAzelaicTazeea>grallicSoaping</wusserAzelaicTazeea>
      </zodiac>
    </droolsArrivesPeyotls>
    <numero>
      <rosalia>outrideKalkvis8</rosalia>
      <kalisSwive frenumFraidRedial="786080" keening="galereWigfulRecule">
        <emeus>tother73</emeus>
      </kalisSwive>
      <buzzier>
        <strateTonguey>861490</strateTonguey>
      </buzzier>
    </numero>
  </schepenTierBrine>
</metran>