<?xml version="1.0"?>
<hobnob>
  <quataFotch wolterArend="maghTapismToyed">
    <paneler>
      <predawnBushpigCrumps>217673</predawnBushpigCrumps>
    </paneler>
    <veinalLiknon>
      <century>detray</century>
    </veinalLiknon>
    <snuffedDebutsMbaya>
      <rhein>midpitNucleicSerdab</rhein>
      <valvalManifyMetages enhuskSuasiveAbox="cheluraJimminyCly" maim="178">
        <fanfootRespace>beiraDodgy</fanfootRespace>
      </valvalManifyMetages>
      <rivers>
        <collectUnlawNabk>nope</collectUnlawNabk>
      </rivers>
    </snuffedDebutsMbaya>
    <subpimpSlowup>
      <bejesus>viandsTegBogging</bejesus>
    </subpimpSlowup>
    <flumps enderonCoaid="chimleySeraphAgiel" nayarGlassin="turndun" dalteenRoyetYounger="83270">
      <duimPotent>tenthlyVedic</duimPotent>
    </flumps>
    <matie wandsScobSeugh="streaksOffpayMarmor" hister="waurCabda">
      <hafnium>163</hafnium>
    </matie>
    <degloryHawkeyHickeys>
      <ubussuWisestWull>slacksDepeachScruffs</ubussuWisestWull>
      <couteauEscribeChiefly farcing="stuckNareshDesired90" jawn="gadBabongo4814">
        <inachusRoching>hotterFormicaDirge</inachusRoching>
      </couteauEscribeChiefly>
    </degloryHawkeyHickeys>
    <amidol>
      <enhuskLobfigHaffet>ethosesCalumetSkilful</enhuskLobfigHaffet>
    </amidol>
    <prevues muzoCheries="seerPrefabs">
      <nanakoBerber>unpowerVoyages9</nanakoBerber>
    </prevues>
    <eruptedGotha>
      <ulpanim>rickedSkaddleNapalms</ulpanim>
    </eruptedGotha>
  </quataFotch>
  <zoidFordoStrums>
    <lair breed="physcia" foolShoves="choateSplits" trizoicNervoseDeus="laynerAratorySowback">
      <cymeSomet>arrowy</cymeSomet>
    </lair>
    <quokkaTalwood ezbaSlinger="dualiTotonac" zendicStatorsHatchet="muktarAlebushLegally">
      <sauteurDibutyl>unbuskDunnestFultz755</sauteurDibutyl>
      <crab>
        <debsDesistsNieves>11</debsDesistsNieves>
      </crab>
      <babcockBackare huggingAnno="estamin3086" amendeWootzCageman="casinaSkivvyFoldy">
        <emplaceWensTaino>code65</emplaceWensTaino>
      </babcockBackare>
      <nudniksRavener haemoidFlybane="gnarlyEraseRummery1039" aquoClineJibs="milla38">
        <resoakImprest>cuteysOhare</resoakImprest>
      </nudniksRavener>
    </quokkaTalwood>
    <says>
      <montageReabuseBegall>88</montageReabuseBegall>
    </says>
    <cozenerAzoleSoueef>
      <everts>raninaeGranitaTahltan15</everts>
      <stocky elusiveWizier="crimson">
        <scalesNucelli>inviterEssedaHeugh486</scalesNucelli>
      </stocky>
      <saltateCuds>
        <ridgel>gapaCalves</ridgel>
      </saltateCuds>
      <relastWrightHagadic caudaMomFaggy="waviataPoles">
        <talcoidIsagogeDonack>cedule</talcoidIsagogeDonack>
      </relastWrightHagadic>
      <wissle>
        <bokos>115141</bokos>
      </wissle>
      <grimmSculps oscinisBurel="oakwoodKlanPituri" scallop="gretelFiver">
        <komtok>phonesProxima</komtok>
      </grimmSculps>
    </cozenerAzoleSoueef>
    <latterHumpty>
      <happilyInfluxBrodee>stogyMosette</happilyInfluxBrodee>
      <wer chookyTostada="incede69">
        <hispaAufgabeGadinic>trisula750</hispaAufgabeGadinic>
      </wer>
      <hagueNestagePridy rutch="typal">
        <descantTephra>mealEyer</descantTephra>
      </hagueNestagePridy>
      <tangsBulker yuchiAppenseUnbrown="annuaryEructRetint">
        <minicabCrass>bristleSorting</minicabCrass>
      </tangsBulker>
      <moggio pixyLeifite="aromal" choushBrotan="tankmanBondersMossi">
        <deem>yules</deem>
      </moggio>
      <titlarkPyruvic criticMonethNaish="bogletRadons">
        <strichAmorosoCento>pasturePushierSaltbox</strichAmorosoCento>
      </titlarkPyruvic>
      <cuvetteSpacer>
        <romeroOxyopiaFanatic>1</romeroOxyopiaFanatic>
      </cuvetteSpacer>
    </latterHumpty>
    <useableBahama>
      <founteUnclick>redyeHekteus57</founteUnclick>
      <sepionRaspish coquinaChobie="flapped" ottawaRestrip="7">
        <kvasXenia>76205</kvasXenia>
      </sepionRaspish>
      <chaleh preactsAburbanMonal="jimbang" aridlyKetteGobbet="yogeesPlaidy">
        <peddlarJed>beauedLogisMooched2260</peddlarJed>
      </chaleh>
      <moldierMizrachSieving lou="all">
        <noneFestinVacuua>778032184</noneFestinVacuua>
      </moldierMizrachSieving>
      <faucets hoopPloying="reave99" umbrielEraserSwati="deashedVirtuti22">
        <merestUnsnowBassine>micasts3</merestUnsnowBassine>
      </faucets>
      <weaversDeodar>
        <sabirsSeif>spasmStoning65</sabirsSeif>
      </weaversDeodar>
      <strikes>
        <smallerBedayVod>freshedChevre</smallerBedayVod>
      </strikes>
      <axemanSwivels cuke="korrel">
        <solvers>6452</solvers>
      </axemanSwivels>
      <elohist>
        <bluestAmbeers>623601</bluestAmbeers>
      </elohist>
      <sucrateLidars>
        <boiseCoaxing>490095476</boiseCoaxing>
      </sucrateLidars>
    </useableBahama>
    <stalesSoapier>
      <hernialNyoro>649476412</hernialNyoro>
      <copsing piaroaBuffed="sacking">
        <seppaDietherCuspis>samoansLouver</seppaDietherCuspis>
      </copsing>
      <murlockRevie kenarehCashed="pooveSienaReh" subcash="543941">
        <anconStickupSoutar>7</anconStickupSoutar>
      </murlockRevie>
      <lipless lupulinIroneRecut="gerusiaHosel2" prudes="tussurs">
        <praiss>3392</praiss>
      </lipless>
      <piaroaJadyGrassie settledOzophen="synchAumbry" campa="mantzuWikiup58">
        <allieBielbyUpeat>mergerGyronny</allieBielbyUpeat>
      </piaroaJadyGrassie>
    </stalesSoapier>
    <yukkedDrailed stagion="vedistHurdlesLopseed" doatsPutageParsee="suecismUvularsSepiost" sertionSteelsDeath="21843766">
      <burmese>5935</burmese>
      <sneeredPicotee spriteFatimid="maybushWestern" vaticRedward="hicksHelge9990">
        <glochis>kinesis5</glochis>
      </sneeredPicotee>
      <armillEzbaKyanize>
        <pardsJinkerCausata>6267</pardsJinkerCausata>
      </armillEzbaKyanize>
      <hobby berlinDrokpaRum="mushy52" haddockRefutes="paiockYipe">
        <spliteStuller>tawnleTainSated</spliteStuller>
      </hobby>
      <evestarAuspice coniine="adai">
        <helving>tarandCrosletTarchon82</helving>
      </evestarAuspice>
    </yukkedDrailed>
    <moors howkitMetonym="ycie" furandiLiguleOnycha="classesHaunted53" sahidicAreniteTaproom="armScfmCapo962">
      <shardyHay>uirinaUrbaner</shardyHay>
    </moors>
    <apexesShochet>
      <annexedShoe>vugs</annexedShoe>
    </apexesShochet>
    <inbornSirih belongWorthTalaje="fugging457" morusNataleDutchy="222" tuxesRemedeCirrous="urdeMamsellHerbose">
      <cargaSouth>vehmeAnoesis</cargaSouth>
    </inbornSirih>
    <gulley wringedSeabags="ixilKenosis4" muzhik="839055" genomic="uncinusSubwayScows">
      <sigilAzimine>czarishStartly</sigilAzimine>
    </gulley>
  </zoidFordoStrums>
  <veldtsCudgelsExedra debBuffer="66450" capias="ctoConjArcady" />
  <oho />
  <phytinBobbersDave insulae="copoutsLags" protonsDefiberBeltie="untune2858" />
</hobnob>