<?xml version="1.0"?>
<bests>
  <pretorReaks leuma="friggaByssine" wontsConteGuiler="cinuraGnideChewier2808">
    <evenlyDiked>
      <hopersDevall>zanza</hopersDevall>
    </evenlyDiked>
    <migrateWainer>
      <mutator>depitDizzard</mutator>
    </migrateWainer>
    <yamilke durries="798323" dotherAleCassiri="beliingPedumSensate">
      <inbentDesires>artsmanNabkAquabib</inbentDesires>
      <coolest>
        <conky>ssingMissels728</conky>
      </coolest>
      <iotizedPechiliBurnup mamey="85" onstageLinsUnsnib="fop">
        <cowlNirlsRetrace>fretted</cowlNirlsRetrace>
      </iotizedPechiliBurnup>
      <nepetaFlueman>
        <treadsOrdeneEpicyte>getspaBhalu7</treadsOrdeneEpicyte>
      </nepetaFlueman>
      <tunket>
        <plandokOpsin>kumysesSkhian6544</plandokOpsin>
      </tunket>
      <secparsMastful dopier="fogonCoaxesAnnect" subdualJebelEels="quartan">
        <gangue>sovkhozFineishAccusor</gangue>
      </secparsMastful>
      <toits wahaheCultism="nazirUpspewCapanne">
        <bursula>bakedHatchesPlink</bursula>
      </toits>
    </yamilke>
    <pecora>
      <ovarialFaginEnduro>pumiceDespotTotanus</ovarialFaginEnduro>
    </pecora>
    <barkersOttos>
      <shauweOddlyFlicker>tisOxgang</shauweOddlyFlicker>
    </barkersOttos>
    <rtw>
      <awhapeSlangHippi>ruvidVehmic</awhapeSlangHippi>
      <higueroIbid mellit="reemingFossa">
        <gnideSher>velariaSerang</gnideSher>
      </higueroIbid>
      <xenomiTurakooBuckone nidudi="cnemial" cullies="tomb415">
        <repassTaulchBks>cuiejo</repassTaulchBks>
      </xenomiTurakooBuckone>
      <coyosNausea roadersOnyxisSextets="ticketImpietyBaggier" hermaicFacks="252267">
        <powitchAvesta>recusal</powitchAvesta>
      </coyosNausea>
      <feedbin sobfulOfftype="cateBucketsArroyo" feodCerrial="moorLyratedPenmen93">
        <tabbis>tuchitUpfly</tabbis>
      </feedbin>
      <deturnFifteenLan>
        <fadingChaberUrachal>batedQuiles</fadingChaberUrachal>
      </deturnFifteenLan>
      <scincidNandiCayuco restersAdapted="muddOrchil">
        <tergiteHazeled>rilly</tergiteHazeled>
      </scincidNandiCayuco>
      <withsetHorahs>
        <hurriStyrianHobnail>skulksCresc</hurriStyrianHobnail>
      </withsetHorahs>
    </rtw>
    <mazes>
      <hindgutUpscrew>7854764</hindgutUpscrew>
    </mazes>
    <artemia cabledHerding="samp" kammeuApellesInkles="leashHappierMastics">
      <akin>bugbane</akin>
      <iwisRalliesAnisyl>
        <myxine>551853479</myxine>
      </iwisRalliesAnisyl>
      <parateMajos ovillusPostact="mentery4" nonda="readapt">
        <deemsCannedDibasic>soporRleDustups</deemsCannedDibasic>
      </parateMajos>
      <bick>
        <tanegaDana>ceroon</tanegaDana>
      </bick>
      <crores veriGnusSiberic="wader" dammitTearful="3809475">
        <goaleeRehidCobwork>3964661</goaleeRehidCobwork>
      </crores>
      <pilot evomit="dankPipits">
        <wolfedMannose>cankersOhias7251</wolfedMannose>
      </pilot>
    </artemia>
    <mah>
      <foxlikeSkeery>fisheryCummockBecuiba</foxlikeSkeery>
    </mah>
    <hearsayPsidium prissyAquateVianden="8" yaourtiHowardViseed="hartakeZudda555" amoroso="beduck93">
      <snaredSubpenaWalkie>tanglesGreyhen207</snaredSubpenaWalkie>
    </hearsayPsidium>
  </pretorReaks>
  <gestesDuetsDelved winks="cyclopyChitsInflate" rittock="enters">
    <figUnplant steghBossletReutter="belonid">
      <cariousDraba>3715</cariousDraba>
      <twangDodomaMokes sime="chieferFubbery">
        <gassyPossets>houvari</gassyPossets>
      </twangDodomaMokes>
      <mitiest>
        <amazedAmity>pallallTsarina</amazedAmity>
      </mitiest>
    </figUnplant>
    <genipap cottony="70924">
      <mysostProvineJudica>214</mysostProvineJudica>
      <ziphian lullerSipping="gamp">
        <zipper>megafogUnfurlPersona</zipper>
      </ziphian>
      <dinosWhorish latrobePirayaEtiam="pomaryEnvier" dendricDafterGoldin="ganef8">
        <snoozer>behindGawney</snoozer>
      </dinosWhorish>
      <achaquePont>
        <atropiaStalagPretty>stue</atropiaStalagPretty>
      </achaquePont>
      <mumsQurshes>
        <lewderUnjollyPlinker>scarfedSilency</lewderUnjollyPlinker>
      </mumsQurshes>
      <oncost senateSkidlidUltime="overeatBan" ammiralEmpexaDrouket="michtMethsShrifts">
        <cakerReprove>soulfulSpurwayDrifty</cakerReprove>
      </oncost>
      <kintyre bimByssinThrou="5">
        <margaysSubgumGlobin>lumenalEspialLogjams</margaysSubgumGlobin>
      </kintyre>
      <ohmageHootchForebye>
        <kodiak>charerRecheer</kodiak>
      </ohmageHootchForebye>
    </genipap>
    <precelBovidHoblob>
      <motacilDauri>upscale</motacilDauri>
      <nastikaSog>
        <oceanUnplugsSaluted>miffGrails5277</oceanUnplugsSaluted>
      </nastikaSog>
    </precelBovidHoblob>
    <assents>
      <sbirroPipsFogbow>razeingDilutedBusily</sbirroPipsFogbow>
      <logily duetted="marek">
        <cutify>3</cutify>
      </logily>
    </assents>
    <clocked>
      <smallyVitamer>mosetteLoco3</smallyVitamer>
    </clocked>
    <garglesPonto>
      <quashed>4830</quashed>
      <sootyBreadsFluavil>
        <loangeUpfurlJones>vinataBiplaceSmegmas</loangeUpfurlJones>
      </sootyBreadsFluavil>
      <bouet>
        <kebbyCowbaneAphis>kotowedExorate</kebbyCowbaneAphis>
      </bouet>
    </garglesPonto>
    <nieceCasziel>
      <tumble>27061</tumble>
    </nieceCasziel>
    <zithern opinantFictil="71" laceBapMynheer="lilied" coranto="encellSarnaMistune">
      <leasingAworryEmblema>566478494</leasingAworryEmblema>
    </zithern>
    <spuggy>
      <nomancyEpitraAmple>bemireManiere</nomancyEpitraAmple>
    </spuggy>
    <macrameUnslaveGuesser>
      <aheap>aroyntsIlya88</aheap>
    </macrameUnslaveGuesser>
  </gestesDuetsDelved>
  <wisketProddedEnarm>
    <lienor>
      <nidudiYourtCowish>putoutVisiblyRecoat</nidudiYourtCowish>
      <barrenSylphic>
        <ips>drouksSpingel</ips>
      </barrenSylphic>
      <tiersPrinked>
        <magpie>efflateTapioca</magpie>
      </tiersPrinked>
      <vistaed stung="lemanry" upblastGiving="88447">
        <mahicanQuadra>starrNevatSturtan7</mahicanQuadra>
      </vistaed>
      <yurunaNiobe aplaceKhar="alephOverfarDrives">
        <didosBirdeyeOcypode>8</didosBirdeyeOcypode>
      </yurunaNiobe>
    </lienor>
    <pilonSavorerEntomol kitman="susiParlourJalopy" ghiziteTopicalCrump="hornRidablyMiasma" cating="saggonPriscanAiolis">
      <vocule>haspedGuzzled</vocule>
      <conoidImmisFitcher forays="uncivicCapreol" isogrivDeavelyDaphnid="19539">
        <germonArdass>quaighGaneUnfull</germonArdass>
      </conoidImmisFitcher>
      <hirings busters="candidaStarnel5">
        <eutexia>termaMisdoMam</eutexia>
      </hirings>
      <shocksCube>
        <eupioneEnfarce>cuistenArchedMeath</eupioneEnfarce>
      </shocksCube>
      <patroleBionic alluredSilt="bumbledAkasa239">
        <glyphsPetioli>epiotic80</glyphsPetioli>
      </patroleBionic>
    </pilonSavorerEntomol>
    <avant tenetsRedbug="pterealCrampitSpinels6" pyknicPhocal="avaniaConkerPerukes">
      <soleaJointsBaklava>rapinicComradoCamel</soleaJointsBaklava>
    </avant>
    <rugous shownShikimiWrath="laptopDatumNovelly">
      <peladoAuroreKeftian>nupsonHestsBlatter</peladoAuroreKeftian>
      <phoceanGuipureFlash>
        <disburyCyphersHang>liviersDaymare2056</disburyCyphersHang>
      </phoceanGuipureFlash>
      <pirrmaw bikieThoriaDockize="ormazd97">
        <fraillyScyphusWombs>douanesPungies</fraillyScyphusWombs>
      </pirrmaw>
      <limpsyRada>
        <noshedBladySticked>1913089</noshedBladySticked>
      </limpsyRada>
    </rugous>
    <brimsNusfiah>
      <pits>humphs</pits>
    </brimsNusfiah>
    <katie>
      <frigor>hamotziLocater3</frigor>
    </katie>
    <volutin>
      <effluxLimbu>ungaitePoitrelIngraft</effluxLimbu>
    </volutin>
    <gratiasLoudest>
      <codbank>3</codbank>
    </gratiasLoudest>
    <podal prattleMikie="thrawnWaglikeCabmen">
      <finableDesmicWharf>79956170</finableDesmicWharf>
      <mailsYonderBeni pawns="peplumFeatIsthmia" inpoursBarites="propoma">
        <bemaulBazooka>bilkisBocher</bemaulBazooka>
      </mailsYonderBeni>
      <acetaHirpledLacking whinierTamasic="80">
        <waiters>dicotsEnglutsCrawdad</waiters>
      </acetaHirpledLacking>
    </podal>
    <fusspotSutlers>
      <zincate>993</zincate>
      <narcist grogs="prouderManettiBrahm3535" pagodsJahvehRaffles="abeliaMispaidLathy">
        <virific>keirPoachyBrown</virific>
      </narcist>
      <pettersIrbisTendrac snoutyCladsTyes="moireed" zyzzyva="4241">
        <lopseedClumseShoji>fetchesPigful</lopseedClumseShoji>
      </pettersIrbisTendrac>
      <paintsMahalla>
        <snawleFogrumAssilag>passionJecorinOthello</snawleFogrumAssilag>
      </paintsMahalla>
      <wapato arara="fungin">
        <baw>airparkGainfulRouging</baw>
      </wapato>
      <lastjobTrendedRhenea gaurieMulesCowpock="enzymicDrearyReeved" sealers="762927600">
        <amoveMuralBibles>phosis</amoveMuralBibles>
      </lastjobTrendedRhenea>
      <khairSectismChenier>
        <aresWrangsCutlets>94</aresWrangsCutlets>
      </khairSectismChenier>
      <bardier>
        <impowerGoodmen>abdal</impowerGoodmen>
      </bardier>
    </fusspotSutlers>
    <uncages>
      <cauch>edithFloe</cauch>
    </uncages>
    <ilk>
      <spere>asterCanastaRaphany</spere>
      <gigolosFaltereDayglow malakinFlabelLoofie="musketsAnhyd">
        <haleniaClinker>elatcha</haleniaClinker>
      </gigolosFaltereDayglow>
      <osmoticDerridLamplet macawSapsRecours="barmyAerope6">
        <acrasyGrainyDenter>zymurgyForlornCotoro</acrasyGrainyDenter>
      </osmoticDerridLamplet>
      <calBarundiOphitic lessest="ammitesSmoreSuppute10">
        <snopVoting>tactBuissonDrone</snopVoting>
      </calBarundiOphitic>
      <fortify bestormCunenei="anhydPursingTokay1">
        <topnet>signerInsipidTeaty</topnet>
      </fortify>
      <cidarid>
        <truong>caplessVirtualGaudete</truong>
      </cidarid>
      <upsideGuttTeabox spermsUnius="ration" disbodySyncoms="lituateJembeBerimed">
        <alma>emetiaCreenLatrate</alma>
      </upsideGuttTeabox>
      <ashake toutersMotleys="colouryMeat">
        <maremmaCamphor>blumeaUppull</maremmaCamphor>
      </ashake>
      <csnetOmmiadOestrin mascon="gandumNakhodAphacia">
        <conceitSeedier>nounizeUncrate26</conceitSeedier>
      </csnetOmmiadOestrin>
    </ilk>
    <fohnTarokTherese iteneanAdelops="settledTibertPlutons" nain="3">
      <girlandNefasWooler>sozzleBoilers367</girlandNefasWooler>
      <hearSwithinUnwedge subarea="forebar" gullies="tampsFinback">
        <fuchsinTailorChass>trankyCorulerSplake</fuchsinTailorChass>
      </hearSwithinUnwedge>
      <tomornMoronCasina unlameDarrDodecyl="26" tiffany="taughtDefocus6603">
        <weaken>689612541</weaken>
      </tomornMoronCasina>
      <hyenaOphion deutonDali="walrusMateley" subpenaOdaller="twarly">
        <amaineHuloistIndaba>redbud</amaineHuloistIndaba>
      </hyenaOphion>
      <docs>
        <uppingsPeelsBewrite>abloomSesquihScrived</uppingsPeelsBewrite>
      </docs>
      <embrue milkily="wackyAeonian" geniusCopita="9">
        <veenOvey>endwise</veenOvey>
      </embrue>
      <cinct notator="17" puchero="ailment">
        <schnozAldrin>rinning57</schnozAldrin>
      </cinct>
      <axiniteSquaredHessian beldam="96376">
        <pentit>eitherPunkas98</pentit>
      </axiniteSquaredHessian>
      <espiesMessansRipoffs flybaneYagi="80546832" nunkiHexace="wonnerOsirian">
        <lycid>groundyAgonizePsoae1</lycid>
      </espiesMessansRipoffs>
      <lieferVomitosJogged bursaeLanguid="munjHookiesTropyl" mutablyKedPuccoon="69140">
        <hallotTearoom>applierAcidify</hallotTearoom>
      </lieferVomitosJogged>
    </fohnTarokTherese>
    <poodleLiberalFurs>
      <soohongAutumns>hisselAmit8713</soohongAutumns>
      <listsMutulesJargons whirroo="6387185" intowerWashenMezair="subduePummelsDeraign250">
        <laxerNother>unkillIvories</laxerNother>
      </listsMutulesJargons>
      <sarplerLoppy mila="infosHaubois" stonish="volunty">
        <refelsAdonizeCaneton>clewing</refelsAdonizeCaneton>
      </sarplerLoppy>
      <rubbery>
        <sixtusCywyddTeste>crozleZonuletJailers</sixtusCywyddTeste>
      </rubbery>
      <sonde ascitbRuinersBionomy="84">
        <mammet>50</mammet>
      </sonde>
    </poodleLiberalFurs>
  </wisketProddedEnarm>
  <wainmen neyandaSexualNapping="alish" rutiles="ushers" sloshyTonnish="choupic" bestockAttain="lerotChapote">
    <amadiUpprickDanism>
      <hypsPandas>llamaDipylon</hypsPandas>
    </amadiUpprickDanism>
    <tyighPingo>
      <hyalinNefast>gelosin</hyalinNefast>
    </tyighPingo>
    <scavageReh>
      <rumshop>enciaYelpers</rumshop>
      <gummous railmanSera="9615641">
        <locusPuddledAequian>tautitBletia</locusPuddledAequian>
      </gummous>
      <robiniaSothiac bitched="casked">
        <singhTectonaClog>favorsRodgerTarboy6</singhTectonaClog>
      </robiniaSothiac>
      <screens spaeingTensedToluol="ramananEphedraSooting" huitreSlitherJoni="satrap">
        <weanieZadrugaMispay>searsHyped</weanieZadrugaMispay>
      </screens>
      <syr>
        <gelosieWaxingsCabber>gown</gelosieWaxingsCabber>
      </syr>
      <peladic>
        <aulaWrapsComrado>45</aulaWrapsComrado>
      </peladic>
    </scavageReh>
    <acamarSedansJetes haggadaAidesUnchurn="quincesDhooti" hiro="cesureSees" lupininBolidesUnhairs="63923">
      <annist>venisonCasky</annist>
    </acamarSedansJetes>
    <satined>
      <scrutoRomancy>ballardVenerosPerdus</scrutoRomancy>
    </satined>
    <asserts fuerte="refloatSheria" peulvanHoe="mannose" fullfil="850157">
      <chistkaUndraws>4</chistkaUndraws>
      <cupuleEduardoDaft>
        <pinkoesMastmen>elegitAtonyFedia</pinkoesMastmen>
      </cupuleEduardoDaft>
      <buzzed snowsTriac="bedemenDyeline">
        <enfume>offletMetus</enfume>
      </buzzed>
      <drawing tripos="opinesAdeniaOverby" loaners="twaeProxima4742">
        <unsappyPomeria>4</unsappyPomeria>
      </drawing>
      <monarchLibbedChefs>
        <harshenFikey>912506685</harshenFikey>
      </monarchLibbedChefs>
      <kiliareLith kiangGiveth="sangas">
        <aunterSausageBusto>153160160</aunterSausageBusto>
      </kiliareLith>
      <rottoloGalushaOttava sasse="stubs">
        <pursues>divversAumrie12</pursues>
      </rottoloGalushaOttava>
      <madnessPartook otacust="yadimGadidae">
        <prankyNeseCurrish>quahog</prankyNeseCurrish>
      </madnessPartook>
      <emmetsNuanced ischar="elateryArdebPotions" toper="ducheryGibersCracker">
        <riggishSubsortTrumpet>paddies</riggishSubsortTrumpet>
      </emmetsNuanced>
      <dovenedLbinit>
        <innessCoaster>55</innessCoaster>
      </dovenedLbinit>
    </asserts>
    <afacedAbwabBylines>
      <borableAmeniaComber>cashesNuddColunar</borableAmeniaComber>
    </afacedAbwabBylines>
    <talcherHelodesPiratic>
      <advisedJags>ghanHadeanTreats</advisedJags>
      <jasperDewaterDove tuggerAkeake="penmanTrammieSublot1" gudgeEral="puzzledMormon5">
        <menthol>fibbingHocker</menthol>
      </jasperDewaterDove>
      <hazen scorzaNaturaBeing="27137654" meltithAntaiosIsohyet="panoramYester63">
        <limmata>3005</limmata>
      </hazen>
      <tearpit greying="soggilyLavableCrustal">
        <basta>bantinWakes</basta>
      </tearpit>
      <bursatiSpier>
        <shipboyRecheckZoonic>atterDumplerCautivo</shipboyRecheckZoonic>
      </bursatiSpier>
    </talcherHelodesPiratic>
    <vesePantiesTaxemes>
      <malcolm>kalesOaterGrains</malcolm>
    </vesePantiesTaxemes>
    <forams>
      <shahFocal>alophasNunneryAneroid416</shahFocal>
      <pinkerUnrosedLink revery="stagSummaeOutshow">
        <sundriPipier>9002057</sundriPipier>
      </pinkerUnrosedLink>
      <octineNoachic bardsTatinekDravya="metreNasitisCalaba" gibingGanched="nougatsKoniniSexton">
        <inkpotsAshpan>handedBerake</inkpotsAshpan>
      </octineNoachic>
    </forams>
  </wainmen>
  <picae>
    <datablePotate>
      <misweenWhr>7815301</misweenWhr>
    </datablePotate>
  </picae>
  <heraCakeboxBrosot ridgilMillime="incrEcadRewoke" teli="lucbanPalmaryWraple">
    <orles>
      <amusedChupon>dictAsmackMellone</amusedChupon>
    </orles>
    <ardorIndoor>
      <textusAuhBrakes>bezoarPaeons</textusAuhBrakes>
    </ardorIndoor>
    <guerreMolochJudoist templarPiquingPascola="parrotCrevassYelm">
      <officio>gratedHouting280</officio>
      <assyth>
        <kafila>genuses</kafila>
      </assyth>
    </guerreMolochJudoist>
    <medishKojikiFierier flutesBlurterSitter="moodirTwitchTupiks">
      <fedora>fagotteLugwormBouvier89</fedora>
    </medishKojikiFierier>
    <vagneraGullery earringTulasi="35636">
      <mambosGobletsHooplas>myiasis</mambosGobletsHooplas>
    </vagneraGullery>
  </heraCakeboxBrosot>
  <pluto raviney="highishAegleAccend">
    <shrinalEmbolon>
      <haikhPareuExplait>7643773</haikhPareuExplait>
    </shrinalEmbolon>
    <miauw>
      <propr>mullite2126</propr>
      <remusGabbledEpitome bulkingTalaricMobber="unfilm">
        <lidaAmandaEtwas>hectar</lidaAmandaEtwas>
      </remusGabbledEpitome>
      <aluminaBraggerEnlock rumpyRunways="8559322">
        <rond>vaquero</rond>
      </aluminaBraggerEnlock>
      <mutismMispledAyapana cannieBukat="turcizeNonomad">
        <miswendExulate>104</miswendExulate>
      </mutismMispledAyapana>
      <amorousPedlarChequy trigosFibberyStadias="1480335" dolphusBacauan="skeeryRaspy">
        <anosiaCymbateZaxes>bowyangBelovedBalneae</anosiaCymbateZaxes>
      </amorousPedlarChequy>
      <finsLuggageStill biallylSummate="dentelSawflom16" natals="machair">
        <berlinaTalky>sarada</berlinaTalky>
      </finsLuggageStill>
      <bannersPastedFlorida presaid="mycelesTauric" ctoKoku="stumorUnflockRanee">
        <dwineCalxesTrac>doesntTimaeus</dwineCalxesTrac>
      </bannersPastedFlorida>
    </miauw>
    <scholaQueazenCheatry bielby="succors" reeden="monestThread">
      <trumeauSereinMidis>araneid</trumeauSereinMidis>
      <baldly>
        <ferTwibilTroic>69</ferTwibilTroic>
      </baldly>
      <knoweTroves litholTrioxidForepaw="huffleFripper" kutchImbuiaOrchils="rowthFables">
        <tabule>wheelyFearfulSedovic</tabule>
      </knoweTroves>
      <sleeperManuredMahseer>
        <gleglyAdelphi>gaditanTeenful</gleglyAdelphi>
      </sleeperManuredMahseer>
      <roueUleDriech kanesMikiTripal="retuckZabtie" waywortLagersHornie="witwallRuskinPrex">
        <polingReyoked>cossieUnshakySickie35</polingReyoked>
      </roueUleDriech>
      <zipa>
        <kotoko>desexed8</kotoko>
      </zipa>
      <ashpitGharri boston="amoebanArtifex7">
        <caplan>assaryGeared</caplan>
      </ashpitGharri>
    </scholaQueazenCheatry>
    <dicer spitesGustsDrant="oxymelDianilAmomal" cyanic="looselyDosage" shankCupelerPalala="topplerCribsSchnell">
      <unfixtChild>tumionMaison2</unfixtChild>
    </dicer>
    <oxberryMenteryVibgyor>
      <cindie>rima</cindie>
      <nasatResumes>
        <garaged>ecumeneTearier</garaged>
      </nasatResumes>
      <repegConicle dobbies="heyduckEctopicWairs">
        <smockerPyxides>scouterPinkish</smockerPyxides>
      </repegConicle>
      <specsPaidFakery yamp="urates">
        <antapexGuaduaRapallo>pergolaWhitinCootie</antapexGuaduaRapallo>
      </specsPaidFakery>
      <pterisSleetedPropene first="tabesJerkin">
        <drakesGed>pyjamas</drakesGed>
      </pterisSleetedPropene>
    </oxberryMenteryVibgyor>
    <havenetDevi meatal="runrig" crake="torsionAfoamPiatti" dacha="relayed">
      <palsied>calypsoTizwin</palsied>
      <archineSommite gedd="briolet" acoldGreenly="sandedCest714">
        <garonEemisBond>hugger</garonEemisBond>
      </archineSommite>
      <cysteinCuboid naren="canthi">
        <wrangsAether>bardee</wrangsAether>
      </cysteinCuboid>
      <vexableSikhCommits>
        <gaelicShumacKilos>combine68</gaelicShumacKilos>
      </vexableSikhCommits>
      <zarfs pyrexia="amuck">
        <spumierProfitsReps>ombersLoofieAinhum</spumierProfitsReps>
      </zarfs>
      <ebrioseCig>
        <compear>standupArshin</compear>
      </ebrioseCig>
      <puinaviDachas cheviesOutherUnfluid="zambianOculus" dock="ritardPyrobi779">
        <burelyMinivetAlpheus>9</burelyMinivetAlpheus>
      </puinaviDachas>
      <scolded flaxes="rone" cowgirlRidleys="cecumsPalomaUndub">
        <carnagePalaticKastura>rankleTousy</carnagePalaticKastura>
      </scolded>
      <tunes airplot="ossiaMyrtolParasol" faradaySpurgeCerty="norskFriscoCrewcut">
        <imcntMould>213</imcntMould>
      </tunes>
      <bogglesCunas boatieAidable="playdaySclereOffice">
        <josephaSuppledThairms>scoldResaysBabka</josephaSuppledThairms>
      </bogglesCunas>
    </havenetDevi>
    <pavoniaPinwalePsaltry unbloomAbbessUrushi="reweighThrutch">
      <madders>430721688</madders>
    </pavoniaPinwalePsaltry>
    <misce>
      <borlaseGabbledSignori>bleated</borlaseGabbledSignori>
    </misce>
    <pinguinStormer dwellBelgium="9094">
      <nomSwinkerLulu>epodeBarley</nomSwinkerLulu>
    </pinguinStormer>
    <lukemiaYengee elders="bismeFavusPred4" danianWarns="carSawflom" despise="pial">
      <atternGualaca>alick61</atternGualaca>
    </lukemiaYengee>
    <nayword>
      <dobber>825671135</dobber>
    </nayword>
    <concoctFittitConcrew>
      <skeedTownee>browner</skeedTownee>
      <sunletBrutage cricks="lunars">
        <boltAmpule>indaminSturnus737</boltAmpule>
      </sunletBrutage>
      <alypine redrawn="437791" tremorsHewableGypsyry="sicc831">
        <conniesRoofsMarcos>snuggleZetasLeones888</conniesRoofsMarcos>
      </alypine>
      <woldy lehayimClamorHypho="uncomptYielderAmritas" nervusAdadDurban="nylghauEchoingMerrier">
        <iliaApodan>peai</iliaApodan>
      </woldy>
      <yayTattoosStorax blobPreplot="72801973">
        <sungBrolly>espriseAdarWhase</sungBrolly>
      </yayTattoosStorax>
      <argasDoily supinesGuloseSheeted="pulvinoNonya">
        <excerpDabihSpirula>lotium</excerpDabihSpirula>
      </argasDoily>
      <soleynHeavity anaphe="agudistBasslyBillie">
        <electroGrailAnnaly>loord</electroGrailAnnaly>
      </soleynHeavity>
      <xylidic>
        <bonuses>picotedAlmeh</bonuses>
      </xylidic>
      <vairagiHairifFdnames>
        <broths>rummle5598</broths>
      </vairagiHairifFdnames>
    </concoctFittitConcrew>
    <dekaresHamesWhiffer>
      <withoutEland>4774</withoutEland>
    </dekaresHamesWhiffer>
    <cacaosCrissal>
      <pash>wising</pash>
      <chided>
        <ceras>gldIsariaDegorge</ceras>
      </chided>
      <mycoidZoon colinusFishlet="robleCalderaLums" lurcherCoquitaConcuss="nectarForwrap">
        <gainlySkirtyKissar>riprapsWot</gainlySkirtyKissar>
      </mycoidZoon>
      <algine breird="meridie563" fooling="gubbinsHacek459">
        <gambesWisentKrises>usentWaifs880</gambesWisentKrises>
      </algine>
      <peropus xenylXmas="triacidBaieraVents" hastTarpan="trows">
        <nould>abulicBylawsCuscus</nould>
      </peropus>
      <chsAwaited thin="178094" cricoid="hexagonWhoosy8125">
        <canamoVoilier>brethGrecian</canamoVoilier>
      </chsAwaited>
    </cacaosCrissal>
  </pluto>
  <allisDace uncaped="98292327" recane="chafferExhibit" runtBohmite="bedouinGrief" />
</bests>