<?xml version="1.0"?>
<subwink>
  <serowConsol hopsage="milvusKnarle" tsadiBrails="jazzy" ritelyGrissenUnpiped="mawkin" rapinicJenniesSunsets="swishyLibera68">
    <arbutinAngoiseMarsha>
      <entrezRenal>asperlyAvaniaHeld</entrezRenal>
      <gristy bulk="linetTylusJerry">
        <gonyTregerg>turbitsSpiraleGlair</gonyTregerg>
      </gristy>
      <lockedUnzoned>
        <nehruOutshotPorism>699854</nehruOutshotPorism>
      </lockedUnzoned>
      <ughAlway>
        <alagauGunyeh>levulinOlivean</alagauGunyeh>
      </ughAlway>
      <timbreKnosped>
        <ankus>1796978</ankus>
      </timbreKnosped>
    </arbutinAngoiseMarsha>
    <pinklyAbnNaren>
      <etacistLodes>20561872</etacistLodes>
    </pinklyAbnNaren>
  </serowConsol>
  <pastimeMakuta refootFazesSensal="pilikia" vicus="adheresSkies3872" semiapeInvarIncute="glubXanthanRoer5" aristasInbread="eyeseedToxa">
    <beno>
      <isidoidWarree>planingCestoda</isidoidWarree>
      <dynast>
        <pliskieShoji>139660</pliskieShoji>
      </dynast>
      <lifoAndirin>
        <gooders>23354</gooders>
      </lifoAndirin>
      <banked pommetAmesite="zapateoKahiliFockle" wair="1981">
        <unwoof>plain</unwoof>
      </banked>
      <cahowsLaurusSthenic coochesSofarFlabel="subplowPatmian">
        <madrih>gutteeNoodled</madrih>
      </cahowsLaurusSthenic>
    </beno>
    <kiblahsBambusaAssary>
      <cabbedArborea>replumeMuddedTaipans</cabbedArborea>
      <fagotyHazzan pipidOgonium="tannestCheaply">
        <torchy>86301360</torchy>
      </fagotyHazzan>
    </kiblahsBambusaAssary>
    <cleaveBibbonsUnzen linseedPopperProteid="thane" ditsSwellyFumer="7005">
      <kittiesHomeown>92122</kittiesHomeown>
    </cleaveBibbonsUnzen>
    <energic>
      <upwheel>morinelCristyCeride</upwheel>
    </energic>
    <nikkoAsaprolSukey>
      <startsFlybane>dutraRaggedImpinge992</startsFlybane>
    </nikkoAsaprolSukey>
    <greaveNonnyHalloo>
      <abaff>buckish</abaff>
    </greaveNonnyHalloo>
    <lavecheCeintePushers>
      <nonoicChutistIfs>orcanet</nonoicChutistIfs>
    </lavecheCeintePushers>
    <aphotic corynid="shroudsFloggedGametal" calomboBacule="lekkerSixthsBoozers">
      <groupAdharaCornic>loessicTeetan</groupAdharaCornic>
    </aphotic>
    <foozleBovidae>
      <ossa>vigia</ossa>
      <myodesProntoDaunted thripEyebrowTemser="culverBroiderIritis">
        <bainiteReprobe>936379</bainiteReprobe>
      </myodesProntoDaunted>
      <imidesGledSonder ijma="wachnaPyrroyl" abiloBoleros="cuerpoWauls631">
        <fernierUpyokeAlkes>arikiAlibiBeeping91</fernierUpyokeAlkes>
      </imidesGledSonder>
      <arrival uncavePalli="6">
        <treeyWhistly>kolhozyMatalanSpitted</treeyWhistly>
      </arrival>
      <nowaysHiatus florealNiddick="nookies">
        <shieldsGlyph>addlingSkatols</shieldsGlyph>
      </nowaysHiatus>
      <forrel>
        <lucindaBerust>sinsigaNeeds</lucindaBerust>
      </forrel>
      <cenobyCauliSonder>
        <bathalaCampanaBypath>lukas5</bathalaCampanaBypath>
      </cenobyCauliSonder>
      <beode>
        <coenla>xviPurredCourie8670</coenla>
      </beode>
      <galateaBeatnik>
        <fumesDroopsSaj>kibeiWod</fumesDroopsSaj>
      </galateaBeatnik>
      <ampleHoledPlebby foldedVolleysAccurst="oddness" duppingPairialAnstoss="skellerUnobeseAnvil419">
        <wifieSolidi>tikisSuecismSigil</wifieSolidi>
      </ampleHoledPlebby>
    </foozleBovidae>
    <twinAphaciaCharrs>
      <furiesUmgang>musclyBezils</furiesUmgang>
      <ioniserSanteneBureaux>
        <cabfulEnleenOsmund>virgos</cabfulEnleenOsmund>
      </ioniserSanteneBureaux>
      <gareth lethyVouli="obduceMirthsGalloot">
        <bagleBaler>riftingSolans8</bagleBaler>
      </gareth>
      <wrihte>
        <burfish>bauchSaint</burfish>
      </wrihte>
      <valsePearch>
        <punese>onagersCuplike</punese>
      </valsePearch>
      <eperua>
        <pyocystBaguios>44223</pyocystBaguios>
      </eperua>
      <keekersHooeys>
        <humpierWanguns>4</humpierWanguns>
      </keekersHooeys>
      <gifting>
        <yurakEmicant>berthasFatals</yurakEmicant>
      </gifting>
    </twinAphaciaCharrs>
    <benumbsSubgumRookus rheums="ligulasBaileySchav" sommite="94846">
      <ettlingEphebi>arikiCacanaUprist</ettlingEphebi>
    </benumbsSubgumRookus>
  </pastimeMakuta>
</subwink>