<?xml version="1.0"?>
<redweed>
  <wrangle beduck="deciduaSimeon" />
  <prongyAboardFow deraterKangla="flabileFeasingValve">
    <curfew>
      <puggierNishada>besague</puggierNishada>
      <gulpedSeatang>
        <modelsHattic>turkify951</modelsHattic>
      </gulpedSeatang>
      <ergotBevomitUnfence zebulun="113" mouthsIotas="chackleMem">
        <smiterCameraBother>8239</smiterCameraBother>
      </ergotBevomitUnfence>
      <bygoImagedShrug eloinScouchYowies="25289713" quinelaBascule="anorchi">
        <unfastRiddenPodia>tolanes</unfastRiddenPodia>
      </bygoImagedShrug>
    </curfew>
    <enologySoapierCarless stralet="muriumBarbetReskew" aequi="oghuzImbodyNodiak">
      <clockTilbury>sungloMisdrewSten</clockTilbury>
    </enologySoapierCarless>
  </prongyAboardFow>
  <hoggers jalops="359487">
    <tooting ockster="quechuaUncaged9120" sancySupaiOwner="seeksExpurge" teasleDolmansLaminae="bagindaIncuteWakas">
      <isidiumBeaufin>unrid</isidiumBeaufin>
    </tooting>
    <mucidJapygidDopping kitabButanal="bahutuSilkySurvive94">
      <puzzled>gayestGibbedNervule</puzzled>
    </mucidJapygidDopping>
    <gypsumBagani>
      <typhous>861154797</typhous>
    </gypsumBagani>
    <vesigia beamsGrumlyTurdine="170230" hernaniRebusedHues="719" quira="unchokeMalthe8542">
      <mawkyUnshape>renegerNudate</mawkyUnshape>
    </vesigia>
    <lawn>
      <brisantFogie>arcatoColorsHwy206</brisantFogie>
      <baghdad chilteArrimbySubfief="mudderTendour">
        <cosenTomtit>olefinCursor</cosenTomtit>
      </baghdad>
      <whervesGirts fustie="issuingDrainsUnleaky">
        <sighty>ocneriaAnurans</sighty>
      </whervesGirts>
    </lawn>
  </hoggers>
  <limpyProsingFons mucking="fleingMaguariTonga" prison="11" poseursYoupons="doodadEngrLeacher5" thiolVacuumaSakkos="fingery">
    <rerose>
      <jincanScautDirex>towelryEnwrapt</jincanScautDirex>
      <localeKendal taupoAmazonsBeads="35591">
        <arctian>rampantScarrowBaumier</arctian>
      </localeKendal>
      <unsleekGurus tollGrampusTurbos="anasaziCoccoFacto" remoter="titarTuffet">
        <clashy>61</clashy>
      </unsleekGurus>
      <meatedWhirretBurtons sleezy="motored">
        <cucumisFjeldNarciss>conical</cucumisFjeldNarciss>
      </meatedWhirretBurtons>
      <camla kashan="tutulus" werefox="elevonCenti">
        <odorate>feniteDerfly</odorate>
      </camla>
      <giggetSimabaTeaty zongoraMurra="soutageAkmiteJaygees">
        <kenotic>naresh6775</kenotic>
      </giggetSimabaTeaty>
    </rerose>
    <sartorSerener adamasSanhitaJapans="booteesDanaan" kachinYelled="apopyleUnnegro">
      <renownTobiesTheedom>237</renownTobiesTheedom>
      <buhr histoid="defeatUndigAttinge75" ate="pollardBeady">
        <rusheeOpencut>ripariiNimblerChit</rusheeOpencut>
      </buhr>
      <goddamsLippersQuiblet>
        <wathWhinersJobo>pipid</wathWhinersJobo>
      </goddamsLippersQuiblet>
      <pigweed stepupYorkist="keymoveSalmonsComedos">
        <ginseng>knowsParotic</ginseng>
      </pigweed>
      <bdsWhitsunTransom>
        <itoistIrisinPartook>dunstHypsSer</itoistIrisinPartook>
      </bdsWhitsunTransom>
      <waistedHokier auditDetainDownier="nonsuchRamenta">
        <mechirSlagger>84</mechirSlagger>
      </waistedHokier>
      <lionism typiconBlares="oxgallVividlyDidine" cleamerWhrGluier="starverPacate">
        <hoddleCrayerScaum>3</hoddleCrayerScaum>
      </lionism>
      <lanAriledArvo serifsSteedsWeal="10884193">
        <elicitsGlidedLounged>dotyBeknowLilial53</elicitsGlidedLounged>
      </lanAriledArvo>
      <punnet pottahPodatusMozart="unmutedRoutousColin" notary="peaveyAnybody">
        <bekkoWiltsBraye>341</bekkoWiltsBraye>
      </punnet>
    </sartorSerener>
    <mulchedEdits dorsadLacunarYep="1" morendoSuraScraw="asnortTrophi" rectumsBabasu="quotaAnisic">
      <librate>gin</librate>
    </mulchedEdits>
  </limpyProsingFons>
  <bookOutedWalker hummers="org" codecsCulvers="48691" merfoldSitz="mowseRichardBun2124" baryesAllowsUnwordy="myeloidKidlet">
    <hellim>
      <hussies>withe</hussies>
      <uncrudeMinutia animoso="8441">
        <milersSeqence>wedbedOutfool</milersSeqence>
      </uncrudeMinutia>
      <coconut swopShowmen="ashkeyScaup" katydidWhalersMixup="keto7600">
        <propine>tameRomper6378</propine>
      </coconut>
      <atwainZizel swissWondersSprang="factoryRallSwabble" unvalidHexisTawa="4354150">
        <otidineGlassie>jager</otidineGlassie>
      </atwainZizel>
      <tarsome>
        <primedBaaingAberia>dalesObeysCockard</primedBaaingAberia>
      </tarsome>
      <mamillaSodomic>
        <tingid>bluejayByword928</tingid>
      </mamillaSodomic>
      <metro>
        <bedroll>patgiaSithes</bedroll>
      </metro>
      <sinuousLicheeCalkin tautaugPolack="87932617">
        <picine>totumTurpeth</picine>
      </sinuousLicheeCalkin>
    </hellim>
    <angeletAbronia>
      <zolaizePinkly>ileAnatolyMellit</zolaizePinkly>
      <kneeing citral="intendsDizens3" fussockWrapup="pilawsOrbingAlkaid">
        <okehsQuareCarven>lauraeChalqueEyliad</okehsQuareCarven>
      </kneeing>
      <lamedBaconicTapnet>
        <berghOutbackRame>88039</berghOutbackRame>
      </lamedBaconicTapnet>
      <pinkySenarii>
        <plancheBalldom>958</plancheBalldom>
      </pinkySenarii>
      <lowdownGujrati relap="67152">
        <crapy>sullageVantageZoom</crapy>
      </lowdownGujrati>
    </angeletAbronia>
    <pyrolas>
      <trouper>diander</trouper>
      <octectsDrayageMeddle porr="98068" exsec="6203">
        <ignaroOki>alinersBender</ignaroOki>
      </octectsDrayageMeddle>
      <mummickArtfulSighted venomySauriaRyal="ruckleMishnah">
        <linecutInexist>41</linecutInexist>
      </mummickArtfulSighted>
      <dyn jewellyZakuskaBoucle="sciage">
        <nodded>skaylesAxisedWagging</nodded>
      </dyn>
      <joualGenoaHowdah juecesDifda="46">
        <besterHollersPropine>rooibokBuswayPanter</besterHollersPropine>
      </joualGenoaHowdah>
      <romanTribune>
        <unmodelClears>73</unmodelClears>
      </romanTribune>
      <minersSucken betrustCundumsWarmish="81105607" conuleAwane="82">
        <chevvyLord>beest</chevvyLord>
      </minersSucken>
    </pyrolas>
    <bravure vassarSravaka="waitGearmanChab">
      <plumyUnoilFlivver>scrawnyFoggish</plumyUnoilFlivver>
    </bravure>
    <taurian>
      <asaphiaTardity>coacheeDenty9735</asaphiaTardity>
    </taurian>
    <zamang xintByrnieGradine="wottestWadmels" uncateDehusk="873" scendedDeflux="5">
      <inditer>loginsPullers</inditer>
    </zamang>
    <tunniesCodein>
      <triolet>reck</triolet>
      <eyeflap>
        <ratablyDebileCritic>ekphore</ratablyDebileCritic>
      </eyeflap>
    </tunniesCodein>
    <dodkinCaroleUnsely hashish="34125">
      <baryonsLatebraRotund>wynnsTotemic</baryonsLatebraRotund>
    </dodkinCaroleUnsely>
    <cholumUnwelde>
      <flambeeBlowseGunrack>floccus</flambeeBlowseGunrack>
      <sassedBladingWitneys whissonObstet="luminaBoyos51">
        <unroveScintil>1</unroveScintil>
      </sassedBladingWitneys>
      <puffGrides setulaeSerraWindigo="74207652" sylvansPulajanVetting="764105">
        <flouterSpurius>azollaSoleretGonagia</flouterSpurius>
      </puffGrides>
      <queleaTedding halutzEardropApace="pupariaGorbRevives">
        <kabuki>972529</kabuki>
      </queleaTedding>
      <repacksTynwaldPepped>
        <taxedTrf>tentingYeatTrog65</taxedTrf>
      </repacksTynwaldPepped>
      <bogging>
        <bastiteImpv>weys1488</bastiteImpv>
      </bogging>
    </cholumUnwelde>
    <bluffedAghori>
      <bubbyTaenian>morendoModifTepehua</bubbyTaenian>
      <baalitePoddiesFrauder shriverIntNibung="mahajun">
        <carrusVerdantSystems>4669</carrusVerdantSystems>
      </baalitePoddiesFrauder>
      <anaxoneGradinoRepure courterCorneinFacts="97154">
        <atoniesTrifleBorated>solgelSlokeResend</atoniesTrifleBorated>
      </anaxoneGradinoRepure>
    </bluffedAghori>
  </bookOutedWalker>
  <mipsGelded mudeeFrowst="furlers" fettedOathletThecate="disjuneSidleAsilus" altunBindlet="kinah4771" echitesNoint="drawn">
    <burooCanonsPinkos>
      <cheeser>flamFlankySummity</cheeser>
      <chujeDakoit untiltGifolaAmal="surhai880" nephiteSwither="jalouse">
        <pesewaStudentShocked>apprizeUrgingsMisate</pesewaStudentShocked>
      </chujeDakoit>
      <voicedRubicanReree zimoccaTaiwan="rennet" bourgTwpAivers="bathicCanguesOligist">
        <drubs>69</drubs>
      </voicedRubicanReree>
      <ahchooDockenUpturns>
        <fatesSybow>80953963</fatesSybow>
      </ahchooDockenUpturns>
      <bieldDispellGobia exploit="rigodonDoublyRattan" umiacs="papyriUnscarbHooch98">
        <tygMimicalLoren>elchee355</tygMimicalLoren>
      </bieldDispellGobia>
      <woodbinUpfeedUngaro isopoly="35">
        <pampas>tappallLadin</pampas>
      </woodbinUpfeedUngaro>
    </burooCanonsPinkos>
    <ensues>
      <quabirdKnur>rotular</quabirdKnur>
      <aldeholQuashedForby>
        <hemself>phenolsDuckierCrones</hemself>
      </aldeholQuashedForby>
      <oomiak masanao="sweathFathomMult3808" lankerPoster="5414824">
        <labiumVum>47537</labiumVum>
      </oomiak>
      <sided>
        <esdSeventy>lotusinHithe</esdSeventy>
      </sided>
      <abrupt>
        <unnosedMohaveKousso>weariedMiffy47</unnosedMohaveKousso>
      </abrupt>
      <puriPochadeSiver ataviConked="72614" preplanAutomatUmgang="awedlyLeetDelbert">
        <podarge>nonbusy</podarge>
      </puriPochadeSiver>
      <jawfeetMsinkFactice>
        <gawky>apathicEntiresWinkles</gawky>
      </jawfeetMsinkFactice>
      <rackers>
        <koontiImbed>dierDeleble9</koontiImbed>
      </rackers>
    </ensues>
    <mongoyo>
      <andronCaqueDivides>unreadCowshedDorlach</andronCaqueDivides>
      <afrasiaSemouleLuxated>
        <tanghinCovid>coopt</tanghinCovid>
      </afrasiaSemouleLuxated>
      <exactPasta>
        <adretCoxaeOny>10246580</adretCoxaeOny>
      </exactPasta>
      <bugiVoideePawn sireeRameshTechie="wayao" unbeastRagusye="natally">
        <egoizerBendays>rasionAllurerOutland</egoizerBendays>
      </bugiVoideePawn>
      <ulaula embroil="insect32">
        <gomutis>anzacTricingBobbins5</gomutis>
      </ulaula>
      <tillageMiships>
        <shutterWample>clonus</shutterWample>
      </tillageMiships>
      <copies yagis="hadromeLeafcupAzures">
        <unluredMales>moonlit</unluredMales>
      </copies>
    </mongoyo>
    <buddingExcuserQuott>
      <buttiesJaeger>salish</buttiesJaeger>
    </buddingExcuserQuott>
    <granola>
      <conorHumans>boodhValval</conorHumans>
    </granola>
    <claxons>
      <kgfMeles>mongolsBuncoedOnionet</kgfMeles>
    </claxons>
    <admass quashyReaversSpelter="560" tictocsSandhi="nene" flumpedAcreageCranes="shruti2706">
      <ira>1379</ira>
    </admass>
    <chitonsArtabeSikra>
      <glaverPhilos>omnificSciurusClatch</glaverPhilos>
    </chitonsArtabeSikra>
    <valetPalmaryNovel fraudIsopodaHuzzaed="saltsSlovaksEmbanks" caid="skintExla" frowerSudderFulwa="maray3118">
      <tennisUntruerCairene>93738</tennisUntruerCairene>
      <forayedSlutchyRecoke unheldDupes="imbark" tsungtuCroreScow="jamsTupunaFondues">
        <idist>61677356</idist>
      </forayedSlutchyRecoke>
      <guanine lindsayLaquais="30147" bandalaOrgasms="8">
        <voidsRatalUpby>unipods</voidsRatalUpby>
      </guanine>
      <seduceTaglockAbrade replaysSinhsServing="sakulyaOdzooks">
        <corkyThumby>covidoTol8380</corkyThumby>
      </seduceTaglockAbrade>
      <caviarsMortalLactol>
        <rufous>dekleIonicsHesther</rufous>
      </caviarsMortalLactol>
      <devata smidgeAmatolsReheal="8">
        <marimbaSaws>foySaviorRecoded</marimbaSaws>
      </devata>
      <gullage hurrahsPuja="snuffs" gnarCumminsKnocked="30">
        <stanekOarlikeIsidore>lipseSahlite</stanekOarlikeIsidore>
      </gullage>
      <burnets>
        <groans>7490461</groans>
      </burnets>
    </valetPalmaryNovel>
    <xeroxes>
      <derbend>ottawas45</derbend>
    </xeroxes>
    <phages outzanyOutcrowTeart="676" undyeOdiniteAnemone="763447">
      <stotScouch>marko</stotScouch>
    </phages>
  </mipsGelded>
  <slubsMuscleTwinkly bandaidBrothe="jainismCorkite" />
</redweed>