<?xml version="1.0"?>
<soupyPhase>
  <dariole pentyneEmbloom="98506704">
    <straletRodlikeCox>
      <herbar>skanceRipal</herbar>
      <torchedMealmen unnighAssisaObverse="stretChomp4" aeroToolers="upstareLutao">
        <pochoir>436</pochoir>
      </torchedMealmen>
      <payen brisantTripeGangly="97193994" deulCandleFilla="exotismAxiate">
        <prancerSubhero>193323</prancerSubhero>
      </payen>
    </straletRodlikeCox>
    <scholaeCarack>
      <glirineInners>byrnie</glirineInners>
    </scholaeCarack>
    <uncurdPareses>
      <risserPyuriasHiker>quarionPlatie</risserPyuriasHiker>
    </uncurdPareses>
    <fiascos pianicUpbyPinnate="deerflyTauntedIapyges" twaiteOpacifyGreeks="assayerAuristsOedipal">
      <shivy>4952131</shivy>
    </fiascos>
    <plicalIdeatum>
      <robigusTharf>776719</robigusTharf>
      <knoutedDomusCurds lockingDivulge="hoopmanBalked7" chokerBaruria="zetaLoxommaDatana">
        <amatory>snobdom</amatory>
      </knoutedDomusCurds>
      <ferox>
        <obtests>purlPuneseAval</obtests>
      </ferox>
      <sudsedSolisteFaciend>
        <pitpan>dottardYaffsSlojd</pitpan>
      </sudsedSolisteFaciend>
      <yelperMightnt>
        <groupForfendQqv>fosterHayings</groupForfendQqv>
      </yelperMightnt>
      <bovine kafiriOccupy="congMarvelBebled" learnt="slackenHuaco">
        <beard>825192</beard>
      </bovine>
    </plicalIdeatum>
    <ladydomSwabAly>
      <pennersDogeys>citrousRebluffSobber</pennersDogeys>
    </ladydomSwabAly>
    <jumpedUmlandSuited>
      <bendelBigate>piratesIlludeCalotte</bendelBigate>
    </jumpedUmlandSuited>
    <semiped smokedNumbing="rewearShuggy" cabals="226989">
      <orbity>5761683</orbity>
    </semiped>
    <carone>
      <carrotsDorms>eremian</carrotsDorms>
    </carone>
    <yuzlik>
      <tamlungGrazersLewing>abasgiBurrelOogloea</tamlungGrazersLewing>
      <kellickCedreWoolf pyrolas="cassian">
        <dictaen>enticerAcreakDecine74</dictaen>
      </kellickCedreWoolf>
      <drysterFogbowZizania graphisGletty="sinico">
        <egoistsReswearHearth>6</egoistsReswearHearth>
      </drysterFogbowZizania>
      <irous>
        <aimakChalk>ether981</aimakChalk>
      </irous>
    </yuzlik>
    <menisonWaviata crinchGolemsBecost="pacinkoUzarinMartens" cgs="sornariBerg" pokomamRoups="baconicGessHughes253">
      <geggForsayUrian>siphon</geggForsayUrian>
      <thallinGeon muffishOutgunOyers="axileTriace" isoamyl="leveretGirdingTambala">
        <cogenerMend>dugoutOfferor</cogenerMend>
      </thallinGeon>
      <cloughAptnessTaxa unhelp="strewed">
        <belastCentasDjibbah>obeliacEmmenic</belastCentasDjibbah>
      </cloughAptnessTaxa>
      <pyronesRazoo pleaSmarm="agitMucking" scanted="1">
        <talk>cuberaGuaican</talk>
      </pyronesRazoo>
      <beknot ceroonUpjerkHinnied="reuneAcruxJohns" whiba="6244">
        <redfinsTarpeiaStannel>hitchel</redfinsTarpeiaStannel>
      </beknot>
    </menisonWaviata>
    <haiariMazdaSleuths>
      <swedger>84</swedger>
      <stumsAlcannaDentel vibratoWarmupsHamsa="55">
        <dhaiReplier>spheresArthur</dhaiReplier>
      </stumsAlcannaDentel>
      <osmosisMoeck antaivaAutemBrooded="inhumanPronity" otacustGroupTike="izzyCrivetz">
        <koelSalfernVermont>racionWauch</koelSalfernVermont>
      </osmosisMoeck>
      <sulfaHoopoesHalal>
        <halloes>scagBilged</halloes>
      </sulfaHoopoesHalal>
      <soyateMatzohs lungeeEnclave="stashieGrieve9530" wantingFrilledDupes="568269">
        <quinaryHedeoma>ascesisGrosso</quinaryHedeoma>
      </soyateMatzohs>
      <rondle fiddleyFormylNori="cravers52" regius="signors73">
        <atrible>46</atrible>
      </rondle>
      <hemiolaChillyDarnel>
        <alchem>guemalAppar</alchem>
      </hemiolaChillyDarnel>
      <belTeave wocasDother="weds1">
        <unlivedFissuryAlloys>lowererStakes</unlivedFissuryAlloys>
      </belTeave>
      <spoom nuncAbohmKendos="backcapDiffer" poweredFeelsToetoe="eductsCornuleTannery">
        <starch>amiidae</starch>
      </spoom>
    </haiariMazdaSleuths>
    <novenaeBelap>
      <ecoidSuberin>outribDomines</ecoidSuberin>
    </novenaeBelap>
  </dariole>
  <regrets kumysIkat="3083011" sploresExceed="zoarial" />
  <tousedPennerTitter insulaeChinkleCojones="27" bismiteSketeWoevine="hyaenidGasps" />
  <joint aribinPalkeeBeano="platter" tuckHocky="proline4" costful="parineGrantor42" pokableCuttage="3625" />
  <kosseanIlludeSwarded>
    <carolRente>
      <leggySalp>poria86</leggySalp>
      <javaneeTropiaOcellus postsPerceptBoti="pigginPumpersZodiac" fanamHoidens="riftingOothecaBaroco">
        <totuava>17</totuava>
      </javaneeTropiaOcellus>
      <kamansi iliacusWeirdFarcial="redbuckGlazes4">
        <pvtKloofs>cruises8874</pvtKloofs>
      </kamansi>
    </carolRente>
    <longingDestroy>
      <axitePoinado>inconel</axitePoinado>
      <proneurSocketGalagos fucatePrison="fulled">
        <elepaioLimma>sotikEngorge</elepaioLimma>
      </proneurSocketGalagos>
    </longingDestroy>
    <eozoon>
      <stroil>cloineTimbrelOutyard</stroil>
      <kellockPyxies>
        <retypedKinging>bebayPizz1903</retypedKinging>
      </kellockPyxies>
    </eozoon>
    <sericonSkeilyUrostea sizableBoletesAdaw="skivyCowpeas6373" pedesCheungExcides="eluent">
      <cocus>7</cocus>
    </sericonSkeilyUrostea>
    <odinicAdverbTriact>
      <coraise>volunty165</coraise>
      <waeness pokieVitesseCte="loeingCletch">
        <wowsersCeramal>galegaRepeat</wowsersCeramal>
      </waeness>
      <losers carlinRitards="danteanGnoffResmell92" fondakGeebungAchoke="ragnarDurra">
        <bukeyefTolzey>scoliaPitanga</bukeyefTolzey>
      </losers>
    </odinicAdverbTriact>
    <jemidar fadmeNizeyCoccous="bedbugDockedBravely" copepodPique="636523058" arsono="fullishPipa1511">
      <riotersMavensAdor>pupoidSimply</riotersMavensAdor>
    </jemidar>
    <brailed castral="gibs" xylenol="corncobCentric" acubens="withalDevoid">
      <locusta>7226</locusta>
    </brailed>
    <cowitchFellon patballGirling="8" faenus="surpassOmnianaAffair97">
      <unbrokeForzOwling>avokeSnotsTicked</unbrokeForzOwling>
      <flyflapGalv teraiFanjet="cradockIntrusoBudders" edhAusformChatino="genecorMyeloic">
        <mottleFlaneur>wisedIndolsFula</mottleFlaneur>
      </flyflapGalv>
      <faecesCrepesMellows verditeSevererOread="boruca" basilicVelary="enableEnshadeBarotse">
        <codec>adenomaPapawsMalachi</codec>
      </faecesCrepesMellows>
    </cowitchFellon>
    <gullets denesSarna="1" giust="brad">
      <dermalSunsmitWoofers>pliskieDipode</dermalSunsmitWoofers>
      <didicoyHosedAlethea debeakKickingRantoon="creole" diauBard="madronoChicerElector631">
        <raspingVivas>107528294</raspingVivas>
      </didicoyHosedAlethea>
    </gullets>
  </kosseanIlludeSwarded>
  <inseaToluide bactrisTrinkumPlex="shibahUnlaceRoanoke" tyring="taishBulgier" />
  <dowsFresher sinawaCanersToxemia="teasesDabbers507" glumpyUpwhirlUnluck="welter" cooersSpirtle="podleyMaltase3" />
</soupyPhase>