<?xml version="1.0"?>
<lethalLeviedReduce>
  <findalSiccaThats sauncy="reiterKakan" paga="251930" hox="baignNocuous" gretPptnSpavine="deliCabmen4144">
    <badjuActable>
      <mantapa>alvelozGeckingImbred</mantapa>
    </badjuActable>
    <banns>
      <bedlids>lovage</bedlids>
      <mushesNosite>
        <outrodeTray>assisa</outrodeTray>
      </mushesNosite>
      <uraninCoronis>
        <diluvia>incudalApadana</diluvia>
      </uraninCoronis>
    </banns>
    <fixated duct="airbag7257" tanglesTohomeHylids="46" cabfulDroguet="zygaenaBedelveUnhazy">
      <vituperHempierExport>sinianIngestaLotment80</vituperHempierExport>
      <tapettaSoled>
        <eyelets>30555323</eyelets>
      </tapettaSoled>
      <lindsayRoadsClumse>
        <sifters>4</sifters>
      </lindsayRoadsClumse>
      <jarrahsArctos sturteWaldorfBrahmin="outatePounderCurucui" whone="guddleLofBevil">
        <bouncer>30746747</bouncer>
      </jarrahsArctos>
      <wronglySummers dewaxedBolKnotted="70">
        <betons>mohawkBasilsPitaya3</betons>
      </wronglySummers>
      <acridylWaister nightlyEmblemaKaj="farmoutPernis8003">
        <retard>savoyedTritoneKabala435</retard>
      </acridylWaister>
    </fixated>
    <graphicRametCuda deemingCoco="jahvehKations9546" snowPuppingRibbon="77954751">
      <cypressPresentRedout>ankle</cypressPresentRedout>
    </graphicRametCuda>
    <sprose dorabSitcom="dosisRewiden" niblikePritheePight="mazeTophetFilosa">
      <dwarvesSwots>canoing</dwarvesSwots>
      <labeler>
        <myaceaCoexist>7389</myaceaCoexist>
      </labeler>
      <besmear>
        <fulfils>zongora</fulfils>
      </besmear>
      <jarnutReback caranga="28593557" phonoPlatedForebar="redbillRibsTakeout">
        <quareTootherMoorhen>musily</quareTootherMoorhen>
      </jarnutReback>
      <zant cardolFetaJails="aloesol" lamplit="bubbiesPahleviWarling">
        <immuteOsminLeafier>xylansNoetic</immuteOsminLeafier>
      </zant>
      <gantrySkibbyYoky adoorsStealerDhobies="ustHalingProphet" peumus="vermisMiriestOgees">
        <dildoe>rakit</dildoe>
      </gantrySkibbyYoky>
    </sprose>
    <varNave beadyJagla="7414" siresFilical="refeignPilmy">
      <ourSharperNandow>barbara</ourSharperNandow>
      <sonsyIanusDeters idaeinOsseletPeas="affa48" upstaff="2542085">
        <aroastRorqual>cavettiEutonyPoisers</aroastRorqual>
      </sonsyIanusDeters>
      <cyclopsQere>
        <kennellAkee>fokkerSought6935</kennellAkee>
      </cyclopsQere>
    </varNave>
    <congreeShelvedStimies>
      <guglets>etacismDilate</guglets>
      <fdtype triads="lioniseMoolasCochon">
        <zitiResmellAvick>rhumbasLogoesTaihoa</zitiResmellAvick>
      </fdtype>
      <stateraLaus vesperIndearGlues="toddles">
        <mavies>nunlet</mavies>
      </stateraLaus>
      <muraenaFormMoxas bastaMuangOrnery="aviticBantam" taperAspicsAspide="vaumure">
        <rotondaStoics>85</rotondaStoics>
      </muraenaFormMoxas>
      <sagestDeniers bumbeeAvadana="5">
        <retossEmbryol>cynebotPlumberMala</retossEmbryol>
      </sagestDeniers>
    </congreeShelvedStimies>
    <abuliasBreech>
      <assailChocker>disroutAlbusEikones</assailChocker>
    </abuliasBreech>
    <physes>
      <covadoLumpish>kefti</covadoLumpish>
      <louvar unaptlyShriekyOsprey="6661">
        <vetFlitingRecepts>seebeckArcherWattle</vetFlitingRecepts>
      </louvar>
    </physes>
    <biplane>
      <kasBlocsExarchy>tuttedVowedOkie</kasBlocsExarchy>
      <anagap skeilyOsiers="astelyRewhelpRetral">
        <minxesTroikasFussle>eiderSongoAbbotcy</minxesTroikasFussle>
      </anagap>
      <ingate assetReistDivider="iwbellsGetspa" trellisPuddled="unkirkHaemoid">
        <chikaraOvulaTod>whale2</chikaraOvulaTod>
      </ingate>
      <soups>
        <ciguaZeekoeBeshrew>shortie788</ciguaZeekoeBeshrew>
      </soups>
      <acystia bandogsUnfixes="partlet" burkhaCorneumRayonne="shoot">
        <antaios>meaticSituateAldea</antaios>
      </acystia>
      <sebumConduce alamire="485710">
        <gummata>pastesPutlogsHausa17</gummata>
      </sebumConduce>
    </biplane>
    <hamatumPrevoteDifform>
      <cucaAfrasia>saicesStacherRats45</cucaAfrasia>
    </hamatumPrevoteDifform>
    <primeur>
      <syrupFidge>947440580</syrupFidge>
      <chou>
        <siloedTongmen>233633</siloedTongmen>
      </chou>
      <bewreakShakha>
        <camballIceniPetto>2440</camballIceniPetto>
      </bewreakShakha>
      <batwa mundilShudderWhirr="550139" sources="untillSoriRecital">
        <unct>ladakhi</unct>
      </batwa>
      <larmierFaggots uprose="expiree" gidjeeBiabo="kakatoeHeiling">
        <tympanoAselliGobies>woolie</tympanoAselliGobies>
      </larmierFaggots>
      <lenvoiSensorSerapic titoismOrdines="whackShakil" murra="flamTackets">
        <asconCrakedQuayful>571</asconCrakedQuayful>
      </lenvoiSensorSerapic>
      <atoneKnotterSarzan tegmina="1327237" tors="schmitzPitter">
        <canzoneMedalsPonca>967</canzoneMedalsPonca>
      </atoneKnotterSarzan>
      <sapsap>
        <syrtisOlenusKumys>proms</syrtisOlenusKumys>
      </sapsap>
      <gurging dawcockHollong="wilily2" anthos="977543">
        <insp>weeds</insp>
      </gurging>
    </primeur>
  </findalSiccaThats>
  <foggilyMaleficSublate utriculTramsFloats="omanLaddieNudd" />
  <gerundsGradate rebrickUnmaidResumer="puberalKloof" stow="583528" tuskier="canch" />
  <leftiesMaizesTylus />
  <burbledCamblet latus="902345714" tangerMurut="22" />
  <ashiverCesurae hallionAreng="gasboat">
    <grapsusChad ayuyu="homage96">
      <divinesWeevers>rhizineDeltas</divinesWeevers>
    </grapsusChad>
    <rundiAmylum feltmanBerrier="loathAbaisedWetter" ramies="sapbush">
      <abelian>helpersPackrat</abelian>
    </rundiAmylum>
  </ashiverCesurae>
</lethalLeviedReduce>