<?xml version="1.0"?>
<paleaeOmanderFunder>
  <fremdly tholing="muddify43">
    <cormacDandiesRubiest carumMuzoBlander="testacy">
      <mopery>unleash61</mopery>
    </cormacDandiesRubiest>
    <aphylly>
      <setterRisque>brigidSpumesCanes</setterRisque>
      <roaredGripSpurlet chatonsAmicedSeta="109633" ozonium="286426545">
        <collatPorail>rooingAhmedAueto</collatPorail>
      </roaredGripSpurlet>
      <skewsRundownBenim coilsCoef="preterParrs">
        <unidealDeedingNapaean>tetaniaLevancyRemarks</unidealDeedingNapaean>
      </skewsRundownBenim>
      <donatesWailakiMessiah mascaraAnnerreTopees="jacchusImputes">
        <vexedly>968857</vexedly>
      </donatesWailakiMessiah>
      <homeownGirnelDegu perkierOutherWokowi="sedgedLawson7417">
        <styletOctdra>leglet</styletOctdra>
      </homeownGirnelDegu>
      <ganglia>
        <micronFilibeg>galleonBegsterCaff</micronFilibeg>
      </ganglia>
      <aldrinsTushing>
        <consarnWindles>29</consarnWindles>
      </aldrinsTushing>
    </aphylly>
    <chatta>
      <heedersDialed>659274425</heedersDialed>
      <coakumKorhmn nipponBandle="pricing" atheousScaur="napererAubeFewmets">
        <dinnerDenesJacanas>haffitTeamman</dinnerDenesJacanas>
      </coakumKorhmn>
      <askoiFac nitrileMockful="127" misbias="serosas">
        <quienalTigeBillete>pseudo</quienalTigeBillete>
      </askoiFac>
      <yamanaiDialled varanid="creanceBabumaSolanos" copingBurnut="taipeiToletan">
        <trit>brutism</trit>
      </yamanaiDialled>
      <tradedVizirsGoth>
        <iodidesSkillsDaub>199977</iodidesSkillsDaub>
      </tradedVizirsGoth>
    </chatta>
    <aubain>
      <tendryPoetize>chitinsCozened</tendryPoetize>
    </aubain>
    <bahay imi="17" rebsJokist="969630">
      <jambeeExdieSmalm>robertsTilter</jambeeExdieSmalm>
      <musjidOrtiga chorionPreburn="hazedUranideFrills" arriverDalfCouve="mfgLeeways">
        <emeersRiftSuitor>beamierDebted</emeersRiftSuitor>
      </musjidOrtiga>
      <pizzBondage hectyliArbuteFavors="bitableJuliett" reins="bilsted">
        <eosinesRestyle>520564</eosinesRestyle>
      </pizzBondage>
      <billowRunted chigoeExitusGrouser="88329601">
        <pavonia>rastikAcerdol</pavonia>
      </billowRunted>
      <dechlogChiggak>
        <haltsMesskitCotypes>versosLych</haltsMesskitCotypes>
      </dechlogChiggak>
      <drag dulsesRosebay="jebelBradoonHammier24" weening="feral282">
        <homoBashaw>964</homoBashaw>
      </drag>
      <redlySyntony method="woyBullyUnhazed96" cardRatiosLooked="danker9684">
        <eosateDecurtMongst>516</eosateDecurtMongst>
      </redlySyntony>
    </bahay>
  </fremdly>
  <biotechViewed jhuriaDislip="31" moolAlgiebaAssets="ticals" cottyOscule="omitterTalarsStater" />
  <kittledTegg sawlogTwitted="26" puffin="dean" writheDasturBrut="tarrishStrict6636" rousedMeuteGiveth="scafferVie">
    <flossie>
      <educt>upflungBovid</educt>
    </flossie>
    <debunksFeelessPwt factionZipa="kirve" resellTji="glotumVitroVacuum" became="jobnameFleeLeveche">
      <enrageAtuamiSpaer>janapan</enrageAtuamiSpaer>
      <meetsTalliar dacus="unhuman" clodletChapel="meggerChollasShocks">
        <kantistClumseTorn>baas</kantistClumseTorn>
      </meetsTalliar>
      <flankenNidus>
        <staffsPopifyHorim>4769</staffsPopifyHorim>
      </flankenNidus>
      <utiResiduaKibbled trudgen="hageen">
        <dallyDele>dumptySkanda</dallyDele>
      </utiResiduaKibbled>
      <primomoPlaylet carbyHawaii="62729" aflushTestudo="infimaSkeeBetire">
        <enew>simpTripes</enew>
      </primomoPlaylet>
      <tasting>
        <welsom>trekked</welsom>
      </tasting>
      <oreads>
        <kiefsMedlarOptive>sofaLanewayThirls</kiefsMedlarOptive>
      </oreads>
      <bitoreRefractSpurdog setonMondego="thenceUnkirkApio">
        <shifted>940668</shifted>
      </bitoreRefractSpurdog>
      <chamos sparusBro="repollTheca">
        <cuerdaEssayer>droneWeanieMarkups</cuerdaEssayer>
      </chamos>
    </debunksFeelessPwt>
    <tegmenHexads>
      <whootCires>ghanaYolkier</whootCires>
      <unrosed cotter="reeksDufferChattel">
        <babydom>8</babydom>
      </unrosed>
      <papistDieticGeotaxy proggedCartels="exurbCoveterMucins93">
        <welshy>90356</welshy>
      </papistDieticGeotaxy>
      <domSantalMurage sepiaeDespose="69715">
        <speightCrozerErme>8</speightCrozerErme>
      </domSantalMurage>
      <suntrap sildTrant="36547" thirtyShaft="bootherRespondBicetyl8">
        <zoochemToriestMewed>mealedTruces</zoochemToriestMewed>
      </suntrap>
      <bosoms toyonsVixenly="62573347">
        <chesoun>torchesSorbent9920</chesoun>
      </bosoms>
      <ridgelsDouxWaeness gultTzarsCarole="amuguisAttribInduce" fidgets="daoineVarious">
        <huskedTitlike>misfire</huskedTitlike>
      </ridgelsDouxWaeness>
      <peeved>
        <mycosesAbaffHegira>plagaeCaeca2</mycosesAbaffHegira>
      </peeved>
    </tegmenHexads>
    <stellas>
      <rectoKlosh>kerrilThrain</rectoKlosh>
    </stellas>
    <seppukuBleauntKolkhos>
      <jowter>4775962</jowter>
    </seppukuBleauntKolkhos>
    <clovenDiscumb tissualTuitiveCalmed="sharan" sproat="492" edict="male5589">
      <tappet>elevons</tappet>
    </clovenDiscumb>
    <anubis>
      <titreExurban>72</titreExurban>
      <alaricGovernsUnction infancy="silvasVolenti5212" aryanRats="aikona">
        <peepyChelaeCorries>unrulyAltaid</peepyChelaeCorries>
      </alaricGovernsUnction>
      <stokerHamboneAlcaaba barbersAtapClag="bream">
        <sing>doumJugalAgeings</sing>
      </stokerHamboneAlcaaba>
      <pkg xylosePraus="fraughtPipits">
        <thoro>suhuaro</thoro>
      </pkg>
      <parrFountsJct paraph="15488" unhooks="achioteFelones">
        <townful>leewaysAslake514</townful>
      </parrFountsJct>
      <harb>
        <udder>frasier</udder>
      </harb>
      <lapillo>
        <frozeTelei>hajjisThievesUnwater</frozeTelei>
      </lapillo>
      <caringAnserJewels eparchs="nicklesFinales602" bulgingGnome="vum">
        <lenaeumSealBonding>actsSabineNugae</lenaeumSealBonding>
      </caringAnserJewels>
      <layfolkGreaserAcrodus retasteAggers="zoogony2956">
        <flimpShoerLighted>cawsTreget</flimpShoerLighted>
      </layfolkGreaserAcrodus>
      <fdnames mandarEurytusKites="langielBallad3" cheskey="atimonSolvateGrated">
        <youthlyMiching>marascaQuinse330</youthlyMiching>
      </fdnames>
    </anubis>
    <piledFritsLobefin adoorsPhajusNylghai="clueingWelshry">
      <conusKnitch>wassailUnavianCarsick</conusKnitch>
    </piledFritsLobefin>
    <grouped>
      <tentageSleeperSharps>yeggmenEmyds</tentageSleeperSharps>
      <deek>
        <canel>haiduckTeak</canel>
      </deek>
      <unwhiptHejira>
        <emeuteCoonAttach>fluxedBulbs2</emeuteCoonAttach>
      </unwhiptHejira>
      <mulitaHerbals queasomLookum="refire">
        <armuresEvilerLimbi>carpiumBattlerYeast99</armuresEvilerLimbi>
      </mulitaHerbals>
      <kuvaszShotesBassets avenage="branchy">
        <goadedOblatesSplayed>chaoua722</goadedOblatesSplayed>
      </kuvaszShotesBassets>
    </grouped>
    <boppers>
      <anisesFib>recodesRevoke</anisesFib>
      <enrangeCaman wees="caffeicCackSolvus6432" upalong="90583652">
        <caltrap>declareGrilledCrcao</caltrap>
      </enrangeCaman>
      <amphiUpbinds>
        <eighOdzManiacs>fykes2605</eighOdzManiacs>
      </amphiUpbinds>
    </boppers>
    <sokemen>
      <grunion>105047233</grunion>
    </sokemen>
  </kittledTegg>
  <audaean manga="richdom" sung="trismusKyarMalars" invadesKhedah="brentsDermal6015" versesRoeyIngush="ngomaZoogamyTogated">
    <glummerHydroneBiriba rebopsOnerate="goiAthletePlinker">
      <preheatUnswungSalving>mewerFalsifyPhialai258</preheatUnswungSalving>
      <oxboyMisaddJamwood cowererVetoers="orbificRassleShamus">
        <naeviBlabbyPanowie>larin</naeviBlabbyPanowie>
      </oxboyMisaddJamwood>
      <resectsSamoaHunner typhousBracked="cosmine">
        <cautioAnonymAbets>gasper</cautioAnonymAbets>
      </resectsSamoaHunner>
      <botoneXenias>
        <oidwlfe>adlumin</oidwlfe>
      </botoneXenias>
      <unsteek taleDialed="creolesPargingKlongs" pebrineManitou="topmenDiminueByronic">
        <misjoin>adit</misjoin>
      </unsteek>
      <cutsAnteal>
        <kiwach>cagy</kiwach>
      </cutsAnteal>
      <bombAttar>
        <abodyTopcoatSalchow>shellyPedlersRager</abodyTopcoatSalchow>
      </bombAttar>
      <spiksAeric outgang="rantizeSneezes">
        <yetling>urbanHyoidan</yetling>
      </spiksAeric>
      <paizingFloreal sny="hummingUptossWeanly93">
        <whaukCarmel>palates</whaukCarmel>
      </paizingFloreal>
      <yardageChronos knelledStuller="3977526">
        <tpmDirestSlatted>camionSivaist</tpmDirestSlatted>
      </yardageChronos>
    </glummerHydroneBiriba>
  </audaean>
</paleaeOmanderFunder>