<?xml version="1.0"?>
<steepen>
  <tendant serverySlirtGuise="alginReswardDisowns" />
  <pattieAutos ripsackLimasDonnerd="relieveRenigsUneager7257" deborah="ilotTortaysAliyoth" reveal="shaw">
    <chasmy bracciaBateShivahs="sinning" rodlike="clouded" mahmudiHippingLynchet="bakalei">
      <laydownShtetel>shared</laydownShtetel>
    </chasmy>
    <springPressly>
      <oyezWhosoMasons>ume</oyezWhosoMasons>
      <dialogDebitum cantaroUniqueVotish="zlotysTarbetSolary">
        <spumousMalaCestus>dorhawkNertz</spumousMalaCestus>
      </dialogDebitum>
      <crusie>
        <trothDaver>enstateHaemins181</trothDaver>
      </crusie>
      <pelmataPuzzledSchuhe sulkierTheorum="partway">
        <lectModiste>febris</lectModiste>
      </pelmataPuzzledSchuhe>
      <ruffleDays>
        <lochialCharnel>wizierOctdraShabbat</lochialCharnel>
      </ruffleDays>
    </springPressly>
    <soupledStuddy esoxSoudFretter="suerLeonatoTelomic3063" gripedSickle="frauen" vulcanSheerer="layawayScawd2417">
      <ricksGrabman>751</ricksGrabman>
    </soupledStuddy>
    <video>
      <heftilySchmitz>herbDuallyGroose</heftilySchmitz>
    </video>
  </pattieAutos>
  <pixies />
</steepen>