<?xml version="1.0"?>
<pleads>
  <sipageBaizingRitz fadges="22909" />
  <swillerTahiti>
    <solatesPedaledKlosh>
      <julidPuttierBrants>elepaioCyanideHamlet</julidPuttierBrants>
    </solatesPedaledKlosh>
    <cottierOleumsFlavian gonerilAtomismSkaldic="wirr">
      <ammosFadoCoccule>desexedTonies</ammosFadoCoccule>
    </cottierOleumsFlavian>
    <caddow>
      <slutKefEmule>farcedTsotsi633</slutKefEmule>
      <choana windbagCarpaleGooma="98745">
        <kosha>jibbing</kosha>
      </choana>
    </caddow>
    <epilogs>
      <cabreHereoutJuan>optate</cabreHereoutJuan>
    </epilogs>
    <drakes>
      <revetSubsume>368</revetSubsume>
      <diobelyAddulceFurore dyvours="paleogHupaEscape64" stroneMelas="pewyCaplinsTanned">
        <gruppoAucht>cairn3691</gruppoAucht>
      </diobelyAddulceFurore>
      <scyphiAphemicBacklit craziesSyncom="prepdDebriefAnseres32" hexanal="defiledAngiaTigroid">
        <malloy>ooryHorsify62</malloy>
      </scyphiAphemicBacklit>
      <plusesBrickedJacky exurbanRetitleCoves="icarian">
        <coolthSials>sawings</coolthSials>
      </plusesBrickedJacky>
      <aslant>
        <rolling>mimmestPorcineBegging29</rolling>
      </aslant>
      <murresTicket jillionJuneauTituli="ristoriCerciDecants" fordoesMusher="uprootRuinateForfars">
        <joramsScatch>fitlyConfiskZincate</joramsScatch>
      </murresTicket>
    </drakes>
    <arundo>
      <habbe>390285419</habbe>
      <gerent frutageJaman="iodosoJuratsSaul" gurkha="6">
        <turakooSuccula>gol</turakooSuccula>
      </gerent>
      <jacana keirVinas="exitus" biomassBergamaBollito="buretsPomelos">
        <outaddsMudhead>hoatzinMuktiHulking</outaddsMudhead>
      </jacana>
      <gilling>
        <fatsiaRavins>pined</fatsiaRavins>
      </gilling>
    </arundo>
    <blypesRipieniQuayed>
      <alibiAntiqueScars>sanity</alibiAntiqueScars>
    </blypesRipieniQuayed>
    <matthewNoupSmugism loafers="57861270" eliotGoosy="34196" quackThallusPeons="booboos">
      <foleyeLionism>679</foleyeLionism>
      <holokuHoniton astrSwipedLettrin="mohwaSimarSheal6269" hidUncouch="daemon">
        <brimseMany>595455</brimseMany>
      </holokuHoniton>
      <wichita aurigoSoeBecall="wilhelmArian" fluffWarve="4">
        <ageist>jokesTapetiAcrodus</ageist>
      </wichita>
      <simousNaledTongman bindersGazania="shooks">
        <dispope>438311392</dispope>
      </simousNaledTongman>
      <trikePraters lacto="longfinSaxonShelved">
        <amgarnSilurid>mastageSopors</amgarnSilurid>
      </trikePraters>
      <uncurd>
        <tizaCurchWakiki>673214</tizaCurchWakiki>
      </uncurd>
    </matthewNoupSmugism>
  </swillerTahiti>
  <saferCodeins slubHanses="syndOroanal" />
  <decart motiles="459256">
    <ridgerBuddhi>
      <skeeter>millineTheah99</skeeter>
    </ridgerBuddhi>
    <sakisSquads beefersRicinic="outlainWurlySirpoon">
      <filingsNusfiah>subtill</filingsNusfiah>
    </sakisSquads>
    <porculaRoguery>
      <balante>peaced</balante>
    </porculaRoguery>
    <abvGingallBedroll>
      <overwinAthlete>araceae92</overwinAthlete>
    </abvGingallBedroll>
  </decart>
  <cultchGisel cantonGombo="372" />
  <primedAmalett sartainVendersCopeman="forcene" alooflyMotes="3062" />
  <unslot tactoid="41890087" bibelot="encellJelske" joveHarePreplan="stealedArnebia">
    <lxxPontage vikings="unmask" larumIfugao="misway" rewaxedLieuePullout="124804412">
      <sterveFlaunty>gibus8112</sterveFlaunty>
      <hadjes>
        <lapper>pulped</lapper>
      </hadjes>
      <argues>
        <scholae>cicada</scholae>
      </argues>
      <withsawHareemSunbeam fixersOoecial="quislerDrouket301" wigwagLineateOcas="balillaSymtab">
        <strivedGainsayTibiale>716011010</strivedGainsayTibiale>
      </withsawHareemSunbeam>
      <jiggers infinShareLuis="63606" edged="plyersChordalNanduti">
        <cristaPoringYhwh>saltUnnet</cristaPoringYhwh>
      </jiggers>
      <lemuelUpspinMoi>
        <crizzleWrinklyOrbitar>pussy</crizzleWrinklyOrbitar>
      </lemuelUpspinMoi>
      <lightenGigsmenMacram sexismsAuster="alcovesIdoseCalypso" ficoesJustice="hiatusQuirtedSoggier">
        <keefs>psalmed</keefs>
      </lightenGigsmenMacram>
      <treacleRiotiseLatris>
        <sextets>2229</sextets>
      </treacleRiotiseLatris>
      <pasteBegirds pilpaiSome="wishing88">
        <mistier>5954</mistier>
      </pasteBegirds>
    </lxxPontage>
    <valesThumby>
      <steles>demoIberism1</steles>
      <achieveTysteSift lethalsPetemenDamped="harmanBeckerFimble">
        <wared>tuttingPraised</wared>
      </achieveTysteSift>
      <vintner barbe="aukletsSpalaxEmoters" gaussLeghorn="unlawlyTumbek6458">
        <tickerMaranha>bludgerLludd316</tickerMaranha>
      </vintner>
      <gaderSawedCepa kelsonsDaubers="willbleFacient" jerquerPlant="sintoRamrace">
        <triceShapier>57</triceShapier>
      </gaderSawedCepa>
      <meggyRetill chosen="remuda" siafuIts="exarchsBacaoPortage">
        <cantaro>duelistGrilse</cantaro>
      </meggyRetill>
      <conopid>
        <unaskedLoren>outmostUnsolid</unaskedLoren>
      </conopid>
    </valesThumby>
    <outcame>
      <fattens>nervilyParterAttalea7800</fattens>
      <davidFusses mirvsDunceryNumidae="kraftDehornSpaer" doneyDecSagwire="artouDibTigrine">
        <tarokAliner>faneKytesYodeler</tarokAliner>
      </davidFusses>
      <umbrineIdolistMascle fiancesMaraisPoxy="82842008" busser="minkeryFalconsStrived">
        <annatHousty>836</annatHousty>
      </umbrineIdolistMascle>
    </outcame>
    <inceptsTrystsFrenchy>
      <neum>insulaeScalars</neum>
    </inceptsTrystsFrenchy>
    <avg methoxyNaeWherves="beleapt">
      <halidomAugrimExpulse>2898497</halidomAugrimExpulse>
      <alrunaVorlage eked="tidierArrha">
        <cernedZeidaeAgouta>timoteRepinerStearin7034</cernedZeidaeAgouta>
      </alrunaVorlage>
      <endysis indTarau="quadra6" hirer="kobong">
        <munchetFiliety>banjoThurnia</munchetFiliety>
      </endysis>
    </avg>
    <southsWake rhdRewrapRhodite="9850" arsono="logway" tendril="46">
      <slentOsmunda>diasyrmMaypop</slentOsmunda>
    </southsWake>
    <bribee>
      <lunary>maser</lunary>
      <echtForminBlankit lokaoAwreakHtel="reglovePinacol" soutenuUnspilt="coyness">
        <thiasosBallas>galaWagtail</thiasosBallas>
      </echtForminBlankit>
      <mlx wikenoRadish="blightsCabmanDuddie" yawperStarry="sestetUncomic">
        <cookdom>tulsiLove</cookdom>
      </mlx>
      <metalTamineFarther coulterBattery="linage">
        <lordkinJemidar>4081253</lordkinJemidar>
      </metalTamineFarther>
    </bribee>
    <dyebeck rewager="spiresKoorhmn">
      <duskyHoliesGorst>adieux</duskyHoliesGorst>
      <alignMakuk>
        <hubbub>pandal3</hubbub>
      </alignMakuk>
      <larchSpeight swipe="restingLapping" lizzieSarrowUreic="goetae277">
        <sinopie>8</sinopie>
      </larchSpeight>
    </dyebeck>
    <enmew>
      <cake>exopodMyrosin</cake>
    </enmew>
    <kauriesLivenOogeny>
      <stromeChoral>nudelyCalking5522</stromeChoral>
    </kauriesLivenOogeny>
  </unslot>
  <hallahsWeedful fabian="sike" dupersOverhitRutate="abuserQuoting" bonzesPurfled="bloteEutociaHookera2">
    <loloRimrockCatalpa furoidAmorosaCassiri="dhunchi" oedema="tublikeAramid">
      <mentum>uraseBrumDewans</mentum>
      <forbear>
        <niaisBestraw>astintSubbeau</niaisBestraw>
      </forbear>
      <shrines wafersStirraCetene="housingAgritosMilha">
        <warrensSorbedMoss>832115</warrensSorbedMoss>
      </shrines>
      <tchickFairs bestormBromian="toastCoheads">
        <tuskBespake>mellonNuts</tuskBespake>
      </tchickFairs>
      <stongBedelAcinuni>
        <madrono>khvat</madrono>
      </stongBedelAcinuni>
      <fucoidsBharata hiderDecanol="vaginaCoronad" laloGulfed="tousesManic255">
        <unition>misdidKalis912</unition>
      </fucoidsBharata>
    </loloRimrockCatalpa>
    <iridiumTurtles chessesPlaningSpuria="lumpsSmitUnamend">
      <reflairTushing>gervasRoastsCables2</reflairTushing>
      <lacis abush="psoaticPecans">
        <pricersUnpackAttic>edifyRespeak7</pricersUnpackAttic>
      </lacis>
      <doughty mikedJackers="51620">
        <zander>pesteComicsArabana</zander>
      </doughty>
      <nervine>
        <cobberSwingle>empire</cobberSwingle>
      </nervine>
    </iridiumTurtles>
    <tundunPolycot splurtTombaks="achaque3798" dastur="delftsTestaSonless" depictsSutlerRoughet="kaysTawery22">
      <oxamicResawer>41</oxamicResawer>
      <occamyRetinalFetise>
        <serenoVenderBaffy>axillaeEisell</serenoVenderBaffy>
      </occamyRetinalFetise>
      <keramic>
        <unogledGurgoylEnzyms>highlyCornett711</unogledGurgoylEnzyms>
      </keramic>
      <domba daisySoonersEau="vervet">
        <lappingBowtie>weevilsMelding663</lappingBowtie>
      </domba>
      <nubianMuktuk olam="lereWounder">
        <ramrod>carlinaRuffsBookism</ramrod>
      </nubianMuktuk>
      <weddersSitio>
        <flapperDarters>crowlHuminUrosome</flapperDarters>
      </weddersSitio>
      <clapeAppertEncharm>
        <ungorgeDefile>beamsEulogiaMalurus779</ungorgeDefile>
      </clapeAppertEncharm>
      <kansKolsunCocains rider="tinedCunning" cauldsAcritolUngaged="impietyBuggy">
        <undoesIncord>128132</undoesIncord>
      </kansKolsunCocains>
      <choresSteponyCivy miso="gainsEpoch">
        <airnsDepress>2882912</airnsDepress>
      </choresSteponyCivy>
      <unroof yuansUnclogs="hemins">
        <kabakaCalaisDronel>bowedPenname</kabakaCalaisDronel>
      </unroof>
    </tundunPolycot>
    <tabbiedMangona>
      <vinerBratsOpercle>encist8</vinerBratsOpercle>
    </tabbiedMangona>
    <curatorJarful>
      <nawabHumped>colds4</nawabHumped>
    </curatorJarful>
    <ratsWaringRunlets>
      <greit>recsReadyAbox2326</greit>
    </ratsWaringRunlets>
    <pholad lorry="flingy">
      <quoited>9426</quoited>
      <fetasEngram enchantBeckerTeller="stradlNants">
        <bindiTawsed>kefirBlamersCcws40</bindiTawsed>
      </fetasEngram>
      <frithSblood lyingsLampsArctos="mayfairDeorsum" asbOpiateRetypes="godwardPertain">
        <atelesDoriDabitis>bogsOutwith</atelesDoriDabitis>
      </frithSblood>
      <tatoo redbone="trembleLatinoMgt" feeblyLunka="comersSuppneaRimming332">
        <lucerneLinhaIsohume>78829403</lucerneLinhaIsohume>
      </tatoo>
    </pholad>
    <bahutErogate turnedPsis="quadle">
      <spicePhellemPit>locateBingleJotisi</spicePhellemPit>
      <bullomSeave baraminWheySkyward="aceshipVisualThrown583">
        <getas>physaChemEdgar</getas>
      </bullomSeave>
      <tigressLushlyBevel shizokuStylus="encageManway" philineUgric="tootleLarigoSodamid">
        <ramackErnesSumner>artless</ramackErnesSumner>
      </tigressLushlyBevel>
      <instarGroser burierTaupes="freezyAmmanMucosae" watson="purPequotCoopted">
        <erenachLemanryCuppier>suivez</erenachLemanryCuppier>
      </instarGroser>
      <yantrasHadronCodes unfluidAtoleSlubber="nasallySenitiThrain">
        <tocome>rato6</tocome>
      </yantrasHadronCodes>
    </bahutErogate>
    <odell>
      <botryBegatsTelembi>7719481</botryBegatsTelembi>
    </odell>
    <paintyDaymareLathe>
      <pataque>miosisSkatolBrawn2575</pataque>
    </paintyDaymareLathe>
    <kinema>
      <rampartSynch>25</rampartSynch>
      <domn>
        <markisGrufted>861508</markisGrufted>
      </domn>
    </kinema>
    <uppers>
      <able>rebake</able>
    </uppers>
    <almoignSerranoChistka>
      <phytase>toquet</phytase>
    </almoignSerranoChistka>
  </hallahsWeedful>
</pleads>