<?xml version="1.0"?>
<tappall>
  <arbacin />
  <scrayeTokeMurrain rowting="gross" winchedPulvini="amylScotias" stanzoBeknave="qqvBallade" lilianDamsite="aseptol2049" />
  <croftSoilPerms>
    <hybrida>
      <reseedsWovoka>exilianRinger</reseedsWovoka>
      <carboy adduce="crocineMissiesAdicea">
        <lawmanHandled>dumsolaPeen</lawmanHandled>
      </carboy>
      <jibes suggest="ambasAspatia">
        <figlessOnagersHutzpah>hammaidBogginRequite</figlessOnagersHutzpah>
      </jibes>
      <bardic>
        <upshear>hockersPriceyBsh</upshear>
      </bardic>
    </hybrida>
    <excusedRedsEscheve artilySyllabi="shaktaForking8353" immit="netful">
      <thecial>7499</thecial>
    </excusedRedsEscheve>
    <inlaidToysome>
      <bractsFeiMrs>gauster</bractsFeiMrs>
      <callose tomeletRiflingUgroid="initionDeary" uneaten="maffleAgnateRecites">
        <crooch>indulinMoodirRumbaed</crooch>
      </callose>
      <hotrods huke="fernyHoppingDoand" hobbist="amarvel11">
        <boldest>celaenoHoveGuaza</boldest>
      </hotrods>
      <sludderSwaggerHokier nixiesHayeyPrexy="kutchShirtyPavane">
        <figgingRelivePipiest>ribskin</figgingRelivePipiest>
      </sludderSwaggerHokier>
      <mideBustler nizeyStamped="cheseContext5" croh="anker">
        <kriekerApres>shrendBeliveKetene</kriekerApres>
      </mideBustler>
      <epodicOverbigDorser downingKandol="morphia">
        <dilutor>79265</dilutor>
      </epodicOverbigDorser>
      <sunkie agelong="summula5">
        <creatic>agathaAphakicPillery7280</creatic>
      </sunkie>
      <suluan humblie="jaseysPiglike">
        <swamiesPlane>sinopicEhliteInlike</swamiesPlane>
      </suluan>
      <pregustMohock>
        <windupsTheyaouMules>tymp</windupsTheyaouMules>
      </pregustMohock>
    </inlaidToysome>
    <mantzuConquerBesnare>
      <dewlessBlowbyQualms>loreleiBoce</dewlessBlowbyQualms>
    </mantzuConquerBesnare>
  </croftSoilPerms>
  <cystTabagie />
  <twit wiggen="catererBarcan" liliedFearingHoddin="74774" />
  <limpid steadsMounterOtkon="balmierMutaDeltal5" antihum="advised17" cashesTassiesMolebut="gaspyWoorari" kerning="yahwismVirtutiBroadly" />
  <robininPlacetElfin mooPitsaw="frise" />
  <sobby />
</tappall>