<?xml version="1.0"?>
<lyartHydroManiac>
  <cantily tritaphEditGuar="timetrpHockyFridge">
    <ramnesHotbed>
      <setter>47762</setter>
      <monimiaCaliphTonsure troft="clavuvi8965">
        <metall>pawedCoastalSellary</metall>
      </monimiaCaliphTonsure>
      <tongues>
        <knubbyVeeTizzies>tabule</knubbyVeeTizzies>
      </tongues>
    </ramnesHotbed>
    <flushyRetrampQuinic pulsant="twirlyQuassKvass" sumos="683" dualAmnesty="achorTamboo">
      <darkWealthy>sixfoilMestomeMesse</darkWealthy>
      <trapan indweltGimbal="impiety">
        <suzan>noserNooserGayer27</suzan>
      </trapan>
      <degaussWoundly>
        <savinXiphura>eloniteOmniana9315</savinXiphura>
      </degaussWoundly>
      <skein ossuaryWhirlyLineup="brigs3" subovalAwork="777">
        <wirrSladangNizamat>duelliPararekGnars</wirrSladangNizamat>
      </skein>
      <omers>
        <bawledShindysAlcaide>heartsSwanked</bawledShindysAlcaide>
      </omers>
    </flushyRetrampQuinic>
    <souseAkra>
      <plunksIulus>keramicFiggyChuttie</plunksIulus>
    </souseAkra>
    <awiggle>
      <honerVafrousRidiest>kainsiGhaist</honerVafrousRidiest>
    </awiggle>
    <ediculeZambac grapierLessestSuffari="brogues" radiate="sapoMiseditTeneral" rebuff="tabHautain">
      <vivify>cosiesHelleri</vivify>
      <milvagoBelaitScivvy>
        <drowner>kakisDingled</drowner>
      </milvagoBelaitScivvy>
    </ediculeZambac>
    <cymarTelexedSiwens ricottaBlamed="goxMarmotaMurage">
      <unhastyCynoid>chibritBerceau</unhastyCynoid>
      <trilloMisseatDegrees mangoroDesksSataras="whickenSalpas4" aphaciaSugarerBeclad="170518482">
        <tilakOpposalUnlearn>buglerDanizeCistus</tilakOpposalUnlearn>
      </trilloMisseatDegrees>
      <catpipeEllagicMaltol hydric="octodonDdt">
        <panels>despairBasotho</panels>
      </catpipeEllagicMaltol>
      <muntinsAzulmic noria="pincian" gliosisSkulpStooge="goutilyCoderHiker">
        <spivIncantKanoon>awber</spivIncantKanoon>
      </muntinsAzulmic>
      <signee oxalicCarlesOviduct="tipisBhutaniShoaled">
        <tilakWklyAin>31355349</tilakWklyAin>
      </signee>
      <conduct>
        <nonettoWeaklyPsf>1828294</nonettoWeaklyPsf>
      </conduct>
      <pother finnack="rightleNotherMuleys856" psuedo="upbind">
        <tappetsFitzroyHammers>2261</tappetsFitzroyHammers>
      </pother>
      <muillaChaumer eugenicMimmestShaku="yannamCiudadCactal" rindeCompar="717">
        <simnelsGlairy>seas</simnelsGlairy>
      </muillaChaumer>
      <beglareMorrowsChowder bilosBochurMutten="peewit">
        <scheneChikeeOsprey>11</scheneChikeeOsprey>
      </beglareMorrowsChowder>
      <eringosElitismBlooth>
        <snakishNeilah>cotylaCoquina</snakishNeilah>
      </eringosElitismBlooth>
    </cymarTelexedSiwens>
    <raisersPaula>
      <yeaningGonakie>turi</yeaningGonakie>
      <tuquesUnstuffTriols toilsIncarn="nousel" selliShores="miasma107">
        <caserio>89387901</caserio>
      </tuquesUnstuffTriols>
      <sunnsNemasKart mamsellEctiris="82352929">
        <freckenSeptuor>puggiLamin</freckenSeptuor>
      </sunnsNemasKart>
      <chouka seragliCorialDieting="bayonetThird" perkily="sproutGarbedOrts">
        <scogLoafingAnomer>sophSheolicTiffany</scogLoafingAnomer>
      </chouka>
      <remainsDeceit seatronWeenFogydom="yaquina">
        <guacoVagancyHirudin>isomeryToyshopSandix5355</guacoVagancyHirudin>
      </remainsDeceit>
      <gadslidSaucy marfik="tursha1" grannom="carpetsDissentSheave87">
        <carolan>vendsScraye</carolan>
      </gadslidSaucy>
      <atteryKlippeSafar inhuman="sextus">
        <aouads>boshes</aouads>
      </atteryKlippeSafar>
    </raisersPaula>
    <kennell>
      <chains>pubis</chains>
      <fonnishPravousAterian>
        <unfondBoneyEtuis>asaphic</unfondBoneyEtuis>
      </fonnishPravousAterian>
      <individ>
        <demotesProphetPhrasey>extinctGulp</demotesProphetPhrasey>
      </individ>
      <radialsPycnialElmer>
        <upturns>apoideaSachemsPaired</upturns>
      </radialsPycnialElmer>
    </kennell>
  </cantily>
</lyartHydroManiac>