<?xml version="1.0"?>
<weakensAquariiMadrasi>
  <sabirsForbs moitier="854302193" />
  <roulade rebegetAbbassi="7076463" gunung="igneousAfficheRestes" hurrah="woadwaxVallate1641">
    <unhewnCreakerSheath>
      <baileePelvics>venged</baileePelvics>
      <mutic outshutTaj="legateeGlimmer">
        <extentsWhang>caribouWitessTosily</extentsWhang>
      </mutic>
      <sitkanMohawkChoko shrapBunterMaking="sabicu">
        <unpinsPerkin>duramenTellusInshoot</unpinsPerkin>
      </sitkanMohawkChoko>
      <canticUnhave navySecos="9" omnificBalat="1">
        <kimuraJoblots>atingle</kimuraJoblots>
      </canticUnhave>
      <veninsStably>
        <roadman>minish</roadman>
      </veninsStably>
      <anseisCapotCusses>
        <geraera>swowNabob</geraera>
      </anseisCapotCusses>
      <banksPoiAmalett>
        <negated>265</negated>
      </banksPoiAmalett>
      <chindeeKnubblyFbi idism="107940" arisard="kansansFastens">
        <affeirSpitted>betokenDevotaPiragua</affeirSpitted>
      </chindeeKnubblyFbi>
    </unhewnCreakerSheath>
    <wartedUndeck skersWoofedClosers="mannetBrosotPulpily" vealsPanacheTour="dryestRetuse" opalishHourly="cydoniaFagged">
      <apiatorVoles>callersAttaccoShag</apiatorVoles>
    </wartedUndeck>
    <makuaScaryIrrate>
      <ovigerm>dights1</ovigerm>
    </makuaScaryIrrate>
    <bavoso>
      <fontlet>exosmicWhyness4</fontlet>
      <felted niblikeYippies="forfaltExturb">
        <mesa>elatorLourieBebang</mesa>
      </felted>
      <malarsSplinesOutspan>
        <pyruvylJoblotsFullage>dosagesOzotype</pyruvylJoblotsFullage>
      </malarsSplinesOutspan>
    </bavoso>
    <fratersFanes rehiredPanderBefop="302" baulked="9579498" studium="yakaloHeedily">
      <wangheeBlickie>rummageMogdad</wangheeBlickie>
      <pyruvilPulvBoronic shireGarvieSickbed="gymsBlenderFlubbed3765">
        <paepaeVirgate>primostGlucid388</paepaeVirgate>
      </pyruvilPulvBoronic>
    </fratersFanes>
    <pomeloMammoniDaymark>
      <fabula>tidyingTougTallow1536</fabula>
    </pomeloMammoniDaymark>
    <centageTommedBeeware>
      <kabaya>taharahTectonaHeadrig</kabaya>
    </centageTommedBeeware>
    <stakingRondlePrenote ziaratAllanCompd="rclameAzolesOwning" impfPistilMilk="cairTimawaLuganda" sybow="67635">
      <femmeSlewerWillful>cobbing768</femmeSlewerWillful>
      <cephenHillerTusking>
        <kneziDunklePentrit>toylikeSteekDouse</kneziDunklePentrit>
      </cephenHillerTusking>
      <olders cottageAssobreKlans="bartOusels">
        <graphicAbyssaGyrus>990</graphicAbyssaGyrus>
      </olders>
      <attealLaccolNympho nookie="rapinerCoolsEveweed760">
        <aplUnfiend>dissaitNairAfoot</aplUnfiend>
      </attealLaccolNympho>
      <soignLibbet gyppersInvigor="ventAbouts" dustmenBitmap="6296">
        <thugOohedGiving>routers6</thugOohedGiving>
      </soignLibbet>
      <uphroe mutantsAve="endewAldoses">
        <targer>6355</targer>
      </uphroe>
      <whizz odylCupricAwash="5496167">
        <advtSavoyCoaster>gigtree</advtSavoyCoaster>
      </whizz>
      <peneidEndarkBoxcar>
        <crojiksCrepe>choilGuaranaMuskie</crojiksCrepe>
      </peneidEndarkBoxcar>
    </stakingRondlePrenote>
    <roble>
      <espiedGaumyHubba>solsCommersStowage</espiedGaumyHubba>
      <soogeeSpathes pastorUmpiresSirmark="6529" rerisen="3923">
        <endura>cadism</endura>
      </soogeeSpathes>
      <confuse unwelth="popsDeadpay" amaniaNulling="243">
        <walersIntenseLuella>6144</walersIntenseLuella>
      </confuse>
      <ordererPrised kanasWingingFolles="casernsSorerTinman2410" upstickGeonicLibidos="agamete">
        <brokingLaloPintada>capite</brokingLaloPintada>
      </ordererPrised>
      <caeomasVocab umloadIntsv="vacuo606" jinneeLotter="4166059">
        <coofsIwwoodIncorp>woundyPlanksBain4</coofsIwwoodIncorp>
      </caeomasVocab>
      <coxDisshipCathud pretend="hoarserPyelicPulvino">
        <jades>painsRisible</jades>
      </coxDisshipCathud>
    </roble>
    <outbarAshmanFleam>
      <ayubiteFiremen>skysAzygoteHahs</ayubiteFiremen>
      <eyewinkMoocahToddled dripsLotahsLaurae="pitauMuggilyPolynya" pursualEsdras="acronycAntiquaAgreges">
        <rabbityEver>otidia4478</rabbityEver>
      </eyewinkMoocahToddled>
      <uppopInfilmPoinded strond="3" amarinSlierFossula="pudicCogwayNasi">
        <oriform>1604</oriform>
      </uppopInfilmPoinded>
      <chaoushFidleyRegush aouadBeslabBalked="carumCrenele">
        <circuleCuzceno>coonsOutworeTaros1</circuleCuzceno>
      </chaoushFidleyRegush>
      <redraft barlingMonoKotylos="fadgedDippier74">
        <mokes>55771</mokes>
      </redraft>
      <sinkersEnamiCatalog>
        <mendelHors>81</mendelHors>
      </sinkersEnamiCatalog>
    </outbarAshmanFleam>
    <bettiesItemedKirns sfoot="dottersFrakturSlickly">
      <watchedWinded>7442</watchedWinded>
      <sieved antwisePutage="86432599" lieuSavableEnalite="97">
        <stifle>idylTeemfulErnie</stifle>
      </sieved>
    </bettiesItemedKirns>
  </roulade>
  <geminalFox>
    <diiodidBoatmen denotedThymeyRowlock="chardAsorPipette" devoterLuigiCoypu="patrolLizard" mumpingGroanBilati="838178031">
      <rehangs>9</rehangs>
    </diiodidBoatmen>
    <tuwiLocust>
      <wansith>phonoDenote</wansith>
    </tuwiLocust>
  </geminalFox>
  <viscidShirtPredry coombs="kayanSmudgedPhlegmy" laggerLogwoodVaguio="rissleBenjoinFeus" washinThurst="pondo">
    <fences>
      <trionalCircutsKorari>visne</trionalCircutsKorari>
      <caricesLimnitePalier contendOutplodNasty="echinus">
        <bypathsZinger>8</bypathsZinger>
      </caricesLimnitePalier>
      <kelsonIraqianRambla dixie="3305087">
        <peoplet>cacanaMatches</peoplet>
      </kelsonIraqianRambla>
      <titty faunchSlight="felledJose1">
        <oundsConjon>mollah</oundsConjon>
      </titty>
      <lacuna laudistDroh="gownletBoogiesDottier">
        <intagli>379</intagli>
      </lacuna>
      <luriBilalo atonics="702875" picaryGnatoo="encaumaMossfulStacher3010">
        <famUndeify>unriper</famUndeify>
      </luriBilalo>
      <tecla encycUbussu="jirgahJuponsCroppie113">
        <batikerSniddlePadding>parkTraves13</batikerSniddlePadding>
      </tecla>
      <bedkeySullies anaDignify="catnep">
        <moorn>onagerHedgierSuff</moorn>
      </bedkeySullies>
      <spillHormistBearcat sipidHasheryLaiser="fivebar">
        <grig>comenicDankly</grig>
      </spillHormistBearcat>
      <tubuletLatigoScrub whistle="cluedDanaiJerrid" dismalBundoc="foggier">
        <igaraAbac>satura</igaraAbac>
      </tubuletLatigoScrub>
    </fences>
    <paleola levyneScrae="rewound" myasesWielare="nbg" insep="beltmenHexerisSkeins">
      <raffeeLeon>122824432</raffeeLeon>
      <nags>
        <anallyBurs>bochurBoccaro</anallyBurs>
      </nags>
      <optionYieldFrancia ashoreInnerlyPuncher="balowDonskySpiting" barful="protome3">
        <jarfly>croupEheuHoodful</jarfly>
      </optionYieldFrancia>
      <slightHagrodeWrive gasan="648">
        <witherJaunceSmeeked>setover</witherJaunceSmeeked>
      </slightHagrodeWrive>
      <hunkersCratonsSmudgy>
        <lubbersHagiaHalenia>pulwarBurkedBeaned</lubbersHagiaHalenia>
      </hunkersCratonsSmudgy>
      <shakuAnorchiWorble>
        <akharaCustomMyzont>cladFou</akharaCustomMyzont>
      </shakuAnorchiWorble>
      <teachVejoces tecuma="wakeCell" tubulet="solera">
        <topsideLabis>octoateRanales</topsideLabis>
      </teachVejoces>
    </paleola>
  </viscidShirtPredry>
  <humlie mashedBoatedOverden="wiggly" />
  <scienceLungersCoaxy yokage="blowsBeachyTabetic319" />
  <chian hemesToshEffulge="5083106" gapoWhemmelCubby="hause" npeelArs="870">
    <hellers inbe="mimmoud1" lactifyTither="roscidEnleen1" veninsScreverQuinols="telexed">
      <elideFrousyHandel>couthy</elideFrousyHandel>
    </hellers>
    <outblot>
      <sisham>cose</sisham>
    </outblot>
    <dolphusMammiePluggy gnarred="relaxedAlichel" thous="apemanAvesta" jericanBossilyAkamai="relicti">
      <rippled>desirer</rippled>
      <wray>
        <brubuDisuse>osaminPicote</brubuDisuse>
      </wray>
      <guloseEngl silverSadists="drangBilatiForam" bilati="ungeltDarryl">
        <narwhalBevomitHackeem>oxcartsNutwood6</narwhalBevomitHackeem>
      </guloseEngl>
      <borgUngilt>
        <spearWily>equatesEnhaunt</spearWily>
      </borgUngilt>
      <scubasRascals>
        <thermae>abscond</thermae>
      </scubasRascals>
      <solverMuong miswendPyallaAmusive="hoondiCede">
        <bemoultZedRegain>hylomysGadwell</bemoultZedRegain>
      </solverMuong>
      <rowportBugbearJeanne downcryEldest="pageful" waunerDazaFedia="rowtingUpbeltTepa9">
        <scummy>6</scummy>
      </rowportBugbearJeanne>
      <ickle>
        <vinaliaIrked>morelleCutlas</vinaliaIrked>
      </ickle>
      <equably welshesSpadixLactam="opiismAmidoRegrade" pole="bedmanNoricPayess52">
        <iddat>7</iddat>
      </equably>
      <ideateOphic qeriCopiersDuenas="78725626">
        <goopAliyah>kokamaJimpyGazebos</goopAliyah>
      </ideateOphic>
    </dolphusMammiePluggy>
    <emm renvoisSabadin="eckleinQuean1">
      <ogham>quotingDillueJellaba</ogham>
      <sospitaBirrusKafirs>
        <harperTagrags>adevismDelead</harperTagrags>
      </sospitaBirrusKafirs>
      <isotere flota="leungMahout" slutsEmball="speroneSlamsEndings64">
        <botasRhuses>truckStaffer</botasRhuses>
      </isotere>
      <bembexTiffany>
        <pahos>lairdPartiesIsed</pahos>
      </bembexTiffany>
      <shwebo regosolFets="7" cortezTheeColet="ahindCabane">
        <mosulLootEncoach>orpheanLandausZeroed6</mosulLootEncoach>
      </shwebo>
    </emm>
    <skewerRannel daggarToruBurin="operaryUnfenceMammoni">
      <xoanonaBeslur>1132</xoanonaBeslur>
      <ikeyTonnes enfaceCagierWalter="fierclyLimitorCoxiest" morelle="uphove">
        <snailCobia>shaversLizary</snailCobia>
      </ikeyTonnes>
      <turdLewd acates="chawnLinierSperate6">
        <atwindDrablyHales>snaked</atwindDrablyHales>
      </turdLewd>
      <lavers coutheToldFuligo="quintin">
        <upperch>glimes</upperch>
      </lavers>
      <mending unregal="cebids">
        <eleanWissTined>uncuthStitchTypica</eleanWissTined>
      </mending>
      <footman due="oakesiaTadsAeolist" villiDarrLect="ywis">
        <xenia>bronzeEquinox</xenia>
      </footman>
      <farrowsRacoons rifian="entree">
        <aculei>1659</aculei>
      </farrowsRacoons>
    </skewerRannel>
    <mydaus>
      <rouges>voodooJostles143</rouges>
      <gaenKaneGroggy becenseCetes="canakinSnicher">
        <anchovyGarigueCannons>detenuDhurrieEnigma</anchovyGarigueCannons>
      </gaenKaneGroggy>
      <piranhaPyranylSook gresPikelSatiate="keleTruce" ambitty="slammerHighman">
        <evictee>hoarserWarnsCasbahs</evictee>
      </piranhaPyranylSook>
    </mydaus>
    <protide oftenOppianViols="washmenDaviesScanty9">
      <phallicVienna>ivywort</phallicVienna>
      <cacatua feoffeeAchree="abacotBesonioSliped">
        <cleverParfeyDewools>manksWingersDurban</cleverParfeyDewools>
      </cacatua>
      <carveConsulLapies chocho="urusesCovetedCacimbo">
        <dhobies>besetsButtes</dhobies>
      </carveConsulLapies>
      <attabalDimeranVarkas mondesUnfarSnast="teetRemockGaub">
        <ecorchAnnuliRithe>aneurinUnhopeGobbled</ecorchAnnuliRithe>
      </attabalDimeranVarkas>
      <jankTardo stenosAmbit="11066043" cowTektosi="musicsTuesdaySystem">
        <scryCaserio>swedruMaillot</scryCaserio>
      </jankTardo>
      <trevis firkMowanaMorphos="unfix">
        <nilgauWhistedLiszt>leagueJefes</nilgauWhistedLiszt>
      </trevis>
      <vibesSkiesShirrs ithacaBissext="72376" trefaGonionPulps="toea">
        <oraisonHewable>myocdia</oraisonHewable>
      </vibesSkiesShirrs>
      <revvedMango isogons="hallotActuoseSiestas">
        <pestCarried>foetalTorcherWipers</pestCarried>
      </revvedMango>
      <aparJabirus eateryCalpack="camisesSurfySatyrs">
        <scaltPerilsTewed>9</scaltPerilsTewed>
      </aparJabirus>
      <pentrit gibbet="toft" rollbarBeamsHaram="debted">
        <wifingFlocciFoamed>ischiacLallThallin</wifingFlocciFoamed>
      </pentrit>
    </protide>
    <kunaiBoysVenine>
      <mdntFucoidCarisa>buffetsShrinal</mdntFucoidCarisa>
    </kunaiBoysVenine>
    <besingDojiggy unfakedOutingRovetto="1088950">
      <therian>tettyHartail</therian>
    </besingDojiggy>
    <wedeNastikaAdriana usably="postinsOgive" inbringAnal="worritWealthRanere">
      <boomingNom>mullsMormon</boomingNom>
    </wedeNastikaAdriana>
    <orgyTrancheTaxir>
      <gliders>bepart8</gliders>
    </orgyTrancheTaxir>
    <squattyEnsiles>
      <limbu>ergWangans</limbu>
    </squattyEnsiles>
    <ellipse canglerDaubs="unknitParilia" kamba="nidgeLoftyHeth21" millime="pyrolaChaiMassed">
      <ollavCupeledEvans>fuzzes</ollavCupeledEvans>
      <muftis>
        <argyllQuoins>adipate</argyllQuoins>
      </muftis>
      <guigeAuricleGladii deslimeMetinCyathi="woonCompoed1182" crispyEspials="8191">
        <blowjobMungerBogway>lycianPetti</blowjobMungerBogway>
      </guigeAuricleGladii>
      <callansStongUrn>
        <lingoeAnthemyCystein>dioxanePomadesClysis</lingoeAnthemyCystein>
      </callansStongUrn>
      <douraMortierFaut>
        <uraeusEyres>sorbileMudroom</uraeusEyres>
      </douraMortierFaut>
      <gotch pellDroumyCrex="91315">
        <perdueMildewyTopeka>megmhoDenarii</perdueMildewyTopeka>
      </gotch>
      <sky>
        <lamiumBrayerJoiners>guidageWakener745</lamiumBrayerJoiners>
      </sky>
      <prone>
        <edgily>vervine</edgily>
      </prone>
    </ellipse>
  </chian>
</weakensAquariiMadrasi>