<?xml version="1.0"?>
<ryes>
  <haff fangleCithernOrnary="penaltyDuncery" ameed="scampCarylManxman9600" tacheTandemSurahi="metier" marillaSaint="tuisCataloFacaded2">
    <anticalTurkoisFisk twitten="lieneeAtoxyl" votingUnhued="wavicle" sexiest="javahaiTemeneBrasher8252">
      <laud>weeweesRuckseyCopyism</laud>
      <apiin midday="jarflyMoxas" updome="jeanie">
        <chemic>outreadWarlessDad</chemic>
      </apiin>
      <falbala>
        <jottingDhikrsOutkept>copalmReadorn</jottingDhikrsOutkept>
      </falbala>
      <whatzitDnieper testees="otalgy" whacky="13267">
        <pungaNam>eruct</pungaNam>
      </whatzitDnieper>
      <lollopSurbate siddurMelindaHairif="boloed80" encheat="bodach">
        <suberic>bult</suberic>
      </lollopSurbate>
      <vangsLonersSloyds>
        <crenulaLounderOsmin>2973536</crenulaLounderOsmin>
      </vangsLonersSloyds>
      <bafta jorden="knifesDissoul">
        <morpheaUpcrowdArtsman>recuses8</morpheaUpcrowdArtsman>
      </bafta>
      <poshly atheistBunglesOolith="8">
        <amahsOgamic>pinless</amahsOgamic>
      </poshly>
      <kneziDefyingFurzed ovenmenPennon="36877832">
        <sprays>zyzomys</sprays>
      </kneziDefyingFurzed>
      <panicleSavages>
        <sorbiteTalookaNaphtho>trokesCarettaHemmer7592</sorbiteTalookaNaphtho>
      </panicleSavages>
    </anticalTurkoisFisk>
    <splentsTopaz>
      <chiel>468</chiel>
    </splentsTopaz>
    <squamaeJitneysUpas artifexCockade="639" ozone="vineryStilter">
      <grungyGarnets>knurlin</grungyGarnets>
    </squamaeJitneysUpas>
    <hygeenZonked bakersSobolesBedrop="96595155">
      <cackledAloma>centileTony59</cackledAloma>
    </hygeenZonked>
    <zincidPur headly="wandersPride">
      <ruskAlewife>rumpWampumsMailmen</ruskAlewife>
    </zincidPur>
    <speirAnxiety>
      <pesterBayWhelmed>68432315</pesterBayWhelmed>
    </speirAnxiety>
    <nettedPoyous unhoaryStreamWaniand="mashman" grunionRailcar="ainoiResters794">
      <tanakaBlowbyOvey>viruses8523</tanakaBlowbyOvey>
      <piroghiSentry spodeCoiners="bajreeSnigger">
        <overpot>phrenic</overpot>
      </piroghiSentry>
      <routous ourieOddsman="993240" tetra="facer">
        <clartsLexemeLui>adoreCircar</clartsLexemeLui>
      </routous>
      <festuca properThuya="cingulaSpoor">
        <aumagaUnsely>liebigLethiedContoid</aumagaUnsely>
      </festuca>
      <pisacha>
        <adoniadSkeelyKif>flyings</adoniadSkeelyKif>
      </pisacha>
      <sproutInweave uromereRent="23277">
        <welch>menage</welch>
      </sproutInweave>
    </nettedPoyous>
    <drankNoetic>
      <withBarbet>robedRailcarBluster749</withBarbet>
      <caudlePlexusCutheal ensnowFlasks="geonicAgnoeteSwoons" dantaReadier="resizerBaster70">
        <evodiaZenzuicHaiduck>42696</evodiaZenzuicHaiduck>
      </caudlePlexusCutheal>
      <manton metopicBodrageBaja="6578" oakmoss="belaceAssets381">
        <zonarAfrown>422797896</zonarAfrown>
      </manton>
      <perkSedersZythum debelCoos="rettingMengwe" measlesHoliestTriacid="gleetedNostoc">
        <araraInrollPub>bousy54</araraInrollPub>
      </perkSedersZythum>
      <millerAthlete keylet="dcolletGleetedNunnish" salverLoch="rackedMeander">
        <jetportCambismDiscal>potgirlBloreErratas2345</jetportCambismDiscal>
      </millerAthlete>
      <molsSillily>
        <rechaw>9422122</rechaw>
      </molsSillily>
    </drankNoetic>
  </haff>
  <saloopAttains assayCoontie="refixesApaches">
    <negrosChateusPoppean sattva="avowalHoots" furiedIthacan="87" hoodcap="defect">
      <anukit>91879</anukit>
    </negrosChateusPoppean>
    <fendySkybald swatiTelyn="dependsFarleu604">
      <senator>flinch</senator>
    </fendySkybald>
    <alisonHagar>
      <triplesCaninesMincier>elulBomber61</triplesCaninesMincier>
      <niterArchgodDrawk>
        <riped>57857</riped>
      </niterArchgodDrawk>
    </alisonHagar>
    <boundFarm jazzierExolete="pithos" kerned="toitingAdveneGummite">
      <kenelmFaller>rollmanReject735</kenelmFaller>
      <cheater prepped="1497784" racketyChined="codger">
        <taurinSwizzle>yechWranny</taurinSwizzle>
      </cheater>
      <hammock addendaCrumberAlmirah="fellowsUnamo">
        <yodeUnpenal>premeds</yodeUnpenal>
      </hammock>
      <styryl coppedPupils="fanzineBeakier" sipiboCrack="nunletLaitiesHymned">
        <ladlerCrimRaising>tansy7</ladlerCrimRaising>
      </styryl>
      <antisexYetzerHocused buckoes="3694" setters="97587">
        <appallKiotomyTiddle>tensileClauberScotchy</appallKiotomyTiddle>
      </antisexYetzerHocused>
      <beadilyWhaled athenor="globoid">
        <modistStatua>12831096</modistStatua>
      </beadilyWhaled>
    </boundFarm>
  </saloopAttains>
  <teaboyEbcd peelers="rajasic" />
  <ween mule="tomolo" davitPuntedAlcali="shuGauchoSubsere" jury="cruseHervatiSagbut" />
  <tarrabaOurari lapinOstitisGateado="synagogMalmier433" bogued="dustman77" />
  <timedAramusNairy venerisFrim="drameSainingBocci" cestuiChineseGained="46185268">
    <libertyBetties>
      <systoleSvgsCorinna>whoosisCouldnBugi</systoleSvgsCorinna>
    </libertyBetties>
    <besogneRelayRen nankinVesp="gaw">
      <kartosLida>taurean</kartosLida>
    </besogneRelayRen>
    <rigadon>
      <seaway>refs</seaway>
      <insunkBiont>
        <trifoly>achar</trifoly>
      </insunkBiont>
    </rigadon>
    <ahaunchTrawley>
      <pretone>315885</pretone>
      <bashlykPlinkNighest couthRentMelody="chitra">
        <holgateHarijan>rcd</holgateHarijan>
      </bashlykPlinkNighest>
      <collaudHarts psiaTomBelayer="zombieGiliak">
        <loiasisShifty>burgeesFoozle</loiasisShifty>
      </collaudHarts>
      <maleoShines hawkishRejailNicols="devoto">
        <hagmaneSamoanInlying>chaponCancridGish3</hagmaneSamoanInlying>
      </maleoShines>
      <unpaste collyrSunnedVicki="33106">
        <appairNayarit>4</appairNayarit>
      </unpaste>
      <labor mohockCoremiaBagel="earnDadaismNavi" gorling="78634445">
        <minionsDivortArnee>19480</minionsDivortArnee>
      </labor>
      <hastes snackedChorals="synovia" befools="moulderDudish">
        <cush>mideastClaws</cush>
      </hastes>
      <goyana commute="lowball">
        <gybesMakeupScales>10</gybesMakeupScales>
      </goyana>
      <ureal waltz="zadruga">
        <bivalveBodingCzaric>shearer</bivalveBodingCzaric>
      </ureal>
      <guayaboBattle sadironFourbThesial="foxbane" magentaStewed="64514824">
        <tartleAretes>accupy</tartleAretes>
      </guayaboBattle>
    </ahaunchTrawley>
    <remipedEnuring bezoar="unredKankieBaphia" azollaJookUncurbs="signeurMementoMucin" outbat="folks2">
      <diversePeytonGou>amoyeseBastenPorrect</diversePeytonGou>
      <dugdug>
        <wileFlatmen>108045</wileFlatmen>
      </dugdug>
      <usentNificMiscrop>
        <avePelidesJactant>57847105</avePelidesJactant>
      </usentNificMiscrop>
      <tinglyKittlyDiauli>
        <congeal>addn</congeal>
      </tinglyKittlyDiauli>
      <trinesMadison gajCheviot="spruceMarengoNymphae453" pigginsScouchFrithy="kulaZemstvaBimanal">
        <spunnyNimshiAlbs>fatLonge</spunnyNimshiAlbs>
      </trinesMadison>
      <lanierAdjureXylonic presleyGomerilKvass="logeumWalk" mellLascars="cubi">
        <benches>zanies</benches>
      </lanierAdjureXylonic>
      <unhaleCornrowCubed learsWergeltCaickle="unsetsFailing9">
        <alucoBraves>plombGenesBonce</alucoBraves>
      </unhaleCornrowCubed>
      <jaildom unurnedDocents="flitedRotoAssamar">
        <renvoisTty>uploadsBoothesIdiasm7848</renvoisTty>
      </jaildom>
      <novatorJessur lawsone="8573" fuzesLanely="tedaArangoCivory">
        <priamCaireneSquills>selagoAcolyteSwabber</priamCaireneSquills>
      </novatorJessur>
      <squeegeNonsane>
        <waveryDoeuvreFezzed>sassabyBear</waveryDoeuvreFezzed>
      </squeegeNonsane>
    </remipedEnuring>
    <finn>
      <ungirthRelot>greenyInviteLekach</ungirthRelot>
      <cyranoTreatee>
        <nighingCholoidExcises>858622</nighingCholoidExcises>
      </cyranoTreatee>
      <peplus carlage="herried">
        <dptTerebicBurgs>5358</dptTerebicBurgs>
      </peplus>
      <tunyDhabbBugweed genappeVesper="linalylMocuck838" fet="enemyClayman1">
        <callusSekere>decourtRim</callusSekere>
      </tunyDhabbBugweed>
      <urinoseMedish opening="36">
        <hababStanze>awaking</hababStanze>
      </urinoseMedish>
    </finn>
    <blatsTombolaCuraghs>
      <urnfulsTartryl>acetifyPaperer</urnfulsTartryl>
      <shuff cullisAilsTailory="197574202">
        <rectorsPiddlesKippage>arcked</rectorsPiddlesKippage>
      </shuff>
      <eunicidSulfo crusetAlcoves="coamingLimitalBaru31" dogbody="curniesHeydeySallow">
        <mungerAgedly>twalBallingYaply1</mungerAgedly>
      </eunicidSulfo>
      <hurledCarts benday="dower3961">
        <hiltedHolierLuiseno>dunkersBlusterBlink</hiltedHolierLuiseno>
      </hurledCarts>
      <hiders inhiateBrecia="rolloutDiscedeMartini" tucumaMirklyExsec="ferthSolvendUppiles">
        <stoasMosaic>five</stoasMosaic>
      </hiders>
    </blatsTombolaCuraghs>
    <coburgPoditesAsarite>
      <soireesElatineEmir>siuslawPumiceWees</soireesElatineEmir>
      <huariOuter goddamPricier="castile" demivol="seebeckOpah">
        <puberalWisemanRomano>nervateInveigh</puberalWisemanRomano>
      </huariOuter>
      <bagioUnsnow birota="unnaptTrashyChultun">
        <estate>euctiFracidNeal</estate>
      </bagioUnsnow>
      <spitted danaideSlummerCozier="filerLootie" hennish="toric">
        <subplatHaughPedicle>4479494</subplatHaughPedicle>
      </spitted>
      <psoaeMorateCeltdom eva="angelon">
        <elative>17</elative>
      </psoaeMorateCeltdom>
      <bolkInvaderFungid flamantTragUbi="71473545" atveen="malchus">
        <pachakTaxus>snow</pachakTaxus>
      </bolkInvaderFungid>
    </coburgPoditesAsarite>
    <canardsRainy lactucaBucking="flipperChikeeBruins" gonopodDivulseZippers="compsoaGilo8">
      <starnel>925</starnel>
      <kilo kindjal="mesitylBowkailDwined" cazibiSnorkelPackway="39">
        <junkmanMethylDerby>spireme625</junkmanMethylDerby>
      </kilo>
      <bethuel>
        <protoreFasts>legateLimiest9109</protoreFasts>
      </bethuel>
      <barnmenTenthlyGrittle>
        <ataAlec>azelate</ataAlec>
      </barnmenTenthlyGrittle>
      <piotine>
        <rabbanYaffed>934473535</rabbanYaffed>
      </piotine>
      <loinsAvourCreep buriers="extras" quiresSughed="olmRuckle231">
        <updrawTestify>jocuPungar</updrawTestify>
      </loinsAvourCreep>
    </canardsRainy>
    <tampansJajmanUnmews>
      <anasCaxon>exeunt</anasCaxon>
      <robininGaging werent="thecialZinco" bloreCheremDiseuse="9691318">
        <algolMoyen>assealHidatsaYuzluk</algolMoyen>
      </robininGaging>
      <aucaFunnilyBetitle>
        <sparkyChappy>lambkin</sparkyChappy>
      </aucaFunnilyBetitle>
    </tampansJajmanUnmews>
    <assn>
      <lohanBoson>roguedMagnet54</lohanBoson>
      <widestSvc glazilyIditolFarmage="agushOvenly">
        <furzed>dhobeyLane</furzed>
      </widestSvc>
      <stellasShawlsCrimmer serviusHakBusies="quaffPlaculaSents">
        <dracma>legate</dracma>
      </stellasShawlsCrimmer>
    </assn>
    <lunyie>
      <pantoonZimme>majoon</pantoonZimme>
    </lunyie>
    <litzKhaya tzental="akron" oopuhueCollock="formolsDereign" snifted="kevinLooney">
      <blacklyAdmixesMuezzin>acridanGulamanMoeurs</blacklyAdmixesMuezzin>
    </litzKhaya>
  </timedAramusNairy>
  <dihaloMisway beclip="bygoing" sheikFinked="caninusTimbalLazes">
    <wheaty>
      <turioScult>lekkerGroowSwot824</turioScult>
      <flobPlow sestoleHersirAwaked="adjigaVisagedAcmatic">
        <couters>goodishQuinet</couters>
      </flobPlow>
      <lavacreStromGyppery canyReboilSulfo="yestyFumadeDigests29" celling="outbatUncocks">
        <keeslipCdfDitched>renovelFuehrerFare</keeslipCdfDitched>
      </lavacreStromGyppery>
      <rectionRidged fract="dissour60" sickbedTipheadPrela="atame">
        <bottsHosenGramme>905</bottsHosenGramme>
      </rectionRidged>
      <suttleAlwayOrb titherTosStrome="jehup747">
        <alakiHenlike>33028</alakiHenlike>
      </suttleAlwayOrb>
      <ammonalRiotTalked bombora="beleave" bautaCornell="anisyl978">
        <meatmanOutvoteLaudism>85616</meatmanOutvoteLaudism>
      </ammonalRiotTalked>
    </wheaty>
  </dihaloMisway>
  <crimson handsLunetsBichir="unured" uraliMansard="herbletMasdeuParkee" aneroid="5972320" unfullClemmed="quantalSaltcat49">
    <laurieZeatinFerahan>
      <gookCaviareFusibly>89</gookCaviareFusibly>
      <castrumDonumWeroole persae="68" nominyBainite="866">
        <smerked>bowtellEnfrai</smerked>
      </castrumDonumWeroole>
      <polkBeeryAlunite logicsLacrymAstore="faeMiasmEumenes">
        <laggen>sannupGrueLarks</laggen>
      </polkBeeryAlunite>
      <witheWeals>
        <synodicBagnios>444047406</synodicBagnios>
      </witheWeals>
      <pasearTyphusTerebic myowun="smolder74">
        <haleniaRumoredBireme>godsonCambioDouglas</haleniaRumoredBireme>
      </pasearTyphusTerebic>
      <hopliteRipaBumbass unsoleBunkery="muscidsConus59" doris="6">
        <carzey>laps</carzey>
      </hopliteRipaBumbass>
    </laurieZeatinFerahan>
    <seoraStuntyDungan>
      <malayStroker>salm2453</malayStroker>
    </seoraStuntyDungan>
  </crimson>
  <bedipManksAnoetic />
</ryes>