<?xml version="1.0"?>
<poinard>
  <synd>
    <smilingReboso>
      <sacketScattsParks>788</sacketScattsParks>
    </smilingReboso>
    <gabberSaberHelver>
      <twinterFustin>aramisFatesInhabit9876</twinterFustin>
    </gabberSaberHelver>
    <spitzes>
      <jetsomsGonagraPockily>molokerGamondLindo</jetsomsGonagraPockily>
      <unci>
        <upsit>slifterBaryteSornari</upsit>
      </unci>
      <subcoatCowbirdShinily pickelMingyDeglut="pukekoMenfolk">
        <gaucher>269895732</gaucher>
      </subcoatCowbirdShinily>
    </spitzes>
    <harierRicesWisse blobbedSignersCanters="unburst">
      <oxygensSorry>vesta</oxygensSorry>
      <juddockLibrisMaids>
        <gomeril>endgame</gomeril>
      </juddockLibrisMaids>
      <hurkleNewbornCartels sexpots="maudle7" iocsMalleinReviver="vittate">
        <sistaniSitulaeBoletic>reigned5337</sistaniSitulaeBoletic>
      </hurkleNewbornCartels>
      <repoundMononym louder="rewiresRicciaLinum" diodes="thawing">
        <smearsStringCrossed>chiasmsPucelleShaggy</smearsStringCrossed>
      </repoundMononym>
      <handcarTarten>
        <cogueTonyPruh>musiveExuvium</cogueTonyPruh>
      </handcarTarten>
      <sapheadShamaloHesione houghListersPikemen="madnep" jiboyaRues="rhos1">
        <strind>veter</strind>
      </sapheadShamaloHesione>
      <villeinRavels satchelMothLechwe="aprilisPenest">
        <rubificAltern>spoofIwaiwa5351</rubificAltern>
      </villeinRavels>
    </harierRicesWisse>
    <lopeOnmarch flashlyDeluce="rejailRoostyBearing" standsKuli="shawsInsure">
      <acylateOneillAlfakis>3887002</acylateOneillAlfakis>
      <geryLeaptScowed marangTibbieArsons="ennageLiti" whibaDakoityPelado="broodGlycose">
        <arakeBoriHalfwit>evan36</arakeBoriHalfwit>
      </geryLeaptScowed>
      <snuffer>
        <owrehip>516478105</owrehip>
      </snuffer>
      <swaggi>
        <albinosSkiftGroomy>75</albinosSkiftGroomy>
      </swaggi>
      <fingianHots lacemanInfeof="25">
        <conky>stakesRiffingPararek</conky>
      </fingianHots>
      <barfingFayumicBrucia>
        <tonnage>genomeVarshaEchards</tonnage>
      </barfingFayumicBrucia>
    </lopeOnmarch>
    <roloway spathedParegal="soccerThalami6721" amman="beldamsFrontonPimples" platyRype="belloot">
      <faltersEndentRamees>inbowedWard77</faltersEndentRamees>
      <adhibit>
        <gleeman>bruckleMaoist</gleeman>
      </adhibit>
    </roloway>
  </synd>
  <murein>
    <nitric>
      <allodAbodesPongid>oxygensPloysRedware</allodAbodesPongid>
    </nitric>
    <upsendsMellateSiglum>
      <lai>rebirth</lai>
      <chasmalJunk lingams="mikiChunkedZambac">
        <isotriaStarers>lurchMysel</isotriaStarers>
      </chasmalJunk>
      <veraAcinetaSpieled stuntyStye="coulisCodableKyu">
        <heftersLiquer>ambled436</heftersLiquer>
      </veraAcinetaSpieled>
      <headboxMaukinPuggry thurlsSnorers="eagreMerosMailman" vitreanRealgar="caseboxUnwild">
        <althaeaGleansComous>570053</althaeaGleansComous>
      </headboxMaukinPuggry>
      <beglideBallsRapeful stichicMaguari="mulch">
        <knollVicunas>reptilePionery9633</knollVicunas>
      </beglideBallsRapeful>
    </upsendsMellateSiglum>
  </murein>
  <dipusSpokane braversMistook="hetaeraAimingMoqui" gamer="20" lactaseShowup="burlerCasparTanghan" sma="8706421">
    <gambadoUnnApollo oculusKashgaLakhs="downbye">
      <drant>tierces</drant>
      <agasPyaemia>
        <steelieThreap>moringaPolyveRhaetic2460</steelieThreap>
      </agasPyaemia>
      <barnfulTuxedoPlayact>
        <alexin>ampleFucate</alexin>
      </barnfulTuxedoPlayact>
    </gambadoUnnApollo>
    <neared>
      <neopineEduced>5936</neopineEduced>
      <gonof niog="kasbekeFugient" unboundPretzel="cleruch750">
        <shlu>flunkFanal</shlu>
      </gonof>
      <terbiasSchene bombedBobby="overnetDoradosHuloist" pectinsMisateSoyas="lipidesAkeesErmelin">
        <alkyds>seicheMaytimeMalices</alkyds>
      </terbiasSchene>
      <chuckyCunditeCashaws>
        <gestapoTeazledMomento>nighishBullockMeno</gestapoTeazledMomento>
      </chuckyCunditeCashaws>
      <transitBoolean>
        <sizarsTiggerPhasemy>dazzler</sizarsTiggerPhasemy>
      </transitBoolean>
      <bumbee amuck="porGraping">
        <repastsGloatsYuki>guavas</repastsGloatsYuki>
      </bumbee>
      <kansansUphangWordle>
        <senam>ulaulaBegalls6170</senam>
      </kansansUphangWordle>
      <vegAlthornExpulse tillOsmaticWastrie="ocelotMeropTurm" blowsy="912">
        <boudoirBrazed>83850082</boudoirBrazed>
      </vegAlthornExpulse>
      <lobataeHaircapChimb toosie="adpLintol" clyer="habenalGambier">
        <oikDript>winterReplant</oikDript>
      </lobataeHaircapChimb>
    </neared>
    <thutter>
      <yapockFitly>orgiaRakhalVaagmar</yapockFitly>
      <axman>
        <benniesVeiler>7888695</benniesVeiler>
      </axman>
    </thutter>
    <bhangs>
      <doubler>demalFrizadoPleat</doubler>
      <accurreOtterHyenia>
        <whirtleSniftyBetray>3823</whirtleSniftyBetray>
      </accurreOtterHyenia>
      <crucify>
        <runteeFeestTaiga>archingJuvia</runteeFeestTaiga>
      </crucify>
      <sitheTridra cantletPuru="5894">
        <carrels>spinageVarisse</carrels>
      </sitheTridra>
      <blancoSalivalMealmen staigsRileTongs="blashyEadi" babkas="mirrorsHolloos">
        <pathol>ausformMeakingCoffing</pathol>
      </blancoSalivalMealmen>
      <meselry>
        <chinarHayweed>patenerCrest</chinarHayweed>
      </meselry>
      <pedImposal>
        <outcomeCaconym>aguiltFibresMadril</outcomeCaconym>
      </pedImposal>
      <aeonistPipes wilrounUnsatedNooser="pisoEpigyneRicky">
        <sibs>zaftigTushieMimzy</sibs>
      </aeonistPipes>
      <turbos boffos="legibleKoomkie">
        <unturn>skunkyWrylyAlidada</unturn>
      </turbos>
      <frauds sueve="onerary">
        <uncowlCyclops>plautus</uncowlCyclops>
      </frauds>
    </bhangs>
    <onymousSaxtubaPolony riotiseAbuse="auralCronied">
      <soaveSvc>forbore</soaveSvc>
    </onymousSaxtubaPolony>
    <jaalinShulsJuckies>
      <neatifyCrureus>sequelTracey</neatifyCrureus>
    </jaalinShulsJuckies>
    <choregyUgt>
      <warslesJupatiLingcod>includeAdmirerSimper</warslesJupatiLingcod>
      <nooky forzBooneBracky="202" caress="topog">
        <kerosBainingTrunnel>cresses</kerosBainingTrunnel>
      </nooky>
      <mbunda obi="linkupGuianan" stables="anankePadnag6517">
        <miledhThyrisDies>marrysCuscusTonsils</miledhThyrisDies>
      </mbunda>
      <nandu moorsNattleAureola="7" chests="tidely">
        <unquiet>16053</unquiet>
      </nandu>
      <kittledJadishKapote>
        <ribChaineInarms>notself</ribChaineInarms>
      </kittledJadishKapote>
      <abdariaKnot escortChoaty="tomnoupCrierBoshbok" tranter="globedOarweed">
        <pinned>phenyRemuda</pinned>
      </abdariaKnot>
      <illeistSidney estralBundy="slumped1881" musefulCogboat="261870871">
        <slothNale>jole</slothNale>
      </illeistSidney>
      <brochYams sternalRebukedKaphs="unjoyedThreeps">
        <whaurTurnupsAsperge>boxfulsCravatBoolies</whaurTurnupsAsperge>
      </brochYams>
      <garston champOcelots="coining" sarongsRematch="9723">
        <coalingArtar>regallyGamy</coalingArtar>
      </garston>
      <antsyDhowFroust>
        <malachi>encasedDespect</malachi>
      </antsyDhowFroust>
    </choregyUgt>
    <prorataPilikai>
      <peckierTriples>laquei60</peckierTriples>
      <laten>
        <sabotedSheaves>759066</sabotedSheaves>
      </laten>
      <stupedRecloseStrauss>
        <biddingArrie>foyboat20</biddingArrie>
      </stupedRecloseStrauss>
      <unciniGurgesGamuts davyumArtelsGemmae="nachaniTuladis">
        <satrapyHandily>lupeose</satrapyHandily>
      </unciniGurgesGamuts>
      <cadeeLepricRetally bantu="scanThrymsa">
        <audubon>vacuateAdeptViduine</audubon>
      </cadeeLepricRetally>
      <juglarVisargaFollows>
        <jarkmanPerlaGuyots>knicker</jarkmanPerlaGuyots>
      </juglarVisargaFollows>
      <stereumPaiute>
        <sophoraPrescanSqudgy>821314381</sophoraPrescanSqudgy>
      </stereumPaiute>
    </prorataPilikai>
    <ruddiedDaffish>
      <solarLongwayMilage>glidesArrivalUnluted</solarLongwayMilage>
      <fatidicBulbuls>
        <unplugPosole>unblestPanacheFraena616</unplugPosole>
      </fatidicBulbuls>
      <atangle bremelyShoreaFondak="clarkiaDapping">
        <biliaryMarathiMousee>whinge</biliaryMarathiMousee>
      </atangle>
      <ecotoneOptimal>
        <lagettoShimal>cuffs</lagettoShimal>
      </ecotoneOptimal>
      <atuleBoutHuzzard>
        <teresParrots>manjelUnvest</teresParrots>
      </atuleBoutHuzzard>
      <dropsySpicas>
        <beryxHumulon>balaNervidMartyr4</beryxHumulon>
      </dropsySpicas>
      <exalterFatimaGambirs>
        <groperOverleg>yodelerSauced</groperOverleg>
      </exalterFatimaGambirs>
      <manger circePopodeVerser="zohakAtopies874">
        <vapour>scrufAvenerSexton</vapour>
      </manger>
    </ruddiedDaffish>
    <amphionContact>
      <agogicsMyxomasNilling>780942591</agogicsMyxomasNilling>
    </amphionContact>
  </dipusSpokane>
</poinard>