<?xml version="1.0"?>
<kexMurre>
  <randnOuteats>
    <yews>
      <unprestRootleTruce>pekoesReseeds</unprestRootleTruce>
      <isohyetExigentBaits fager="updrawDomyTactus">
        <cowlick>doriaExor4</cowlick>
      </isohyetExigentBaits>
      <waxy pastel="928" tuliacDioxanStoner="bouche">
        <drukpaDeciles>reframeExultsBepile</drukpaDeciles>
      </waxy>
      <diploeTaxman hencoteGilse="8">
        <drunt>assoriaPlantad</drunt>
      </diploeTaxman>
      <planer champacWokasTorydom="craverIsobars75">
        <oatsDuds>mandapaBacklogGarpike</oatsDuds>
      </planer>
      <stupidsPolecat>
        <alfonso>foo9</alfonso>
      </stupidsPolecat>
      <lader tommiesRemark="hounce">
        <baryteMiladiOolly>stadium</baryteMiladiOolly>
      </lader>
      <senal oosCalic="playerDazedly">
        <refoldMisused>pps</refoldMisused>
      </senal>
    </yews>
    <acredSabellaWhitsun>
      <redlegsAsiaSqualls>germenDunkleVoyages</redlegsAsiaSqualls>
    </acredSabellaWhitsun>
    <umiack>
      <usselsNimrods>coprasChipperFigures</usselsNimrods>
    </umiack>
    <docityFoliageBroach>
      <quaichs>dewfallOfficesSubaqua</quaichs>
    </docityFoliageBroach>
    <lwoCresoxy gonofs="17329" tindSexuous="etneanAdeemsFoxly">
      <helios>77</helios>
      <raptril quawChekhov="gyralBardy786">
        <muggishUnearlyChurrs>eshinChicory1</muggishUnearlyChurrs>
      </raptril>
      <hemippe palmula="suavestNekkarBecasse" scritDindlesTroller="bestadTropinsSinned">
        <fogs>369151710</fogs>
      </hemippe>
      <langateRedwood hethingLutraMexitl="nide">
        <plump>teabowlVolvell</plump>
      </langateRedwood>
      <vagitusBiasSmilet goalingJoulesBalkans="kenafsAchenesAglint">
        <middays>anomuraFourths6479</middays>
      </vagitusBiasSmilet>
    </lwoCresoxy>
    <testisYirr>
      <rusksDeinosDibbuks>tossilyBentJoes402</rusksDeinosDibbuks>
      <peaveyChakariAver>
        <dozentFoughtySealet>decliveMarokRabbler</dozentFoughtySealet>
      </peaveyChakariAver>
      <ordain nogsPassWordish="laniardBermuda">
        <kinch>4598590</kinch>
      </ordain>
      <catnapVolvas hespelBerceau="vedaliaNeogenePompon" mistalQuirk="curious">
        <eonsStefanArghan>boundlyDebrideBod</eonsStefanArghan>
      </catnapVolvas>
      <tempeteBenorth kerri="13" upclimb="linenyHirsels">
        <mesteno>safrolCachot251</mesteno>
      </tempeteBenorth>
      <barmen>
        <miskalsTchapan>gcdUptakes4373</miskalsTchapan>
      </barmen>
      <hornedFlukeySexed>
        <disjunePedant>franksShuntsStapler</disjunePedant>
      </hornedFlukeySexed>
      <elevensOner choreeStoppitBufo="909786">
        <unovertSkryer>ferrumsCart</unovertSkryer>
      </elevensOner>
      <linedLaverocLoose>
        <inrushGelosinGhilzai>kikongoKitarDenotes</inrushGelosinGhilzai>
      </linedLaverocLoose>
      <oomiaks sillierFurless="miazinePewit" dripsSwalingDrof="955627">
        <ensurerLegumenNastic>redpollMesites</ensurerLegumenNastic>
      </oomiaks>
    </testisYirr>
    <itoubouIsawa soir="rifeOctavoDib73">
      <swedishSulfatoCaraboa>5480458</swedishSulfatoCaraboa>
      <rekiSluer boerdomLazes="ifugaoMynaKleptic">
        <bassaCzarismYabu>unfile</bassaCzarismYabu>
      </rekiSluer>
      <wedbedPlagate>
        <senopiaGymnic>parado</senopiaGymnic>
      </wedbedPlagate>
      <hotbedSwageIsort>
        <affloofIodous>indweltStruse</affloofIodous>
      </hotbedSwageIsort>
    </itoubouIsawa>
    <jailersCalcars yogasTropicBeadier="rollwayDintedBealach">
      <audOriyaKeramic>1893</audOriyaKeramic>
      <clayer>
        <forril>coarctVenularTearage</forril>
      </clayer>
      <users hoydensCrocin="pawkier" misbedeGuanareGhillie="vizierAlaudaHasps36">
        <lager>purgeGuttieVapidly</lager>
      </users>
      <dongolaLwp lalaquiAionialPieless="nostocs" fantoms="rookingSauls">
        <acyls>infectBauchSundae886</acyls>
      </dongolaLwp>
      <boskageOvumOrfe dittamy="cateryDottel" dayboy="outsins9">
        <phizStallerAnthema>tzarismRemeetsDement</phizStallerAnthema>
      </boskageOvumOrfe>
      <adactylBorgDrawls>
        <incursStogies>scaring1</incursStogies>
      </adactylBorgDrawls>
      <alevins haltingHad="obeliacRaunFifty123" rodsAdlumiaTalipot="paulistOutsea8">
        <parrotyWhaur>5</parrotyWhaur>
      </alevins>
      <rubblyBasis begnawn="concuss882">
        <takedWallachHocky>medeola</takedWallachHocky>
      </rubblyBasis>
      <aswailGuyersGyrons>
        <scillasTituli>romicUnlinksMasha</scillasTituli>
      </aswailGuyersGyrons>
    </jailersCalcars>
  </randnOuteats>
  <whushFlour cuddiesAuxinic="9730" />
  <skeiner tmemata="damnii" howsLabretDunne="marinedAnatox" pantheaFlamersIncave="clavial" />
  <hygrineCudwort biunityOwlyHear="futureHammersHeavity" />
  <ruckleDuxesCribble rhatanyCygnineBalloon="ladifyCowal" quentBammed="enemyTintingRaiidae" sandsFirmans="girl">
    <simplesRang legitimEphodsPandit="fluate5" amasserGobbed="loathes">
      <naphthoCallopCrops>tyum</naphthoCallopCrops>
      <hubbOlenusBaalim>
        <aseaKobanEcon>hotzoneBeerierPachuco</aseaKobanEcon>
      </hubbOlenusBaalim>
      <fooledAnnexer>
        <agadic>renilla</agadic>
      </fooledAnnexer>
    </simplesRang>
    <jobmenUntouch oxonicSarna="seeable">
      <kisangSikes>cooperBoating</kisangSikes>
    </jobmenUntouch>
    <islesUnsaltySkoals>
      <trowels>besotsHalurgy</trowels>
    </islesUnsaltySkoals>
    <manganaPunditsBaller>
      <satient>retialLoan</satient>
      <ratelLiverMaestro subacid="lorosSpunkie">
        <aloweBeglue>51671</aloweBeglue>
      </ratelLiverMaestro>
      <glaucus jerezAdermiaDiswit="chemungAsemic" diasciaBalillaGlacial="tsubaRuddledStubbly">
        <louvarCoofs>outroveFirInsp</louvarCoofs>
      </glaucus>
      <chaitLucre cuckoos="wobblyEnginesPoinded">
        <koiariUngt>swird</koiariUngt>
      </chaitLucre>
      <gorer rapinerMoneraFibered="caddied">
        <screamLionet>agnamedEnfrai</screamLionet>
      </gorer>
      <tumoursBomi mahLinkboyFeisty="77" silkedBobby="straint">
        <dominiAlfuroPercy>fabraea</dominiAlfuroPercy>
      </tumoursBomi>
    </manganaPunditsBaller>
    <endureTurnelSneesh hydrousCulpate="23780" bribeeCrampy="brocoliAlkoranPhials">
      <chuse>hexylicSibyl</chuse>
    </endureTurnelSneesh>
  </ruckleDuxesCribble>
  <drawled gingeliMolesCulter="9" tullesWaltzed="612450549" wonningRuffing="1125399" todeaSixerAdin="878" />
</kexMurre>