<?xml version="1.0"?>
<ceredLenny>
  <dustrag />
  <gorryCantoonRemoted fubsierAdviserSamaria="foziest">
    <esodicGhazisMastics>
      <bandarAntilia>pinta733</bandarAntilia>
      <humpsWayaka>
        <napooConima>164809</napooConima>
      </humpsWayaka>
    </esodicGhazisMastics>
    <wared>
      <liveyerFlurnErmelin>fricti</liveyerFlurnErmelin>
      <energy urdy="971" impious="punnierKnobbleTres">
        <foxlike>ribstonOsierSkylike</foxlike>
      </energy>
      <prebillBuffo kulaiteDewlapRering="arthraBoused">
        <fletchDubsTriazo>stagger</fletchDubsTriazo>
      </prebillBuffo>
      <netlessPaumari rentalReedman="digitColadaCitoyen7670">
        <wirrDopantXyz>72589</wirrDopantXyz>
      </netlessPaumari>
      <lodhaBeauism dujanAonach="sundraUnladed">
        <albumenSpalder>tallyhoTaraph65</albumenSpalder>
      </lodhaBeauism>
      <thwart pugmill="onionVertsPostman" curieChefdom="51">
        <sunspot>itchier</sunspot>
      </thwart>
      <rfbCuvette claimReloans="398885051" magotsAlasasSucre="mortifyVoyeurEsguard9331">
        <branksAllotsTerbia>borazon</branksAllotsTerbia>
      </rfbCuvette>
    </wared>
    <enamdar tolSlogGlarier="overpetNookedAogiri" touUlmoMeekly="vernileCorymb" fuselPaletot="4">
      <arugolaOutgang>6105569</arugolaOutgang>
      <carcer gulfy="townedCourtly" spriggyRicks="13921">
        <algesis>6728</algesis>
      </carcer>
      <popperDradge traderDialogs="foalingAngularCamenae1">
        <cereousAdlayZafree>57777</cereousAdlayZafree>
      </popperDradge>
      <egotismFurdleUncased>
        <dirtBanger>knuttyGrovelsGisler</dirtBanger>
      </egotismFurdleUncased>
      <dualiWakeProach dittiesBayards="flotasAkasa5" neiper="chontaPalmira">
        <slabbyFixatorKerflap>spryHankiesCimbric</slabbyFixatorKerflap>
      </dualiWakeProach>
      <swerveBecurse restainEpriseCuestas="zonulet">
        <campoMon>diiamb</campoMon>
      </swerveBecurse>
      <kiaughsJibbsMikvehs bisexed="khotan2" goonch="loobyFeelers154">
        <aegipanFairestFdnames>37</aegipanFairestFdnames>
      </kiaughsJibbsMikvehs>
      <gaolageForhaleAridity>
        <daseinOoftish>undear6764</daseinOoftish>
      </gaolageForhaleAridity>
      <gangsaStreng tarns="renesBenzinChiton">
        <yowlsDecant>rozzerCraneyKnelt</yowlsDecant>
      </gangsaStreng>
      <spooredHendySativae>
        <carlinBroos>amotionSesquiAmyrin259</carlinBroos>
      </spooredHendySativae>
    </enamdar>
    <emeras splodgeDeodarsPencil="arightAnisoyl20" lunier="bury">
      <festiveErgoism>pep</festiveErgoism>
      <complinCaching unvaluePooris="coningAglint" lyreTemse="3645">
        <scotersMytholPterins>mewlLawbookBekah</scotersMytholPterins>
      </complinCaching>
      <agnosis>
        <scarnElitesRanulas>scaped</scarnElitesRanulas>
      </agnosis>
      <summersBekickAssign besighRuckleRadion="yenta" rowting="prearmFeeling">
        <hack>clapnetGauzyBari</hack>
      </summersBekickAssign>
      <compsoaWekiPinenes camisaTweaks="nodular">
        <dredgerQuarl>rameesPalch</dredgerQuarl>
      </compsoaWekiPinenes>
      <gas>
        <railmanTassard>424023486</railmanTassard>
      </gas>
    </emeras>
    <adigeiChokers>
      <marabouBundistLooter>tayronaSnackyEozoon</marabouBundistLooter>
    </adigeiChokers>
    <panned outlastJourney="pirogueAspisesSeas9" aeneous="dunnishSophianTrolls" codgersGambeBousing="fliteNellyRetama">
      <gathers>queers</gathers>
      <dautedSmarten onagersGenae="cornsVoceQuar37" luntsTestone="760918">
        <haratinInertGurges>ganefs</haratinInertGurges>
      </dautedSmarten>
      <imperil>
        <dorsula>clumpKelpTawite</dorsula>
      </imperil>
    </panned>
    <latcher>
      <lye>idlingOxygenWifing</lye>
    </latcher>
    <whrCense racer="knowhowSoapMerope">
      <bemusk>sylvicLacune5</bemusk>
    </whrCense>
    <bursch>
      <upshut>resinolLicit</upshut>
      <canadolArmata coypou="1" blingerChurlyGallah="sucreBromes1">
        <destrerHooking>datisiGirrShebeen</destrerHooking>
      </canadolArmata>
      <piasterSeesaw ewerUnriperDcbname="couther12" simonyChymic="perrie">
        <unweldInroads>kanehBabua</unweldInroads>
      </piasterSeesaw>
      <vicua jamesHodUnsoil="625772">
        <papyriRatchetCassine>waddy</papyriRatchetCassine>
      </vicua>
      <alepotMidmainCoombe unbodyFeinted="hautain">
        <tombacLademan>4725</tombacLademan>
      </alepotMidmainCoombe>
      <reproof ruble="9295741">
        <sharnySemilorRaid>856</sharnySemilorRaid>
      </reproof>
    </bursch>
    <wetbackSternaBolled chipTacso="northPlaguedQibla">
      <gurlUnsavorGlyoxal>hemenRete</gurlUnsavorGlyoxal>
      <viveur>
        <xeniaNoosersUnwinds>granesKambal</xeniaNoosersUnwinds>
      </viveur>
      <listerUnbody>
        <rundaleBeloveBourder>6325</rundaleBeloveBourder>
      </listerUnbody>
      <fight moistenMacaqueBoreas="389771" snipesChacoliOstrya="caulineBowablePosaune5">
        <mannet>smaltosBanter</mannet>
      </fight>
      <phonicsCaudate unlushAlfarga="198698">
        <spiculaScopulaViewers>brayer</spiculaScopulaViewers>
      </phonicsCaudate>
      <toteBanshee frontsBailorPitmark="9850086" hatsParodic="miller">
        <absorbsDin>stoven</absorbsDin>
      </toteBanshee>
      <linjeRejoneo>
        <sedarimFlutey>timableHexaceScalary</sedarimFlutey>
      </linjeRejoneo>
      <jaunces liquidyDurions="doodadCupania">
        <filt>lathee</filt>
      </jaunces>
      <settSocotri osteoidBritonsUpscale="cutisBoilingPoinder">
        <sorbileHalurgyWhata>soleus</sorbileHalurgyWhata>
      </settSocotri>
      <alegerBewwept tubik="889172" whiffDatil="yodhs501">
        <flrie>lyratedUnroughExes</flrie>
      </alegerBewwept>
    </wetbackSternaBolled>
  </gorryCantoonRemoted>
  <bundiesIllth acnedTousedStores="cuneneiRappee" quaedamNaysay="caridea" bodockLucknow="waheheSinky">
    <golfedMurders biverbCuprumsSanctus="21" kyriesFanosHalakic="eyebalmLilly12">
      <lisPaleate>wekauNomblesObelize2969</lisPaleate>
    </golfedMurders>
    <halfwitChengal bravure="isagonVenularMuid642" oversay="fibre" naoi="hoagy">
      <cevianBullpenWorble>concert</cevianBullpenWorble>
      <pleurumMohaveDucker deckingSending="ramageLimsy">
        <chowedErical>sewless</chowedErical>
      </pleurumMohaveDucker>
      <zantiotPocosinBerimed>
        <bookery>rabbitLeprine</bookery>
      </zantiotPocosinBerimed>
      <belZori trestBawtie="xystiHwaEnemas770">
        <soteresSullensHateful>73406971</soteresSullensHateful>
      </belZori>
      <vendaceWistingFenland relabelChalkerWorker="cajuput">
        <jiffiesSnecket>200592</jiffiesSnecket>
      </vendaceWistingFenland>
      <chabuksBaetylTaise seepsPoshly="7608385">
        <covineAnnulusRamack>studiedSooky</covineAnnulusRamack>
      </chabuksBaetylTaise>
    </halfwitChengal>
    <kelliesRegale sensusGadso="aliptes" sizeLardingAcool="226509851" turfs="unleadWharlCoit4814">
      <yuckToquesTeaey>coatingKoulan</yuckToquesTeaey>
      <repros>
        <amadiCorves>afret</amadiCorves>
      </repros>
      <subgyreAmplest piggieCoffles="magilpsAnewResists">
        <skoot>unvyingMigrateDiadem</skoot>
      </subgyreAmplest>
      <bodRimersMayfly>
        <nookingStroma>folkDurnsWrithed157</nookingStroma>
      </bodRimersMayfly>
      <flob jambePencheKneader="singCibols">
        <cymba>coleurBedazePerse</cymba>
      </flob>
      <japyx sunroom="734256">
        <thishow>756116084</thishow>
      </japyx>
    </kelliesRegale>
    <tootsDigynia>
      <estats>klismos795</estats>
      <kanukaLeeds chermesUnfixesMegasse="galloot" topekaSycee="carryed">
        <moguls>guru</moguls>
      </kanukaLeeds>
      <soybeanVenice>
        <dcaAuchletGlandes>tellingKakapo87</dcaAuchletGlandes>
      </soybeanVenice>
    </tootsDigynia>
    <filchesTermersDairies gabblerButties="636317" zoomedBosnian="cranchGreaten5022">
      <chamiso>cleeks</chamiso>
      <palletAmeboidGools>
        <tiffinBois>grugousPerterCahows</tiffinBois>
      </palletAmeboidGools>
      <badjuChili clippedMartesMidyear="droyl">
        <compelsPuddles>53737572</compelsPuddles>
      </badjuChili>
      <loaner sniping="stoppedInhiateDauri" daidledAcoinShole="sirpoonMam">
        <emanantSmacks>eyrarLumensRowed</emanantSmacks>
      </loaner>
      <liftmenSlummerGangava>
        <gaure>6</gaure>
      </liftmenSlummerGangava>
      <callidMilwell>
        <tritestTruingLoadage>stinky</tritestTruingLoadage>
      </callidMilwell>
      <zeroesSixTurkis proferGorgiaGuyers="85369">
        <yannamAnosmic>atte9131</yannamAnosmic>
      </zeroesSixTurkis>
      <kernosMoormen sunCattilyLairs="stuGlial" joltersCensus="tizwin">
        <cedrat>ardishBizHauld</cedrat>
      </kernosMoormen>
      <ivanSedatedMatzot rashJocoseTetel="cageyAddlesDazzler" manhunt="402663872">
        <uchee>birding</uchee>
      </ivanSedatedMatzot>
    </filchesTermersDairies>
    <polyve mazicOillike="shelfy" chylifyCalite="shivoo">
      <snuck>1615601</snuck>
      <pastelsTwinter storgeSaucyAdrian="mokeClocker">
        <ants>uaupeDayakSumac4</ants>
      </pastelsTwinter>
    </polyve>
    <maccoEngloryCenotes>
      <vocablyTamarin>hightedCrimmer</vocablyTamarin>
    </maccoEngloryCenotes>
    <canetteLotto mirrorySherifa="679506128" hading="adultSazeracInsula1">
      <formeGruffer>abigailBuoysBonanza</formeGruffer>
    </canetteLotto>
    <kapote>
      <ampule>prised</ampule>
    </kapote>
    <baskish push="doting" boneletNucleicJacatoo="grata" myopy="assaiSold9530">
      <honersTapers>nettles</honersTapers>
      <prizersOofiestTwasome sequel="30750626" arbustaHooshUnction="avisionBemusesKlip">
        <indivLideRiddle>lyraGloams</indivLideRiddle>
      </prizersOofiestTwasome>
      <hernant brachetTrenailApout="dhobie">
        <maghMercian>holiestZootic</maghMercian>
      </hernant>
      <diaeneBrinks>
        <grueVenoms>nylast</grueVenoms>
      </diaeneBrinks>
      <affect>
        <drinkTweeded>sobererDaniel</drinkTweeded>
      </affect>
    </baskish>
    <talakNogai>
      <bebumpUmiaq>coccoidMyitis</bebumpUmiaq>
    </talakNogai>
    <amulaKotowed>
      <mangierArkite>quadricGorryPandean</mangierArkite>
    </amulaKotowed>
  </bundiesIllth>
  <ajee dadTerretSlath="148195844" piloseSheerSleety="springeMaihems" frischRandirBisulc="82901" />
  <torcher balsams="cocainsDeniedFelling" fluffed="5" lyceumScumsJobbed="negrito7" />
  <abseilsPyins />
  <freeby />
  <uviolDisusedXeroxed alpisteRotte="hylidsAghoriMusive" lapiesFinite="attest">
    <taulia>
      <randans>corella</randans>
      <sconce tresselCarbyJutties="ambayUnadd26" nigrousLedgierAscaron="minimIsoamidHogo2085">
        <miningsSlacken>46</miningsSlacken>
      </sconce>
      <sharingByplaysSuppos>
        <ebbmanBuild>fondles</ebbmanBuild>
      </sharingByplaysSuppos>
      <sparestDaffed berHookingDemesne="salay278" copulaAgura="7">
        <lotaseUndressJouks>dirls</lotaseUndressJouks>
      </sparestDaffed>
      <strandLardy guloBesin="arabianJubardy">
        <grith>curiums8160</grith>
      </strandLardy>
      <rowenPikelet modestyRamadanHeroize="120668" reglued="porgerOdious">
        <iraqAmnicUnion>cuteyProtype</iraqAmnicUnion>
      </rowenPikelet>
      <hirtch flanes="tracerDished4011">
        <stirksLeninAsa>arneJuster</stirksLeninAsa>
      </hirtch>
      <statsShake>
        <hehe>monaAmieCatling</hehe>
      </statsShake>
    </taulia>
    <cooked textureAphides="jamiBateau" curchyPranceAitesis="jawpAmineCanelo" getasAmissSupper="asiento">
      <forfars>punchy</forfars>
    </cooked>
  </uviolDisusedXeroxed>
</ceredLenny>