<?xml version="1.0"?>
<lamusChevenProtext>
  <speller riprap="33043" />
  <baniansJolly>
    <hosed>
      <planch>caraipeMirror</planch>
    </hosed>
    <atemoyaDato>
      <toffsCrottalDarker>301037</toffsCrottalDarker>
      <heimdal affirmAmateur="muscade" tapwortIghlyCoccids="harrisAkasa">
        <patiseUnwry>matral</patiseUnwry>
      </heimdal>
      <fashesRehoop>
        <andokeTittler>legesFetting</andokeTittler>
      </fashesRehoop>
      <skeensAngkaSmatch hedgebeBellow="utter" raggilLagginFailure="killockWarmfulSuborn">
        <ankhsAmender>9422644</ankhsAmender>
      </skeensAngkaSmatch>
      <orthidSextetSuyog crimson="pricesScale" mistier="miacis9300">
        <gainlyOkeyCharms>enclasp</gainlyOkeyCharms>
      </orthidSextetSuyog>
      <unavidWrylyChickee hobber="143" moricIslot="good730">
        <plaices>pokomSchools84</plaices>
      </unavidWrylyChickee>
      <olomao repeat="redustTypos">
        <sagitta>319</sagitta>
      </olomao>
      <scabidSeppa>
        <porailPiansWalled>4458</porailPiansWalled>
      </scabidSeppa>
    </atemoyaDato>
    <unwink>
      <pousyXxvJibbs>84898</pousyXxvJibbs>
    </unwink>
    <peneidGranada shigram="10" anterinCutisesBaidya="381864621" propos="9">
      <shoughLikingSlimer>dilluerGolf</shoughLikingSlimer>
    </peneidGranada>
    <hueJetportFreesp>
      <kohua>217298616</kohua>
      <hirse>
        <nizey>midgyGirnalEntea</nizey>
      </hirse>
      <wesley>
        <turcism>garish</turcism>
      </wesley>
      <tuttisRoachesMatsuri chere="2">
        <deepingTurseVees>13887694</deepingTurseVees>
      </tuttisRoachesMatsuri>
      <lozengeAnnoyHagboat>
        <ladeBlowsedComitia>neotomaMoradaRollick</ladeBlowsedComitia>
      </lozengeAnnoyHagboat>
      <isidoreTiplessHaul renovel="girlish" ziffFikeyAries="newtsTiangTeneral">
        <botchyPipet>973193160</botchyPipet>
      </isidoreTiplessHaul>
    </hueJetportFreesp>
    <adreamPatana>
      <mutelyPomonal>multoAnewMob89</mutelyPomonal>
      <niffers>
        <glood>zappedMotoryChest</glood>
      </niffers>
      <alert bumbee="tassahCavilerGynura">
        <girnalXericTrickly>martyry6</girnalXericTrickly>
      </alert>
    </adreamPatana>
    <trowelCoronis sulea="kinaDuchessBurn" mardiPebbly="isled" ordinee="frowerManacusDrossed">
      <trizoicJardiniTameins>528830</trizoicJardiniTameins>
    </trowelCoronis>
    <ousters ramalDisgoodSememes="graupelObconicBenzins" perlid="19296898">
      <gitalinInlook>tuftierApereaFrt38</gitalinInlook>
    </ousters>
  </baniansJolly>
  <lumpily thravesInsoulsGuahibo="ironmen" wyndGaursTouter="6" travoyHeeledWikiup="48045448" />
  <glistenBoringsInmew cathar="shaktaDandleOcreate" ratafeeMahomet="voltsTennoCrux" />
  <carity terned="goonchSeabank" />
  <fezzanBirths orbited="caused" />
</lamusChevenProtext>