<?xml version="1.0"?>
<ecraseOaringMulls>
  <detrussJamesDansant plinian="snowl" sucuryAryans="baileyQues" cocinMoiley="featsGargleBinges3920">
    <pichPowan atloid="375917624" waffledJarringTurtle="divulseDecalogTasker">
      <baberyReqd>coxite362</baberyReqd>
    </pichPowan>
    <ventageRibzuba tacesFil="scrubShoofly">
      <unguealPoretProves>bowableDocile3</unguealPoretProves>
      <lyresSabaVilela vardy="etagereFresser">
        <nishadaTaenia>sackOrcanet8</nishadaTaenia>
      </lyresSabaVilela>
      <empestBowls overageFennigBaffs="8153944">
        <prattyLisses>tympanyHerselfDrowner</prattyLisses>
      </empestBowls>
      <kodakedStorialAlgesic bemireSabbeka="tilersIndent">
        <galwaysGalanyWhuskie>radidii</galwaysGalanyWhuskie>
      </kodakedStorialAlgesic>
      <waggon markupsSidewayAttid="904367238" ucalMetamer="pipet">
        <kras>13974897</kras>
      </waggon>
      <loitersParelle urinal="320562344" duenessWastrie="kitbag">
        <decriedPopgunSowbane>474</decriedPopgunSowbane>
      </loitersParelle>
    </ventageRibzuba>
    <grazesSagbutsWinds>
      <winches>inkers</winches>
      <packmanBlousy raggedyTanguin="flywireLuchuanEstonia">
        <becivetKokum>kruller</becivetKokum>
      </packmanBlousy>
      <sifacMuseum lucina="deductDermoidPentit" bezetteKeywd="morrows438">
        <abyssaAigrets>tng</abyssaAigrets>
      </sifacMuseum>
      <winesapRiffsSowed splosh="toil6" bureaux="rameousHoarser">
        <whishes>encores</whishes>
      </winesapRiffsSowed>
      <trice>
        <lolled>avdpEuodic</lolled>
      </trice>
    </grazesSagbutsWinds>
    <stolaeMinkish>
      <laterad>19880232</laterad>
    </stolaeMinkish>
    <wabayo mahajunShareef="animAwingOmmiad2" gerald="shih">
      <ghetto>birthyWraxleArgolet</ghetto>
    </wabayo>
    <dorkingArchiveElektra ribibe="blitterYawnyNew" serranoSwareEpilate="bawdry" obtentOrtalisVetture="snuggleMins">
      <cheviot>fneseJyngine</cheviot>
    </dorkingArchiveElektra>
    <workshyRues>
      <stanch>clipeus</stanch>
    </workshyRues>
    <rodingCatchie>
      <isologsHonker>agendaHashTrabea</isologsHonker>
    </rodingCatchie>
    <hadawayQuartzy>
      <tagwerkKillas>carnic7541</tagwerkKillas>
      <jaupsOuteatsAtalaya zeaHolmiumPrecast="cibouleOrganic6">
        <lurid>bulliesFussersRealia</lurid>
      </jaupsOuteatsAtalaya>
      <forrardRammish rebushPeckled="adjoinsGlaumAcrawl">
        <basotho>119574439</basotho>
      </forrardRammish>
      <pandora pareusDies="906" tallerMaipure="mithrasBoboteeActine">
        <vigorsLowboysBec>showmenKitty</vigorsLowboysBec>
      </pandora>
      <shirkyUnwivedDarking looiesDirige="syndetsCloggy" doyleys="hirerKetolComitje">
        <wearers>crannia</wearers>
      </shirkyUnwivedDarking>
      <ivyNilgau dridderRewon="itelmesHairup3" dreich="hammers">
        <feestImpaled>adiposeCeryl</feestImpaled>
      </ivyNilgau>
      <gryllidInsetsMooches vans="wayfareBougies">
        <slider>239560</slider>
      </gryllidInsetsMooches>
    </hadawayQuartzy>
    <axine>
      <peepeyePangwe>ingreveMegilp</peepeyePangwe>
      <daiseeKroner acuityBecloak="sicTeemer">
        <calamusPomps>doucinAmexChuck</calamusPomps>
      </daiseeKroner>
      <highlyCrizzel attePlightUphelm="dinAlgomicMingler">
        <anaemicGuabaWhacky>53084</anaemicGuabaWhacky>
      </highlyCrizzel>
      <replansJuvenal>
        <falcerJeanRipup>uptide</falcerJeanRipup>
      </replansJuvenal>
      <pailouMonachArgent ret="wok" kirks="rickleGoggledRax">
        <ingreatCundite>suerteInlyComtism</ingreatCundite>
      </pailouMonachArgent>
      <larder heirloLayout="siloing">
        <burleysTorsiIlokano>glomiLangite</burleysTorsiIlokano>
      </larder>
      <buckishEntrustLasius sundial="bedsoreBestab243">
        <cookdom>taureanPynot</cookdom>
      </buckishEntrustLasius>
      <sulphidScaposeKintry ssiExalts="wainerBrisked47">
        <lote>logicsAporoseAskings</lote>
      </sulphidScaposeKintry>
      <stralet ricardoFollowsSoaking="janosCornettStaking1">
        <firmityMacawsFurmint>6374040</firmityMacawsFurmint>
      </stralet>
    </axine>
    <tunnery revengeUpcrop="7621052" alcovedBiotics="6733790" nonwarKolea="nisi2579">
      <poretShastri>upbrayAlbrunaLoamily</poretShastri>
      <lisk>
        <ungiant>jeep</ungiant>
      </lisk>
      <boracicAvion tuzlaDyphoneHaft="58049" gedriteCossackPaynim="stionDakoitEssence">
        <elamiteBurgall>193077000</elamiteBurgall>
      </boracicAvion>
      <hexereiPaler resorbs="lookum" spanielVentoseYeans="etrenneMalvalSlamp97">
        <podware>probers</podware>
      </hexereiPaler>
      <rieverLibitum leadierGaudy="octyneJaraSpiels">
        <havesTarrassWolfkin>mapwise</havesTarrassWolfkin>
      </rieverLibitum>
      <myopsUnfiendInsurge jassoidMoeursMoors="asbolanGraupel" screakSijillHorsey="scepsisRuchingAbbacy">
        <aeneanCarrollQuin>noddingRoomful</aeneanCarrollQuin>
      </myopsUnfiendInsurge>
    </tunnery>
    <reet whored="studdiePulpit7954">
      <gibusesDoand>pedantsGripedOctofid</gibusesDoand>
    </reet>
    <sateenJollopHernani>
      <prasthaLoqSergipe>babysitTuyersGremial</prasthaLoqSergipe>
    </sateenJollopHernani>
  </detrussJamesDansant>
  <bubasSloped cuprate="2879529" sourer="aguey" beadeye="centryLucanusJunco16" gamierSavoyHaunch="notableUntried7">
    <mayanKniazPallors bockRubidicPothunt="lagoonsPyocyte" visneAttends="coueAtwoBowtell">
      <terebicWreaker>kinkilyCrumbed</terebicWreaker>
    </mayanKniazPallors>
    <valhallDaymareMann drawlerPrime="nettles" bogtrot="emmies">
      <alkalin>enuredOfficesLenaean2319</alkalin>
      <tungoRingatu altRubbleComoid="molvi">
        <sprucy>intoed</sprucy>
      </tungoRingatu>
      <glacon arumWaggish="slouchyTossutOverawn424" botelTaishGranada="scrimpMaggleEctozoa86">
        <ache>masaisFinnip</ache>
      </glacon>
      <ugarono bubalesCeja="shearsZekeCookers">
        <gleetsAmbosPiacula>soporsMoxies</gleetsAmbosPiacula>
      </ugarono>
      <tramcarBarytasPanoan>
        <otidaeReactedVidicon>551</otidaeReactedVidicon>
      </tramcarBarytasPanoan>
      <donshipDiopsis nazisCreepCantiga="nisanApogeal" hiationBogomil="respondCecitisBunkoed">
        <kidlet>fitsSleezySmacked881</kidlet>
      </donshipDiopsis>
      <growled>
        <plummet>thworlCornrowLochial1</plummet>
      </growled>
    </valhallDaymareMann>
    <careneJonIntruso>
      <outpeer>gypsiteSpraich</outpeer>
    </careneJonIntruso>
    <legumesTaldNettle>
      <cadaver>mousilyHelcoid</cadaver>
      <unmixtCowboys sojournObolet="syllogeGeoidalStrawen3762">
        <giboiaNellyWeri>pentziaTurkis</giboiaNellyWeri>
      </unmixtCowboys>
    </legumesTaldNettle>
    <buttLineups coyanShish="moud">
      <totting>syrmianUnplied7482</totting>
    </buttLineups>
    <curcumaFesselyPenalty>
      <befile>futchelCowered</befile>
    </curcumaFesselyPenalty>
    <rearly soppyMomist="tarliesTeams" packly="unmownKatana">
      <alaster>renting</alaster>
    </rearly>
    <dechlogStaningWestlan>
      <unburntBlastie>lad239</unburntBlastie>
      <jambeeGrewiaTynes stanesRemit="becivet" veldman="aconineBebop">
        <forseen>bruised</forseen>
      </jambeeGrewiaTynes>
      <geomyidDhanushDined outsetsPrueFlare="enfectGapless" linhayBaioc="forvaySpeck49">
        <laxity>91237</laxity>
      </geomyidDhanushDined>
      <unspiedBetes slait="proteadTorsk">
        <wimpledHulkily>compoedPatsiesLoft</wimpledHulkily>
      </unspiedBetes>
      <rewwoveTabber earwort="munnion" doitCluck="pentritComp4">
        <clonksChannelSinewed>910</clonksChannelSinewed>
      </rewwoveTabber>
      <tewerNeavilRemill adropAlleleuCormous="burdiePatgia2631" vaseGasogen="60468613">
        <protideCrizzleSaltier>wauledWormy</protideCrizzleSaltier>
      </tewerNeavilRemill>
      <lyrical>
        <oatcakeOopack>39</oatcakeOopack>
      </lyrical>
      <reseeTabletMedism crigSunway="zoeticSponges">
        <bungfuYarningAppair>troddenMuscle</bungfuYarningAppair>
      </reseeTabletMedism>
    </dechlogStaningWestlan>
    <ploimaGirny wulkTern="herbane" windled="galaxesAslopeKeener" bemataTablet="keyakiFraik">
      <bardierSigrim>oxonianMowed1</bardierSigrim>
      <fratersTaurusWhinner tycheNudipedGatsby="trashy65">
        <thoDepends>castledBusherFeuter</thoDepends>
      </fratersTaurusWhinner>
      <fiddleAtropicEfts waxcombHedgy="undryAways" spotVolcaeToletan="158045">
        <femmesRouping>procity</femmesRouping>
      </fiddleAtropicEfts>
      <miro tringaTetchedCairny="nyanjaGorse">
        <trinary>masse</trinary>
      </miro>
      <topmanBeleaptSump akvavit="muklukEvasive" skaldChunari="hoc">
        <mycotic>bypassClappeManness</mycotic>
      </topmanBeleaptSump>
      <outwoodAaa bardierCraals="peppierErmineeSievy">
        <girdingEpizoicZaurak>terpeneUpended</girdingEpizoicZaurak>
      </outwoodAaa>
      <biface jauked="759611426" lashkarHectareLier="sompneKalachSpilled">
        <banian>chm</banian>
      </biface>
    </ploimaGirny>
    <lungees arauan="parganaOrcBacca" scriptsCottise="etyJenny" bedgoer="casingWeave">
      <alliant>pimpsPechans</alliant>
    </lungees>
    <seroseCoupon babyismMarts="flaff" sidth="486">
      <unlivedKapurEmim>cronetMimPortas</unlivedKapurEmim>
    </seroseCoupon>
    <medicoAquenchBoget>
      <limmerStern>tel</limmerStern>
    </medicoAquenchBoget>
    <labanSpitish>
      <witherPayolasShab>13836430</witherPayolasShab>
      <huastecPousy forrelGoelByzant="justenPommerToys95">
        <durhamCarbideEnvier>swithinChulha</durhamCarbideEnvier>
      </huastecPousy>
      <misceSchmoe salwinKaf="tragionKanaka">
        <sunstay>setwiseLeuds</sunstay>
      </misceSchmoe>
      <geminisAztecan bombingPaidleArchine="lataniaStarverMaile">
        <nardsNimbed>frothsPeonize</nardsNimbed>
      </geminisAztecan>
      <passimPlonkoVigil>
        <invadeRifting>licornBusload</invadeRifting>
      </passimPlonkoVigil>
      <kenelmToileZanza laertesMerozoaCuplike="wigglyNuttersScomfit" ashake="hennaPutters">
        <schuytTangue>amorism2</schuytTangue>
      </kenelmToileZanza>
      <unciaeCretanBerme publiciSirocco="kangriSpretty" crassSystemTins="5617">
        <ephorusTugui>somite</ephorusTugui>
      </unciaeCretanBerme>
    </labanSpitish>
  </bubasSloped>
  <swoonCotylarShed>
    <buffets>
      <spokanPropyneTitoki>mopeyRoaders</spokanPropyneTitoki>
    </buffets>
  </swoonCotylarShed>
</ecraseOaringMulls>