<?xml version="1.0"?>
<thigh>
  <moonierDups wellKiowayKuwait="arcadia" huic="9526895" squelchSnaper="biogas" />
  <prangDemeoreRiptide logeionTroversDanke="matraHall" arroyosCoughsPsoadic="essency" />
  <braccia funsterPersona="amabileAllergy6" />
  <siffleBoni senecanGird="preyingZooticTailory" jct="kewpie95" arabia="feoff" manuao="jollityForward">
    <phoneyReferedAouad phytoidPanned="gomartTewtawAlt">
      <goboCertMuumuu>jibhead70</goboCertMuumuu>
    </phoneyReferedAouad>
    <gisel phenolsSestet="shabble" brisks="jitterInone">
      <ceduous>samalKobolds</ceduous>
    </gisel>
    <manasicCrapaudAlbuca>
      <doppia>30636726</doppia>
    </manasicCrapaudAlbuca>
    <lipidic>
      <sermoLuxury>epoptes</sermoLuxury>
    </lipidic>
  </siffleBoni>
  <fasIdetaForbore jessicaRhyton="imputes" cupheadArauanPicrate="kendalLadyism" />
  <pitsawsPdl glisky="892105" amoeban="9" froughSovNunks="aigreIodeYapoks" osse="48676820" />
  <amplestTshi valSluit="jackeyUruisg" phrensyAlmaine="pmsgRimmedYonder" shikari="682883" />
  <persianFinned>
    <ranereLadyfyGrande>
      <tumbek>propterGriebenSchism</tumbek>
      <snivelPhonosAucan>
        <lewingGuttedMouche>sraddha</lewingGuttedMouche>
      </snivelPhonosAucan>
      <ambitsDanUpmove squaliLerwaUpgaze="gaols" gusTjenkalFloran="warlingCury">
        <prefillStudioSchelm>lauryl</prefillStudioSchelm>
      </ambitsDanUpmove>
      <pose currie="udalmanSlirt">
        <zanjeroDinglyRockier>gorgedStalder</zanjeroDinglyRockier>
      </pose>
    </ranereLadyfyGrande>
    <sarkingTortive>
      <mastMudhookGlands>dartoicSnuffer4</mastMudhookGlands>
    </sarkingTortive>
    <costrelHeadman genoise="bayeteBranch" tannins="69" dislipAerated="938977">
      <xenon>milt</xenon>
      <carpalsBauson>
        <bradsot>3</bradsot>
      </carpalsBauson>
    </costrelHeadman>
    <yoginiCochleaSeshat raffeeAnisicGalla="chest" spratsAxenicElisha="pamhy">
      <exta>hejiraLiesBull</exta>
    </yoginiCochleaSeshat>
    <beetsNomismaPycnia>
      <optableHangeRefrig>ruesome</optableHangeRefrig>
      <fayence jee="klatch">
        <doormanCircumPulpier>52900</doormanCircumPulpier>
      </fayence>
      <mysosts>
        <sarclerFeest>snootySudsing</sarclerFeest>
      </mysosts>
      <nogakuFanfarePottagy>
        <riprap>whydahDadder</riprap>
      </nogakuFanfarePottagy>
      <starchCaporalArriere nidgeManqueJactura="belaborJute" seletyVerbalsEnform="natural">
        <shogunVesical>dissectMummickTubule</shogunVesical>
      </starchCaporalArriere>
      <chufaVenusty cateranForsetUpper="hendly24">
        <mirvHyllus>1407</mirvHyllus>
      </chufaVenusty>
      <ployedWrier graissePawing="belar933">
        <michaelKapelle>68</michaelKapelle>
      </ployedWrier>
    </beetsNomismaPycnia>
    <busesSteever moulten="puxyGrapnel">
      <mallowWallies>deerletCopihue</mallowWallies>
      <zoris>
        <invertsThoo>monaseFrijaLayer</invertsThoo>
      </zoris>
      <giggerTirma>
        <ponier>saccoon61</ponier>
      </giggerTirma>
    </busesSteever>
    <hoppled>
      <ilial>alkane</ilial>
    </hoppled>
    <sterileSkybalReknit swamisKepiFurmint="scuttaBougar">
      <ferriteDobrasOutbow>commieRewaked</ferriteDobrasOutbow>
      <bandgap>
        <tertium>girderReshaveSiruped96</tertium>
      </bandgap>
    </sterileSkybalReknit>
    <driersSodamidAdept>
      <eyghtMdse>crony</eyghtMdse>
      <scaletAuralHebenon>
        <krooniSons>scoriaeRearms</krooniSons>
      </scaletAuralHebenon>
      <subnessUnclead manterSlummy="embrueSapleImponed">
        <bemuskGordian>ethnicsKogaiChateus</bemuskGordian>
      </subnessUnclead>
      <beekiteWantyFlayers octectShirked="iberiLegist">
        <untimed>capronSynoekyTintie</untimed>
      </beekiteWantyFlayers>
      <jaleeVotes feet="gercrowScenes6" mufflinArdeidLane="sestina6791">
        <smokers>absorptSmich</smokers>
      </jaleeVotes>
      <jewismAimeeMalcolm evens="25332">
        <whereGrewt>26206</whereGrewt>
      </jewismAimeeMalcolm>
      <hellos>
        <hutzpaIsmsSlopers>veristCoper</hutzpaIsmsSlopers>
      </hellos>
    </driersSodamidAdept>
    <jessicaVerreChrysal bowlegCerningSolio="swirlyUnsoot" ferashEonismMartite="wettishOsteinJockos" chefsSissBrember="cystidElkanahRavener">
      <lustresTunablyGouge>sifted</lustresTunablyGouge>
    </jessicaVerreChrysal>
    <headmanBromidGora>
      <mamers>holsterSardar</mamers>
      <cypraeaSubrootTwaite inpourLuciliaRafty="huave">
        <swirrer>352001</swirrer>
      </cypraeaSubrootTwaite>
      <repugns posePuberalLyssic="cub" jeffreyFalterFrayn="65">
        <taenAlaheeLychnic>amicalWhizzesDaut119</taenAlaheeLychnic>
      </repugns>
      <arnut strettiBeet="356" yukeJervine="439308031">
        <belick>quincySkaddle</belick>
      </arnut>
      <hazerFigment babbieMungy="7" papRarestCognac="sladangGuaraniBoxen">
        <schmitzChopin>loudishSudamen</schmitzChopin>
      </hazerFigment>
      <bloom hemuleCytome="gastrinFoxbane">
        <dunked>731873424</dunked>
      </bloom>
    </headmanBromidGora>
  </persianFinned>
</thigh>