<?xml version="1.0"?>
<fac>
  <staith bureauOblatesWasho="loungesBegroanOutwill" demean="malines" guseridThieved="sodium" looiesLairsMetonic="tonguey" />
  <stunted audubonAxwiseRealign="sunyata" />
  <julepsDoriaAlmirah />
  <mocksPotling moilerCateryMalkins="rammerJilt" glaikPalpateScry="164364" perukerIceberg="winnedEmbalms" />
  <kolushUnselthDripper whase="atimonLainer">
    <bagwigsFurlSunn>
      <soffitsAnnexal>466580707</soffitsAnnexal>
    </bagwigsFurlSunn>
    <reached>
      <pardHaorisThrymsa>neckfulOrgany</pardHaorisThrymsa>
      <cropper terPeinedOrphans="acarineTubings">
        <crystNevada>ingentRapeye</crystNevada>
      </cropper>
      <dorsaleVomer hydNuggety="lymphy45">
        <pileup>highlyLatkePulment</pileup>
      </dorsaleVomer>
      <sunfoilBetises>
        <syncarp>byworksBicorne2139</syncarp>
      </sunfoilBetises>
      <pearterBrieredFatness pucker="jakosOleana4">
        <ladleNurl>fatuityLadykin</ladleNurl>
      </pearterBrieredFatness>
    </reached>
    <pygopodSensual>
      <punatooMikvoth>ctePapuan93</punatooMikvoth>
      <loggiasEthanesCodeia eaglingAxinite="94" paneityChumpedSolders="mockupHoagiesPatmos">
        <zonersLinkyDealer>tiraleeSaury</zonersLinkyDealer>
      </loggiasEthanesCodeia>
      <yowleyAusu agrotis="cusks847" ignore="inliers">
        <hollyPollardBauch>lincolnBellied</hollyPollardBauch>
      </yowleyAusu>
    </pygopodSensual>
    <parcherDeasilWhisked tessEgotize="sauchsSipBenote">
      <casavi>vady</casavi>
    </parcherDeasilWhisked>
    <voicerPobbies ticsSulfa="bodiceAediles9">
      <reincur>thundTaste</reincur>
      <tenline embogEnwomanPombe="thalliYacked" aspers="soughtMahsirNapooh8083">
        <mesenna>dingoes8924</mesenna>
      </tenline>
      <macoGorling saltusRevampWeened="399726294">
        <theaveSquaws>portletLuhingaSangei</theaveSquaws>
      </macoGorling>
    </voicerPobbies>
    <barbar>
      <kneeHiss>golfing</kneeHiss>
    </barbar>
    <maggedLithateTanrec anomic="stadda" ditchNavy="npeelSacque" withenCantalaLitui="689910236">
      <inexactEnolic>benzo</inexactEnolic>
    </maggedLithateTanrec>
    <walliseCurls>
      <gulfyElicits>79329297</gulfyElicits>
      <ectasiaGanguesRehires alcogelHiston="mainanEurasiaEchinal" tieingBaleysSelenic="deprNatrixRuntish">
        <eartagHafisIncuss>sizzledJocu</eartagHafisIncuss>
      </ectasiaGanguesRehires>
    </walliseCurls>
    <balkansSoftie loopingKepsAoul="platicFandoms" orthoseAdfix="magogSleeperBreathy">
      <grimySamolusHagrope>vivary</grimySamolusHagrope>
    </balkansSoftie>
    <streel>
      <slipe>spigotRealiaJizzen</slipe>
      <realestSirmarkOenolic idant="1014338">
        <gazers>8981862</gazers>
      </realestSirmarkOenolic>
      <yangtzeWharveGalah>
        <gurrRavesDemiowl>demandAstondBonelet</gurrRavesDemiowl>
      </yangtzeWharveGalah>
      <osmoticChinchaPhragma medicsRulingRhea="nuraghBalebos">
        <begeckEphod>oughts1791</begeckEphod>
      </osmoticChinchaPhragma>
      <pairerGarfishAnnuary>
        <jennierHeirdom>aphoria</jennierHeirdom>
      </pairerGarfishAnnuary>
      <penounPonesAcross>
        <revoice>ghat</revoice>
      </penounPonesAcross>
    </streel>
    <sacs cherteKeryxSealer="oomiackGump" qualm="nucleli119">
      <teguima>oxterSeatronRealer</teguima>
      <nonary inrail="samoryShunts" osculeCeased="37180">
        <swareGiddy>elk</swareGiddy>
      </nonary>
      <contin venta="bobac" biolithMolting="navew">
        <glutens>puntsAyontLoob</glutens>
      </contin>
      <divort osphere="purport2">
        <peikthaAhypnia>snotsAusterWatchet</peikthaAhypnia>
      </divort>
      <kippersKif drafted="pawmark">
        <roset>scrubsBemask</roset>
      </kippersKif>
      <ogiveGeloseCagayan devoirPodsolTubmen="perdues" imbed="erogenyUnguent">
        <bidarGupWarlock>nobel</bidarGupWarlock>
      </ogiveGeloseCagayan>
      <fotui darby="poxy">
        <bemad>aerogelUpcheer9</bemad>
      </fotui>
      <stoneTookenGire clinTaskageWhoopee="61306" anabia="5">
        <matinal>speerStooge</matinal>
      </stoneTookenGire>
    </sacs>
    <lunyScrabUnjuicy>
      <sixties>now9508</sixties>
      <heloninAngico>
        <powersPropusPinang>japanTiptoesBread11</powersPropusPinang>
      </heloninAngico>
    </lunyScrabUnjuicy>
    <reloansServMwalimu raver="hymnary" wirrahHoked="evovae">
      <paeonic>warternDalteen</paeonic>
      <hermaeCatskinRotonda she="jap">
        <grailMedakaArgyric>marble</grailMedakaArgyric>
      </hermaeCatskinRotonda>
    </reloansServMwalimu>
  </kolushUnselthDripper>
</fac>