<?xml version="1.0"?>
<gnarlsCeroon>
  <budgeroReeshie khalif="byreMawmish" append="41" proport="hognutsAmiable81">
    <ghoul>
      <mygAfflictOssia>forhooy28</mygAfflictOssia>
      <loodKips upright="undight">
        <koinePedageLawn>428404981</koinePedageLawn>
      </loodKips>
      <everyRereeve pyruvil="cosmeteNoway" certTroth="rudSiroccoPointy">
        <solarGuttlesUpshove>801</solarGuttlesUpshove>
      </everyRereeve>
      <pallallTurnixAeronef>
        <rato>pawnorsSheiksTartish</rato>
      </pallallTurnixAeronef>
      <invSowishUruses estrinsMasjids="blighia">
        <yeomSaughtRetomb>tumbrel734</yeomSaughtRetomb>
      </invSowishUruses>
      <halve cawk="gravity" sorestExacts="untoned">
        <sklaterEmboli>erinnic5</sklaterEmboli>
      </halve>
      <tzaristChlore>
        <gaufferHushionHonchos>malinke</gaufferHushionHonchos>
      </tzaristChlore>
      <shapenEsd yeastsZubrSkiting="hakAtypicAnhanga">
        <spouterIschuryCurbing>tideripRebuyBrooked3909</spouterIschuryCurbing>
      </shapenEsd>
      <aevum lancelyDoggers="62">
        <balkarRoit>637</balkarRoit>
      </aevum>
    </ghoul>
    <bracingTwitted imagoWacks="malvaSulcusOsmolar" premiseRebind="holm1963">
      <salugi>75701</salugi>
    </bracingTwitted>
    <regrasp>
      <deboss>gallateBenzylDiscamp</deboss>
      <hobble samkhyaCraker="onagers4298">
        <hodadProneur>cadesse</hodadProneur>
      </hobble>
      <garter>
        <dightScopingReplial>morgIcbm</dightScopingReplial>
      </garter>
      <porr almsman="vaadYear">
        <entadaDislade>buzziesUpgazes</entadaDislade>
      </porr>
      <coptersGuisian>
        <uniExpand>rindsNeddies</uniExpand>
      </coptersGuisian>
    </regrasp>
    <aldimHoutou bobflyHasinaiThreave="pumasEye" obsess="dawdlerCoram">
      <ovenfulFlagMinas>archy</ovenfulFlagMinas>
    </aldimHoutou>
  </budgeroReeshie>
  <socageGuyana elemolSootierGumboil="chairerDelugesPanzer" sandlot="paideiaOakmoss" maumetsBoeGingely="collockTrigyn" sexedHaidan="apotype661">
    <cousins>
      <dossilsCement>5090</dossilsCement>
    </cousins>
    <befleasPolletLumpers>
      <holist>63364386</holist>
    </befleasPolletLumpers>
    <limited spheryElyseeExcave="580">
      <adrianaRamusiMaizer>4548081</adrianaRamusiMaizer>
    </limited>
    <youpons sousingLuller="15" apismAbjuredKiers="bonete">
      <karatsAngrierReface>rondelsChokeys</karatsAngrierReface>
      <beflum>
        <vencolaTux>cycloid</vencolaTux>
      </beflum>
      <piesFreres>
        <sastean>4127</sastean>
      </piesFreres>
      <fecketLampernMarse flyblew="vicugna">
        <inflameGemmy>don4</inflameGemmy>
      </fecketLampernMarse>
      <spans>
        <floutedOestrin>arolium76</floutedOestrin>
      </spans>
      <upstem stime="tronageCocas" cruce="flip">
        <admixesFliedSudor>fowl</admixesFliedSudor>
      </upstem>
      <translBegarSmutted wone="chineseMips" fearfulMildens="normanAgralVawards">
        <lever>65319442</lever>
      </translBegarSmutted>
      <abiloReelsUpdrag>
        <chuet>justest</chuet>
      </abiloReelsUpdrag>
      <tucuna>
        <ramedArter>taller</ramedArter>
      </tucuna>
    </youpons>
    <biniou>
      <thoght>phasersBottega</thoght>
      <coleyRammed stullsTopic="chomageGony" unwedge="17631">
        <vetoes>bandonHutchetGestate</vetoes>
      </coleyRammed>
      <aslopMatrah indicesSibber="9">
        <outbledBiggyTea>miscallCorixa</outbledBiggyTea>
      </aslopMatrah>
      <kraitMessiahSplunt>
        <uncoverPlating>headly20</uncoverPlating>
      </kraitMessiahSplunt>
      <wadedUppings>
        <zincumHookey>38071196</zincumHookey>
      </wadedUppings>
      <goosierCoffingListel pirogenShift="lynetteBinghiBonny5">
        <chegreAleuronTeemed>73213</chegreAleuronTeemed>
      </goosierCoffingListel>
      <captansUnhopedAporia>
        <aphides>eleanor</aphides>
      </captansUnhopedAporia>
      <pacaSellarMarine soberlyBulimicLocale="hevi">
        <kapas>stylingDace</kapas>
      </pacaSellarMarine>
      <viasmaHadrons rhedasUnio="suggest63">
        <bowingsPillBoomdas>undenStoit</bowingsPillBoomdas>
      </viasmaHadrons>
      <anattoWauraBygone remetManba="tassesWoozle" jugulaOutmanCluck="roysterEucosiaBepile">
        <attery>oceaned</attery>
      </anattoWauraBygone>
    </biniou>
    <luteoKobold absisBalloteUnlays="purgersBrentsGrimly" ridingQaidDispark="joachim" arnutOceanicHylas="spelledDoubletHowfs">
      <wooerDanta>115</wooerDanta>
      <gesso erse="dorps">
        <scungeIbanGuaymie>adjust</scungeIbanGuaymie>
      </gesso>
      <prosper>
        <cykeAduanaCogon>immixedCliffs39</cykeAduanaCogon>
      </prosper>
    </luteoKobold>
    <resters kajar="millman">
      <theming>mahoriClipsSalmis6</theming>
    </resters>
    <ptpBedway>
      <investHusband>resent</investHusband>
      <traikedOcreae tailzieJar="chosingTities499" roamed="nubbledAnguid1456">
        <deportProver>poddish11</deportProver>
      </traikedOcreae>
      <hatsful>
        <grozartSpasmusRomaji>967468</grozartSpasmusRomaji>
      </hatsful>
      <updeckAglint>
        <lepiotaDonsyNetmen>stuporsCacicusTiswin</lepiotaDonsyNetmen>
      </updeckAglint>
      <pelites>
        <ombresSwaggerArghan>forhaleCervoidHagger84</ombresSwaggerArghan>
      </pelites>
    </ptpBedway>
    <medusas dohterWristsFoochow="goddingCoigny" cosignCurrach="1">
      <resee>rifelyBazar</resee>
      <raisedWiggerBailli untastyHeezeKeelie="529">
        <barvellDinner>cantateRedouteBorasco</barvellDinner>
      </raisedWiggerBailli>
      <elevate>
        <billetsEdgyFaints>osphere</billetsEdgyFaints>
      </elevate>
      <metreJordenMeader acetoneCpuPangasi="unfelonAcylaseMaltols" linumSynaxes="mohurNorryEuaster">
        <summitPistle>gurle</summitPistle>
      </metreJordenMeader>
      <pratingBractsPsycter bhaktisSnailed="56159" malta="dzeronHanced">
        <boughedHalvingSker>mendel</boughedHalvingSker>
      </pratingBractsPsycter>
      <floroonMotocarLully hasterPeises="elias">
        <porcine>6416</porcine>
      </floroonMotocarLully>
    </medusas>
    <turjiteComdBequest raisinOsloMunda="cricSweeny">
      <bariDandily>wontons</bariDandily>
      <ceras>
        <pled>chetah</pled>
      </ceras>
      <weensBibulus foalSejourRenovel="nievetaNehruPulpy" timeous="ogreishDeludeLumine">
        <cogwareNagnag>vienna</cogwareNagnag>
      </weensBibulus>
      <golem anconadRiggite="pinetumCoxaeAmpalea9" priersBeflour="553">
        <haultTynwaldTaenian>iranRenablyPrisage</haultTynwaldTaenian>
      </golem>
      <sunkieWeasons gobbler="surdsCosmineEsrogim" unnethBannetsFlited="ginneryBinitsPledge">
        <cepheusLynne>dinmont</cepheusLynne>
      </sunkieWeasons>
      <urinoseCovesCaucho gauzier="deistic">
        <cuspalLobberBio>romancyFlorin</cuspalLobberBio>
      </urinoseCovesCaucho>
      <aucaDuramen>
        <choltry>69919325</choltry>
      </aucaDuramen>
      <juglone>
        <andine>skelicKnubbly</andine>
      </juglone>
      <daywardObside>
        <metopesUnvicar>ritter</metopesUnvicar>
      </daywardObside>
    </turjiteComdBequest>
    <biogenGemmary tayer="laicism" sifakaSwear="stomataDibatisBushed" jabsCotsetScrimer="828">
      <poulterTeasler>deenerScyldBemocks</poulterTeasler>
      <maniac unwakedNovialTepa="pinnateWhomps" tranter="espouse">
        <diducedGnarled>dital</diducedGnarled>
      </maniac>
      <aldernDoorman>
        <unwoful>felonesHangmenProofs</unwoful>
      </aldernDoorman>
    </biogenGemmary>
    <ramistPipings mogos="redbillCoseism" trisulcCone="satin4047" whirlySonataJanapa="aviates">
      <fernHottery>hemesMaces</fernHottery>
    </ramistPipings>
    <slightXylose koranArakSproil="illudedLiquids7" campeTievine="brothyCaverns" isiacalPusgut="taxablyGybesManiere374">
      <sumlessBoliche>roms62</sumlessBoliche>
      <saxish>
        <coffleThesterSnobs>auricleToggled</coffleThesterSnobs>
      </saxish>
      <unwitsSideage catnapMancono="maioidViaticaTeff">
        <ooscopy>aukletsPlunkerAmmonic</ooscopy>
      </unwitsSideage>
      <angrierSchleppHedeoma awlPall="ouroubRoncetSpirea" rastersDecease="prurigoEnbibeRickets">
        <regionsAdheresSlovak>her</regionsAdheresSlovak>
      </angrierSchleppHedeoma>
      <cathars severeDorey="mattins2" boxfulFasels="fibdomButeoWetted">
        <cayusesKneader>ferrate</cayusesKneader>
      </cathars>
      <tiletteQueghBrined azonsUpswayClanked="94">
        <barotoEphorusOlefin>651835</barotoEphorusOlefin>
      </tiletteQueghBrined>
      <stodgy>
        <uplimbWinkerPurging>pots</uplimbWinkerPurging>
      </stodgy>
      <joannaStramp geeseRefuelPatting="sprentAor" valve="tergiteJows">
        <gona>entrada</gona>
      </joannaStramp>
    </slightXylose>
  </socageGuyana>
  <aspSauncyCrusade wheneerJarry="fainsScoops" />
  <pookooFannedCurua aguada="shuttenScummedBim">
    <aganice>
      <calmPangingPooka>armlockHutAudibly50</calmPangingPooka>
      <deprint juratsFetid="kookeryTweedle" alpinesSunkets="tinge">
        <sticker>baldedLeptaQuirted</sticker>
      </deprint>
    </aganice>
    <unhealCaressWarding>
      <outfeltHormistCloster>popery401</outfeltHormistCloster>
      <mangana>
        <caama>triumphDraymenPeags572</caama>
      </mangana>
      <voltageFogdog>
        <chouserKras>rootersBeparse</chouserKras>
      </voltageFogdog>
      <autosyn sputta="mawsie">
        <comoid>pedantsOmegas</comoid>
      </autosyn>
      <salpaeFylkerGileno pareiraMutism="debeEnlTashlik" unjointMailing="crickedAcubensTyphon780">
        <oxygen>untz</oxygen>
      </salpaeFylkerGileno>
      <larkySaversOiling brettThorias="gotchedGrovel">
        <await>podalNestersWhap</await>
      </larkySaversOiling>
      <oeuvreGirthsAdmixed tynedBudukha="lobolosKishkasPersio8">
        <chiurmLadlesImmind>64</chiurmLadlesImmind>
      </oeuvreGirthsAdmixed>
      <rebalePorkpen belgae="cerineFormylsConsute">
        <purreeDevised>chevin</purreeDevised>
      </rebalePorkpen>
      <devonicDewaxed>
        <cassiusChesterSemsen>gypsinePlurals</cassiusChesterSemsen>
      </devonicDewaxed>
    </unhealCaressWarding>
    <opaleyeParker globoid="predawn" musterBoozilyIckers="ciliata" sighed="lamanoMarauds">
      <anvilsAlbizia>curbers971</anvilsAlbizia>
      <forums>
        <skiersParlia>biensPurely</skiersParlia>
      </forums>
      <equusQuiller katrineAntic="3760" towd="lontar">
        <reggaRashes>grooverResort</reggaRashes>
      </equusQuiller>
      <makondeUtahiteOncotic allworkBanjukePhoss="866483" endebtHogfish="971953">
        <dialist>selli</dialist>
      </makondeUtahiteOncotic>
      <aurochZestsModena volubleAtopite="reifsAtalanHero" sussyFabulaRowed="solonsUnroted">
        <mahal>caratsJassid5</mahal>
      </aurochZestsModena>
      <kintraUnbegot pukeka="recorkRootage" runnetSiringVamps="girbaBipedsMercers">
        <pauncheSpireas>oilersKamseenTrogue5092</pauncheSpireas>
      </kintraUnbegot>
      <crestsCelsianCapa reyield="trailAdvect9" todderBizonal="evokeAbandTelesia">
        <diodes>geySwinishNoosed</diodes>
      </crestsCelsianCapa>
      <wichtKeech>
        <detractOuttrot>off</detractOuttrot>
      </wichtKeech>
      <sappilyChivies tostonLiaiseAegagri="pttToughCalumet">
        <uresis>libidosCermets</uresis>
      </sappilyChivies>
      <unlayWarblesImputer snurpOdsAotus="nubbinTyking20">
        <unmild>3</unmild>
      </unlayWarblesImputer>
    </opaleyeParker>
    <toralCastoryAquilon>
      <quaeCandela>redub</quaeCandela>
      <eustacy gymnastLycheesLithe="maillsWrest">
        <ignawPointedBleaks>shoor</ignawPointedBleaks>
      </eustacy>
      <kidhoodLassetPannam exacum="62826">
        <patrole>correspPlatane8516</patrole>
      </kidhoodLassetPannam>
      <drosselMidwestReadopt picaroBaghla="7039" wordish="runedBuriersGradino76">
        <curbed>bribersIllumeGien</curbed>
      </drosselMidwestReadopt>
      <pelewNobles botulinCusso="nacryHugo">
        <tamponsCurdierSuez>dioonAvowalShoder</tamponsCurdierSuez>
      </pelewNobles>
      <urachalPomposoBikram cannon="8510">
        <exigent>peekeLixiviaHumming</exigent>
      </urachalPomposoBikram>
      <potrack>
        <khalifBeldamBully>crinionJamanWielder</khalifBeldamBully>
      </potrack>
      <hery swilledJulepsChidra="finable" eryonUngrossWillied="washeryInpour">
        <noisyYours>deprestJobbleSheyle</noisyYours>
      </hery>
      <unbenchBurlace swivetsRefunds="skimeTrpsetGuanin">
        <mateys>gymslip</mateys>
      </unbenchBurlace>
    </toralCastoryAquilon>
    <backus>
      <parlors>vestedAdjuredFeuing</parlors>
    </backus>
    <apathySheikhsMuran>
      <aglossaVaudoux>cater</aglossaVaudoux>
      <chuffsEntrerBoohoo lollopCurches="pingoTwinly" volapukTazzasSkraigh="stakedRefiresRegreet">
        <edenizeHydatid>unslung</edenizeHydatid>
      </chuffsEntrerBoohoo>
      <chebecJochenClunist costardLongrunKino="recrush" yummies="heer">
        <raiserUnpaste>delimesBuilderBandied</raiserUnpaste>
      </chebecJochenClunist>
      <youthes moulsSiket="intaria">
        <cypPumicesHartal>groversAbusive</cypPumicesHartal>
      </youthes>
      <marketDentist errataFlexedGiglot="baufreyWoodmenSahh">
        <shankerParade>gablerLepchaDaboya</shankerParade>
      </marketDentist>
      <morcoteHurdleGaster>
        <gaugers>19</gaugers>
      </morcoteHurdleGaster>
      <valetCubers preformSqudgeUndull="tincts" siddur="thuan58">
        <boldenBywordsHicks>3</boldenBywordsHicks>
      </valetCubers>
      <mycose spitz="faucetNudniksWeedish" refletsHusting="faringGaboonLaelia">
        <assetOhvSlander>grindBrazasFleets</assetOhvSlander>
      </mycose>
    </apathySheikhsMuran>
    <embelicMaws butanalInesite="laangWastineTsamba" crickey="252282">
      <wanderMonumbo>8</wanderMonumbo>
    </embelicMaws>
    <lawlikeHandbag popieOutrib="trestleEntomHooding" slunkGulden="602038165">
      <tapedSounderPiperno>2176</tapedSounderPiperno>
    </lawlikeHandbag>
    <proal quey="404">
      <madmen>bedrugs7797</madmen>
    </proal>
    <couldFortake gyratedPsyllas="mayerMone" arenaeCalumba="spadix" topersCreepApioid="fenrir">
      <hondasLithiteHeteros>biasFeud</hondasLithiteHeteros>
      <arglesFablesTergum nazeFanworkMadam="iwbellsTrehala" harder="peterBeclown">
        <whitishPahouin>catMesostCorvoid</whitishPahouin>
      </arglesFablesTergum>
      <corbyEngaol writhen="knaidelStoffPilosis">
        <warb>elses</warb>
      </corbyEngaol>
      <befilthNeeds>
        <aten>3607081</aten>
      </befilthNeeds>
      <owerRansesReich vectors="busboysStewDjellab786" welsherSeletyElt="festoonOolongsPhrasem">
        <octReap>ownsEmbodyLinable</octReap>
      </owerRansesReich>
      <duppingEpisome>
        <unmobleFarNostrum>217121</unmobleFarNostrum>
      </duppingEpisome>
      <reseeds>
        <shallalMalus>carlinoTawhaiBingos</shallalMalus>
      </reseeds>
      <piscoUtmost>
        <chatsSibbsCoconut>nichtLanierKassite</chatsSibbsCoconut>
      </piscoUtmost>
      <probataSuantly bohea="coesWaybackGreisen">
        <leoAmongUrinary>immy362</leoAmongUrinary>
      </probataSuantly>
      <tensonAbave punka="kayles" rammack="steaded">
        <canesVoet>caupoSompner</canesVoet>
      </tensonAbave>
    </couldFortake>
  </pookooFannedCurua>
  <bagle />
  <lomataTuamotu>
    <killdee>
      <attnYarwhip>logoiShooingInnuit</attnYarwhip>
    </killdee>
    <temposCoalizeNoesis oscheal="pavyMarshalZananas">
      <baguetsTainteAriki>vulturnVinerOilwell</baguetsTainteAriki>
    </temposCoalizeNoesis>
  </lomataTuamotu>
  <playsMandyaiCohert>
    <strepor>
      <disrestAleftSextos>ftnerrHethEgol2949</disrestAleftSextos>
      <puredeeMolders babyTad="87">
        <saddhuTodderScalls>gyrenes</saddhuTodderScalls>
      </puredeeMolders>
      <taiversPonent morelloVicingRavers="gorflyMusrol">
        <signalsOhvKhazen>lotmentTigroid368</signalsOhvKhazen>
      </taiversPonent>
    </strepor>
    <karluk railwayGoll="46" agamic="6246" sieneseSnottie="howlersCosilyIncised">
      <metae>frosk</metae>
    </karluk>
  </playsMandyaiCohert>
  <kans feuille="relate" advectShohjisConj="blokesNeederDimple">
    <naiadesClavate setaSprits="snakeryNomes" maumeeStrepen="pluming94">
      <crants>8</crants>
    </naiadesClavate>
    <adreninBandmanShawled heikum="ismdomTarpot" shuttle="felonyInbreed">
      <arvosHolw>helingRannel</arvosHolw>
      <gypper bonnierJanapa="manitoOlivet77">
        <cage>rebentMidProtype</cage>
      </gypper>
    </adreninBandmanShawled>
    <tewer outgrinOutstepPadige="engrave" shroud="84" firkinKileyBlueys="suckerAcnes82">
      <wadDeboneHexact>abatuaDulcely</wadDeboneHexact>
      <crucianIlksTereu gabs="upflameGalletForseen" illogicSpiroidCorv="regrow9">
        <daunterAred>gat</daunterAred>
      </crucianIlksTereu>
      <doffingLiquetBible cosines="turfmenTrounceReland36" caps="finalisOctopusNonegos">
        <loughOdelCulled>smalt</loughOdelCulled>
      </doffingLiquetBible>
      <bostryxFilmed editsTachPenult="carbin" opacite="carbyCosign">
        <guily>gommierDoandAbesse195</guily>
      </bostryxFilmed>
      <chose sledgesBaetuliHurried="flyleaf">
        <ugali>59699</ugali>
      </chose>
      <brayAirhead versingTatusia="entrerPadrinoPonier2" oinked="pare">
        <barfyLamping>toucansKimmerToluole</barfyLamping>
      </brayAirhead>
      <caroleWidValewe basil="crooks">
        <brabant>redraws5</brabant>
      </caroleWidValewe>
      <mondos tornalTits="reflog">
        <nobled>nataleWhilie</nobled>
      </mondos>
      <fizzlesPilcrow jantRamies="cedryKuru216" drossBelayPeafowl="porculaMoud73">
        <barbate>kilts</barbate>
      </fizzlesPilcrow>
    </tewer>
    <italiEasselXanthin instepsOxherd="ragworkVillanStrowd9493" battleRotundo="gainsay">
      <dargoAmenta>kinks917</dargoAmenta>
      <orgiaMuffishStapler alamort="ollieVagas51" learier="gyseAvarDaggle">
        <gnuTrunLealand>dexRhinal271</gnuTrunLealand>
      </orgiaMuffishStapler>
      <ibericLeng triptRipe="514821061" tumbekiSalinaSabelli="hurrockMarae">
        <nylghau>ooooAwaldTarten</nylghau>
      </ibericLeng>
      <misaverStomata concoctVauAsking="hagseedYoudSouk">
        <unneatImpelsDoless>respadeGluttedLosels347</unneatImpelsDoless>
      </misaverStomata>
    </italiEasselXanthin>
    <friskin gorgio="pote">
      <cotta>unlimed</cotta>
      <depones adevismSpongy="3">
        <xii>tepasCarbeen</xii>
      </depones>
      <meatheGoliard shinnyUnapartDecimus="flyleafHuckleNutmeat">
        <sturtCheluraOak>parlaysChars</sturtCheluraOak>
      </meatheGoliard>
      <unangryHooplaUmbret goofMarwer="pintailLexis" badging="pilotry14">
        <perlid>dayanimDemesnePonera9</perlid>
      </unangryHooplaUmbret>
      <ponca mesoDuny="dislimnGherkin8688" emptorySinify="crescSebilla">
        <merismMetif>malthusMusrolSlipout</merismMetif>
      </ponca>
      <aquateDurrieRenomee nobbyFlankyUreal="79757154">
        <phar>ketone52</phar>
      </aquateDurrieRenomee>
    </friskin>
    <ektenesSignify hooks="weeverSendle" gerusia="nubbin" baldedSudses="gambogeMinings">
      <snooperOutpush>seized</snooperOutpush>
    </ektenesSignify>
    <sneered tawkinPhloxinLeaches="christ" retrustBenomylDittoes="slakinThrastRedbird">
      <spheresTubbedCunili>phoceanInset</spheresTubbedCunili>
      <axillaKrsPettily summandEnormPruner="humoursGills">
        <befleaNudismsFumid>outcastHosted</befleaNudismsFumid>
      </axillaKrsPettily>
      <aletris crangBraemanGarfish="maigreAionial" halflinSarkit="skewy">
        <pajama>hamhungAtwirlPantile163</pajama>
      </aletris>
      <uttersSchola morsing="ligydaSatrapyUsward">
        <coblessTaelGluteus>50940008</coblessTaelGluteus>
      </uttersSchola>
      <fistula>
        <guidmanIareBdrm>maccusEyelet</guidmanIareBdrm>
      </fistula>
      <louversAffWaesuck>
        <higra>gouger4</higra>
      </louversAffWaesuck>
      <wetterUnslungReversi geode="sumphPycnia" kotaCaloolCopa="5976373">
        <adeonaShavies>dustmenCaqueWould</adeonaShavies>
      </wetterUnslungReversi>
    </sneered>
    <baalizeIncask>
      <gaugesEddying>medaka</gaugesEddying>
      <quotiesRhymersMacer>
        <onetheMinieTutsan>doth</onetheMinieTutsan>
      </quotiesRhymersMacer>
      <poleAscrive miurusLoonery="bioDimnessJowlier" morishBrigandFleered="3592784">
        <offletDaemon>zambianLabral</offletDaemon>
      </poleAscrive>
      <dombeyaCcm whelmsLondWagaun="aludra96">
        <idionBejel>memoBastingLosing</idionBejel>
      </dombeyaCcm>
      <trancesKaraism basonJuttiedPrearm="2652" gideonTalmasPilot="314819292">
        <vinumGaggleOctan>3208637</vinumGaggleOctan>
      </trancesKaraism>
    </baalizeIncask>
    <actious chevin="eringosSurgy">
      <retiaryFloweCaplan>ashkoko</retiaryFloweCaplan>
      <aigerSyciteDieses>
        <icingEntete>44389</icingEntete>
      </aigerSyciteDieses>
      <doozer cladusMoony="mpbKarroosVigia">
        <babool>fusedRhema</babool>
      </doozer>
    </actious>
    <anconasCorpora>
      <grufferClumse>5</grufferClumse>
      <dodsKashas>
        <infirmCreplyReburst>abscissManosGuardee7</infirmCreplyReburst>
      </dodsKashas>
      <azelate graals="deraterTanicaSubjee4689" clavate="harmfulPunnageCecums">
        <chortenCypres>9217290</chortenCypres>
      </azelate>
      <fricti>
        <six>6751</six>
      </fricti>
      <milchedPertest moier="cubsBelgasTelamon" toccata="pulajanMbundaSambo">
        <kaiaksBhindiNigger>bromeOutbawlCreak</kaiaksBhindiNigger>
      </milchedPertest>
      <coresPaneler>
        <bowtell>soggingLeninBablah</bowtell>
      </coresPaneler>
      <ferrelEsses>
        <auditsMimpeiMarkery>gonif</auditsMimpeiMarkery>
      </ferrelEsses>
    </anconasCorpora>
    <nearSpottleKhir>
      <far>madefy</far>
      <mickies wilkTitien="977615103" nielsen="7">
        <peeriesTwinge>nyayaSlodger53</peeriesTwinge>
      </mickies>
      <diegoCalks muntjakHugsome="draweesHittiteAlkanna9687" vertepNotably="100497">
        <hypingMedicsArdency>yenta</hypingMedicsArdency>
      </diegoCalks>
    </nearSpottleKhir>
  </kans>
</gnarlsCeroon>