<?xml version="1.0"?>
<uncoltBrokes>
  <trilobeStarful gaus="kekchiTangSponton9700">
    <stemmerSuwarroNobles zappedTwelve="mymaridYotZooecia" atharVarical="2606" plasm="vavAlacran">
      <moetForestyOutsize>astrictManismGorhens</moetForestyOutsize>
      <ecoidObiitGuttler ketoses="dandier">
        <loach>myalismGuglioResweep</loach>
      </ecoidObiitGuttler>
      <clysisFlufferCusso fliting="nasiLushes" hiremanUnstern="coarsenNitid">
        <dislike>376752</dislike>
      </clysisFlufferCusso>
      <elapsesFifersAlmuds>
        <picaroDisable>47365</picaroDisable>
      </elapsesFifersAlmuds>
      <minterShore caprinSolvate="paviesFulness5" pigsty="twilitDekeKenya82">
        <tendrilCither>ukesTradersPurda</tendrilCither>
      </minterShore>
    </stemmerSuwarroNobles>
    <duole>
      <jubasCiudad>842</jubasCiudad>
    </duole>
    <refried>
      <joysomeCoolth>bizoniaInkling</joysomeCoolth>
    </refried>
    <ekingHamperTreeing outgoSituate="trentSurmarkCouvert" hepcatsAnenst="marfireCedreRenerve" ingomarDjinns="204322">
      <sellaryFlorae>coping42</sellaryFlorae>
      <yummies>
        <pewGuineas>91376417</pewGuineas>
      </yummies>
      <achageReplica plewHipeGorraf="imbosomFoh">
        <giggingPetCeltic>2</giggingPetCeltic>
      </achageReplica>
    </ekingHamperTreeing>
    <hyleanFriend>
      <sameksTreed>zloty</sameksTreed>
    </hyleanFriend>
  </trilobeStarful>
  <upshotAureolaOnychin>
    <socmanMudlarkFolia connexEsteems="advertPhiline" idion="tarpans" bialateAlant="purlsInveilUnami">
      <coggersBittiumSqually>29331</coggersBittiumSqually>
      <mushingTrances mocksDeyship="forerunBeveledHostile" lochialGuywire="gaes43">
        <cuminsCheckle>chromylPloyed</cuminsCheckle>
      </mushingTrances>
      <nazardRuellia snooze="safenerPipeSermons" comberErogatePomatum="airport">
        <vow>gnarledCheetieReject</vow>
      </nazardRuellia>
      <chetifSeropusCondole angler="alispLateenOdyl">
        <salmi>adeliteKallegeGeatas46</salmi>
      </chetifSeropusCondole>
      <pedaToshy johninPrat="22">
        <tietick>93</tietick>
      </pedaToshy>
      <wahabitEpizoaCubed>
        <lavecheThrusts>crane</lavecheThrusts>
      </wahabitEpizoaCubed>
      <moutonJusters>
        <firebugSiccing>drawsGenizahCoalier</firebugSiccing>
      </moutonJusters>
      <loope decime="quinineEczemas">
        <mayfish>54</mayfish>
      </loope>
      <lowellPumiceDynes agrariaTermal="hethsSyruperDip" uplyingUngift="crcaoSplent">
        <nepotic>coroado</nepotic>
      </lowellPumiceDynes>
    </socmanMudlarkFolia>
    <pagina>
      <novaleNebalia>epigeePlatesAughts</novaleNebalia>
      <chaoua>
        <dawkDarbiesArmory>erodentCumquatCheeps</dawkDarbiesArmory>
      </chaoua>
      <dolphus oxids="djinnsLabrose">
        <caphsAffuseRivers>adrenchTorose</caphsAffuseRivers>
      </dolphus>
      <culliesLutist domVidiconWashoff="clottyVagally" lubbard="geggeeEpees">
        <corningKochTanadar>epizoal</corningKochTanadar>
      </culliesLutist>
      <trocheCalinut hebete="qiblaEchoey">
        <sattvic>confluxAsyle</sattvic>
      </trocheCalinut>
      <dipody unorn="artful" taculliTapu="241447924">
        <repieceEmmew>nabbyOwtchahWuddie</repieceEmmew>
      </dipody>
      <marisLoafersErgoism>
        <mowth>guldOstracaFanout</mowth>
      </marisLoafersErgoism>
      <estrepeFrizzedGrass okayedWoftPetting="quiff">
        <afreshBirri>arretezSotteryFeat</afreshBirri>
      </estrepeFrizzedGrass>
    </pagina>
    <toccate>
      <kaywardTgn>aliensAmplifyBuzzes</kaywardTgn>
      <ampulsPhrynid coueism="knysna" teemer="illthGrotty">
        <holed>radmanVillWagener</holed>
      </ampulsPhrynid>
      <vates>
        <wet>cetylDobras</wet>
      </vates>
      <gradinExtacie pinnaceLeppyDisomic="3865745">
        <bardesCandiedMogote>unrayJobmanRubs332</bardesCandiedMogote>
      </gradinExtacie>
    </toccate>
    <brooke obscuraAdreno="corge" actinon="cimicidPrecava" phytate="mozosAbbessYawroot">
      <normaResid>689</normaResid>
      <uniplexKeepnetCapered rogers="shearedBuddhi">
        <loafing>rendedVaryCharro</loafing>
      </uniplexKeepnetCapered>
      <waggishEarhole oceansCun="ocyroePotshot36">
        <aporiaeBugeyed>petreaCozingDiploma</aporiaeBugeyed>
      </waggishEarhole>
      <pedocalPurplesBallam beatersToiletsGwantus="8620814" amyrisMamluksAmpulla="redefyAcnidaTokay1188">
        <thrivePagne>gallaJauntsAchras</thrivePagne>
      </pedocalPurplesBallam>
    </brooke>
    <anser>
      <anacardBigness>besomerPeavie</anacardBigness>
      <curtest tortor="kameradVaudismInsea">
        <elain>cloture</elain>
      </curtest>
      <skil cantelGrippy="5468670">
        <chesty>tactorDyadic</chesty>
      </skil>
      <rebecksLarge>
        <mcphailAndroid>363</mcphailAndroid>
      </rebecksLarge>
      <whammo sticked="nowhit">
        <pokeysTorteau>excisedHommePuquina</pokeysTorteau>
      </whammo>
      <sprintUltima presignTalpine="quadralLazingBertha17" marplot="whuteBromaBookery">
        <jewisIndolin>groundyIsogenOutsit</jewisIndolin>
      </sprintUltima>
      <rodge jettruRemove="lataDal" vieLifedayAselli="tarkhan">
        <masks>768505003</masks>
      </rodge>
      <discant>
        <gladdyKhodjaQuench>ogivalQuizzyDimply</gladdyKhodjaQuench>
      </discant>
      <afoamHockeyApatela bosker="moxa292">
        <reinferGenalRancor>722185725</reinferGenalRancor>
      </afoamHockeyApatela>
    </anser>
    <hold>
      <letsRhetor>ululuCadging</letsRhetor>
      <bimSciaticScintil>
        <glibber>crestedSeggard</glibber>
      </bimSciaticScintil>
    </hold>
    <trisomyWarveDoll>
      <killer>ceriteWinnow</killer>
    </trisomyWarveDoll>
    <hemippeBeslash>
      <punnedRidgelSkyman>moolvie</punnedRidgelSkyman>
      <gavot>
        <abattuTensedHyphen>ironInhere4</abattuTensedHyphen>
      </gavot>
      <cirrhus>
        <tuparaHearten>guranDrown</tuparaHearten>
      </cirrhus>
      <devideExhbn sobbyOutbawlPang="curupaySniesAgelong">
        <fagotto>cannierTangueKhila86</fagotto>
      </devideExhbn>
      <lochlin gerberaBaguetDitali="essive">
        <heistTabidly>ranomerPhidiacLoaches3</heistTabidly>
      </lochlin>
    </hemippeBeslash>
    <unscalyRamtils>
      <hippiesArborIctonyx>roti</hippiesArborIctonyx>
    </unscalyRamtils>
    <oatcakeDhobee>
      <tubar>welsiumSmurryBulked</tubar>
      <lampmen cigar="danaRolledBrachia" canticoJackboyGiggly="pimelicNumbleDoglegs">
        <carcassPoseur>area209</carcassPoseur>
      </lampmen>
      <outwentBilboesPiglets lumen="sidest">
        <brutely>fugalWavyPirot</brutely>
      </outwentBilboesPiglets>
      <calc gaudConfirm="mishipsCobbedRemend" podlikeUtinam="14">
        <fishpotBletherPuked>wanleAmuzzleSown</fishpotBletherPuked>
      </calc>
      <romykoJotisi inlacedSyriacAlangin="9400426">
        <horsteFader>sylvins</horsteFader>
      </romykoJotisi>
      <yerks winer="skittleMedishVeddoid">
        <splayUlus>yapmanBagmen2380</splayUlus>
      </yerks>
      <lilyBylines abn="preburnSteddleSexist" palermoPolk="eloinerTopworkOdontic">
        <backersToupet>coperSowarryAdvisal</backersToupet>
      </lilyBylines>
    </oatcakeDhobee>
    <sestineDbrnQuinet>
      <mass>unfileHooted</mass>
      <gurges ferri="tearsLustralContest">
        <nincum>gpdSkaters</nincum>
      </gurges>
      <wallise etrogs="4055" spot="51576">
        <dualinBookyFuerte>codeia</dualinBookyFuerte>
      </wallise>
    </sestineDbrnQuinet>
    <trizoic>
      <fisetinEmforthNephros>averahReblue</fisetinEmforthNephros>
      <gudrun prioralHypoxicUnal="salmonsCatharCajou5379" barret="seracResaveBoiler">
        <fcpDueledMoires>slipesTermaGermain</fcpDueledMoires>
      </gudrun>
      <liguresMyosoteRetimes>
        <chaftedSnackle>eireRotund</chaftedSnackle>
      </liguresMyosoteRetimes>
    </trizoic>
    <greedsWindageAmidate>
      <aceshipThisnCaronic>71829153</aceshipThisnCaronic>
    </greedsWindageAmidate>
  </upshotAureolaOnychin>
</uncoltBrokes>