<?xml version="1.0"?>
<najaPassers>
  <lyes anthemBlasSottish="dulyFootieTeledus" sassanNowedAgrise="sarapesStorax">
    <edilityTeas>
      <galik>hyzoneOutback6333</galik>
    </edilityTeas>
    <tinderyArry>
      <jawans>whining</jawans>
    </tinderyArry>
    <shriftsPartoOatseed>
      <molucheMegaerg>824882690</molucheMegaerg>
      <alabama>
        <deicer>rearingPatriaWoodier6</deicer>
      </alabama>
      <sense hickwayPieceSurmark="sanest">
        <byardClotho>choky</byardClotho>
      </sense>
      <cupperPendingRoub mascotsErucinArietid="807971">
        <watCaromsDalf>56382</watCaromsDalf>
      </cupperPendingRoub>
      <quiltAdducesDevoter>
        <vituper>amebaeBeseeArrayed</vituper>
      </quiltAdducesDevoter>
      <slotman ains="673690" turbosUsedly="hankedEpidoteVernix">
        <pothuntDivots>jagraRebelCanaut</pothuntDivots>
      </slotman>
    </shriftsPartoOatseed>
    <synonymPipets ramlikeRondeWaybird="hydatid" sunyata="gnawersPrudes63">
      <bulledStares>windigo53</bulledStares>
      <perronsOpticalCouleur ranine="3529" pompoon="6190">
        <zakkeuFifish>donnickEndjunkSiruper</zakkeuFifish>
      </perronsOpticalCouleur>
      <passelsTeufit>
        <lulaMinable>postactBattens2</lulaMinable>
      </passelsTeufit>
      <embulkZonulaBharal>
        <draysFuzed>pigfaceChappalUranide</draysFuzed>
      </embulkZonulaBharal>
      <liftmanMicrobeIricism>
        <staged>featherBunkieTownet</staged>
      </liftmanMicrobeIricism>
      <tibiadScrawlsMimzy>
        <araceClepes>trypanWarbletHatreds</araceClepes>
      </tibiadScrawlsMimzy>
      <ciconeDefersKelping bobwood="strookAdonCorsair">
        <anerly>grovy</anerly>
      </ciconeDefersKelping>
      <fouTouses upwindCarzey="lumpySkellatSoaring" redwardAgeingsSandak="yaliPherkad">
        <enamber>477</enamber>
      </fouTouses>
    </synonymPipets>
    <sinksRondure>
      <yeomenUngaudy>coaita</yeomenUngaudy>
      <sogdian falutinFlurrLauans="7457" versoSpavin="rowansBrumesDarers32">
        <elutingSharesBlader>juked</elutingSharesBlader>
      </sogdian>
      <simabaPagesQuattie fixionVaunty="wearierDavenedNugae">
        <crommeGogganPostea>allegesSeemerMickeys</crommeGogganPostea>
      </simabaPagesQuattie>
      <ferulesNibbing maganiLoaveSexless="8479975">
        <grylliHalelyFloored>enforkCrwdAflush</grylliHalelyFloored>
      </ferulesNibbing>
      <obarni aldrins="gaynessBrogh">
        <zealots>joneses</zealots>
      </obarni>
      <affined kubachiRuderaCarse="2" caffledKashers="grampaHoosgow">
        <bassusKamasDrony>8518</bassusKamasDrony>
      </affined>
      <doabFornaxEmbelif costarPrimateSotols="stapleBebop" spadone="36676">
        <browet>teammanJourneyUnusual</browet>
      </doabFornaxEmbelif>
      <syphonsTablinaInfall sateensRaisinsLowser="1569520" royenaDayingOmnes="loquatSsort">
        <vailingBealing>patefy</vailingBealing>
      </syphonsTablinaInfall>
      <quilled upstepsRovet="bisley">
        <orients>9</orients>
      </quilled>
    </sinksRondure>
    <bodhiLangretGaroo riggald="epicierBeadilyHartin" draffyFeerZelotic="33077205" dedendaBiota="hypoxicPlaza">
      <mulledDizdar>soulGeodist3199</mulledDizdar>
    </bodhiLangretGaroo>
    <bolterStirsKiangan>
      <ironismViperan>failleSectary</ironismViperan>
      <borak>
        <pericuCronus>73</pericuCronus>
      </borak>
      <refenceSecretaBilbi deleing="tritRevivePiercel" amendedVisas="2390053">
        <idrisidGalante>7924</idrisidGalante>
      </refenceSecretaBilbi>
      <punamuPinmanKethib dragman="revoke" loutherSoftlyColdest="alights">
        <druidryPisacha>tyronicUphillsWashier</druidryPisacha>
      </punamuPinmanKethib>
      <msterMedial sicksAidful="965">
        <digue>agujon</digue>
      </msterMedial>
      <becolmeLavish ocreae="sechium7">
        <panamas>90</panamas>
      </becolmeLavish>
      <custTylerPotgun>
        <twirkEsquire>mohabatKlatsch</twirkEsquire>
      </custTylerPotgun>
      <marciaCircles>
        <otiose>goosingGrappa</otiose>
      </marciaCircles>
    </bolterStirsKiangan>
    <coseierColmose>
      <awlwortTrikirZanza>datums836</awlwortTrikirZanza>
    </coseierColmose>
    <oldAswayLawton>
      <reshookCobrasPurling>9258</reshookCobrasPurling>
      <signRunklesBreamed>
        <elevon>surfeitAbaze</elevon>
      </signRunklesBreamed>
      <baviere fomites="8">
        <nitriot>socius</nitriot>
      </baviere>
      <dredgedTorrid>
        <flossesIbotaTillite>protyleTheyreSuck</flossesIbotaTillite>
      </dredgedTorrid>
      <mize maquiGiberLinings="enamor">
        <purshiaSuint>mangweLamanoSett</purshiaSuint>
      </mize>
      <devoid>
        <ketchesStooker>scurdyButtersPygidia</ketchesStooker>
      </devoid>
      <skinchUpon hentedForumsFresnel="hostleScreeAlleges" meitheiCharcaReceipt="8425">
        <neurual>hivingBegulfsOptimal10</neurual>
      </skinchUpon>
    </oldAswayLawton>
    <combat>
      <gulandPercaSycones>visaged759</gulandPercaSycones>
    </combat>
  </lyes>
  <leucomaDecidua canel="5638">
    <clans mackleDeism="lanioidUncart" bidding="jemmy">
      <kyanizeGown>demeritPrimas</kyanizeGown>
    </clans>
    <clobber wineClogsBesneer="duplexs5776" ascendsCrewel="feddansPatine">
      <xylogen>forgoneStarkenQueuing</xylogen>
      <grossly evectic="dachsMyrtol" prizery="roading">
        <pecking>upperer</pecking>
      </grossly>
    </clobber>
    <lyssasCacti aramusOarsmanNanoid="27" mibFalsen="sigurdStunkSinks6404">
      <uncheatHileInfanta>shingonCawedPyrenin</uncheatHileInfanta>
      <kovilSumpman>
        <subductLariats>925424227</subductLariats>
      </kovilSumpman>
      <hardily>
        <sapin>prepareZoism</sapin>
      </hardily>
      <vote annonceDogbite="69" bitableTackey="pookaClallam">
        <deskmanDogmasShamus>atimonChrisRascals</deskmanDogmasShamus>
      </vote>
      <almiraClammer>
        <lipomasAverinLynches>granado</lipomasAverinLynches>
      </almiraClammer>
      <chiliesCarlieLoange uptimeMaunderObtests="6">
        <sudicVinnyDaggled>brasherForepawBodgie</sudicVinnyDaggled>
      </chiliesCarlieLoange>
      <oceloidKarstic haislaMuleta="brantsBuccal">
        <catnepPottle>mandiBadging5</catnepPottle>
      </oceloidKarstic>
      <gaslit>
        <knospAoli>bield</knospAoli>
      </gaslit>
    </lyssasCacti>
    <nouveauSixer pyoid="admi" cypriotBawbeeGlarily="afrightPacayaPrimomo" protyle="sizableHoagieOaf">
      <kotoiteJoviteSparks>diketo6551</kotoiteJoviteSparks>
    </nouveauSixer>
    <sishArabist>
      <deewan>standiJavelin</deewan>
      <outkneeNaturel crianceXeriffSantal="gasketsMawsieTittupy">
        <acridly>rastled</acridly>
      </outkneeNaturel>
      <zanilyWintles pots="wantonsAiger">
        <shauriKhatri>66170</shauriKhatri>
      </zanilyWintles>
      <piculsRidgier stainShrivedSplayer="icasmJowlop">
        <fieldsKnawelLuian>awnlikeBlader465</fieldsKnawelLuian>
      </piculsRidgier>
      <hovelerGuerebaCurara>
        <ton>prefabsAgamianSyrtis</ton>
      </hovelerGuerebaCurara>
      <coho>
        <bombes>57</bombes>
      </coho>
      <orvilleAlbeit>
        <quaisLoobTufan>bangup564</quaisLoobTufan>
      </orvilleAlbeit>
      <bongoCacan>
        <beclownZunyite>kiter</beclownZunyite>
      </bongoCacan>
      <puppetsOddment forlore="802">
        <bagneCarlina>armpitPulper</bagneCarlina>
      </puppetsOddment>
      <purismsOmersGlottis buglerBuxomly="gonersLupaninDiamin">
        <siskin>pilulaAlanins</siskin>
      </purismsOmersGlottis>
    </sishArabist>
  </leucomaDecidua>
  <wouchLoteKra kyaniseElapsesDkl="yelt" oxazole="cyrusCultism" reamyLawishAlthing="727137404" />
  <minkopiHagseedLoaded pellar="79443696" chukkerCepes="mightedPyicOdylize" />
  <venireTinpot brisk="5040" salientLatedFalern="despots" starkleQuesalSafen="67">
    <causonGargetyNetted>
      <mauvineNaegateRenule>9</mauvineNaegateRenule>
      <spuriaeTidying rockerAmenEuclase="unzoneFolioMethene" angamiPondage="hamada">
        <pinderEdestinGirnel>edifyMenhir</pinderEdestinGirnel>
      </spuriaeTidying>
      <ferineFauteChocoan instoreStrette="ascript" griffinTriquetSlakier="botanyVireosTrinity">
        <nursersAlexineHypoxic>airth346</nursersAlexineHypoxic>
      </ferineFauteChocoan>
      <spewersChamlet upwhirSteeledStealth="nathemo17">
        <hulky>gigiGodivaEdeagra</hulky>
      </spewersChamlet>
      <chawl>
        <farerDiadromGoburra>skimmer</farerDiadromGoburra>
      </chawl>
      <oatyEmbolonAlfur>
        <biose>13381777</biose>
      </oatyEmbolonAlfur>
      <hushfulStilet banyans="peeredEfik" werentZonoidArenas="fueler">
        <bafflerHydrideDossels>flaunchCorps</bafflerHydrideDossels>
      </hushfulStilet>
      <glamorsSpry taghlikKeftiScuttle="aigletsThreadsTrinary" ruckyBeccoFlights="97">
        <lobataeSowinsFunic>44</lobataeSowinsFunic>
      </glamorsSpry>
      <twigful androl="cistsChacteSocages">
        <angola>oursNacrine49</angola>
      </twigful>
    </causonGargetyNetted>
    <mahmoudFolioleTrashed>
      <evzonesMegrim>mobed557</evzonesMegrim>
      <pianka heptads="besaintScrimpsScience">
        <direstAlima>sorbinBecryPatand</direstAlima>
      </pianka>
      <ulminPhoenix whindleEnactAlphyl="694709">
        <pontilsThoman>noggsCocoon</pontilsThoman>
      </ulminPhoenix>
      <koryFleer jeonSesmaCulmen="yoking">
        <khazarGonnaKnoppy>hauteur</khazarGonnaKnoppy>
      </koryFleer>
      <tumorFrolicsGaitt>
        <morbid>724</morbid>
      </tumorFrolicsGaitt>
      <relatchReleivo>
        <screver>helving</screver>
      </relatchReleivo>
    </mahmoudFolioleTrashed>
    <nappieCloneFrowny relishGemotesFurze="apogeeBarconeLollup" nanmuRhenic="anoure" panjabi="688">
      <throwstLycosid>wantonPinionSemang</throwstLycosid>
      <child gaysEnfoulClair="hookyGaleid" betaxed="algoresClickerCotta">
        <askoiStoutly>italon</askoiStoutly>
      </child>
      <koaliTaalRacily shadufsCranny="americaAbreid" ostiaryReads="befoam">
        <stadiumSteeredFunky>rayas</stadiumSteeredFunky>
      </koaliTaalRacily>
      <clothesToking>
        <wolfkinGrowan>atomies</wolfkinGrowan>
      </clothesToking>
      <spurredAdvents selfs="aniente">
        <outroar>epinine</outroar>
      </spurredAdvents>
    </nappieCloneFrowny>
    <shiversDutcherHiggle>
      <lumutPowwowsLoosish>jara</lumutPowwowsLoosish>
      <blungesPushoutGoings>
        <eastmanArcingCodecs>steamy</eastmanArcingCodecs>
      </blungesPushoutGoings>
      <friandRelide bumfeg="elsYappers" acrylicJeepneyUnfolds="968715">
        <ankusesKulaiteBluing>viduousClubbed505</ankusesKulaiteBluing>
      </friandRelide>
      <zincous mitreArsoite="monsiaCudgels" marriedCreeReemits="kerseys">
        <odiniteValencyByre>baiera</odiniteValencyByre>
      </zincous>
      <ootwith>
        <loadageFitfulSaul>schultz</loadageFitfulSaul>
      </ootwith>
      <asprawl unwilyUngood="becryModicum">
        <abraser>orionRosetta</abraser>
      </asprawl>
      <wlatfulAmuchco yodhs="morro" thuddedSkunked="24">
        <kerryEnnuiBeaume>humphedDobbers</kerryEnnuiBeaume>
      </wlatfulAmuchco>
    </shiversDutcherHiggle>
    <orogeny>
      <rettore>maulviGambol</rettore>
    </orogeny>
    <randansWadmols>
      <ticNapron>lasts8155</ticNapron>
    </randansWadmols>
    <ledgesGlitterPlaters>
      <junked>jogged</junked>
      <rebrushSikraAshlers periods="alinitBolimba">
        <groinedEbbing>sozzleBywayFlax</groinedEbbing>
      </rebrushSikraAshlers>
      <reffoSubtly pinicSpraintDread="eusteleFlummerCanula91">
        <garfish>fossaeSeagullJails</garfish>
      </reffoSubtly>
      <camion yagisBiopticMaleate="mapache" haiduckRapinicCeroid="squeezy">
        <updo>curioso</updo>
      </camion>
      <aerobeeGoyishFlota>
        <potreroNymphid>fangaSyllabeSinism</potreroNymphid>
      </aerobeeGoyishFlota>
      <enliveSmitUnsoot>
        <haslockMauriInsulse>typikaDooliCursen989</haslockMauriInsulse>
      </enliveSmitUnsoot>
    </ledgesGlitterPlaters>
  </venireTinpot>
</najaPassers>