<?xml version="1.0"?>
<dunnestJibber>
  <ducatusBulrush />
  <grippitMyriare>
    <thew>
      <poppeanMacadam>808735043</poppeanMacadam>
    </thew>
    <siganid>
      <deeses>thugReplead3923</deeses>
      <nomad fincaUnskin="5298279" secured="jnana">
        <maracanPimaricKameel>filasse</maracanPimaricKameel>
      </nomad>
      <skimps>
        <wawling>hersed</wawling>
      </skimps>
      <ditionTomboloTonna tutsMounPerkily="sebateAspen" earlobeOstraca="42761">
        <lurriesAppeach>kirkerTumbakReduces412</lurriesAppeach>
      </ditionTomboloTonna>
      <toffeesHentedErotics curlier="embiidPuntiesNora" clavialAlba="mussalTushes">
        <sprengCotidalPall>barettaRefuged</sprengCotidalPall>
      </toffeesHentedErotics>
      <donneeWifish>
        <kernedDefiBadge>mixeRompy</kernedDefiBadge>
      </donneeWifish>
      <esu>
        <kahalaBrevaWiles>nummi</kahalaBrevaWiles>
      </esu>
      <commandSpaad>
        <misaimMuscled>visesRumbled38</misaimMuscled>
      </commandSpaad>
      <quaintNilgau glagahOofiest="1703631">
        <syssitaUpfill>saladeUnshot</syssitaUpfill>
      </quaintNilgau>
    </siganid>
    <outgo rebiteJostledLoy="pouncerShortlyPim" wiggeryLophiid="cadgesTombicDebye">
      <capiteBesMuling>sceat8</capiteBesMuling>
    </outgo>
    <termly>
      <antrinFanfish>dwarfTowdYquem</antrinFanfish>
    </termly>
    <ponyChoreas>
      <foredoAcediasZeolite>yazoo</foredoAcediasZeolite>
    </ponyChoreas>
  </grippitMyriare>
  <sautree hepcats="69973503" gaun="brava" swough="oxysaltAbandTigerly" flankEruditFeaked="76411">
    <sox>
      <klva>clallamPot</klva>
    </sox>
    <capletsSaning lyditeChouCallet="giaoursTykeDeedily" uplick="amuguisIke">
      <sagraSetouts>tenuryQuoited</sagraSetouts>
      <armineBennRices genieHorrah="soxhlet">
        <grataFussers>474</grataFussers>
      </armineBennRices>
      <zootomyThawFegs coplot="trigamyPrance" cymarGarageOutbulk="sexier">
        <slorp>oscines</slorp>
      </zootomyThawFegs>
    </capletsSaning>
    <datismVel>
      <infelt>codas6</infelt>
    </datismVel>
    <howsourAdv laughyBrigid="pampreHeronsClept" lipoidsForbodeSlowish="607328069">
      <inkweedRebiteResends>keawe</inkweedRebiteResends>
    </howsourAdv>
    <harvardJinja>
      <enframe>73980</enframe>
      <bulky>
        <recallsMikir>4165</recallsMikir>
      </bulky>
      <voetsakYucky tablingBinomenMimidae="succourLatahActives">
        <gamelan>laminas</gamelan>
      </voetsakYucky>
      <bataviUntallCheapen>
        <porismsParolerDoer>uneager</porismsParolerDoer>
      </bataviUntallCheapen>
      <slyer pradAefaldyPotcher="7" wee="ladnerMorinEsrog">
        <subsign>4</subsign>
      </slyer>
      <binodeImmunes gujratiBlowy="viscum" taxersMatross="tascal">
        <donnert>215652067</donnert>
      </binodeImmunes>
      <fugaraShina amitateElbertMexitli="niataCowperAnklong" taxiKappasWakanda="tympanUncoredByron">
        <gibingLaelia>scaphaHangtagAnnerre34</gibingLaelia>
      </fugaraShina>
      <chang>
        <expects>probityDuros5</expects>
      </chang>
      <rutinUproute ingoted="raptly" hobbledLagersSwathy="1">
        <toxoids>insteepReproofAnguish</toxoids>
      </rutinUproute>
      <hugelyMeehanLiparid>
        <gleek>cansosPinwormVerglas3693</gleek>
      </hugelyMeehanLiparid>
    </harvardJinja>
    <riddersIonizeMuga>
      <wistly>kokanShimmyGenic</wistly>
      <resinaInitisRebuilt fratRiddamSarcasm="456">
        <confTiqueurLief>mynaVaranid</confTiqueurLief>
      </resinaInitisRebuilt>
      <budgy scolionOthello="cumbreHamiltOlena" agoniesSneapBuckoes="aimeeSchorly">
        <slungOuphMagyars>uptruss</slungOuphMagyars>
      </budgy>
      <prunusThirstIncut twibilsTanzeb="outnook">
        <ssedSpirolDived>treadsSpoofs</ssedSpirolDived>
      </prunusThirstIncut>
      <evasePyelicKipage>
        <ruellia>tileryBhaktasGale</ruellia>
      </evasePyelicKipage>
    </riddersIonizeMuga>
    <scutula>
      <ionizes>noiresBraddedTama</ionizes>
    </scutula>
    <milvagoSquire>
      <mimePeipingCcesser>princodWhatnaNarcoma1</mimePeipingCcesser>
    </milvagoSquire>
    <headers>
      <laertes>infirmShivah</laertes>
      <sesquihCovertBrucine>
        <asgardTubig>progsBoliche</asgardTubig>
      </sesquihCovertBrucine>
      <barbesNautBaiting>
        <sitten>distnVahinesEllinge</sitten>
      </barbesNautBaiting>
      <boarish vaireeReddersSurged="snailDosserSaltant" unglueLeersiaInvoked="winare">
        <pleuronLogwood>yaffil</pleuronLogwood>
      </boarish>
      <roundChuetLustful glutch="owleryDittamyVmsize" tropeicLeppyAnguria="jabsFaradic">
        <coloveScodgyHamlet>tablinaSpored</coloveScodgyHamlet>
      </roundChuetLustful>
      <kythingViolon>
        <scf>benniesBestrewApast</scf>
      </kythingViolon>
      <temserRouterFussy sestuorLemmon="warlyStealedAplites">
        <tremorsBitchySixish>bonnnesArcusesMyeloic</tremorsBitchySixish>
      </temserRouterFussy>
      <taischQueen macheraShavianNonaid="coliHylicWormers">
        <munsterReadmitPockily>174</munsterReadmitPockily>
      </taischQueen>
      <lappsBewiredNov lockianHushabyVidkids="croiseeScorned">
        <sitsPiotineKwanza>auntsAwaveSulfury</sitsPiotineKwanza>
      </lappsBewiredNov>
    </headers>
    <gaddishUnfurlLump>
      <carmotSaloonsUnwont>growersOomancy</carmotSaloonsUnwont>
    </gaddishUnfurlLump>
    <tensely>
      <inrollSone>269</inrollSone>
      <maesDiscumb>
        <forb>volow</forb>
      </maesDiscumb>
    </tensely>
  </sautree>
  <kunziteEngDing linealRooflet="aulosMislike" rangier="arolla" purl="548224" />
  <gholeSagitalFarers cacur="baulked1789" zamouse="papaioMeetly" />
  <yechyExcelse karaculTorgot="splurtReggae" peageOutroot="popeyeWeakenZonar46" prahusAureousOuch="audile" staypakNidudiMeated="aseptic">
    <choleeSeweryQuells murrinaCentums="zaribaLockingEnsoul" cottarDiviTinned="loopersUnhasteEpigone">
      <kraal>fany</kraal>
    </choleeSeweryQuells>
    <pushers finder="depromeConsort5131">
      <gopuraAmintaDivast>embulk9059</gopuraAmintaDivast>
    </pushers>
    <exedra dinnersKamsin="anoleRetrySwazi900" pucheraTelexesOkruzi="8" pipa="pelopsLipperDioptra">
      <thirlFrows>requite</thirlFrows>
      <fussockAfghani marcato="attaleaStawShuts" gallow="murrsUpleapGraff">
        <silkmanGillionFelloe>11</silkmanGillionFelloe>
      </fussockAfghani>
      <florateDelbert spin="pebaCloughsDaybed" pelesGonysErik="31">
        <figeterTannery>minder</figeterTannery>
      </florateDelbert>
      <albainnEmeritArmlock wraths="54844511" agyieusBrahmin="45">
        <mazut>87</mazut>
      </albainnEmeritArmlock>
      <decries lodhaUndid="cabalasDroitsWebers" welkinsLagetta="potateCoelineJataco">
        <skollyPontinJocks>sanityCorrode</skollyPontinJocks>
      </decries>
      <uplyingPapa pimpedGretaIndites="soilyConeysTiffle">
        <argotVastilyKoodoo>mercies</argotVastilyKoodoo>
      </uplyingPapa>
      <ruck>
        <admitsYeard>clysma40</admitsYeard>
      </ruck>
    </exedra>
    <binsCicer>
      <dobieSickedPregain>mahdianPsiloiFeudist</dobieSickedPregain>
      <pooftahOpenJettons>
        <besmile>49364</besmile>
      </pooftahOpenJettons>
      <shaigiaSparesUnwrite goetheIngoingBeckons="shots" wanty="bemudQuinoas">
        <lockedStupids>prorex</lockedStupids>
      </shaigiaSparesUnwrite>
      <downby>
        <skatedYarmCoft>1</skatedYarmCoft>
      </downby>
    </binsCicer>
    <unhazedPhyllinGrana>
      <ladangWedeMimming>giojoso</ladangWedeMimming>
      <ywcaGoodRcvr pandied="mauler" enosis="baizasQui">
        <pelopidAupaka>timer</pelopidAupaka>
      </ywcaGoodRcvr>
    </unhazedPhyllinGrana>
    <raob>
      <adeems>fleur</adeems>
      <concioToolkit>
        <joukPanorpa>shawlsHumblieNubby8180</joukPanorpa>
      </concioToolkit>
      <alogiaEnsand toningMusette="farrierSmelterAmigos" unrimedQuackedImbrued="atebaRadishRegales">
        <salvia>pelt</salvia>
      </alogiaEnsand>
      <pokom actinal="5" balkedLadykin="8">
        <plakatZophori>unsmartLetBowl</plakatZophori>
      </pokom>
      <stagily>
        <woes>hagsSpavie93</woes>
      </stagily>
      <arbaAcorusRecurve plottonPacchaDoodah="463289">
        <pitchy>behoneyKokamaAcreage81</pitchy>
      </arbaAcorusRecurve>
      <csiUnmodelUtterly flb="purpureSugann" barbuCopple="theirs">
        <whillGongPulpit>solusLimemanDisman</whillGongPulpit>
      </csiUnmodelUtterly>
      <mockage heteros="painchHoofish">
        <coalifyOutroadHyena>headbox</coalifyOutroadHyena>
      </mockage>
      <chaps>
        <quaver>spheralHooksUpprops1245</quaver>
      </chaps>
    </raob>
  </yechyExcelse>
</dunnestJibber>