<?xml version="1.0"?>
<baloo>
  <ceroidZygoseDuctule dipppyDunging="enemiesEcrusCyamid" morgueViasma="castingOaklikeHommack93" mikvahs="aldaneHispidGenders" />
  <fizzlesKoontiMyrrhol forthgoMorganLimbu="banquo" village="92446973" grove="62346">
    <grumeMiauw>
      <malignTulsaFarad>soother</malignTulsaFarad>
    </grumeMiauw>
    <coffers>
      <wanton>enwound</wanton>
      <brarowWizzen viniest="muddingIstlesIraq" chapinTieringLaky="stalace">
        <parrockGall>24781</parrockGall>
      </brarowWizzen>
      <jitiLotor rushingPrimmedMatsue="ventana">
        <andaste>aldm</andaste>
      </jitiLotor>
      <huzoor>
        <soils>follyerCodonKafirs</soils>
      </huzoor>
      <mots foxfeetKrapinaDelimit="runSnare">
        <gnarlyRestung>3693054</gnarlyRestung>
      </mots>
      <bump alohasCowsonZonate="puleyn">
        <sarcasmMyxoidSourtop>jocelin</sarcasmMyxoidSourtop>
      </bump>
      <secessMondego>
        <curriedLoaderDromic>ditherTrikeJigsaw</curriedLoaderDromic>
      </secessMondego>
      <astrildOrificeRevoir>
        <publicsOttoman>christsKajVulcan6991</publicsOttoman>
      </astrildOrificeRevoir>
      <nitency gamba="aridestGigging" soberedShesGaddi="ardrigh">
        <vestureFestiveEluated>prore</vestureFestiveEluated>
      </nitency>
      <pomfretAxwiseLodgers>
        <lionced>cyphers</lionced>
      </pomfretAxwiseLodgers>
    </coffers>
    <bromic>
      <deare>baldish</deare>
    </bromic>
    <sequaniBellona>
      <nurture>sconces</nurture>
      <inwickMailerBounds telegnMannireShafii="88798666" bespy="grassieFlemerBrake">
        <jolly>latcher</jolly>
      </inwickMailerBounds>
      <lademanHelldogToluene>
        <trees>matiesOrewoodNox</trees>
      </lademanHelldogToluene>
      <boomage>
        <clonedIre>241176</clonedIre>
      </boomage>
      <yoteNonaneTetrol zeroingLatosolDunks="troncEquantUnmoble6" landers="219">
        <felting>folsomBiali</felting>
      </yoteNonaneTetrol>
      <precastKivaCrevass tubby="takeingZinzar5">
        <legatoDietingBowings>suberinLinener</legatoDietingBowings>
      </precastKivaCrevass>
    </sequaniBellona>
    <sadhuIowaSendal>
      <montreVersorBespell>trounce287</montreVersorBespell>
    </sadhuIowaSendal>
  </fizzlesKoontiMyrrhol>
  <fridayCitiesCrankum chilkatNematic="trickieRejolt">
    <prytanyPlannerLaiose>
      <fetish>abdomXystoiSnoopy7</fetish>
      <vrilJalurMadrona bagman="kiwachTarnal" elapsedAffyingVacuity="724">
        <mammockChops>nighedNoixGenic</mammockChops>
      </vrilJalurMadrona>
      <chefMayflyBrisure>
        <anoplaDepohSnoga>90946720</anoplaDepohSnoga>
      </chefMayflyBrisure>
      <abjuredHaboub genoaRoasterGravies="yrbkUnneedy9272" slushedBantoid="101061">
        <padres>rapidlyRectos</padres>
      </abjuredHaboub>
      <shpSurviseSowl antapexEelfare="73058620">
        <begladMiminae>picrolDefamer</begladMiminae>
      </shpSurviseSowl>
      <tactusAliya sequestGetable="grosetCampholTopaz">
        <betwitPosolePlusia>alida</betwitPosolePlusia>
      </tactusAliya>
      <eudist regives="coenjoy">
        <zestfulDoltUnbrief>aerotowJukedSenates</zestfulDoltUnbrief>
      </eudist>
    </prytanyPlannerLaiose>
    <kneepanEsbayMammee>
      <tarri>merfolkVibrant</tarri>
      <lunulesSuppostAlerter>
        <corvusArthraTorque>muddifyBotte</corvusArthraTorque>
      </lunulesSuppostAlerter>
      <town rosette="244037">
        <bodkinFictile>editorsDumbedBowtell7351</bodkinFictile>
      </town>
      <focusesAluminChen>
        <crosaAerated>verboseDobbies</crosaAerated>
      </focusesAluminChen>
      <inclaspSamaria thebainFistsGeullah="76824" byrnies="bonaNigged5">
        <tirr>volteJinshaPolje</tirr>
      </inclaspSamaria>
      <paler mucedin="56971">
        <menageBustles>xenial</menageBustles>
      </paler>
      <suction solistLaniaryKori="shraveAerose">
        <gabbard>5155609</gabbard>
      </suction>
      <reticle coxyGib="osse" docitySexismGlobes="blankyApronedZingara">
        <widgie>lociSavitar</widgie>
      </reticle>
      <bistortCloff sumph="alishPareuTuggery">
        <sadeExactedMallees>lyciumFetlock</sadeExactedMallees>
      </bistortCloff>
    </kneepanEsbayMammee>
    <sleezyBonacisSooper>
      <gradateApinaeMosgu>langurs46</gradateApinaeMosgu>
      <arecainMaimon upstateHoaming="coccal" cheerClarina="aceric">
        <rubatoPadraig>iracund</rubatoPadraig>
      </arecainMaimon>
      <psalis returnsYeared="baraunaSignman" cindieGawgaw="biddiesDiapir">
        <sistren>andy</sistren>
      </psalis>
      <raveled lorimerGestsQueazen="920" reggaeHewing="upleapScatula">
        <agoniaLarunda>203754537</agoniaLarunda>
      </raveled>
    </sleezyBonacisSooper>
    <dakhmaNarcosCatella>
      <knarsBuri>aswashChufa</knarsBuri>
      <tippeeNangca weemenUncowl="shant20">
        <sawny>talmudImperia</sawny>
      </tippeeNangca>
    </dakhmaNarcosCatella>
    <seerpawPeeled>
      <krosa>unkeptTlr</krosa>
    </seerpawPeeled>
  </fridayCitiesCrankum>
  <blatantEnlightLuddy>
    <stearyl rublesAlbee="taming">
      <napery>powan</napery>
    </stearyl>
    <chagaMistoneGyrant>
      <zoogonyUnclear>paesano3</zoogonyUnclear>
      <oilish livenedDoor="dhikrFrilledKevil">
        <whank>gyricKedjaveCaon</whank>
      </oilish>
      <roofersFluxive upsitOrchid="simsOutsighCactoid1018">
        <waddyZebrula>amparoFamulusSeaways4862</waddyZebrula>
      </roofersFluxive>
      <laddessScrae biaxalMinoanFlog="bodiceConsterFaraon" brechanReqTesuque="417">
        <epriseGeninDogger>huskerJet</epriseGeninDogger>
      </laddessScrae>
    </chagaMistoneGyrant>
    <rigAllgood sack="adai">
      <gitano>violoneAgrotis</gitano>
    </rigAllgood>
    <enrollWeason>
      <guzzle>obligerMisy</guzzle>
      <jonesesIntwistStruct felonySincere="sevensGully92" marrer="gullClown167">
        <rhetorFainlyRecoil>thenalQianaExcise</rhetorFainlyRecoil>
      </jonesesIntwistStruct>
      <gawpGeorgia fetted="bushet" anfract="pyreToplikeTeel">
        <porrigo>sulfide3</porrigo>
      </gawpGeorgia>
      <yankyTalkier theinGreeingBurrah="pomeys" cathopSifflot="chanduyOutbuy">
        <mixableComida>news43</mixableComida>
      </yankyTalkier>
      <crevassBrushesEmden ranksPlywood="poseyIsopodYowing" ansBisync="boyang">
        <pycnicMathWastry>732</pycnicMathWastry>
      </crevassBrushesEmden>
    </enrollWeason>
    <loquatAlumnus>
      <slade>aridedRechew</slade>
    </loquatAlumnus>
    <bancalBhikkuThamus>
      <borages>assail6</borages>
    </bancalBhikkuThamus>
    <prick empathy="331">
      <blirtTriads>imaumItoubouJowing</blirtTriads>
      <firingsLimli>
        <trunk>foventAccusor</trunk>
      </firingsLimli>
    </prick>
    <vertsRazes kawaka="lochiSlasher" facula="alpeenRipper" atticalTaffiesCrut="120856">
      <kayvan>washpot6875</kayvan>
      <ragtagsNattierVinta>
        <bonksPallets>aeriestMantes</bonksPallets>
      </ragtagsNattierVinta>
    </vertsRazes>
    <amebulaPottos>
      <outman>pttsMuddenBepaw9403</outman>
      <ifecksHaarsTracing choreasPontil="dirdumsQuaskyUnmanly" ouncesPolar="accusesHouse">
        <unsteekUnheedyCzechic>wankel</unsteekUnheedyCzechic>
      </ifecksHaarsTracing>
      <teacher pearletCensedWorms="853086050" lamed="epiglotChanca">
        <doyleScepsis>wervelLunel</doyleScepsis>
      </teacher>
      <islayFlavid puppis="61616">
        <milnerLawsuitBurys>daynetSeinerChinch4105</milnerLawsuitBurys>
      </islayFlavid>
      <potherCollude galetteWhankBkt="lymphyCywydd">
        <speciesBultey>1170</speciesBultey>
      </potherCollude>
      <slipmanInulaseSpumous peractStoundBode="mixe">
        <wrastle>popode</wrastle>
      </slipmanInulaseSpumous>
      <sigh>
        <althoTwicetNobby>49119145</althoTwicetNobby>
      </sigh>
      <paint blewAmireMoste="corial" viduousMastageAccend="6135237">
        <cutletsMolter>8154765</cutletsMolter>
      </paint>
      <honitonCitralsKirtle cusksCithara="cassoonUndrabRostra4" basisImmy="incrashAlexine">
        <degermsTatamiSellary>forvayPalule</degermsTatamiSellary>
      </honitonCitralsKirtle>
      <replaitScrinchDauk koomkie="pedeticWalliesForewit" nestorsBylineTerret="twibilsBoreadPapains">
        <shovelsGuglets>phippeOutroveBendys</shovelsGuglets>
      </replaitScrinchDauk>
    </amebulaPottos>
  </blatantEnlightLuddy>
  <avouterBrutal abakaBourkha="paikDewal" torero="84696" himatiaPlunder="voucherDeeveyImpair">
    <michtBywords>
      <match>gluepotCousinsHugest7</match>
      <shadilyArmorerMantapa wechtsCoralla="placard">
        <rebasis>wineyCepsSaltcat</rebasis>
      </shadilyArmorerMantapa>
      <retearFiqhBallast faujdarRowting="flavin">
        <haenLettiga>recasts</haenLettiga>
      </retearFiqhBallast>
      <eunuchs>
        <bummaloZigsAizle>deltaSeafare9</bummaloZigsAizle>
      </eunuchs>
      <oinkedNipEffluve campine="25832366">
        <hedonicInthralSkookum>flexEpisome675</hedonicInthralSkookum>
      </oinkedNipEffluve>
      <enroundRimingBenorth naveteRefoldHemipod="436">
        <cogroadPrimage>769673</cogroadPrimage>
      </enroundRimingBenorth>
      <fizzManhuntFlyings outpageGil="femmes">
        <ambries>25167479</ambries>
      </fizzManhuntFlyings>
    </michtBywords>
    <alakiMysianQui>
      <pirangaDawts>envelop982</pirangaDawts>
      <intrailHotchaShocked filmer="81764264">
        <fettleCitrals>panesRepairRarify245</fettleCitrals>
      </intrailHotchaShocked>
      <natrScreedsUpside nascapiSotols="voguish59">
        <mayvinBurbotArest>blent</mayvinBurbotArest>
      </natrScreedsUpside>
      <exradioCouping divviedMelted="4047" masticNodiMewled="hock">
        <parkSabanut>bemuseMojos</parkSabanut>
      </exradioCouping>
      <corinna nagmaal="784565" plungesAuctary="cagotAnergiaMatilda">
        <esqTawnieSpasmed>911688763</esqTawnieSpasmed>
      </corinna>
      <snarlerPaginaeItalics agnaticProfs="jaraguaHelmage">
        <entirisChacunOphioid>babbyTsimmesWaka</entirisChacunOphioid>
      </snarlerPaginaeItalics>
      <chick moitherKoryakNonpaid="calvousEelfish" spavinShure="actinic">
        <fouled>older</fouled>
      </chick>
      <curlersNattockAnhele coalpitUndeepMoms="572013">
        <grippy>toch7125</grippy>
      </curlersNattockAnhele>
      <rufusUntrainQuina rotates="88262984" sporingJouksMisset="greyed">
        <bls>vanish</bls>
      </rufusUntrainQuina>
      <outbanPiling elect="lysinsTwillsGrantee" resects="841469259">
        <eelPiwutRats>40</eelPiwutRats>
      </outbanPiling>
    </alakiMysianQui>
    <barmenTapism>
      <rimyDuadic>behaves</rimyDuadic>
      <scupful>
        <armiesFlying>omits</armiesFlying>
      </scupful>
      <lemosiGabsNativus chamianTalisMackins="burbushMormaerLaelia">
        <baizas>atechny</baizas>
      </lemosiGabsNativus>
    </barmenTapism>
    <actinal gheberWainer="santirs" pahleviTresselAsta="corbies">
      <radly>haomaMuff</radly>
      <betitle>
        <dentaryEyres>62067186</dentaryEyres>
      </betitle>
      <boardAnnoyerSundri>
        <caburnUntunedJibbs>nectronOboval</caburnUntunedJibbs>
      </boardAnnoyerSundri>
      <canonMuraenaSterols jubilee="nianticTubbieFingu" myaria="stempelEmends">
        <panted>hadithsKnottedBipedal</panted>
      </canonMuraenaSterols>
      <guisingMonthon>
        <wolvePaddyVagient>bizen</wolvePaddyVagient>
      </guisingMonthon>
      <alphin additumAlienBeanery="wabbled913" strafed="inform">
        <clingyPenster>7</clingyPenster>
      </alphin>
      <penceyJurator>
        <gargetsGlaces>nighsAlcladBumbled</gargetsGlaces>
      </penceyJurator>
      <felwortCeibo chinInure="aligner7256" takahes="medinaPollack">
        <sicsac>whitRobigus</sicsac>
      </felwortCeibo>
      <moody makosUntidalBrim="snopUnstaidMislead579">
        <bedegarMyosinChugged>donorsEasers294</bedegarMyosinChugged>
      </moody>
    </actinal>
    <genizahKoan applingMisturnDearly="shawny" fiatHaze="gallingIncivic7">
      <rageBoric>sarumSkibobAenach3</rageBoric>
    </genizahKoan>
    <bwana kyak="bleeder">
      <guvMarnix>deleadsBallat</guvMarnix>
    </bwana>
  </avouterBrutal>
  <cedrenePedantsSirups />
</baloo>