<?xml version="1.0"?>
<caposSowish>
  <clammyHelcoFumado unidlyAdapid="perfuseDefix" feasorMislaidJubes="papainsPrimalEcdysis" asdics="4789633" bumkinsUpdates="533">
    <topplyTrophicDaric hagweed="midisPreemie">
      <charelyMussuk>2</charelyMussuk>
    </topplyTrophicDaric>
    <afore>
      <moutlerHeminee>783822446</moutlerHeminee>
      <skootHavier stumpedAnicut="4432" troozDizzier="procneAlicantXylon">
        <diddlesTrub>elapidJohnin</diddlesTrub>
      </skootHavier>
      <extremeGlunchCogmen unbegot="endopodTetanusGroom8">
        <scriptoMegaraTouche>slatesSassanSuicide</scriptoMegaraTouche>
      </extremeGlunchCogmen>
      <unnovel unsown="giarre">
        <ajenjo>7</ajenjo>
      </unnovel>
      <bonnetsAbacus>
        <once>16</once>
      </bonnetsAbacus>
      <misteryTrysail davyLamped="28514">
        <briskerPasela>unlax</briskerPasela>
      </misteryTrysail>
    </afore>
  </clammyHelcoFumado>
  <gauffer magnusCinel="fenksGourde" dehorn="swoopedJailers" workbag="coiners6" cambletPolab="763982" />
  <tonnish quinetOvallyAdvowee="beyond" />
  <redwareHullock amaroid="helotsCivie" burlingWardage="randallWaveoff4974" ligatesHomScored="gharnaoWizards">
    <vettureKinged towzieArgyricClours="larnaxShunterPhalanx246">
      <bepenDebtful>rhagonQuechua9</bepenDebtful>
      <zoilist bridle="pierce">
        <pards>wyss</pards>
      </zoilist>
      <ahaCivicalFiesta>
        <sharraPlungeLabrets>khajaAditioOtogyps</sharraPlungeLabrets>
      </ahaCivicalFiesta>
      <fixersUnsheet smiddyPorryDeform="panus">
        <newestWeanie>chymousFalusAllergy8927</newestWeanie>
      </fixersUnsheet>
      <tryingRunted forane="abongoDepeche">
        <rummleKnapperGenappe>cancerSpinoffStreps92</rummleKnapperGenappe>
      </tryingRunted>
      <hazellyLickWifish>
        <senusiToorock>cultch</senusiToorock>
      </hazellyLickWifish>
      <labrumHippierHoley cranerIsozymeApay="obeyeo" dasturAzygotePegasus="uspokenCubebs">
        <aspisesSwaziIsogram>exposed2</aspisesSwaziIsogram>
      </labrumHippierHoley>
    </vettureKinged>
    <penguinRenga braidedFathmurDoubler="vacoa">
      <landers>1</landers>
      <shoemanVamos>
        <galut>whilkutInital37</galut>
      </shoemanVamos>
      <turfiteGrifter zanyShapedCrojik="besplit8">
        <patola>hatchedLinseysAbove</patola>
      </turfiteGrifter>
      <pelengHackie>
        <trisulc>772024</trisulc>
      </pelengHackie>
      <polyped doiliesSimians="isobaseAlberta36">
        <calksPuisnesArmlock>diurneFetidAbrico</calksPuisnesArmlock>
      </polyped>
    </penguinRenga>
    <hajjisThese>
      <ceticMarines>inamiaWrathedCutch</ceticMarines>
    </hajjisThese>
    <uncurdVisPoppet>
      <gamicPatacheBarble>728492093</gamicPatacheBarble>
      <bullingOvercup>
        <expurge>72645938</expurge>
      </bullingOvercup>
      <flabrumLongeve shumacUncaseMalachi="cycad">
        <banyansMonepicClyer>frixionPiffero</banyansMonepicClyer>
      </flabrumLongeve>
      <verdeImprestVahini>
        <troffer>6633247</troffer>
      </verdeImprestVahini>
      <adult lowmenJagrataShove="jct" ford="2">
        <grangeWekeenSoken>hemiope</grangeWekeenSoken>
      </adult>
    </uncurdVisPoppet>
  </redwareHullock>
  <sajou alix="burseGyalTub" armedDebileKnuckle="31" />
  <copalsNomasCollets pokeysFikieUmiac="ullerQtyChis">
    <upswingGobbinBungs chadAdultly="boggartChurelPps" sirdarCasquesCherubs="whatnaAbsist" peakyBandarStraka="bursula187">
      <reaffixAdvisal>73</reaffixAdvisal>
      <aubaineSurgentSmopple>
        <cottierOtariesSin>baphiaCheekNixing</cottierOtariesSin>
      </aubaineSurgentSmopple>
      <bicycloBestialPice ontic="varechNebs" azraelSmogsAbrege="taledUptoreTidying">
        <vacheSyrmaeaDashpot>68531</vacheSyrmaeaDashpot>
      </bicycloBestialPice>
      <guamaInsumePaves woodcutCyanus="estCrewelJinxing" mayanceCrenelsResuck="comedicPoppaClaire">
        <etasOgaire>bukhFoysenMarkus</etasOgaire>
      </guamaInsumePaves>
      <clientsScalierAbusee>
        <forgery>benzeneEarnedDramas</forgery>
      </clientsScalierAbusee>
      <bulkerPrivily saigas="precool74">
        <boyTweeted>9</boyTweeted>
      </bulkerPrivily>
      <wasnQuerent lurky="ripenedSnurlyNincom" negatesOribisPleat="inlyTunics">
        <mawali>maeing2678</mawali>
      </wasnQuerent>
      <buddleProfer cyesisRype="84219">
        <bority>hyinglyKados</bority>
      </buddleProfer>
      <chalanaHerbs>
        <unbelt>apoious</unbelt>
      </chalanaHerbs>
      <conchedPshaws>
        <fluffyMusculiAgrope>2272</fluffyMusculiAgrope>
      </conchedPshaws>
    </upswingGobbinBungs>
    <pawnie>
      <protegeRhomb>vestasUndweltSequani</protegeRhomb>
      <nihilsBlatantTiptop seedmanBluecup="62101140">
        <staidly>2880800</staidly>
      </nihilsBlatantTiptop>
      <hookah chemBuilds="cowries">
        <bonasusSejoin>tribracLoggier</bonasusSejoin>
      </hookah>
    </pawnie>
    <symmistPaseValves>
      <latinUnsenseRustful>skive190</latinUnsenseRustful>
    </symmistPaseValves>
    <gynPlusherMsl>
      <untentTaniteHotly>dovekieUpcoil5</untentTaniteHotly>
    </gynPlusherMsl>
    <kerattoAlture>
      <desyl>8</desyl>
    </kerattoAlture>
    <avener>
      <homeredBairnsBusine>gulfier</homeredBairnsBusine>
      <pyrenesSynodicAttaint>
        <unvextBricken>frouzeKifsBessera</unvextBricken>
      </pyrenesSynodicAttaint>
      <lacertSchmoesSealers>
        <baalism>mishearWarlessPushrod</baalism>
      </lacertSchmoesSealers>
      <virelaiSelle>
        <mattinKefti>bogueTolstoy</mattinKefti>
      </virelaiSelle>
      <fuffFools>
        <kaputCalvaryAnglic>fossor</kaputCalvaryAnglic>
      </fuffFools>
    </avener>
    <theowFoamier>
      <gunned>tapuTiltureStumps</gunned>
      <technic anthol="rex" unaloudBogomilDusked="jawlessSejoinThumber">
        <kamsinsDrysterSabins>535</kamsinsDrysterSabins>
      </technic>
      <godsonSaddler anovaBeefer="yapock">
        <emergeHusksWlecche>hematic</emergeHusksWlecche>
      </godsonSaddler>
      <coalAustralKnowhow whelked="nondaBurbsPipals" lovepotHogweedAural="91573">
        <humuses>vengedZeals</humuses>
      </coalAustralKnowhow>
      <duoleSlates blippedGazebosIseum="42625505" fondlesArs="stooges">
        <greedsExpressTopmen>fleyedStaving</greedsExpressTopmen>
      </duoleSlates>
      <aquateNilgau awkly="icica" dumperMemordaDag="swackedWidgets">
        <dentes>aurify</dentes>
      </aquateNilgau>
    </theowFoamier>
    <turtosa>
      <incussSkoaledWrenlet>samianEndoubt</incussSkoaledWrenlet>
      <gagsTapedTempled litchis="800326" tuckerUndimly="guyingRebukedAddable">
        <stylusAbacaxiTots>8776230</stylusAbacaxiTots>
      </gagsTapedTempled>
      <frottonRiderBotan kirvePegoxylGleg="colossSwidge" ungirdStone="criedTallitIntnl">
        <fairing>629206896</fairing>
      </frottonRiderBotan>
    </turtosa>
    <bassesMediaeHabub>
      <spiroCabaa>mismeetRenkyBaloney</spiroCabaa>
      <sprigsApnoeicKoroa>
        <denialsCrabierCarlin>548596723</denialsCrabierCarlin>
      </sprigsApnoeicKoroa>
      <pilfreBirdiesSelago>
        <caridaKorai>hurrockThebanWoolsaw</caridaKorai>
      </pilfreBirdiesSelago>
      <maniac kartelBurooSheel="73">
        <cascaraAmit>gesithLaments</cascaraAmit>
      </maniac>
      <stirsUnhide falterJambul="koniniShonaRhachi">
        <bigam>biozoneCubitoStonker8</bigam>
      </stirsUnhide>
      <sexlyCecile griceCentums="molar">
        <kwhrHimming>sarpoFanweed</kwhrHimming>
      </sexlyCecile>
      <schoolAirlessLunches>
        <vacuuaTicer>hilsaIjolite</vacuuaTicer>
      </schoolAirlessLunches>
      <clines avoueMamboes="sandman55">
        <matsueHalsByssal>leglessRutinImbalms</matsueHalsByssal>
      </clines>
      <helloes virionTroland="683271" anthosLignousAssisi="aysEpicZant">
        <oscinTinkerFerrous>ascillBlonds</oscinTinkerFerrous>
      </helloes>
    </bassesMediaeHabub>
    <dep cheepsDaylongAnaces="bathylSoke">
      <rhenicTreason>62</rhenicTreason>
      <tussledVulgoPrimary rousingAnatox="ilksScantleKodkod">
        <saldid>siroccoImpane</saldid>
      </tussledVulgoPrimary>
      <scartsPropelKedar lexical="euphonyRictus" carcelsPatens="repkie">
        <frangerProxysmMergers>intitleDescry</frangerProxysmMergers>
      </scartsPropelKedar>
      <archit>
        <growingAlumiumLapsers>misima</growingAlumiumLapsers>
      </archit>
      <gladenJampani>
        <sachetsWhirtle>5232</sachetsWhirtle>
      </gladenJampani>
      <uptree punctMidpit="auronal">
        <burooQuanTalloel>eatingRedoxSorehon</burooQuanTalloel>
      </uptree>
      <cistNoosingUngod addlingSpathaRnd="pimelicMugMagnon">
        <yulanSective>unfork89</yulanSective>
      </cistNoosingUngod>
      <pedSahibs acoponHobnailCupid="psocineLawns30">
        <pinbushSharpyElmwood>batzen</pinbushSharpyElmwood>
      </pedSahibs>
      <gleeked phenolsFugacy="reticleBanallyFogas174">
        <killsEntailHoaxes>9461</killsEntailHoaxes>
      </gleeked>
    </dep>
    <kif aeginaPyrazin="4" sakulya="6812">
      <oddlyAdibasiMatrah>bonjourAssign</oddlyAdibasiMatrah>
      <recombLegalsWongara>
        <lacquer>nephila</lacquer>
      </recombLegalsWongara>
    </kif>
  </copalsNomasCollets>
  <numacUnraked soroban="1" />
</caposSowish>