<?xml version="1.0"?>
<bailiesErgoism>
  <rosingAucan decaniGoingsMicah="lingcodTheodyBedfast" />
  <harpierSabred bovver="470929259" />
  <alban robots="sodokuSarum" millySolRebox="935292">
    <snout>
      <shankedRackRowlock>56</shankedRackRowlock>
    </snout>
    <keenlySimulaReassay>
      <hamfareTriplaScrunt>scroop</hamfareTriplaScrunt>
    </keenlySimulaReassay>
    <redeyesRattrapSnocat skirted="corbies">
      <cymousAruFirlot>roamerPhoebesMuyusa923</cymousAruFirlot>
    </redeyesRattrapSnocat>
    <burdockMisrelyRubiate>
      <hardieBuckleConcha>elytrinAhuraGreed1</hardieBuckleConcha>
    </burdockMisrelyRubiate>
    <mazardCarked>
      <coudee>usingBehindsCleric</coudee>
      <penialUnnobleTonemes dephase="jonesReadersHelosis" heresy="gyrenes">
        <learn>savantsLakings</learn>
      </penialUnnobleTonemes>
      <humidlyMiragyMoonet>
        <daverdyAchterSnicked>upalleyLendee</daverdyAchterSnicked>
      </humidlyMiragyMoonet>
      <perreia bimorph="orgyiaLakersLib" weemenDrearly="251">
        <swabsHemera>methsHayingRebozo5</swabsHemera>
      </perreia>
      <turacouWasBeltine>
        <lommockLusherHyke>14915</lommockLusherHyke>
      </turacouWasBeltine>
      <tanks albaniaPuzzler="nimmingLamsStylet">
        <galenasMin>uds</galenasMin>
      </tanks>
      <laurinGlor hafnylSjomilaReplow="surbed">
        <hoboing>pickups</hoboing>
      </laurinGlor>
      <pustuleTaperlyEyras bawlsLxxPartial="howdahDidact" pacasCoo="kaliansPrivacyBursty6065">
        <eluviaHalloFrowl>449474710</eluviaHalloFrowl>
      </pustuleTaperlyEyras>
      <squirmy>
        <alans>routh</alans>
      </squirmy>
      <nashgobKroon adnexalGobbler="81962" pratty="9593498">
        <however>baulky103</however>
      </nashgobKroon>
    </mazardCarked>
    <odylism>
      <neroicEloigns>aspiree</neroicEloigns>
    </odylism>
    <tummiesDecapFlukier>
      <ootsCrockCrumple>unityAdulate</ootsCrockCrumple>
      <rangTrivat orrisJantQuagga="depark" calkerPaeanMithra="dautiesAvoutry">
        <veg>irate</veg>
      </rangTrivat>
      <longuesErasion>
        <matinee>movantPgnttBorine</matinee>
      </longuesErasion>
      <anger adzProtons="7578">
        <lurers>azure</lurers>
      </anger>
    </tummiesDecapFlukier>
    <ropily>
      <overgo>vinRauraciSumpage</overgo>
      <shoemanDarogha dunyAntiaeThroned="waspCylices" bisectScapingUnsex="sneezerEnlay">
        <dent>36421392</dent>
      </shoemanDarogha>
      <assethPhasing>
        <adoxiesCrowtoe>frazingTrustedLycosid</adoxiesCrowtoe>
      </assethPhasing>
      <fatBefire>
        <shalako>kikongoRegressIdealy</shalako>
      </fatBefire>
      <swacked>
        <brahmi>rori</brahmi>
      </swacked>
      <wried radixOnagriSecesh="648476" clacketBlonds="waseJazzbow">
        <basongoIdyllerCleach>yarranSebum</basongoIdyllerCleach>
      </wried>
      <jetsamsChirrs>
        <cuerdaGalaxes>yugas</cuerdaGalaxes>
      </jetsamsChirrs>
    </ropily>
  </alban>
</bailiesErgoism>