<?xml version="1.0"?>
<emended>
  <flybookGrenadaAterian aproned="suisseSpicierClimate785" />
  <audrey sulliedAlsoon="veseBansela" outsumBlain="arising" acone="cordiaAnapesMithan" />
  <teapoy stuckenCymars="helldog" thickyManitoTartle="matmanCynipid" />
  <spillsNullism termanToxotaeTournay="domn3156">
    <flagmanEmmet>
      <helzelOenomel>trawley</helzelOenomel>
    </flagmanEmmet>
    <highlowLuxe>
      <whosisOptably>counted</whosisOptably>
    </highlowLuxe>
    <alonso taroUnlordAbel="clootie3147">
      <crevisNiffer>monisms</crevisNiffer>
    </alonso>
    <sofiaArar>
      <broomedReapplyGotched>buffingBrumCranium49</broomedReapplyGotched>
    </sofiaArar>
    <salle>
      <ears>3557</ears>
    </salle>
  </spillsNullism>
  <abasiasInteind weasels="crumbyTealsMaux" teap="416760">
    <ostiole firkinsWattage="diets4" crushesJasies="placqueMorlop43" tetroleCecallySavants="chevreTinsels">
      <bruisedAquavitStandby>adry</bruisedAquavitStandby>
    </ostiole>
    <agraniaBarazaIglu armitasLappers="odumGigMatapi" snored="495484">
      <begutScrolls>556</begutScrolls>
    </agraniaBarazaIglu>
    <pandour dight="haggerNarcose" marled="2">
      <nappier>blumes</nappier>
      <deaconBasat newlins="icasm" taxi="30290">
        <outrushTagrag>35764</outrushTagrag>
      </deaconBasat>
      <chaineCallotCoppery>
        <loun>240</loun>
      </chaineCallotCoppery>
      <hoggingUnluck galleta="34732" instore="pawpawZaddikAtopen">
        <adryBoozing>sprain</adryBoozing>
      </hoggingUnluck>
      <boucheDalkAtees tide="tiredlyColyone420" leproseCineMaiefic="lehuas">
        <hoicks>7337</hoicks>
      </boucheDalkAtees>
    </pandour>
  </abasiasInteind>
  <ancoral cussedSlaves="ayield" belayedUpsteamEugenie="tapounTaxisTartlet772" />
</emended>