<?xml version="1.0"?>
<steghOutmen>
  <formals>
    <pinkily fulledSyringePokomoo="8385216">
      <awatchSayestCamus>31030204</awatchSayestCamus>
    </pinkily>
    <uncinchOpinersReford>
      <artsmanVidicon>fordoneStagnumRasper1948</artsmanVidicon>
    </uncinchOpinersReford>
    <wurlyDaffs armitasReigner="772709225" rhexis="anoint2635" anytimeEneuchSevere="godetHuffler">
      <doorway>pillion</doorway>
      <sutaioGirnal>
        <affreuxLeedRamex>nuchale94</affreuxLeedRamex>
      </sutaioGirnal>
      <alkylolTamedHalm sinopia="272520114" rampedThirWaspish="bambos37">
        <alternZan>719165</alternZan>
      </alkylolTamedHalm>
    </wurlyDaffs>
    <pahosLabeler>
      <knishPortate>hyblaBandageSaltfat5</knishPortate>
      <tetanic ficinsBinny="spraint">
        <thoughtVauxite>gassitDecency</thoughtVauxite>
      </tetanic>
    </pahosLabeler>
    <archeanEstella>
      <brizaWacke>billiesHornish</brizaWacke>
    </archeanEstella>
    <schmeerVersaGadaea>
      <heeze>battsBuckism</heeze>
    </schmeerVersaGadaea>
    <bailiff betelAnywhy="aggersMillineShaul" diddleAttinge="sistrenHousing" zombieMortierWismuth="lugsUnmade">
      <bindisEmicantCill>lyttasBoskerFilao</bindisEmicantCill>
    </bailiff>
    <southsGagSibbing>
      <yatAcronyx>ramentaUncoif39</yatAcronyx>
      <worldy>
        <weinerEmeer>maize6870</weinerEmeer>
      </worldy>
      <mulloidPixyishSurplus>
        <angekokClosureRubia>btuRex</angekokClosureRubia>
      </mulloidPixyishSurplus>
      <arimasp potiferYerva="izafat">
        <isotoneDuperyOpens>splaysLatBluejay34</isotoneDuperyOpens>
      </arimasp>
      <marged enentRenerveSectile="boastsWad1" wards="dozingKilehToorie">
        <sorva>frounceBuffsPecos</sorva>
      </marged>
      <ironic>
        <mildensBumpersCermet>dryfarmStashedCambial</mildensBumpersCermet>
      </ironic>
      <jawline tattyRivages="weirdsTimelyLatins">
        <sampsUnplugs>epochal</sampsUnplugs>
      </jawline>
    </southsGagSibbing>
    <restudySextaryPoising>
      <wimble>4</wimble>
      <pixyDoupingGanofs>
        <caddowGesturaScrub>8837462</caddowGesturaScrub>
      </pixyDoupingGanofs>
      <melas scagLampmanBeglare="dunnock" flunkeyNeifSayal="kewpie">
        <gouterTilakaFalus>taculliSufferOutbled</gouterTilakaFalus>
      </melas>
      <cavatedCuraceBridie hankerKyatPunny="bedrape">
        <sensionEtas>sangleySuccuss</sensionEtas>
      </cavatedCuraceBridie>
    </restudySextaryPoising>
    <rases onrushMayacaCtene="foins" lei="goeticViolandLabial9745" jettied="coccidsPapyrinPhallus">
      <cassine>bahayVexerGats</cassine>
    </rases>
    <saul>
      <shrPeptid>hugo</shrPeptid>
    </saul>
    <flamingUrdee gnats="chuffs">
      <lippingDoweryFubsier>deckers</lippingDoweryFubsier>
      <elodes giseMeatily="tomnoupWoaldsBudger" abseeBurleys="retractLenes">
        <steven>felonryCoxiest</steven>
      </elodes>
      <relaxinAlexis tuttyBasilarDizzard="wapperUnaimed" polarlyAdonin="capuan">
        <rowersManiocsBeflap>asteepCulvert2</rowersManiocsBeflap>
      </relaxinAlexis>
      <hurtHoister irisCumarinDiurn="syr">
        <beguile>cheminsThrailMadoc4150</beguile>
      </hurtHoister>
      <nilghauThana>
        <heezyShiitic>kythedKooks</heezyShiitic>
      </nilghauThana>
    </flamingUrdee>
    <unvyingHurrian>
      <wezenAgamas>2441484</wezenAgamas>
      <teenageTambacs>
        <tominStrette>unroot</tominStrette>
      </teenageTambacs>
      <skepsPaltPagurid ashenPoliced="aquaticAmazers">
        <devisedRevieLethes>ticklyChigoeTintist</devisedRevieLethes>
      </skepsPaltPagurid>
      <baham abriBourock="577">
        <foremen>epeeFinchedAsimina</foremen>
      </baham>
      <jimpyVirions trophiAsweat="potline2" far="alpax8">
        <camauro>oddball</camauro>
      </jimpyVirions>
      <jaysPoche nabsMoloch="481838" pyrrols="iberism">
        <fewerAgeismCoiny>3377</fewerAgeismCoiny>
      </jaysPoche>
    </unvyingHurrian>
    <angling richdom="vrooms" lookeeQuietusRocklay="bandon">
      <laksaBawrelTara>cestosFogiesGripey</laksaBawrelTara>
    </angling>
  </formals>
  <shakesChesonCedary dinahGalut="zaramoKoreSaucing" bankmanAbasedBaubo="kreese742" camacey="sclatchSpodium" />
  <crociCarryedLassie soigneeMinded="rustlesTocusso" unplant="resmell" claut="7478" />
  <cabletCuracaoPrayed chih="cantinoJuggedEgards" aforeAnadems="raspiteSvc" reiving="avoutryAlnilam" />
</steghOutmen>