<?xml version="1.0"?>
<readdedJudos>
  <moksha>
    <gowkBehind>
      <mode>98</mode>
      <inswampAwber bombing="reapplyPiquiaFarseer172" qaidsOroidePeru="drovedHalalas2">
        <cocketVadyClaxons>52406</cocketVadyClaxons>
      </inswampAwber>
      <erikiteNitwit>
        <ethnic>groppleSpirant</ethnic>
      </erikiteNitwit>
      <intwineSpader>
        <frotton>8090</frotton>
      </intwineSpader>
      <zareebaNoumeaWagsome yuftJoypops="nosh" wobblerAdiabatAttery="pegmanTalus">
        <mayhaps>tritone</mayhaps>
      </zareebaNoumeaWagsome>
    </gowkBehind>
    <holmiaOrfgildDezincs>
      <chalconAmentiaVaults>metel306</chalconAmentiaVaults>
    </holmiaOrfgildDezincs>
    <whooplaRacersSkat>
      <sortingAlcoran>butchSalols</sortingAlcoran>
    </whooplaRacersSkat>
    <stipels indamin="21313">
      <gowl>chiggakLawmanTephras</gowl>
      <alkannaCedre>
        <evertTinnedGarbel>massWynne</evertTinnedGarbel>
      </alkannaCedre>
      <cutbankLodensChinks softerNibsome="blasePajero" sufficeSwayed="mujiks">
        <tebeth>gainor</tebeth>
      </cutbankLodensChinks>
      <atavist tallowsPratapFolden="weanelLocable4100">
        <condue>tazzasIndunaSnick</condue>
      </atavist>
    </stipels>
    <blueCymbalsPeisant>
      <thready>thaw</thready>
    </blueCymbalsPeisant>
    <mimineBap aboteBooseToxemia="daturaSpaedomSouk" equable="clamberRosaceRefills">
      <starter>885</starter>
      <pardonsSynchTribe brunelUnbrute="roasterRohobTamarin" wienersMesionHattism="597091722">
        <lexicaVaunt>stadda</lexicaVaunt>
      </pardonsSynchTribe>
      <clunkHalidesAtossa unwieldDaidle="redrug" heathenWoodenMottles="cuffySneezerMize">
        <dtsetMummiesKollast>macedon</dtsetMummiesKollast>
      </clunkHalidesAtossa>
    </mimineBap>
    <zingyErectedFoxish>
      <serene>hgwyGeejee</serene>
    </zingyErectedFoxish>
  </moksha>
  <symbiotRhagon prams="kittie4439" ndoderm="magnum61" exquire="pickSericea" dirndlsWinnowOutbat="31" />
</readdedJudos>