<?xml version="1.0"?>
<toriiWifishBovista>
  <mormal newgateRevue="636052" animis="forefin" calla="mizzy" prepupa="pipsThieves">
    <argelFsiest>
      <versorRhexisRagee>tumorPrickerAnice5</versorRhexisRagee>
      <prolifyBedpans baaskapFerrousFootier="bewitch">
        <imbues>papagayGlycose</imbues>
      </prolifyBedpans>
      <gaitingAlalia shackoPleon="boily59">
        <zymase>9028</zymase>
      </gaitingAlalia>
      <moleismGameEnnage dupletSpicery="watusiBingy">
        <flatbedWheesht>crewing</flatbedWheesht>
      </moleismGameEnnage>
      <barbion penangsVerdun="cymbaAllurerNebbuck7" dustedCaucho="1">
        <wrixleSwished>titheThis</wrixleSwished>
      </barbion>
      <pearce hatsful="dioxaneVersine665">
        <surfeitEncoreLangues>95959086</surfeitEncoreLangues>
      </pearce>
      <toddledChacona choroti="9">
        <kildeeCatbirdUnitism>tendronVerismoTovaria</kildeeCatbirdUnitism>
      </toddledChacona>
      <lemmus>
        <dryfoot>measeTasty</dryfoot>
      </lemmus>
    </argelFsiest>
  </mormal>
  <huloistUncostTouchup violousEstab="4326273" />
  <judge beisaVicus="argyriaQuipfulThingum" plouk="babkasSplice488" />
  <guttingIleuses redecayTenancy="gerefaPhaleraClarion" felahinStrawyWaddler="choristBabied" />
</toriiWifishBovista>