<?xml version="1.0"?>
<argolicBedroom>
  <cottMousers amesaceMajesta="2" bramblyKapur="eral">
    <indraft benj="fez">
      <paviseSunsmit>fyces599</paviseSunsmit>
      <picoRampedBelauds>
        <daisiedImpostsViii>getic</daisiedImpostsViii>
      </picoRampedBelauds>
      <coquitaGorget hoecakeMollie="eyePoliced" wakaGolem="18637521">
        <sunwaysKikuelSaburra>35596589</sunwaysKikuelSaburra>
      </coquitaGorget>
    </indraft>
    <gayer>
      <diewiseFoobarSlushed>canellGoustie</diewiseFoobarSlushed>
    </gayer>
    <mashaFormene>
      <parlay>patwariKnewRuff7070</parlay>
    </mashaFormene>
  </cottMousers>
  <amentyGlutens dabbleCostate="oldest" pithed="quoiterPinot">
    <whaurOkenite shy="418">
      <roddenSuperi>decalog</roddenSuperi>
    </whaurOkenite>
    <mazic>
      <greetsWamefouTogated>cuppers</greetsWamefouTogated>
    </mazic>
    <dudlerDittos dynamoBurkingGodly="vodKillasJokish" oinkedIndwell="pinholeEatageUlnage">
      <curve>tappa</curve>
      <aliasedTift disrate="onusBilaan" slowing="stokvisEjurate17">
        <milles>8</milles>
      </aliasedTift>
      <keeksKarela gypsiteWride="750097153">
        <lastjobKhokaniSpancel>ficche760</lastjobKhokaniSpancel>
      </keeksKarela>
      <ussrGripheGermen pinderNectron="groughPuncher155">
        <deblockAlismad>131125</deblockAlismad>
      </ussrGripheGermen>
    </dudlerDittos>
  </amentyGlutens>
  <attarRudesby>
    <dyewood>
      <dwaible>stumpy</dwaible>
    </dyewood>
    <scenite>
      <unhairy>97</unhairy>
      <scourerOronoko mucigen="cestTypiconLirate">
        <brandiKobolds>2</brandiKobolds>
      </scourerOronoko>
      <canellaSichBask>
        <dentingGooierMousy>andrenaCuspedEarworm52</dentingGooierMousy>
      </canellaSichBask>
      <ratterDurdum filth="23922424" adienceRemoves="creepsPingerEmane">
        <atlee>dessusPawpaw</atlee>
      </ratterDurdum>
      <froughy>
        <foxery>trapper</foxery>
      </froughy>
      <pepinosMuses igdyr="5257415" lotterBaluchi="littlinDinging">
        <alegars>momentoLabrusReheats</alegars>
      </pepinosMuses>
      <cavaBursa affablyAghast="easeled" amtracSonataStormer="pelota9338">
        <rigsSoliderTsking>zayinRailcar</rigsSoliderTsking>
      </cavaBursa>
      <unlobedCephala>
        <ratchCalixVenger>retape</ratchCalixVenger>
      </unlobedCephala>
      <berrier compoerNuts="narthexDixitUnrrove">
        <spink>weenongStyrax</spink>
      </berrier>
    </scenite>
    <phobyEundemOhing crambeEnzymes="pullmanNeurol6" draftedShoya="8" cessesVetusty="stiriaDefined">
      <noseHondPerkier>quinsy</noseHondPerkier>
      <apomict>
        <splashs>370092256</splashs>
      </apomict>
      <drinks haybox="rarietyGestenOutspit256">
        <bielded>63937075</bielded>
      </drinks>
      <lovelySamoanFritter bivvyUramidoRenewal="272">
        <ogamicChummedHubcaps>feods</ogamicChummedHubcaps>
      </lovelySamoanFritter>
      <gooferMorrion>
        <coactVoguey>yeeLocn</coactVoguey>
      </gooferMorrion>
      <farersSecaleKreatic>
        <hurtles>58</hurtles>
      </farersSecaleKreatic>
      <gonk>
        <burgoutMino>dongon</burgoutMino>
      </gonk>
    </phobyEundemOhing>
  </attarRudesby>
  <pushumCoypusCachou />
  <drongoDawtitAdmixed fitnessGeryZarp="bytesAlnBliss" betoyanBrie="dotagesManchesYantras85" cardial="ootids" />
  <logeionBurhAuras>
    <retinae wehee="skaw" buzzsawOcimum="sibnessBruges">
      <tuingaTympani>brecham</tuingaTympani>
    </retinae>
    <pyrola>
      <crapCompeer>onsteadZimmi</crapCompeer>
      <zooliteLeglet poy="tritoneNarrowEstive110" volpaneBeglueLodge="bebackTerne">
        <ratteryEquityConger>herbman9</ratteryEquityConger>
      </zooliteLeglet>
      <dosed kabsLodgingPyral="amyleneAtman" mediety="retakes">
        <conquer>slicersDoreeGinnier548</conquer>
      </dosed>
      <tubbyHoverTropine hamTour="sclaw" oogeny="lingot">
        <rotundoFadedly>zaqqumFrits</rotundoFadedly>
      </tubbyHoverTropine>
      <lure edifyCopableAtiptoe="tirer2948">
        <nargilAdmrx>pahariaUsquesFhrer</nargilAdmrx>
      </lure>
    </pyrola>
    <stheneTardily upflowsLichtsTheemim="anywayJigged" kitchieMalaise="swimyExodistBonism" redidTagala="reheapMehelya1850">
      <dairiHeweDeduct>61618627</dairiHeweDeduct>
    </stheneTardily>
    <soddy>
      <arsonicGraphis>cloyneGaffeStuller</arsonicGraphis>
    </soddy>
    <bletShrafWinos panadeMomusCoriaus="planontPecosEupathy">
      <kepisSpicery>goonsUroodal</kepisSpicery>
    </bletShrafWinos>
    <noxAbaisedCrosser>
      <vivasCymbals>smarmyAaronChining81</vivasCymbals>
      <saggyMatchesRatty ivaBoderBoguing="plotlibUpborneVild">
        <angrierNuagistZoning>taupesTissual</angrierNuagistZoning>
      </saggyMatchesRatty>
      <plutealDearFooled meech="preyfulOuster">
        <depute>ropedEvelina</depute>
      </plutealDearFooled>
      <ingrave>
        <unstillFribbyNosairi>oto3</unstillFribbyNosairi>
      </ingrave>
      <implied sloids="hawsers8" shuckerAculeiTelford="bumpkin">
        <trainelOpiner>aggry</trainelOpiner>
      </implied>
      <alkynesWorsetsInboard halbertHuemul="forel" polygar="rebozo81">
        <chassisLumbar>pindari526</chassisLumbar>
      </alkynesWorsetsInboard>
      <emyd>
        <relicts>ipecacs</relicts>
      </emyd>
      <dharani nyayaMarhalaTical="agnatic">
        <creaks>6</creaks>
      </dharani>
      <ochringSarkingSinking>
        <fungous>kernsObsHindu</fungous>
      </ochringSarkingSinking>
    </noxAbaisedCrosser>
    <inbyeDevoir>
      <lend>anubinIgnoble</lend>
      <dowsingKlippeMiasmas cogon="prosing" bafta="iiasaDietBooster">
        <trowthAwest>makuk</trowthAwest>
      </dowsingKlippeMiasmas>
    </inbyeDevoir>
  </logeionBurhAuras>
  <wigeonDeliriaNonces porkerDei="pittedSnifterYeasts39" magilpsMashal="lusk" />
  <wilroun nubScoriaeMussick="bunchLeersCarol" chalmerBroguer="sosoishHalimot" creantGappy="paeonia">
    <entrec>
      <detenuUpwellRype>coenobyByreman</detenuUpwellRype>
      <niftier>
        <hashabAbatorsCepous>ectally</hashabAbatorsCepous>
      </niftier>
      <spitfulHoots mishmeeRchauffFluoryl="wangledFlattie688">
        <slashes>flask</slashes>
      </spitfulHoots>
      <gristerGrabensDefines>
        <asseourFellerThrifts>unnotedCubedRelent</asseourFellerThrifts>
      </gristerGrabensDefines>
      <code>
        <unagedSlaveryLaconic>shell</unagedSlaveryLaconic>
      </code>
      <tidlingBrunet olivean="trieneUpbreed" diedIsotely="tamenesQurti3253">
        <wearingPilledPinked>fawnedNableGite81</wearingPilledPinked>
      </tidlingBrunet>
      <agin trois="puttierPontScrobis6">
        <upshoveIsuretFillies>saurian</upshoveIsuretFillies>
      </agin>
      <elkslipToorooBracken>
        <wer>349</wer>
      </elkslipToorooBracken>
    </entrec>
    <askersLadersDefeise tenor="1097393" locomanMukriMotel="modCedars">
      <harpsMarker>filmishOrceinsTirret</harpsMarker>
    </askersLadersDefeise>
    <prithee gloriasHolesUntrod="39590773">
      <fifthly>quallyVindict</fifthly>
    </prithee>
    <nibbledBraseroOrgiac>
      <bields>4375280</bields>
      <kalang coelarLyrawayThymy="snackle">
        <nashimBinghiDulcely>jan</nashimBinghiDulcely>
      </kalang>
      <ureasBilgierChanst barrer="cogonKickier">
        <smoltFluidalCrepey>mikedMantis</smoltFluidalCrepey>
      </ureasBilgierChanst>
      <kashga nievetaPia="neogene">
        <borityReared>qua</borityReared>
      </kashga>
      <manistSwishedThraw stormCaptureColpus="93" pabble="hamzahConfutePhalli">
        <boree>bunnies</boree>
      </manistSwishedThraw>
      <isohelsKoolauReem mutasesMidgy="watusiHiation" knivedMinnyStandby="drummyStomataSubacid909">
        <algidSamsamBeclasp>blurter2495</algidSamsamBeclasp>
      </isohelsKoolauReem>
    </nibbledBraseroOrgiac>
    <spondilEgressSilane chordee="unraced" intrude="hatel">
      <nanism>ascendsTitularCusie</nanism>
    </spondilEgressSilane>
    <malvaVisier plafondDrayman="youve791" cablishKazoosStrobes="fresno" groofOrigan="lexia">
      <medick>fluster</medick>
      <cachilaFiants splotchWraistMendy="infuse">
        <krautPieceSabring>unaptAzotiteQuiver</krautPieceSabring>
      </cachilaFiants>
      <outspySeralUdalman>
        <mustela>desmaEpoist</mustela>
      </outspySeralUdalman>
      <sus>
        <jalur>yetDietedSheely7</jalur>
      </sus>
    </malvaVisier>
  </wilroun>
</argolicBedroom>