<?xml version="1.0"?>
<beglewGhess>
  <cascrom assoilMooress="glazyWhuteFeaked">
    <mucosasRebbes>
      <altureSumatra>kojiki772</altureSumatra>
    </mucosasRebbes>
    <faresMenoArrame>
      <insetBatsSeedman>39662583</insetBatsSeedman>
    </faresMenoArrame>
    <dissaveElcheeMaceman>
      <turtlesMount>635</turtlesMount>
      <clatchLadyLudgate lakJingoed="86">
        <gos>curvle</gos>
      </clatchLadyLudgate>
      <isariaSepawn pinacesLooieKopec="precent78" langite="sextic">
        <flawingDigamy>arui51</flawingDigamy>
      </isariaSepawn>
    </dissaveElcheeMaceman>
    <cardoHafiz>
      <chiwereAladaEndure>10404</chiwereAladaEndure>
    </cardoHafiz>
    <rapids>
      <glomThickeOrarion>scowderInliers</glomThickeOrarion>
      <maydaysMaybirdGrammy>
        <epacrisTreadsOarage>paddlesSpryHelenus</epacrisTreadsOarage>
      </maydaysMaybirdGrammy>
      <palealTechy>
        <reelsFuror>6</reelsFuror>
      </palealTechy>
    </rapids>
    <champeIaoProthyl miskals="skedMontaukSchorl87" myomasLimns="yonnerMasters">
      <toleSturbleNeedham>elevonAdmires190</toleSturbleNeedham>
      <nasialBrail geeseCyanateCensed="whileySekos">
        <flailVeneroHexylic>46809</flailVeneroHexylic>
      </nasialBrail>
      <cordingThrutch>
        <houriDiallel>deiAbacate10</houriDiallel>
      </cordingThrutch>
      <capitoBeardedMutuary agrahSheely="sputtaSedatTeecall" dikesBisson="vectionEvaseDaunder">
        <bynamesCottid>pinesOrdealPulques</bynamesCottid>
      </capitoBeardedMutuary>
      <safrol annalyMakuAbortin="affiedDirlSambur" orfraysObtestsCayapo="kashiraWebberMature">
        <tolUnbatedCoohee>brooseDimmestFica5</tolUnbatedCoohee>
      </safrol>
    </champeIaoProthyl>
    <obvolveMeloidsCawquaw>
      <inhumesSuq>rinaldoCeliacEneas1</inhumesSuq>
      <sproat beneluxColpusAedilic="serviteWalty" yelling="91401752">
        <dentalsCatonic>ternerAcacineStyptic</dentalsCatonic>
      </sproat>
      <advectsDiurneDipoles>
        <inbbredNogging>aliases</inbbredNogging>
      </advectsDiurneDipoles>
      <fuscDioc>
        <whampee>dishleySpadersWebster</whampee>
      </fuscDioc>
      <kandjar lapisShuneCheaply="unneatQuiff" overtaxUnlinedLading="cockedUvitoSpry6">
        <enrightGledyPapists>74166956</enrightGledyPapists>
      </kandjar>
      <melbaBasterRetable veskitAnnual="dinsomeDioeciaSwelp3" repacks="cargaJanesCeride">
        <carrysFascism>kloesseDatil</carrysFascism>
      </melbaBasterRetable>
      <whets pugetBlurbsBobotie="827" simooms="ploidyPuberal">
        <engloomUrdsSebums>288</engloomUrdsSebums>
      </whets>
    </obvolveMeloidsCawquaw>
  </cascrom>
  <queens smyrnaDoney="freckedXerotic7" carnicPositifSmutter="gradersNicking" />
  <abscamPhot lancets="bnfRegd8932" trannieHovelsShackos="ligatorSquealsMulct11">
    <calloutTreblyVuggs>
      <lampadsCric>compendCodilla</lampadsCric>
      <ogpuForcatTwattle>
        <clerusLamestAleft>kiaatLone388</clerusLamestAleft>
      </ogpuForcatTwattle>
      <thicksAerope papboatTarpsHeeling="raucousCarey8">
        <shawnSilva>crampy</shawnSilva>
      </thicksAerope>
      <bactSprayer pyralidWesley="ozark" rilawaGutterMurices="assetWoods">
        <renvoisDipygi>costulaLuneMaranao</renvoisDipygi>
      </bactSprayer>
      <fhrerBergylt>
        <gravely>coker5</gravely>
      </fhrerBergylt>
      <squads yetling="inseeArrant" ostiary="outcase">
        <simpler>frickleLushest</simpler>
      </squads>
      <enrollPungerGoslet>
        <fatheadSamelyWhoosh>abacayToddlesJawline</fatheadSamelyWhoosh>
      </enrollPungerGoslet>
      <dioxyExquire>
        <grabbyVillota>pterylaRegulaInnage</grabbyVillota>
      </dioxyExquire>
      <supping>
        <bilalo>abidersSlayingAptate</bilalo>
      </supping>
    </calloutTreblyVuggs>
    <salsifyDition>
      <ribbonyGaulshSuchos>liversUndergo</ribbonyGaulshSuchos>
    </salsifyDition>
    <tylionPhasic>
      <smoogeHeroner>pentoicWeeks</smoogeHeroner>
    </tylionPhasic>
    <exams>
      <outlash>reshown</outlash>
    </exams>
    <feluccaGothishBoor>
      <softlyCires>pumpers</softlyCires>
    </feluccaGothishBoor>
    <shinnyHayrake>
      <disparkQuaisNanitic>977</disparkQuaisNanitic>
    </shinnyHayrake>
    <birle feastlyDross="6" dexiesCerilloRuthene="gemeledGinnetEssay">
      <gibbledVinod>grocersQuinary</gibbledVinod>
      <cardiaeFeirieOam medleysGurish="bashyleBassa4625">
        <crotchySuf>bobby</crotchySuf>
      </cardiaeFeirieOam>
      <strialPipEvenly whidded="gaugersUnwaxSkein">
        <garau>2232</garau>
      </strialPipEvenly>
    </birle>
    <spier applaudMure="780" lisbonAvarish="arguing" sutorImaums="bannatObsess">
      <muirGrilly>earnful</muirGrilly>
    </spier>
    <soodledGenomicWheres>
      <inkpotsAnosiaTelsons>cleanlyAtoms</inkpotsAnosiaTelsons>
    </soodledGenomicWheres>
    <senorasEduce plowingZoundsSprenge="trigamy" nomosDecess="fugally30">
      <ganta>boningEntires</ganta>
    </senorasEduce>
    <meltonTibicenBezils prioriAdonaiRopable="pocosinTitoist" incus="ermeSpiers">
      <ins>ethiop</ins>
    </meltonTibicenBezils>
    <dialogs jaegerConia="546379" ringite="418650604">
      <piquesSmew>archeanAchras</piquesSmew>
      <erinnic opaledCogenceBourd="brei3">
        <fairDawcock>cliticLamelLindera</fairDawcock>
      </erinnic>
      <swingyGaolers spurrerSubrootPatrols="285212396">
        <saffiorSmokesTotquot>inkraUnsunnyCytone5906</saffiorSmokesTotquot>
      </swingyGaolers>
      <hotmelt sagestFingallMitra="anconad">
        <yelledLentor>hobbler1</yelledLentor>
      </hotmelt>
    </dialogs>
    <culti aristae="savings1">
      <talloteAttourLoob>arrayalMote</talloteAttourLoob>
      <untakenNamda aliquidExcites="adagioBub7">
        <artly>dosisGaiassa</artly>
      </untakenNamda>
      <ownself copticRecure="shaker" pubStationFelid="squetee">
        <spaitsBeltonFought>preburnFetiseSlung</spaitsBeltonFought>
      </ownself>
      <upbrow>
        <mocuckPeltishEyebrow>uncrook</mocuckPeltishEyebrow>
      </upbrow>
    </culti>
    <unrroveCurtail>
      <bomberTortile>sulk</bomberTortile>
      <repowerSorgo beleapsSolacedChurel="bazarsSpiralWet" nearlyDratted="xysts90">
        <wreatIdrosisCrumbed>deviantNabalusTaut</wreatIdrosisCrumbed>
      </repowerSorgo>
      <dinglyDorados sensorsRumensXyz="versedSkirled" sundaysEspial="slowrie">
        <blunksVehicleRuder>lorenzo</blunksVehicleRuder>
      </dinglyDorados>
      <frizzy usninicCrureusAerobes="haddestFlanky" scutageRustreUnfugal="icasmSneakedApogamy">
        <dossilsHarast>frosterMatchedTps</dossilsHarast>
      </frizzy>
      <trinketCajanusSplake>
        <carobsGuijoGossip>7974</carobsGuijoGossip>
      </trinketCajanusSplake>
      <bumfegVittle couthsSnakery="redouteJeepney" rudolphJettingSchiz="stylet">
        <winesopCineneCate>smoothy</winesopCineneCate>
      </bumfegVittle>
    </unrroveCurtail>
  </abscamPhot>
  <geldsBebait oobit="2705955" furmityBootsGuinea="orasHeredes7" shrisKnoll="darrylGasses" />
  <parliBylinesFids witingRewarms="baetuliAtrip" alphosElectorLanated="stowse" bladedStarvesCohabit="fussockHemiopeAgrise" jacky="equidHabit" />
  <nogadaCodeFifed riskersBallerHugs="subecho">
    <visited>
      <waivery>unwed36</waivery>
    </visited>
  </nogadaCodeFifed>
</beglewGhess>