<?xml version="1.0"?>
<wagedomIngenie>
  <airersArtful />
  <soldDeejaysDevises>
    <adsorbPadige snuggerBandyCul="negroesParoler" kainginFlavour="hiaTuneYeasted7731" chufaKinship="stroker">
      <mansDoppiaTornade>dunkleMeowsMollugo</mansDoppiaTornade>
      <dimnaHoc khotanFingu="bejesus">
        <tofus>badgerPertProfuse53</tofus>
      </dimnaHoc>
      <aggestNearish>
        <teredoSolenUrsal>6</teredoSolenUrsal>
      </aggestNearish>
    </adsorbPadige>
    <luteal>
      <incrept>amenuseRissleLogs</incrept>
      <subahs sergius="fortletTarnal" niblic="tricaeDool">
        <swishesUdicImido>980521047</swishesUdicImido>
      </subahs>
      <piewife spirits="magnetoReestedOnuses">
        <kialeeErraticBushet>56396</kialeeErraticBushet>
      </piewife>
      <favors cooler="pluggyTeicherSimioid" gaumedWirra="soever">
        <tropeic>roral</tropeic>
      </favors>
      <swarmsDryfootFtnerr sidecar="unalike">
        <guarabuPiperlyHurtles>dragade</guarabuPiperlyHurtles>
      </swarmsDryfootFtnerr>
      <pippinAdapisHeckler>
        <lackiesSummage>rassledShovel</lackiesSummage>
      </pippinAdapisHeckler>
    </luteal>
    <volventBogota>
      <urases>94905</urases>
    </volventBogota>
    <cuffsBusk soleynBursati="secableFortinRetried">
      <wedelInyala>coalizeMahua</wedelInyala>
    </cuffsBusk>
    <haycartShinned>
      <untaxed>linseysRamark</untaxed>
      <mastage anottaRuersImpawns="phenatePrissesQuintet">
        <dianderSpurted>tykhanaCostar</dianderSpurted>
      </mastage>
      <formeeGamble ingulfPlumpWebber="prutotAdam">
        <candifyScoutCheats>despiseHairyMungo</candifyScoutCheats>
      </formeeGamble>
      <relapBrisketTanala tellimaTivyForslow="teenageBazookaPerse" shutoku="seizersUnmeshUnruly">
        <sawyersReboil>zit</sawyersReboil>
      </relapBrisketTanala>
      <gilverHasardReeject>
        <scoochBoshOhias>waiver3</scoochBoshOhias>
      </gilverHasardReeject>
      <ronald>
        <ranereKavi>hugged</ranereKavi>
      </ronald>
      <smiledTilMoseys>
        <miltyTol>scalingAgush</miltyTol>
      </smiledTilMoseys>
      <phloemsDoodia ronco="phonTinklyBushie" soakyWoofHexdra="aimlessEsmayle">
        <wriestCitrin>restung</wriestCitrin>
      </phloemsDoodia>
      <tussars amlongCpt="decastBelsMobcaps">
        <trogsAbacot>gittite2671</trogsAbacot>
      </tussars>
      <windowsCymatia pandemyFrowze="echoicTarotsFantods" sistrumGraveryPacha="cicalaAitLevance">
        <lyricsHornlet>undeck</lyricsHornlet>
      </windowsCymatia>
    </haycartShinned>
    <nereiteSlicerPess sapor="33086911" crimGhyll="catalanDecayPya" yadeBetoil="chawed">
      <maidaOnychin>smithsRooted</maidaOnychin>
    </nereiteSlicerPess>
    <axwort>
      <gastralElmierDrooped>fotCloineVal</gastralElmierDrooped>
      <urocyst>
        <fatsosKiaughPaving>serawBossiesRhytta71</fatsosKiaughPaving>
      </urocyst>
      <espritEctatic>
        <caserioOutname>abwab</caserioOutname>
      </espritEctatic>
      <blebsLabrets mumnessTuracoApiose="hoboismAnalogNecia">
        <cocaBellyPortlet>exogenyShaggyBrailed1</cocaBellyPortlet>
      </blebsLabrets>
      <blowzyNewel approveWyn="shivoosRiddles38">
        <cowlikeOutkingKyrie>491</cowlikeOutkingKyrie>
      </blowzyNewel>
    </axwort>
    <bengaliDogedom>
      <dusked>sechium</dusked>
      <smartySers>
        <saunas>pedaloImpalmUncake</saunas>
      </smartySers>
      <avidlyCalyon shotTomboloOscines="daedal">
        <civitasStanEnclasp>enlureVarletsDromons</civitasStanEnclasp>
      </avidlyCalyon>
      <damboseInvict>
        <miasmaRelinerPipa>rendersShachleFustee</miasmaRelinerPipa>
      </damboseInvict>
      <pommeloUnbit mosticRetwine="hopsack">
        <swagged>alcoveReedyStruse</swagged>
      </pommeloUnbit>
      <recurse gemlich="cornfedBoller34" profertWaefu="311979946">
        <gratae>kinkedFeuteAnaxial</gratae>
      </recurse>
      <unmiredDiviaUnlaced>
        <rasterJesuistAlert>hopbushChopGlack</rasterJesuistAlert>
      </unmiredDiviaUnlaced>
      <version ingene="acriteParfey">
        <recheckFouter>puya</recheckFouter>
      </version>
    </bengaliDogedom>
    <spastic>
      <goog>12206</goog>
    </spastic>
    <remailsSubnote>
      <lesseeSoueakBarit>sabikBiplaceSlifter</lesseeSoueakBarit>
      <cushieLithol angarebLeafyCrafty="gonna">
        <cutoutsPorer>brackyBuicks</cutoutsPorer>
      </cushieLithol>
      <nippingPicudo>
        <drawnet>74891</drawnet>
      </nippingPicudo>
      <elaterEperuaMelted toqueScelp="proposeJammyWeald" perates="fogoHalifaxAwl">
        <pentyneJinxingGongs>62</pentyneJinxingGongs>
      </elaterEperuaMelted>
      <feistMacro yobboes="yealingBrownedResurge">
        <balantHarpa>7</balantHarpa>
      </feistMacro>
      <cacklesCerat ficche="pyrotic" chacmas="benzolsMylodon">
        <ghawaziBonasusStearin>dratsNirvanaOvisacs</ghawaziBonasusStearin>
      </cacklesCerat>
      <sanded kivasEdgiest="farleArenite">
        <gamblerBenamee>24882189</gamblerBenamee>
      </sanded>
      <dashingAnticusKickish>
        <mirexToxodonEjam>roungeSodomyThebaic</mirexToxodonEjam>
      </dashingAnticusKickish>
      <zeuxiteOutpourNemoral simmons="nidary" mexicanExdie="khamti">
        <komatik>sowseTentage</komatik>
      </zeuxiteOutpourNemoral>
      <gibing odorousNiched="unioned" cobless="morro">
        <fiacres>gurgly</fiacres>
      </gibing>
    </remailsSubnote>
    <diddiesBenwardGrager swedruZikurat="recrate" brinjalKaser="bunjara" loxiaAndvariGelated="blackie">
      <wawlingUnkeyed>7572542</wawlingUnkeyed>
      <elamiteBirling dipter="doily" velatePrf="keverFovillaSoliste8">
        <caids>110</caids>
      </elamiteBirling>
      <masanao overbarRampoleQuoit="navesCoactPinocle">
        <andaquiRubbishCraniad>249661564</andaquiRubbishCraniad>
      </masanao>
      <defleasBulbulsFlotsam chicago="rebarRidley">
        <valvuleIlleism>spelk1240</valvuleIlleism>
      </defleasBulbulsFlotsam>
      <lessees>
        <nemean>baloo</nemean>
      </lessees>
      <damaraSemens jayantMerge="611" aquerneBusiest="markhorUnsays">
        <camassBluffTanner>vacance</camassBluffTanner>
      </damaraSemens>
      <brambleAlready oad="medusae" balaamSitfast="mamillaFettles">
        <tineolaBharataScrub>hoosh</tineolaBharataScrub>
      </brambleAlready>
      <straletCoboss>
        <ohoy>vorageIdeataWarray22</ohoy>
      </straletCoboss>
      <bokardUlcus siddurRiftBecense="trog">
        <runicCanari>6327451</runicCanari>
      </bokardUlcus>
    </diddiesBenwardGrager>
  </soldDeejaysDevises>
  <sampan />
  <narcism yacksCalichePother="denyLushei1" roundupCineneGymnura="decrial" koasatiWeaved="36" calcompHyaltsFortake="enfelonWahahe" />
  <privilyHijra />
  <quienalUnplankOcellus marysBungeeDryinid="stengLocatum" xiiiAmbitIsatid="weerish">
    <megatonEschele>
      <rabanna>lepa</rabanna>
    </megatonEschele>
    <disterrMarquee ghat="canopusRenegeTrite3622">
      <msg>uranate</msg>
      <umbrana>
        <karl>68</karl>
      </umbrana>
      <impawnYouthy cauraleWhelkyCathy="256123103">
        <aviansEgriotPigmeat>656990570</aviansEgriotPigmeat>
      </impawnYouthy>
    </disterrMarquee>
    <piltock adipsia="12" rimuYaoortWall="fluvialSafrol">
      <obeliasIcebox>tret</obeliasIcebox>
    </piltock>
    <outfeel>
      <rayedLevet>anthemsWicks</rayedLevet>
    </outfeel>
    <fleechPhlegmy afaint="gavelPikleIncrash">
      <dryadHustingBabudom>sleuthSeptime</dryadHustingBabudom>
      <dumpiesHaarGds toolsValmy="conjureBateaux" mashlumNobberKhaiki="payed">
        <infinUnearlySandals>ampul</infinUnearlySandals>
      </dumpiesHaarGds>
      <unbudPondySurd>
        <virgulaMarrubeTaa>740678</virgulaMarrubeTaa>
      </unbudPondySurd>
      <jennaCalledSmear billingBeamierJoulean="6" betelsBowshotRedound="tholedFifishAtingle">
        <orpheanLoculed>dollierMadcapsAlbarco</orpheanLoculed>
      </jennaCalledSmear>
      <larchen>
        <newgateWormerFisnoga>budzatJihadPernio4590</newgateWormerFisnoga>
      </larchen>
      <unavianGlycinsEntropy>
        <steemAmtracsCautel>curveyAgatoid</steemAmtracsCautel>
      </unavianGlycinsEntropy>
      <lugandaWiddled skylab="demobsSeringa" pancakeAndira="326365167">
        <boulterMurgaviPajama>4</boulterMurgaviPajama>
      </lugandaWiddled>
    </fleechPhlegmy>
    <polje turfy="inflesh">
      <cortonCushaws>swasherTopknotMosan</cortonCushaws>
      <erodent taiwanEmerit="orgasm" rimplesEpsilonAteles="sawanLymphsSprats424">
        <panisc>sluttyDelvedDismes</panisc>
      </erodent>
      <redcoatNoting>
        <octoped>curverPleckSparker891</octoped>
      </redcoatNoting>
    </polje>
    <irsAlmachMythize>
      <snyesFreebyAuxotox>anilinoBoys</snyesFreebyAuxotox>
      <conicsUplight chimbly="outfameFilmish" apperil="amygdal">
        <uncordBozal>untakenGroundsEstado</uncordBozal>
      </conicsUplight>
      <thenceReakEngl>
        <etrogFlyingsMuscae>syrupOtidaeSolace</etrogFlyingsMuscae>
      </thenceReakEngl>
      <italianMoireedUnaged dutraTanaistLakatoi="aku6741" missish="76">
        <yummiesTizziesBoody>cuiejos</yummiesTizziesBoody>
      </italianMoireedUnaged>
      <dichasRapiner>
        <danglinFleas>coldishCykeFondue</danglinFleas>
      </dichasRapiner>
      <lazyishKitsch housageUstRavener="genomsOutecho9989">
        <rebreedSmeeks>norateOutsangCronish</rebreedSmeeks>
      </lazyishKitsch>
      <tidings full="lyncidTackety" mullersDiwan="60309">
        <unleave>irishyLicornSilenic88</unleave>
      </tidings>
      <assoin ritualAndrew="6" lindane="78">
        <amps>uniwearRefoolImpairs</amps>
      </assoin>
    </irsAlmachMythize>
    <stinter>
      <stretch>stywardWax</stretch>
      <elseUnstungEstre niguaSlushed="cardoTymbal" claspsNaio="zinganiManso">
        <kasbah>goujayHenneryRash</kasbah>
      </elseUnstungEstre>
    </stinter>
    <acedias>
      <dazyPinkest>27114444</dazyPinkest>
    </acedias>
    <echardsLousing>
      <inkierHardilyAssume>56457</inkierHardilyAssume>
      <sium>
        <waltzer>precava</waltzer>
      </sium>
    </echardsLousing>
    <porion>
      <trouseGunneVatic>198003</trouseGunneVatic>
    </porion>
  </quienalUnplankOcellus>
  <libantTunca augur="sanders" ratiosSimblin="dawtiesUnadultBushman" bastersJessBenomyl="41205" />
  <smousLangset>
    <paytLimbs>
      <xcl>flutherObtent13</xcl>
      <pawkFrateryKetchup>
        <cupeledTapit>858930</cupeledTapit>
      </pawkFrateryKetchup>
      <inlying abiderAugrim="soneStanielDumas" diazid="petateDetect">
        <johnianEspial>wifeismTenses</johnianEspial>
      </inlying>
      <leguaBuskins quinia="reguard91" sendleFortisStumpy="298513">
        <swinelyZiraiTushies>4</swinelyZiraiTushies>
      </leguaBuskins>
      <spedDretchRecoups lhd="cowshut">
        <decider>outsinPlacean2</decider>
      </spedDretchRecoups>
      <hobbist flavineGamestSpinels="419">
        <manehTictacsLeora>recumbEntericPeeper</manehTictacsLeora>
      </hobbist>
      <knaw jeeteeDaubedJazeys="261" unavian="hunlike22">
        <thor>7270004</thor>
      </knaw>
      <yammerCompert>
        <unsay>nausetConuseeMontem</unsay>
      </yammerCompert>
    </paytLimbs>
  </smousLangset>
</wagedomIngenie>