<?xml version="1.0"?>
<maenadOhing>
  <megilpsTubfish>
    <tahaBuboedChloral unroll="unsnaps" damner="eiffelFleams">
      <maple>sepalsFartedUndeify</maple>
      <etamine glial="fanegasMiaePonera">
        <yesternPrue>haulerEdgar</yesternPrue>
      </etamine>
      <half>
        <bitterDodman>yexStimyAlchymy</bitterDodman>
      </half>
    </tahaBuboedChloral>
    <dirgiePhonoMommas>
      <scrowPlains>zootic</scrowPlains>
      <miseaseYarrowsVessel grippyBuy="decdBoca" tarrWentFoolish="ranked">
        <pionedJuneauMutably>273395335</pionedJuneauMutably>
      </miseaseYarrowsVessel>
      <hameliaConcite frozen="keefsCliona855" wifekin="bini">
        <jellyGrankSortly>bayletExpel</jellyGrankSortly>
      </hameliaConcite>
      <attabalRankersLimina subcaseUnvisorAnsate="uresisFareHawked">
        <catha>smokeho</catha>
      </attabalRankersLimina>
    </dirgiePhonoMommas>
    <nohexWooers>
      <trebled>repel</trebled>
    </nohexWooers>
    <nabalusMerope bawdry="kallegeLupulicLadhood887">
      <gove>24</gove>
    </nabalusMerope>
    <meseledPoncaCampho>
      <naledSwinked>dadapInvitalNavaids</naledSwinked>
      <clerisySivaismTintie impala="rehearAskanceBecrust" handbagDietedEricad="wagered">
        <consoleCakeOuttorn>badju</consoleCakeOuttorn>
      </clerisySivaismTintie>
      <isobareChanterLacunas>
        <nummus>bld</nummus>
      </isobareChanterLacunas>
    </meseledPoncaCampho>
  </megilpsTubfish>
  <rafe />
  <blashy chatted="cipherHilsah" />
  <swapUnposedAcetate snicksPinkifyPimola="khellin2329" umlauts="susceptUpframe">
    <undaily>
      <usuriesPathlet>itczeBrevi</usuriesPathlet>
    </undaily>
    <jankerVanilla intownAsteismEunuch="drusean">
      <lehiYahoo>paized29</lehiYahoo>
      <dolorsLobfig dimmishAllyouBolag="armloadJambesObvolve" testoneLychee="nitsWilliam">
        <cutlasMaunderFlossy>dewcup</cutlasMaunderFlossy>
      </dolorsLobfig>
      <apogeanRoanLoange>
        <drossel>10223</drossel>
      </apogeanRoanLoange>
      <plygainAfearRobins stamperJokerWon="drabbetPocketsRuswut" artletShairn="plotsPieingSnacked">
        <caulIonogen>assi</caulIonogen>
      </plygainAfearRobins>
      <nitres>
        <quop>ospreysElengeInfilm</quop>
      </nitres>
      <woadDeafest lura="shock39" weigelaRunners="coccidLimnedTrichy">
        <diorismCeasesAcetoin>platerSnools</diorismCeasesAcetoin>
      </woadDeafest>
      <potTriamid adoulie="teenierSladeChataka">
        <katatPegallUnglib>73311433</katatPegallUnglib>
      </potTriamid>
      <ricketsExceed sinaean="hamiltTinworkZaribas">
        <arianaRooters>smocksBecoomUnheady</arianaRooters>
      </ricketsExceed>
    </jankerVanilla>
    <higgles>
      <falcataWhiffleSises>qintar273</falcataWhiffleSises>
    </higgles>
    <polaccaDecernDonship>
      <kados>wimbleBouto80</kados>
      <joinsZilchesProrata>
        <recd>spiralsFocuserIdylian</recd>
      </joinsZilchesProrata>
      <restiff bizonesTingent="hospHumoral" mergersGilverGale="raun">
        <bruzz>tinilyBeltieCubic</bruzz>
      </restiff>
      <neckarBillieBodkins>
        <pampas>991225</pampas>
      </neckarBillieBodkins>
    </polaccaDecernDonship>
    <codeina>
      <upbuoyChmnAddends>subletMortierTense87</upbuoyChmnAddends>
    </codeina>
    <hopakToustieDeils>
      <yakutat>stating924</yakutat>
      <rerentCathead enemyLasiSuckers="hinniesRoutine" crisplyBannack="scaenaKalysis">
        <balatasStores>catgut</balatasStores>
      </rerentCathead>
      <gowland>
        <leavensWaddedDanli>wigglesNileEasy</leavensWaddedDanli>
      </gowland>
    </hopakToustieDeils>
    <thebaidDauriTowhees>
      <tritestRowty>termerCowlickMnium</tritestRowty>
    </thebaidDauriTowhees>
    <romancyLoop tidleyUpcanalHonied="soresGimps57" shicksaShamashRaspers="morwAsramaHikuli">
      <jaddedAfernanQuacks>seoulCoatsAerugo</jaddedAfernanQuacks>
      <kenosisAtedNutseed burls="29346" vetandaSati="noilerGrilsesDolabre">
        <styxianGawp>beennut</styxianGawp>
      </kenosisAtedNutseed>
      <machosFootman>
        <plumachKatsup>jarlsRaster1983</plumachKatsup>
      </machosFootman>
      <japishLenard>
        <retrialValve>96200212</retrialValve>
      </japishLenard>
    </romancyLoop>
    <overfeeTracks saggerUnsatedEnlife="5" sousingDribbetKuvasz="profaceSpicoseDrouks">
      <glamorTaxiedCooey>burialsChafeErgots</glamorTaxiedCooey>
    </overfeeTracks>
    <trinalBailedRehead>
      <unbowedJimbo>shrogsHotchaPedee</unbowedJimbo>
      <adductOffsetDriblet topos="scopulaSpewsSubpena" cobbedVogie="15226932">
        <quoitReferCuinfo>panhasMurdrumObtect</quoitReferCuinfo>
      </adductOffsetDriblet>
      <pageChichiEst>
        <armadoNuchalCully>wellingKilobarDrowsy</armadoNuchalCully>
      </pageChichiEst>
    </trinalBailedRehead>
    <repruneFrancoRustler>
      <glutterPlaidyPiet>carload</glutterPlaidyPiet>
      <casern>
        <waukit>frailes</waukit>
      </casern>
      <ecstasy fdname="hindu">
        <ariditySpinach>330</ariditySpinach>
      </ecstasy>
      <congoErupts arsoite="ronde" tastersStaired="cookyStudio">
        <cummersBoun>ojibway598</cummersBoun>
      </congoErupts>
      <sartain biologyWaterCoelar="amoyeseDemobs">
        <dap>yangtaoPrimly62</dap>
      </sartain>
    </repruneFrancoRustler>
  </swapUnposedAcetate>
  <thymierCloineLige sawan="avogram66" subbias="kickers" zurichHisisDiktat="bedeStiffenSparage" />
</maenadOhing>