<?xml version="1.0"?>
<bashlyk>
  <yaks inglesaLycodes="borsHuggle" helleryCilium="commataBowlesCutes" argalsSepiaeHuffle="agoutiNinthlyBinnite" />
  <hemipicPielumPean silosGuaribaSlobby="urningBelayed" sclent="8" clown="gosainDarnedLemming" />
  <goyimPorionsLooney euscaroReginaAliner="naomiSiltingEnnuied" />
  <bandogs nabbyGelsWhomble="fanamPahlavi">
    <yestyIllumedWrecker etagreEnrolleShelder="47685" beclasp="urbs" fyceAmpul="60080">
      <aseptol>plovery</aseptol>
    </yestyIllumedWrecker>
    <kangla kelpedGiggles="stobbed9561" amagaMispay="tafiasCamanUnduty" banghyPeebles="sugiAlaki">
      <oughts>kiddy</oughts>
      <colonel>
        <wetbackMidlegs>16532</wetbackMidlegs>
      </colonel>
      <medinaGobelinExudate naggyManadaCoronas="copei">
        <pilfreBlames>pienaarGigues295</pilfreBlames>
      </medinaGobelinExudate>
      <oyanaTwiscar scurrilDiarist="sapele7" doolfu="eprosy">
        <piecersBanus>mazdur</piecersBanus>
      </oyanaTwiscar>
    </kangla>
    <blendesTotoaba>
      <mulemanFluxerWirier>pimenta</mulemanFluxerWirier>
      <tickled>
        <luntZeidaeEgglike>crimineNandina</luntZeidaeEgglike>
      </tickled>
      <gestaltGledesKenno tamilicHedgebe="sneeryChairLucilia" literVent="repound">
        <toitoiHallowsExtbook>reaumur</toitoiHallowsExtbook>
      </gestaltGledesKenno>
      <campi kulimitNebaliaSwarve="xenomiSeptal">
        <conventApraxic>annuityRectumUvular</conventApraxic>
      </campi>
      <ambriesLeewan nandinTone="diarian">
        <discure>9073</discure>
      </ambriesLeewan>
      <tiddy curtalsSherdMaythe="pantoMonthlyMaxim">
        <hostel>cariole</hostel>
      </tiddy>
      <footsy delvers="garringUkes">
        <inlard>poodler</inlard>
      </footsy>
      <waistNeedsShoq>
        <pacquetBoughtGlomera>whistsFogeys</pacquetBoughtGlomera>
      </waistNeedsShoq>
      <milner mopokePlang="gomerecJahvismApsis" gislerHookierAgenda="wayakaEerierGyred">
        <siliconSorraEarners>melodyUsancesStarkly</siliconSorraEarners>
      </milner>
    </blendesTotoaba>
    <sneds>
      <goodie>2</goodie>
    </sneds>
  </bandogs>
  <sansarsPavois />
  <peckful>
    <clearlyButomusDeashed>
      <redugRescan>93</redugRescan>
      <unbosomDurhamHerbist swarmedVerminCroupon="apa" gadsoMeldedToywort="inspectPowitch">
        <curari>killeseOutlawsCardial</curari>
      </unbosomDurhamHerbist>
      <potboy>
        <justNatives>772</justNatives>
      </potboy>
    </clearlyButomusDeashed>
    <zenonicXerotic>
      <fbiUnrivet>shamusDyakishRussula</fbiUnrivet>
    </zenonicXerotic>
    <reemOlivier>
      <costeanScards>buhr1</costeanScards>
    </reemOlivier>
    <litch chokier="dementWroughtAwnings">
      <lepadidKeblahTsks>9933</lepadidKeblahTsks>
      <oilwaysFunbre>
        <fluxedMuttsSardel>agynary</fluxedMuttsSardel>
      </oilwaysFunbre>
      <soarersReprBodily amenite="riflesPreeSauch804">
        <tarsomeUnliverPrint>7365</tarsomeUnliverPrint>
      </soarersReprBodily>
      <preludeWordishAtweel semitaSnacks="morello">
        <banchiGriffin>9062972</banchiGriffin>
      </preludeWordishAtweel>
      <suzuki>
        <weedful>nubbyMoulten</weedful>
      </suzuki>
      <europaHameilFizzes>
        <lustralButylsAmanita>kildeeSalvoGarbell</lustralButylsAmanita>
      </europaHameilFizzes>
      <wedged>
        <almoignLargeBoutel>deaderBewired</almoignLargeBoutel>
      </wedged>
      <wavilyPremake midship="8123411" hafters="acroterAlbion">
        <corebox>cicone</corebox>
      </wavilyPremake>
      <allenGlochid rhizinaPinnateSwamies="troke" georamaSagGummage="layered79">
        <boneDisaLacquey>bollyFinalisRedhead</boneDisaLacquey>
      </allenGlochid>
    </litch>
    <clobberCorsets alfred="scullSimile" trumpetAgistBrulzie="zati" trokeReversi="nuzzleFulgurRemorse">
      <skeer>rickeys</skeer>
      <beveler taverns="91849616" pyaemicUnpins="cageful">
        <seisorMiddes>57</seisorMiddes>
      </beveler>
      <laccicSuaharoSulung>
        <nautherChamiteHaircap>seedsGlaikitMoravid</nautherChamiteHaircap>
      </laccicSuaharoSulung>
      <toltecLariidVascons askantOerstedTarget="bozzeAgamidEncraal">
        <aliener>flewUnhideSahibs</aliener>
      </toltecLariidVascons>
      <sloked sereneDoz="sedatedWhole" wishmay="8751941">
        <ute>imbosk</ute>
      </sloked>
    </clobberCorsets>
    <morsingMegergJosser>
      <ephodsEaringsAppeach>bulseWavilyPhrase</ephodsEaringsAppeach>
    </morsingMegergJosser>
  </peckful>
  <dariusBeslab smart="coopReguideSerpent401" chartedSways="gulfed" crispinParterBiolite="43" yomin="swayCunzaCookout">
    <fixedlyRoomiesHammock replay="10596" warilyOutcastRevets="postalIfree">
      <theeDustrag>55542</theeDustrag>
      <darnixGladii fightsCowanGoatish="yarke" seamySwags="firmans">
        <ginep>88</ginep>
      </darnixGladii>
      <reclear>
        <recipesMufflin>qophAspires</recipesMufflin>
      </reclear>
      <styraxDap cembaliTripal="quarleDittany" raretyGaol="pogromSansi">
        <livablyWainmenMains>unselfRechip</livablyWainmenMains>
      </styraxDap>
    </fixedlyRoomiesHammock>
    <brestOustitiAsprete>
      <whoopsApozem>alypine2004</whoopsApozem>
    </brestOustitiAsprete>
    <synesis>
      <catingQuanZeed>ankusha</catingQuanZeed>
    </synesis>
    <polingHabusPayola>
      <arsheen>glinted</arsheen>
    </polingHabusPayola>
    <cabs justlesKissyWraf="goldish">
      <alonsoaGansey>sazen</alonsoaGansey>
    </cabs>
    <senFeuteNobled>
      <campers>allasch</campers>
    </senFeuteNobled>
    <spieler hangsIambic="cecaApalitDecant" backer="shutoutPattUprouse" oughtMaligns="supposGrisset">
      <bossyStudiesTrouts>breachEnwomb</bossyStudiesTrouts>
    </spieler>
  </dariusBeslab>
  <pirojkiCopouts />
  <cubeAlkoxidSnabble aswailPudda="madame" cleped="keap" brayeSwingedDoozies="1" wearAdelopsMuting="foiblePrimulaAnalgen">
    <oddnessMokes winbrowEpylliaWoilie="11688" nudgingOatland="sonship" ruskTckThigged="naimSpinet">
      <helmedPilaued>323984</helmedPilaued>
      <metalerHomburg altin="caufleJainistFoozled" crambosTarrock="939333">
        <cocaineOxan>trinedFoozles</cocaineOxan>
      </metalerHomburg>
      <emerseTawpie dolusUnpacedBiscot="7" scuftClasherSlosher="insurgeObliqueEnnuyee">
        <aeonian>292</aeonian>
      </emerseTawpie>
      <fallersKentSnooped aesopDybbuks="hapQuoth" idyllicAvernusAbroma="10636">
        <algodonEnoughGratia>houser</algodonEnoughGratia>
      </fallersKentSnooped>
    </oddnessMokes>
    <vowsonRibhus>
      <inteindLapinForepaw>munster</inteindLapinForepaw>
      <lisper ahuatleCalixCepous="crakowSaludNoir" mothers="heiredSulked5897">
        <hideoutParrahBudgy>lapies</hideoutParrahBudgy>
      </lisper>
      <snorty>
        <massoyExurb>74774025</massoyExurb>
      </snorty>
      <valeweMattoir upworkOxy="iodizes7327">
        <dottrelBeira>ciguaTourte</dottrelBeira>
      </valeweMattoir>
    </vowsonRibhus>
  </cubeAlkoxidSnabble>
</bashlyk>