<?xml version="1.0"?>
<mootAmlikar>
  <wangles equaledKelpies="gallyLoses">
    <augiticPatgiaTactite>
      <infundSoniouUnesco>incises</infundSoniouUnesco>
      <epinaosFoodfulFew headpinCurCattery="pokieSquail">
        <hoarGulfsPinole>clasper14</hoarGulfsPinole>
      </epinaosFoodfulFew>
      <touristNacket>
        <bahadurWannestBobbled>obtuseArmoric</bahadurWannestBobbled>
      </touristNacket>
      <antickThermsPrinks bobbish="drearly">
        <tucks>waasi</tucks>
      </antickThermsPrinks>
      <puckaHendly>
        <tombalBibbler>69320148</tombalBibbler>
      </puckaHendly>
    </augiticPatgiaTactite>
    <wribleOhareAbede>
      <metochy>helplyPlacateBrick</metochy>
      <kaphs>
        <arrivesSexipedMolies>neverAgendumStokes92</arrivesSexipedMolies>
      </kaphs>
      <bureleKabard atake="simlinPendaMaraud">
        <dismalsRupia>35905</dismalsRupia>
      </bureleKabard>
      <sievingMirly guffaw="1">
        <selahFrabYakka>isopodaTeleph</selahFrabYakka>
      </sievingMirly>
    </wribleOhareAbede>
    <deciderLugsome>
      <dykage>3170398</dykage>
      <ketatin carmineBenaTche="9742" flaxierArcane="859711">
        <yarkeBargh>apraxiaWains2916</yarkeBargh>
      </ketatin>
      <fakesModistZapupe>
        <pavinSardana>filPataque</pavinSardana>
      </fakesModistZapupe>
      <hylistNatrix>
        <aspiresMucusesAlike>ugandanScapingDozzle</aspiresMucusesAlike>
      </hylistNatrix>
      <pommiesTovet epulo="32" uprootVaudiosAllene="sirenicSmellie">
        <josserBygoing>cubicsRepaidTracers3</josserBygoing>
      </pommiesTovet>
      <beachy kirnedDonees="bespillUralite2606">
        <calandoHelipadPermix>81</calandoHelipadPermix>
      </beachy>
      <custody lisbonAdawe="quercinMantramBtry9641" turkiElliotCroaker="bogies">
        <handily>salianWheys</handily>
      </custody>
      <widdersFlowageTampan daubier="vaporedHidingDislove">
        <waxing>bellota</waxing>
      </widdersFlowageTampan>
    </deciderLugsome>
    <loungerNulled>
      <pliancy>bopyrid</pliancy>
    </loungerNulled>
    <speaker>
      <regnalCalendsDiscase>amplestCleeky</regnalCalendsDiscase>
    </speaker>
    <audientKunkStitch>
      <scrolar>makersNestsArdoise</scrolar>
      <bidriCertoseAcrose leadinDehornWurmian="1" lecythCarcassUnwinly="murdersSappier7">
        <cebian>854</cebian>
      </bidriCertoseAcrose>
      <updrink>
        <reuseDiaxone>thaminIrvin</reuseDiaxone>
      </updrink>
      <eyrant nirisSchmeerBursula="palmCobby">
        <fadgeMeowAntipot>perdieSharpie</fadgeMeowAntipot>
      </eyrant>
      <devGowlUberous chorismTrines="camisas" traitorChon="copitaHostessLetches">
        <defeaseVicious>requiteCultismGilty</defeaseVicious>
      </devGowlUberous>
      <vocabBlottedPagina>
        <solids>sherpaCubansSaddled</solids>
      </vocabBlottedPagina>
      <bulging dogrib="95743">
        <chulhaCummers>dowdierSpeight9546</chulhaCummers>
      </bulging>
      <charnel craniaSlubbedDratted="wombedRingmanBahaism" parados="ratal62">
        <revolt>cohueOutriveSutural</revolt>
      </charnel>
      <cowardsDefraud joulean="muletasLangkaYeni">
        <sextetsUsings>12618984</sextetsUsings>
      </cowardsDefraud>
    </audientKunkStitch>
    <sookeAntisunEmbrew>
      <hagiaBedrail>1182</hagiaBedrail>
    </sookeAntisunEmbrew>
    <phyticLuger alpaxRedates="pfx6711" talcsDefiantGenial="barmieAtypic818">
      <creaght>804</creaght>
      <curney teacupsSakersOouassa="oddnessSimulFetters" oca="eagerRushed">
        <prionidFusoidBoun>unvoiceGiggeLamel3857</prionidFusoidBoun>
      </curney>
      <missangResaleMall>
        <jodelr>gradingNevadanPotpies</jodelr>
      </missangResaleMall>
      <flaredSocmanSeroot examen="yawps">
        <hootingVino>636</hootingVino>
      </flaredSocmanSeroot>
    </phyticLuger>
    <sarcura>
      <seining>116</seining>
      <bythHougher bureaus="naio" castral="tomkin">
        <thaiAtingaSols>ruminaComitia</thaiAtingaSols>
      </bythHougher>
    </sarcura>
    <bombaxDansyHadjes>
      <muletas>kankie</muletas>
    </bombaxDansyHadjes>
  </wangles>
  <gratRuchesJujuist pencils="azilut" lucrine="sapphoAgaty" pearFiquesMysidae="baches8">
    <pondful gratten="4150737" altair="shawledComdgScalf" fossulaMopiest="assoriaWincer">
      <apiaca>sufficeVeined</apiaca>
    </pondful>
    <putherNudismSamekh>
      <gagaku>openOuteate36</gagaku>
    </putherNudismSamekh>
    <hectar>
      <apluda>cubismsPallid</apluda>
      <acop>
        <cogroadWiggle>orra</cogroadWiggle>
      </acop>
    </hectar>
    <dye>
      <eyeseedGypeUnbraid>moulinSlidden</eyeseedGypeUnbraid>
    </dye>
    <gelable esseda="stalledRiskers" refect="performHinoidBigotry">
      <caresErugos>throngCaketteItylus3</caresErugos>
    </gelable>
    <grooper>
      <yumHelmetsBecater>250</yumHelmetsBecater>
      <synchedTraced kuttaurGalopinMelas="57135822" specksCroquis="7123">
        <berk>teleiOannesKiyas</berk>
      </synchedTraced>
    </grooper>
    <pisan>
      <browsedDebagCubbies>tassies</browsedDebagCubbies>
    </pisan>
    <juggledMasookaBundled>
      <joined>denuderEpochsCarcake</joined>
    </juggledMasookaBundled>
    <swipedCatwalk>
      <ptosisKobird>sinopisFoinOutpass</ptosisKobird>
    </swipedCatwalk>
  </gratRuchesJujuist>
  <circutSpifPartie>
    <aidmenPlodder>
      <flavoneGoldeyeSmirk>fichus</flavoneGoldeyeSmirk>
      <mixupsPurfle>
        <rungsEgestedMeseems>gieingFelup</rungsEgestedMeseems>
      </mixupsPurfle>
      <commendHotchedBaisakh pallsHasletSkivie="teapoy1268" shankerAcetylsCoopers="917">
        <repaves>alumish</repaves>
      </commendHotchedBaisakh>
    </aidmenPlodder>
    <genrosFadge spasticUnhard="84360003" marquesPeeriesFanos="fogieBoggard" bidar="baldenMelonry">
      <pitaya>yeoGlue</pitaya>
      <goalageCanidsNitrous claviol="gogo" encheck="wajang">
        <itys>pulleryBravedBambos</itys>
      </goalageCanidsNitrous>
      <peakBassineEstrins dayglowVendis="craiseySalons1053">
        <nayBrasilsTonnes>outviedFlumpsRegalia</nayBrasilsTonnes>
      </peakBassineEstrins>
      <nickerAethusa>
        <shirkyTolseyConsol>encupDuncan123</shirkyTolseyConsol>
      </nickerAethusa>
      <mockageTropate bustMellsNis="jarlessGave" quahaug="cariedDentaleSumage8">
        <andreasGraine>soricidOvenmanFussier</andreasGraine>
      </mockageTropate>
      <ouranosMussels puffyFoursPileum="pudge867" parotisUnsizedCrany="daimiosTribFlatted">
        <grangeCanines>37236515</grangeCanines>
      </ouranosMussels>
      <bogsGenipWunner>
        <tellers>lhb3161</tellers>
      </bogsGenipWunner>
    </genrosFadge>
    <piraguaVowels>
      <valorsPaw>functorSurmaRouting</valorsPaw>
      <algosisBleats baftah="claptWhereerQuartet">
        <cobnuts>parings</cobnuts>
      </algosisBleats>
      <claristSlape uncurbs="boistCaprone">
        <begeckEmicate>inarmsAubrite</begeckEmicate>
      </claristSlape>
      <oraches rsumWyes="blowupPirogen">
        <dyingsMiliaSockeye>rotiferBleaty</dyingsMiliaSockeye>
      </oraches>
      <carkledBeroe>
        <puds>almonryDoddy</puds>
      </carkledBeroe>
      <setworkCollab etiam="gerbSpots" jojoba="retellBowkerHundi">
        <hireArmyAcre>iatric304</hireArmyAcre>
      </setworkCollab>
    </piraguaVowels>
    <pikeyRagtags katik="dormantHawiya">
      <sagbutsBocasinAnion>geyserSpahisValued</sagbutsBocasinAnion>
    </pikeyRagtags>
    <hapalePetcock>
      <sorbol>roguySeedbed</sorbol>
      <byroads>
        <calzoneNubbled>manus</calzoneNubbled>
      </byroads>
    </hapalePetcock>
    <italaComates>
      <ravenedCantdog>51299</ravenedCantdog>
    </italaComates>
    <beloamReglues>
      <bezilProve>7</bezilProve>
      <asheryTubbish>
        <uncousHuerUndeck>choughKills</uncousHuerUndeck>
      </asheryTubbish>
      <enwombs glacify="deposesRarefy5663" engagedAbbrSpliced="burrowNowther">
        <tsineFerulasKava>avanceSicca</tsineFerulasKava>
      </enwombs>
      <assaySeam>
        <eskerSwinges>endower8</eskerSwinges>
      </assaySeam>
      <studdedOralist>
        <cuddiesAnanter>hemoid</cuddiesAnanter>
      </studdedOralist>
    </beloamReglues>
    <yawny>
      <roxburyWoaldOxalis>quiraOverbig</roxburyWoaldOxalis>
      <estrinWyethiaGavyuti>
        <vitrousSizy>76</vitrousSizy>
      </estrinWyethiaGavyuti>
      <beflagsWatery>
        <creeperNoserWindage>tunicleMormyrAbulia</creeperNoserWindage>
      </beflagsWatery>
      <rockerUntewed>
        <fustetDerriesGewgaws>brewersBicesIctuses</fustetDerriesGewgaws>
      </rockerUntewed>
      <yar pratey="orlage">
        <capsaRefuted>rosel</capsaRefuted>
      </yar>
      <rusty>
        <smokeryShrimps>quislePinangs</smokeryShrimps>
      </rusty>
      <edh shoeboy="484046329" sapsapPornEnos="coluber">
        <mikadosKueh>aparejoGamble90</mikadosKueh>
      </edh>
    </yawny>
    <armil scorserHumbles="ticeAdrench9811" shfsepWittolHuarizo="gudes">
      <goofed>dorlach</goofed>
    </armil>
    <bon deniesBegripeGossan="9065474" sicklesGruntleBroid="dote" kumysMatres="maniva">
      <upstepsPupulo>209</upstepsPupulo>
    </bon>
    <drepaneGoboesMordent unrootDeadishJocund="baboenWiggledOpera" lackeys="unboggyHung">
      <disbars>vie46</disbars>
      <aphemia>
        <fecksIbidiumDelilah>7843</fecksIbidiumDelilah>
      </aphemia>
      <wingtipNicaean phoniesBankingCritize="43934">
        <mikvothSpreedOxyurid>mailboxRummeryFields7</mikvothSpreedOxyurid>
      </wingtipNicaean>
      <releap>
        <tubeman>963776</tubeman>
      </releap>
      <tramalFlookDonator>
        <rockies>439540551</rockies>
      </tramalFlookDonator>
      <barrerLasers ammi="cenobyRail">
        <surhai>copistCapataz</surhai>
      </barrerLasers>
      <haikai insureeCogitosHathi="blatherRiem" ticunan="kotukuMidweek24">
        <fele>granateDecimalDigging</fele>
      </haikai>
    </drepaneGoboesMordent>
    <dallesAntsier>
      <poisure>bepinchNeedled911</poisure>
      <hijackFalconAirhead>
        <claver>175</claver>
      </hijackFalconAirhead>
      <kistsMim>
        <seepedMpbsDols>skeeredArroyo</seepedMpbsDols>
      </kistsMim>
      <moralerOmmiadFosie>
        <ravins>cesser</ravins>
      </moralerOmmiadFosie>
      <curaRandleDens glaire="sitarBlueishKukeri">
        <kotosIringHersir>electraExample16</kotosIringHersir>
      </curaRandleDens>
      <polaris muridsRegift="melissaKvarnerDayment" chouan="2">
        <philol>boozingRaun</philol>
      </polaris>
      <laboursRapierTatoos>
        <repleteTyphusMaza>foehnSploshMangi1</repleteTyphusMaza>
      </laboursRapierTatoos>
      <lasqueOnlapHirable>
        <payeny>spidery</payeny>
      </lasqueOnlapHirable>
      <boogerBewriteKerrias>
        <bowledHoped>hoped21</bowledHoped>
      </boogerBewriteKerrias>
      <audaeanCastingGhast>
        <stealerBosslet>10455777</stealerBosslet>
      </audaeanCastingGhast>
    </dallesAntsier>
  </circutSpifPartie>
  <effendiStygian reshapeArikara="cloppedSapped4" spathed="abigeiSlangsCares34" morishDirtier="963" princodCruorWaxed="shapenVowsRouge2">
    <trickyPremiaPtarmic bummedZanteSunns="parous22" cozenerAbaskBetitle="cahowsFusionConner">
      <meioMesa>minksSimpers</meioMesa>
      <puffingIsogonsBasking ralf="stonk" rehoneQuayfulGemmula="582234">
        <raviney>durum</raviney>
      </puffingIsogonsBasking>
      <hedgersHouris lessn="wadedKitharaLibra" branta="spinorsSlobbyMoter">
        <suersVappaBumwood>labroid</suersVappaBumwood>
      </hedgersHouris>
      <anaryaOptima>
        <snedsMallearBattle>unweft</snedsMallearBattle>
      </anaryaOptima>
      <fusee mxdLipins="trothed" agendaHaetSeaward="ironice454">
        <kutcha>jibbaNewishRotular100</kutcha>
      </fusee>
    </trickyPremiaPtarmic>
    <hoiFrillerUranism>
      <laith>sunweedManjack</laith>
      <blip purrahFallalsLimbie="coopReawakeTangly94" maanaSquareStoorey="floryWanganSturble">
        <easternTummyAbaue>bedownPelides9</easternTummyAbaue>
      </blip>
      <saurianCalcium scritHullingDuci="spiremScyeRenule">
        <pyrrhusZaburro>tyringEenUncles</pyrrhusZaburro>
      </saurianCalcium>
      <pickeeIxiasTaplet indict="fugient">
        <scaselyAffair>aroynt</scaselyAffair>
      </pickeeIxiasTaplet>
      <vertexFanionsFeasten fiques="904">
        <ilionJettiesRation>sarlyk10</ilionJettiesRation>
      </vertexFanionsFeasten>
      <gladdon>
        <islotRibandsGips>6798541</islotRibandsGips>
      </gladdon>
      <flying unthickRhumbsBonce="93" hymens="meseled">
        <ageismsJolted>wirosRibandGetters</ageismsJolted>
      </flying>
    </hoiFrillerUranism>
    <couthie chumpyUvala="rancel" scilGrandeBambini="tupaiid" scoloc="curranPurreicMocks">
      <scamler>amirayJew</scamler>
      <dynastPlacoid minnowMandala="anight" tubfishPatioZones="amplect">
        <pulled>19653</pulled>
      </dynastPlacoid>
      <inlook>
        <unteachLinageArgots>gaucheIsonomyEmulate734</unteachLinageArgots>
      </inlook>
    </couthie>
    <cesses>
      <dotlessFummle>idonealAlgates</dotlessFummle>
    </cesses>
    <nursingPirogueBatons>
      <triune>hardPonto</triune>
      <icteric>
        <oitavaLinger>4</oitavaLinger>
      </icteric>
      <petrean unbow="voiding" blok="nongameMusar">
        <fonlyDiccon>aprioriMalkiteChoriso</fonlyDiccon>
      </petrean>
      <octects haitianBatterJobarbe="struts" rental="bawlsRagwork">
        <adoniadBrigElapid>815842</adoniadBrigElapid>
      </octects>
      <lichee>
        <racemicLipletWicked>logris</racemicLipletWicked>
      </lichee>
      <ketimidBezzleCibols equitesPercentFeu="preheatSerbSimia">
        <azraelDually>jaspeHogan</azraelDually>
      </ketimidBezzleCibols>
    </nursingPirogueBatons>
  </effendiStygian>
  <andingWastine cecum="895087">
    <taring>
      <pawkRoomletApersee>8823535</pawkRoomletApersee>
      <scotistChaver upthrewPrahuFoul="jambedGyrene">
        <abaisedDress>regma9824</abaisedDress>
      </scotistChaver>
      <misrely schrikPalealRamlike="bruitedIndole" imposerEruca="casaque">
        <couldn>lived</couldn>
      </misrely>
      <sinite unrigid="bailage">
        <whipsOdistVixen>dumpyLarrupsYaourt3</whipsOdistVixen>
      </sinite>
      <hecte>
        <perusedGynuraLevancy>bensallJounce</perusedGynuraLevancy>
      </hecte>
      <animals>
        <laich>engoueUnnose</laich>
      </animals>
      <yarningChalanaCraven cloner="yauldNourishMapper">
        <kondeMucin>licheeAchape</kondeMucin>
      </yarningChalanaCraven>
    </taring>
    <gocartMongoes>
      <bighaExactlyWhoring>fujisAnana</bighaExactlyWhoring>
      <cockishSnyes kalmuk="67786">
        <unneedyBasally>biddies</unneedyBasally>
      </cockishSnyes>
      <decoic arrowedGweeon="rotuletToral" newsy="itaubaTabularScanter">
        <wergelt>inutileStaddleHolibut</wergelt>
      </decoic>
      <annabel duliaPresealOuteats="unfired" bhutanFurrier="1407311">
        <amarth>upthrowMossesHumour</amarth>
      </annabel>
    </gocartMongoes>
    <roundup>
      <longpodOsirifyFreith>90514788</longpodOsirifyFreith>
    </roundup>
    <gaynessBilksStatist>
      <noelsHighs>inomaGiveGleyde159</noelsHighs>
      <scarabGrant wamefou="graemeBenelux" cahuitaAmirsGuld="85623605">
        <prioriVarusesVent>uphelya5</prioriVarusesVent>
      </scarabGrant>
      <wob unsawed="petri" during="beauish">
        <krapinaAppuiPercur>clayey</krapinaAppuiPercur>
      </wob>
      <tickets perceptFolkwayHoi="mhgCreneleNicht" glomeraNonbookPiranha="itoubou">
        <causey>styroneKickierBasoko</causey>
      </tickets>
      <vimRoseine>
        <dolores>imprestAlchera451</dolores>
      </vimRoseine>
    </gaynessBilksStatist>
    <belliMauveExulted ghillieArenasStimies="sequaWhipsawCharta" zamarroDawtetArmy="punchedFrenzicDackers" unfieryConure="pandore">
      <ketchup>patySynodErasure</ketchup>
    </belliMauveExulted>
    <demandsChapel>
      <queetMeltsSepaled>39</queetMeltsSepaled>
    </demandsChapel>
    <biggyBasidiaWifelet yeddingAluminCarnet="baggierKamseenCloky" crain="retiralRebornGives451">
      <almasBacileOpimian>propinePamment</almasBacileOpimian>
      <attaintTipuraDuckish aukCygnid="mortonDheriTweed" yad="bedownRearii">
        <jibing>readilyAmagaGunge</jibing>
      </attaintTipuraDuckish>
      <lewdly koldaji="crepesLam" enhalos="typhon">
        <seabeeUranateShankar>chantey</seabeeUranateShankar>
      </lewdly>
    </biggyBasidiaWifelet>
    <accumb subunitAcreageCollage="reposedGlarFloret797" aggest="webworn465">
      <nuttedTriunesTerron>gugletCutitisBoccie</nuttedTriunesTerron>
      <hunchedMustntFoe gnathic="338">
        <shaperPhasemy>baumier</shaperPhasemy>
      </hunchedMustntFoe>
      <tabuRoelike>
        <axoniaMoggioRaggled>beweep</axoniaMoggioRaggled>
      </tabuRoelike>
      <stall smilerTsurugiBumboat="sittersEnalidVoeten">
        <vernileDock>erectlyMeiosis</vernileDock>
      </stall>
      <van>
        <torahs>nauntPalpon</torahs>
      </van>
      <gondAzoteaCeramic recomb="7349695">
        <refellChuana>madrihPermixSkypipe8</refellChuana>
      </gondAzoteaCeramic>
      <buretteWincesSur mommiesHayward="spirantSkying534">
        <puna>obs</puna>
      </buretteWincesSur>
      <begadSnoolsGutium banglesWore="748574" bigaMezcalLacunar="novasTestor">
        <source>stowceNyaya</source>
      </begadSnoolsGutium>
      <buttony walkieCoinfer="faunasPyrulaIntines" insidesSpavins="40">
        <carolanSmartyCatties>lurEryx</carolanSmartyCatties>
      </buttony>
      <helioOrgicDelice remark="dagobaTowny">
        <delireBigAlpiste>505</delireBigAlpiste>
      </helioOrgicDelice>
    </accumb>
    <houdah>
      <dormsBlea>452186678</dormsBlea>
      <unsnaky georgieSetters="entheanEpigeum">
        <inshoot>pedataSaguing2</inshoot>
      </unsnaky>
      <yukon daredCymblin="sabalosAddaxes" muons="cobbin">
        <disjectFilings>8419695</disjectFilings>
      </yukon>
      <bonasaCarped piaroanCeriteThob="bonusSaquaro" mantels="ploceusShambleGer">
        <zeroesDadayagElvis>40</zeroesDadayagElvis>
      </bonasaCarped>
      <lakmus wilgaWaacVats="brevaFacePatens" ignitorCoshedTurkish="1">
        <grooperVibist>pon</grooperVibist>
      </lakmus>
    </houdah>
    <chanco>
      <hutuktuHeady>setnessEvenly5</hutuktuHeady>
      <erodesPinda pore="fobbing" elks="sonarBrogh">
        <surfeitStrae>queuerFoible</surfeitStrae>
      </erodesPinda>
    </chanco>
  </andingWastine>
  <sillierAscus zoonomyBoccis="693595774" imbuedLodeman="wrathyAlps18" rebrewAmbachKaons="batMonday" axtreeIndexes="audad2" />
  <kickoutGutling darns="serbSneathe" entrecCosedGoiters="45732" mustify="equinalBordersWampish" storge="tilaksDarreinBes">
    <estivalSyddir>
      <ideeForhooyScatty>766</ideeForhooyScatty>
      <trowedMorphoSwamper bistres="2" irwinAlpheusDiter="bimboesPucker">
        <glostsClodded>6140</glostsClodded>
      </trowedMorphoSwamper>
      <trent galoresCoitureJustice="valorsSesamumPearly">
        <carboRexLimacea>smite2264</carboRexLimacea>
      </trent>
      <tuwi>
        <slidedFlu>5297949</slidedFlu>
      </tuwi>
      <hebeticTjenkalAborad tailageSparkedFigs="anural">
        <puts>adonStuboy33</puts>
      </hebeticTjenkalAborad>
    </estivalSyddir>
    <ravish>
      <amadanRochingReinter>tartlyRefutedLater</amadanRochingReinter>
    </ravish>
    <brawnsWyle>
      <elding>doddie</elding>
    </brawnsWyle>
    <skiddoo>
      <wallopsJemble>biolithCrevass</wallopsJemble>
      <drabaFummel wardMoarianDicots="church">
        <bonoAccreteIncut>dentalBaryteRungs3639</bonoAccreteIncut>
      </drabaFummel>
      <curragh>
        <navaid>395</navaid>
      </curragh>
      <ethideTouraco folacinMaddockGorling="tasbihEpicly">
        <longer>bowable</longer>
      </ethideTouraco>
      <stourSabbyMirvs oatmeal="takingsAedesTaiyal">
        <railcarGoulashBocce>cotoPeags</railcarGoulashBocce>
      </stourSabbyMirvs>
      <mixture waipiro="sepsineBobeche">
        <snottyAlooseUpflow>sigPurusha</snottyAlooseUpflow>
      </mixture>
    </skiddoo>
    <syndocMarwerAbought wasabiTapers="soekoeIndef" methidRafe="6" juglansOwnedAronia="insula">
      <ratsNongreyMorrhua>alkesPinrail</ratsNongreyMorrhua>
    </syndocMarwerAbought>
  </kickoutGutling>
  <juicing squails="introsZillionWilli" cuchia="ferri" />
  <loosTubbersAlcogel>
    <endazePhilosFatcake>
      <slightySclaw>raidsConli</slightySclaw>
      <tawie bablahSarah="ragesHaloids" sassakSherifi="771">
        <warthogKauri>368699203</warthogKauri>
      </tawie>
      <lingoes unsharp="tougAikuchiHewgh" renner="aysBadious">
        <boscNavally>sardiusRohanSharers6</boscNavally>
      </lingoes>
      <lapsersLingoum coontie="butanesCaseful" chaceSmerk="limaceRondelCuriosa326">
        <pigsneyPayongDecares>seghol</pigsneyPayongDecares>
      </lapsersLingoum>
      <owllikeEnvine>
        <briardsSlice>pooling</briardsSlice>
      </owllikeEnvine>
      <liesKerslam>
        <dreedAmoraicDulias>305045</dreedAmoraicDulias>
      </liesKerslam>
      <unplumpAzygoteUpgazes crumby="foliumIrefulClach">
        <maroons>loppet5</maroons>
      </unplumpAzygoteUpgazes>
      <moduloSpektShavers besiegeSowarryAlai="weensIdest">
        <hiate>4087243</hiate>
      </moduloSpektShavers>
      <vaseletTootsy gallootSports="bedralRubbleMixing" chudderAlgodonBeleapt="jinjili">
        <fundicMontemShadily>40533</fundicMontemShadily>
      </vaseletTootsy>
      <murralMsecBomos ohioanYeguitaBuckie="etypicReplaceClaggum" weemenMergerThaness="amnesicGamelin87">
        <queyPronplMarmota>lyreman</queyPronplMarmota>
      </murralMsecBomos>
    </endazePhilosFatcake>
    <lounge sadismsLatinic="leanlyAchar" sneeredTitlarkFopped="teco">
      <bandhorThirlsStypsis>arousal</bandhorThirlsStypsis>
      <blouseTiphead>
        <cruellyMotetusAltica>barid</cruellyMotetusAltica>
      </blouseTiphead>
      <noncon>
        <exempliSirkiEndymal>46904940</exempliSirkiEndymal>
      </noncon>
      <bicorn pickmenBoysDrumly="polaridDialkyl">
        <thrill>remoteMusingAdonean</thrill>
      </bicorn>
      <skilderSlainOkay eyessAiolis="440298">
        <lutewayMantesShaslik>8492</lutewayMantesShaslik>
      </skilderSlainOkay>
      <kinemaMyrtles marquisDiscide="wheesht2">
        <quader>sarsars28</quader>
      </kinemaMyrtles>
      <drewSalmary>
        <broil>lockupsAblated2614</broil>
      </drewSalmary>
    </lounge>
    <prahm venture="strider">
      <gipser>scrivan863</gipser>
      <fanVolans genarchTaxiway="rinceauPropagoScrolar3">
        <manger>hattiFathead</manger>
      </fanVolans>
    </prahm>
    <anonadTelomic quislerWynne="intrap" varkasRat="melinaeLippy" neeld="243">
      <squacco>dazzlePotentyFidge</squacco>
    </anonadTelomic>
    <teslas dater="miskill" gadidsEnamdar="yawnerNeck">
      <fangyGlazing>sextsArerolaDecider</fangyGlazing>
    </teslas>
    <sigStifflyRuckle>
      <jarsfulApheses>ventrad</jarsfulApheses>
    </sigStifflyRuckle>
    <sassabyTorsten dominoMatzosPacu="pockedDizdarSuomic6" noshIlluderSecerns="rameanOxazineJabots">
      <gyppoSibberAppeach>fails</gyppoSibberAppeach>
    </sassabyTorsten>
    <materiaBatekesMossed>
      <appiusIowanGruffs>bepray</appiusIowanGruffs>
    </materiaBatekesMossed>
    <diveToolsi>
      <pepsi>chevyLevanaSelfful</pepsi>
    </diveToolsi>
    <tormaGrantia baloch="caughtCivisms6">
      <lectureManes>tweezeEvadedFuels</lectureManes>
    </tormaGrantia>
    <whalyBefallsCaliver unlacesBrutagePutoff="evenerRedbackCyprina" zorroHysonsPorteno="tankertLamdanBadju">
      <hendShebar>disrayRusherWoundy</hendShebar>
      <scrawny mutiveMardiQuants="latheryWigglesStimied1054">
        <sikhOmnify>trust</sikhOmnify>
      </scrawny>
      <evacueeJowarPks enrolsTutball="kefir" millardSornareTiding="526">
        <ratcherAtoxicMaize>clinch</ratcherAtoxicMaize>
      </evacueeJowarPks>
      <lackwitKanagi dortour="yows">
        <coignedBlady>45204790</coignedBlady>
      </lackwitKanagi>
      <bajoireAchete azumbreTuism="199645" sploreMabel="eons6380">
        <cajangGulonicEnclasp>766322139</cajangGulonicEnclasp>
      </bajoireAchete>
      <vendees>
        <tineidMobsman>nacelleAllobar</tineidMobsman>
      </vendees>
      <putlock>
        <succiseAmanitaCabiric>acostPrecept</succiseAmanitaCabiric>
      </putlock>
      <hoondeeDulosis outpitySlickGaols="4">
        <quickenTerpane>festPownyAcrid</quickenTerpane>
      </hoondeeDulosis>
      <tribadyZonated drilyVermixBraves="jinglesCantusOverdye" kerria="vastlyEmpair">
        <ruffianDindles>405</ruffianDindles>
      </tribadyZonated>
      <sakeenClitia novum="dwinedAmishSpahee3596" bobotieBullism="altroseRookeryLabium">
        <ovoidsFarms>facings</ovoidsFarms>
      </sakeenClitia>
    </whalyBefallsCaliver>
    <rainy>
      <cesserFashing>hushArrhalOutflow</cesserFashing>
    </rainy>
    <rosiestPiddockGrandpa salta="behaleTcheBarges" culdeeLeantMobsmen="chakdarAntisexEngleim" raches="vexesAirmass">
      <dormersCoggers>sinicTasters</dormersCoggers>
    </rosiestPiddockGrandpa>
  </loosTubbersAlcogel>
</mootAmlikar>