<?xml version="1.0"?>
<intuit>
  <exciter bigeyesSaloonReseaus="degamiManege" awreckAlumna="62474606" wistingSkysail="wahabitCeburRummier" myalHorsier="bardlet">
    <boogersPontiff>
      <paiocke>wholely</paiocke>
      <boreal allegeTurbots="turdineChalon" michealCorsnedUnalert="48554654">
        <coryzaGilpyStucken>bollock</coryzaGilpyStucken>
      </boreal>
      <onerate sigmate="minisubExcessThesis" bloCrasserCarnet="isotria">
        <cochonDonmeh>comityHomages</cochonDonmeh>
      </onerate>
      <twonessBepress huchenClunk="73851881">
        <tallowyVenueMalloy>glaivesEpochBaguio</tallowyVenueMalloy>
      </twonessBepress>
      <murlin>
        <hatticWarmerTyros>deemie</hatticWarmerTyros>
      </murlin>
      <sageerAzumbreEddies endearGlebous="oda" thinker="degenerCritics">
        <cowgirlNeep>9755200</cowgirlNeep>
      </sageerAzumbreEddies>
    </boogersPontiff>
    <deseamYare>
      <moseySaruk>bonneSamanButcha</moseySaruk>
      <fermiumUnsmoky dashnakNiggedTineman="wartletRegian">
        <trinketApplyGoan>siloingMudpack</trinketApplyGoan>
      </fermiumUnsmoky>
      <alodiaKeyletTarea>
        <inditeErwinKakis>asteria</inditeErwinKakis>
      </alodiaKeyletTarea>
    </deseamYare>
    <restaur lawbookYarwhipLung="12473" maidinCobegoSooty="formol" navigRapaces="slask70">
      <sorite>haftersQuakesMaces167</sorite>
      <derays reparkDishfulDewrot="harlotMoky" corbans="outweptTalookaClonal">
        <eager>pickupsGirlies</eager>
      </derays>
      <lurkersQantar mtnLeathHamus="muist">
        <alloted>outsCaporalPeccant66</alloted>
      </lurkersQantar>
      <prunesFinking>
        <catchScopone>24</catchScopone>
      </prunesFinking>
      <matzoh ecumeneBiassed="operlaStelaGrame" rubleTeazled="rushier">
        <crosa>alidad</crosa>
      </matzoh>
      <widthsMadrier dirtierAcousma="795">
        <grownup>stoverBomosPorrima</grownup>
      </widthsMadrier>
      <minting venie="54097018">
        <concur>ordealGravesShaming38</concur>
      </minting>
      <include>
        <mommerDissect>bdftSnooledJennie</mommerDissect>
      </include>
    </restaur>
  </exciter>
  <posteenCynism ligateRerivalPotto="8328205" bathmicFuggingZizia="mauveinBwanas" hunder="rockers1421" aweSwifts="unweft933" />
  <cadmide scraye="948895" stopped="3641" golesNanosecTopeka="8">
    <trevets agibleLeveretInquiet="gappierOpahs" potboyFormism="221684" tamalsCaproinSativa="calomba">
      <diuron>lagerFrassePicrite</diuron>
    </trevets>
    <barnmenBuruchaPavies>
      <tsardomRuttingWarf>mucigenUnheavy3339</tsardomRuttingWarf>
    </barnmenBuruchaPavies>
    <amidolAvahi scribedLobaleLalled="tassago">
      <papayan>monieColdly</papayan>
    </amidolAvahi>
    <awaltTitanyl jarbleRosette="autobus">
      <bawdryIodizerAppmt>33977</bawdryIodizerAppmt>
    </awaltTitanyl>
    <hotboxAiletteMoons metonymGombosCokery="squaccoTannaseMilvus">
      <braula>goup</braula>
    </hotboxAiletteMoons>
    <mintingRankle woftBasilarCaam="tav">
      <bartreeTutin>leslie</bartreeTutin>
      <woodierSelaminSepals>
        <braemanSensus>cheesesCansosWeird</braemanSensus>
      </woodierSelaminSepals>
      <pizzazzTekyaTimider caum="laotianFlavin">
        <ean>backway</ean>
      </pizzazzTekyaTimider>
      <unfatty quartzyFalcoLogiest="limpinHir687">
        <sarumVoltes>matokeAirborn</sarumVoltes>
      </unfatty>
      <muzzles>
        <xeres>wanna</xeres>
      </muzzles>
      <thigTalipedWelf>
        <nowhitVideos>acomaPhenolFogou</nowhitVideos>
      </thigTalipedWelf>
    </mintingRankle>
    <ranceCantred teinds="sissies" ninetyUpward="dodgerGlanced">
      <pipages>antwerpShunts</pipages>
      <sylid>
        <ixtleTanoaRamtil>674486</ixtleTanoaRamtil>
      </sylid>
      <jumelleAsonant>
        <erlking>thirdsHoer</erlking>
      </jumelleAsonant>
      <replaitMuddedPeerie sparsim="6068">
        <canabae>reenjoy</canabae>
      </replaitMuddedPeerie>
      <snacky>
        <pulpalPastingSuccahs>genericProwestGiraffe</pulpalPastingSuccahs>
      </snacky>
      <chitoseMithersGidgee beclipBandora="ectopiaHosel1">
        <jubes>brunionInsiteObsede</jubes>
      </chitoseMithersGidgee>
    </ranceCantred>
  </cadmide>
  <surcoat lankilyFelupBsf="5351">
    <tassard fusileBushAcrid="53" irenaLungiePapingo="hawkUntentKnitch" clyerSafes="angiaAnisil9144">
      <poonacLiftman>oonsSosSowarry632</poonacLiftman>
    </tassard>
    <jak>
      <busherRuttee>decoLavatic1</busherRuttee>
      <scfh>
        <jewy>321585625</jewy>
      </scfh>
    </jak>
    <samps>
      <horsifyCuspidsTyroid>sulpha1</horsifyCuspidsTyroid>
      <hahaFoamierLitter>
        <tine>eagresNosticMulcted1</tine>
      </hahaFoamierLitter>
      <blousyNarisKerflap munshiRattonPadsaw="bemoan">
        <toupetBarnyBesort>pookaCheerer</toupetBarnyBesort>
      </blousyNarisKerflap>
    </samps>
    <virtuesTangs>
      <glidesGheraoNada>motivoClergyCotter</glidesGheraoNada>
      <lifeway confabDevilsPapist="confixWayward571" preheal="30165817">
        <freshetCoecal>martyrsBiorganCoonily</freshetCoecal>
      </lifeway>
      <turfmenWifesSelah>
        <ascesesFossed>utricle303</ascesesFossed>
      </turfmenWifesSelah>
      <bonnieMuffetTardily amoving="ayen">
        <soueege>pupil</soueege>
      </bonnieMuffetTardily>
      <riddamSabanutVinic>
        <feoffor>infixalBejuco</feoffor>
      </riddamSabanutVinic>
      <elaidicSugarerUnawful>
        <byspell>pilotiAskileCigala</byspell>
      </elaidicSugarerUnawful>
      <skips phonatePoitrelStiffer="reshoePramsTutti488">
        <kulaks>welshedLeaner</kulaks>
      </skips>
    </virtuesTangs>
    <oldnessSemiticThram rhymesCosting="defleasMildredMudden" homraiTubule="weanedRemountImpubic">
      <roperyOrbicalScoffer>snowedAnlaut</roperyOrbicalScoffer>
    </oldnessSemiticThram>
    <aflaunt cfdCopus="thorned" gossard="rumply" cronish="dad87">
      <vei>rebeginSipedUsnic</vei>
      <steresJota>
        <soberOpposer>unbag</soberOpposer>
      </steresJota>
    </aflaunt>
    <lunyie>
      <bipodsUlmariaCotoros>6</bipodsUlmariaCotoros>
    </lunyie>
    <amid>
      <dings>ralishRebarPlacus9</dings>
      <kildeeNataka>
        <inlookMozette>rfree</inlookMozette>
      </kildeeNataka>
      <dental poesy="gainsetGriddleStagged">
        <gorillaBullsWeaken>repower9756</gorillaBullsWeaken>
      </dental>
      <cillRangoonCashbox>
        <gilim>knaidelAlleleuParsi</gilim>
      </cillRangoonCashbox>
      <ogiveCawedUpaisle ceroma="spannelCymbium" slingOssetAnchor="cambia">
        <never>zipper</never>
      </ogiveCawedUpaisle>
      <ventralDrokpaIsth cibouleFreud="6" soothsSquabs="camuseCajun">
        <mincopiHandy>aahingResawnForbare</mincopiHandy>
      </ventralDrokpaIsth>
      <maormorShiest grampAntae="kiltiesIrchinUphelya333">
        <bragite>sooloosReechyJerkier</bragite>
      </maormorShiest>
      <hematic recallOutwingProtons="atiltHerbousPeepy" dendaCortileReread="etchantWingier">
        <annas>orrisesFriends</annas>
      </hematic>
      <amuletsForebye>
        <cycledDanaite>maximumBetter</cycledDanaite>
      </amuletsForebye>
    </amid>
  </surcoat>
  <jobbing soupcon="7511" mosanAnnihil="millardLagopus" />
  <evadingLandsat smoochsChymist="1121482" damarsDefuses="probedThorpes" rugosa="walkingLawWampee" toluids="tabidRaffler2">
    <magicWacDopiest>
      <hackbutBeluga>tauliaPupfish</hackbutBeluga>
    </magicWacDopiest>
    <tanistsUpgazes phonism="rotangSagene" carrotsSoccerPairial="subdate">
      <mulleinConferBothie>quintaChinar</mulleinConferBothie>
      <bandaid arriere="rammedPanganeSasine">
        <numdaJelloid>nogalSherd</numdaJelloid>
      </bandaid>
      <eloignsApronsDicot twibilZoeal="carioleRandell">
        <midmainAslaverHokerly>nopalry</midmainAslaverHokerly>
      </eloignsApronsDicot>
      <mangierLipidicIlissus twaitAsocial="ibericPalaungWorkups">
        <gleams>bosonicSpumoidSolace</gleams>
      </mangierLipidicIlissus>
      <vmsizeMoilsIvorine torii="harpyia" cycleSpooky="loathyTuskar">
        <regripRushesLinalol>swingelFdnamesKnivey</regripRushesLinalol>
      </vmsizeMoilsIvorine>
      <sobbersHeugh>
        <thrash>823853942</thrash>
      </sobbersHeugh>
      <aheapLotahVacated>
        <flexiveVidduy>delimer</flexiveVidduy>
      </aheapLotahVacated>
    </tanistsUpgazes>
    <sprayey>
      <arsheen>16418888</arsheen>
      <unwoful sofarsDvornik="frilly" recrew="348">
        <votaWhistsNastic>slanter</votaWhistsNastic>
      </unwoful>
      <felt eugenicMarkups="outpage">
        <pkgSyncing>turgiteViliMaltha6</pkgSyncing>
      </felt>
      <fanjets solderBebloom="shooflyUrbanaMonkly" causal="googolsPornoSingled">
        <saimiriInherit>hooeysSoorawnSpiling</saimiriInherit>
      </fanjets>
      <seises victorChattaExcise="fellsStroysAngrier">
        <nabbukGutting>tineolaNauticBashes</nabbukGutting>
      </seises>
      <glarierEsuChase nacrineTrianon="unowedDeporte">
        <dikastSorestKiley>sinews958</dikastSorestKiley>
      </glarierEsuChase>
      <chauvinGuffawsKopec applesCusecsOutsang="snootedKissySaruk">
        <ignorerAnay>zabismKooka49</ignorerAnay>
      </chauvinGuffawsKopec>
      <zonitidGisantBecovet>
        <bidarka>milseyUnness</bidarka>
      </zonitidGisantBecovet>
      <tuchunSky nowtheLimnerHazel="37" gonifsAffords="wealfulRemakePareu">
        <gaunterAlgaBarring>55657</gaunterAlgaBarring>
      </tuchunSky>
    </sprayey>
    <trajectRehinge penance="avidinAythya" earwigPungyiTaber="tagmeme">
      <entheosBolsons>6</entheosBolsons>
    </trajectRehinge>
    <bhoots>
      <rosiestTamaraEjulate>hippiesWebless</rosiestTamaraEjulate>
      <fogsRandom emeutesSecantsScrubs="maypop">
        <defer>players</defer>
      </fogsRandom>
      <haggedDoddy banigHereinBunging="guemulFloodsBoii" xyliaThesean="stoterCutinLobata">
        <tatian>754</tatian>
      </haggedDoddy>
      <kungHagmena worstNotal="able" suffix="cassate18">
        <anon>lesghOvergun8</anon>
      </kungHagmena>
      <moonlitArachisSupping>
        <psalterSturt>bagasseBotchedOats</psalterSturt>
      </moonlitArachisSupping>
    </bhoots>
    <pietosoUnuredOctad>
      <ticticTepalJelling>mizzyPipers</ticticTepalJelling>
      <anginas morelloRadeur="vausJupeTexture" lianaBiggest="guergalGere">
        <falcoDaylilyBac>5295596</falcoDaylilyBac>
      </anginas>
    </pietosoUnuredOctad>
  </evadingLandsat>
  <acidyTussalBeers>
    <tizeurUngown xyphoidOsirisSlamp="dearie">
      <presulLithiasNimmed>serbianCresc</presulLithiasNimmed>
      <sivanGrossTripes cumeneSamen="edwardsUnieVimful" scincus="909">
        <awhapeMicast>tirazRheotan</awhapeMicast>
      </sivanGrossTripes>
      <quaffer muezzinBushet="rekneadNignyePatinae1" trikerAvernus="43310">
        <goen>midbandSalpPyemia661</goen>
      </quaffer>
    </tizeurUngown>
    <diamide>
      <cotoroRattan>amenuseSkivOnegite</cotoroRattan>
      <behowls fleetlyFarceurJejunal="othinMilan">
        <proofDoyleysTsetse>slag</proofDoyleysTsetse>
      </behowls>
      <eastsNeeld calthaCaner="ralish">
        <rummagy>waggie</rummagy>
      </eastsNeeld>
      <markedPantheaNeyanda errancyHakUnspit="53" quadrumBragsAssorts="druids">
        <retemFuerte>madronaCytozoa</retemFuerte>
      </markedPantheaNeyanda>
      <bakalei havaikiDistyle="hogstyRinge" chaberIndexerLoiter="boggierUnfaint">
        <sawbackDefinesFormism>gharryWhiners4117</sawbackDefinesFormism>
      </bakalei>
      <dich>
        <trustleJackson>bowelChevenCoring</trustleJackson>
      </dich>
      <shohetOperose brache="bunnsRoovedVoluta701" cotuit="tarcelBattonRecepts6">
        <orlAnaguaSunland>1183</orlAnaguaSunland>
      </shohetOperose>
    </diamide>
    <crumbyTatarBranial seaHiper="327394" coactedMuscariInermia="4354885" arabian="ward">
      <jurors>quiver6957</jurors>
    </crumbyTatarBranial>
    <godroonKultursSakkos>
      <idioticDigenicMaxima>7</idioticDigenicMaxima>
      <wadmolRootage chomerMaltman="bigheadLeakily66">
        <shawedElapseKnaidel>verdeaGranate</shawedElapseKnaidel>
      </wadmolRootage>
      <gittiteSkaithy dynasty="geomalyUnsmug">
        <offtypeOttroyeFisty>golly</offtypeOttroyeFisty>
      </gittiteSkaithy>
      <magotCinemas brolga="81">
        <flowers>heleninLdg</flowers>
      </magotCinemas>
      <bowshotGryde diploid="7018912" terefah="mustiesOutribBlunnen">
        <guested>tempeWaddlyNeurite</guested>
      </bowshotGryde>
      <foliousQuellerFerally hamadan="wissed" copyboy="43">
        <circuli>sozinWadmols</circuli>
      </foliousQuellerFerally>
    </godroonKultursSakkos>
    <benweedEmbrue sladangGumlikeTowson="keoutOcqueBegorah">
      <flagonsOutsinsNotator>unjam</flagonsOutsinsNotator>
    </benweedEmbrue>
    <toss>
      <woodishPremold>harsher</woodishPremold>
    </toss>
    <wowsGoxes>
      <rupa>83270</rupa>
    </wowsGoxes>
    <epizoanCakeboxEmmenic>
      <tikkunEvents>830</tikkunEvents>
      <inlaik>
        <glidingCowish>9596</glidingCowish>
      </inlaik>
      <smlNachMikir ropablePredry="2726421" esloignLoeDionize="anaphiaKoi">
        <idylianPapingo>73</idylianPapingo>
      </smlNachMikir>
      <toasty bysackiNebulon="jerbilProton">
        <penship>buggessCentai</penship>
      </toasty>
    </epizoanCakeboxEmmenic>
    <screichPrizing behornDepraveKnosped="keslep479">
      <cajunMastmanFitout>888419</cajunMastmanFitout>
    </screichPrizing>
    <coalify copeDegamis="campody" dep="8142224">
      <vertuNonvoidWasatch>774626</vertuNonvoidWasatch>
      <sightenKorunUnleal>
        <darkenSmeeksHazier>majoonCeasedCurares68</darkenSmeeksHazier>
      </sightenKorunUnleal>
    </coalify>
    <cardersStatalDrool>
      <masque>bryonyUpwarp</masque>
      <whekiWalersMidewin funniesTiarasLinaga="secess" selterOrisonsDecrees="onicoloSpletPunks">
        <rotaAlumish>groovyFlockerPulses</rotaAlumish>
      </whekiWalersMidewin>
      <screwsFoibles weapon="17888708">
        <sowelFuguingSheepy>cams</sowelFuguingSheepy>
      </screwsFoibles>
    </cardersStatalDrool>
    <satinyIdeates>
      <cericChamfer>298360</cericChamfer>
    </satinyIdeates>
    <lowmenInquiry>
      <ahaHarmoot>bwanasKeyway7682</ahaHarmoot>
      <jareed>
        <ervumDiapaseSeising>iambeHurlbatMuon</ervumDiapaseSeising>
      </jareed>
    </lowmenInquiry>
  </acidyTussalBeers>
</intuit>