<?xml version="1.0"?>
<briseDurrsSorners>
  <younkerRumbas>
    <homerPopesCambial pooka="talersIncus" dhootisTrottyCowslip="599042157" kippedAmblersVacona="tardiveFidelisUnhive">
      <epicurePhytaseAugusta>samvatMaugisStudent</epicurePhytaseAugusta>
    </homerPopesCambial>
    <donnedMinningCanari>
      <glozing>72</glozing>
      <moss wankyGorsy="tastierWhitens" cadger="bursatiFiredog">
        <apexesCached>riskily457</apexesCached>
      </moss>
      <dorbel zinsangToreros="befanNaskhi575">
        <unfoulAnatomy>altunLamping</unfoulAnatomy>
      </dorbel>
    </donnedMinningCanari>
    <rivetsFairwayDamner>
      <subitoWyne>spivvyYonder</subitoWyne>
    </rivetsFairwayDamner>
    <misdeem>
      <lowyYohimbi>woolled</lowyYohimbi>
      <engrail>
        <hassockSessedUnicism>locheDieses</hassockSessedUnicism>
      </engrail>
      <pahmi>
        <cleuks>futhorkJataka</cleuks>
      </pahmi>
      <clayier pairDairi="babuismPacha" thurgi="6502">
        <auride>rantedAcystia</auride>
      </clayier>
      <whesten>
        <redipMatriceAleshot>jubilarSophian</redipMatriceAleshot>
      </whesten>
      <orangsChacmaScraich kefiricRampishCrowed="lepadid" benzolChares="renate">
        <labbaLuckilySanes>fungiaLoungesAlcor</labbaLuckilySanes>
      </orangsChacmaScraich>
    </misdeem>
    <liftoffCrocusLadyish yogiSanseis="tenture" zakkeuSpayingBlur="live" pacers="2653369">
      <scallopLeonistLowness>299790189</scallopLeonistLowness>
      <bifteckSimoon farAliptesDikkop="quid">
        <effigy>chaosesDespise</effigy>
      </bifteckSimoon>
      <quaternBricken outcamePriesDilogy="6006" shilhaParangsDonnot="fixageBhistiDietist">
        <leaping>sirenySinapisRowels</leaping>
      </quaternBricken>
    </liftoffCrocusLadyish>
    <lenvoy polian="72">
      <lohock>taskerKokumin</lohock>
      <jobade sotho="handlesBroadly" stikine="oculistCrateBrazed">
        <mistier>peruked</mistier>
      </jobade>
      <verd bogachProfferReshoes="76201" leggeFashionUngueal="bars">
        <fides>ancSturnusSwamies</fides>
      </verd>
      <thisllHwy>
        <addles>mamie</addles>
      </thisllHwy>
    </lenvoy>
    <minuend>
      <ganders>8</ganders>
      <armersDrassidVatic cackAldus="cyclaseAku" waggles="96798">
        <unheed>16</unheed>
      </armersDrassidVatic>
    </minuend>
    <medusasBurbankObjet>
      <clapperCumbhaJonglem>bilimbiNinety57</clapperCumbhaJonglem>
      <wedlockPiliganAmylome>
        <querreVira>sailerKnorria</querreVira>
      </wedlockPiliganAmylome>
      <trippedWelsTalweg ctr="waxworm687">
        <distillBuoy>masu</distillBuoy>
      </trippedWelsTalweg>
      <galenasBandana>
        <paulieCoatisRaptury>40</paulieCoatisRaptury>
      </galenasBandana>
      <mercers finlandLoungedStolons="nannieOlax">
        <jaegersBodken>soueege29</jaegersBodken>
      </mercers>
      <mayfair recagedWriters="upbboreCollat">
        <aegagriYasmakCutover>smoochyOvonicPongee</aegagriYasmakCutover>
      </mayfair>
    </medusasBurbankObjet>
    <dungas>
      <gillsShingly>ichoSleetsPidan</gillsShingly>
    </dungas>
    <muffing>
      <plusiaGildedHappily>outcept</plusiaGildedHappily>
      <koalaEntries>
        <scenterCouridaWhauve>fueled</scenterCouridaWhauve>
      </koalaEntries>
    </muffing>
  </younkerRumbas>
  <equipsCymas sutraAikuchi="6" defileCocotteNonny="moornMispaidCostlew" unstowSawali="144" bransle="seemedTissueyBecurry" />
  <kendna warier="639486" rebatedPyridylAllods="khirLepryChaste" emeersTopsy="warmus" />
  <creasy abbeysMitier="thymeneSieved" paperPagodsAutoman="busmenBowman" resuit="ternery" filmilyMezquitArabesk="lethal5382">
    <inshaveSeaters>
      <decayerShalier>1838706</decayerShalier>
    </inshaveSeaters>
    <vesteesGiponsWeird ilysiaBanlieuSwinges="nattierLuger" thatllIsomeraRoaders="scribesFealtyBalked">
      <krna>845928</krna>
      <hutchNpeel hurroo="ecteron" tahinGorgesTaffle="dossalHeiledOxan">
        <astrildFounds>dentesPialaKakan</astrildFounds>
      </hutchNpeel>
      <copied>
        <gearingTrac>broking</gearingTrac>
      </copied>
      <harked>
        <annealsEpilate>425</annealsEpilate>
      </harked>
      <than>
        <sublime>353703</sublime>
      </than>
      <anticly plunkerConsumeTonner="valinesMufty">
        <hencoteXyloseChalta>66162</hencoteXyloseChalta>
      </anticly>
      <ahongTyphon silurid="coheadMaipure">
        <lumperCandied>56996</lumperCandied>
      </ahongTyphon>
      <propagoGlucke ignaroCottars="shimmedLitatu4">
        <smallsResidedVirify>sarodsAnatron</smallsResidedVirify>
      </propagoGlucke>
      <pomacesVerrugaCompone sharns="fistyArcula">
        <azandeSpootSahara>gargler</azandeSpootSahara>
      </pomacesVerrugaCompone>
      <medium porgies="alumsSokaBesots" wlokaFeyerUrbs="foreran">
        <screighSkee>chauferTownify</screighSkee>
      </medium>
    </vesteesGiponsWeird>
    <rondelNiuanMilkmen hymeniaHalalaTrial="uncockBungsLnr">
      <simeonIntoRissoa>smileyBaylikeTactive</simeonIntoRissoa>
    </rondelNiuanMilkmen>
    <highths>
      <emblazeSorryAcier>6942437</emblazeSorryAcier>
      <passir>
        <able>pardieUphroeAscill</able>
      </passir>
      <ratbite>
        <darersSchemasEveck>nutlike</darersSchemasEveck>
      </ratbite>
      <haitian cadetUlna="buvetteElusoryWarmus" dugwayLorgnon="55">
        <margentBaft>brechtPappi</margentBaft>
      </haitian>
      <bedunceTented lamanyBecivet="jundyBistre">
        <ruptionChainerLawned>built</ruptionChainerLawned>
      </bedunceTented>
      <precookBaetuli valor="97091392" patron="lacilyAidfulKotal">
        <ochreaGerbe>britanyTrooz</ochreaGerbe>
      </precookBaetuli>
    </highths>
    <lomboyWaesomeBleaks>
      <zonoidBlousedLuteins>euge</zonoidBlousedLuteins>
      <steamySortiesHwy agene="5" wadgeDamara="compactTunablyFidalgo">
        <sideTallyho>7424812</sideTallyho>
      </steamySortiesHwy>
      <anabas lapin="81135" toadessBebotchTorenia="beslapTabanidElders2">
        <kirkingFoppery>hatchet</kirkingFoppery>
      </anabas>
      <weentSearer>
        <durance>gufferAgazSextons</durance>
      </weentSearer>
      <raserNather treitreSemeia="repacks" courbThenar="gorgingPooh">
        <redroopAdelingWingmen>oohsAvoureBodega</redroopAdelingWingmen>
      </raserNather>
    </lomboyWaesomeBleaks>
    <fulfulBunging>
      <hustingDruffen>457369332</hustingDruffen>
    </fulfulBunging>
    <rakish>
      <changedAlmemar>gigsmanBaccaraOometer</changedAlmemar>
      <hassockVerpaTingler ledge="24521759" acolhuaBant="poshly">
        <poinderBah>jakunPrairieToshery1447</poinderBah>
      </hassockVerpaTingler>
      <yukiTcawi penises="733" outgun="kidskinHoudahsProbeer">
        <scouthSapinBarrer>haratch</scouthSapinBarrer>
      </yukiTcawi>
      <pretaUrochsMitises grissetSqualmPavlov="rtwKoreish37" allayed="voltHairdos">
        <wacapou>cheepNurserGurdy397</wacapou>
      </pretaUrochsMitises>
    </rakish>
    <deaflyInkster>
      <yecchsKareetaSnuffed>squegStewsEmbryo</yecchsKareetaSnuffed>
      <clarinaMergersPulque fencholBolimba="382" hebeticSwivel="partedCassiriTwitted">
        <num>5</num>
      </clarinaMergersPulque>
      <minyCaroneViable thawierGloomy="toheroaTracy" firesTanaist="bughtEloins">
        <mikraYoustirWarming>fconvPeeved</mikraYoustirWarming>
      </minyCaroneViable>
      <lilyOculist guineas="8894" sulafatParseeRedeny="hobnobsGaffkyaAppay">
        <snowishAurifyBaluba>euskaraPeasesUnnew</snowishAurifyBaluba>
      </lilyOculist>
      <castenPairingUpthrow mogulWhiba="marring330">
        <raidingBestick>suntansChiller5938</raidingBestick>
      </castenPairingUpthrow>
      <repaves>
        <duscleGlecomaGrissen>266945260</duscleGlecomaGrissen>
      </repaves>
    </deaflyInkster>
  </creasy>
  <nesters />
  <spurs baxterNevel="unsewInnless555" commixInduingIndef="frettenSylphyHider6627">
    <sated>
      <inuring>edna</inuring>
      <grudgesBedegar inbirth="stroysLicania796">
        <aidlessForbad>arroya</aidlessForbad>
      </grudgesBedegar>
      <azafrinGarooGunge senatesWhoopeMemo="cloak">
        <auresSoniou>knishesStilbum7932</auresSoniou>
      </azafrinGarooGunge>
      <routhObols>
        <yapsSepsidKevalin>exemptsBunaChunder</yapsSepsidKevalin>
      </routhObols>
      <cheererLobbish>
        <liangSpasFlauto>doled3</liangSpasFlauto>
      </cheererLobbish>
      <racialCarpent>
        <sorghosFacondeUsury>podos</sorghosFacondeUsury>
      </racialCarpent>
      <calcify twingeHymens="brinjal" besewOddsmanManchus="ceccaMcphailCheveys">
        <arrowy>tottyFrigageNana9020</arrowy>
      </calcify>
      <tideripVayuNowel>
        <weensy>endymalBalarao1</weensy>
      </tideripVayuNowel>
      <siphonsQuasars gradateSwobberRewave="sextanBarton">
        <wernerClunchNigua>kophsParlishKolush57</wernerClunchNigua>
      </siphonsQuasars>
      <ampassyAnacardPanside>
        <gottenWools>unbankNentaTrinode129</gottenWools>
      </ampassyAnacardPanside>
    </sated>
    <natron>
      <skeneReestsLadkin>carnieMoph</skeneReestsLadkin>
      <petrosaBecheck broncs="hamesPasulHandset402" bulky="mantalBarman">
        <rsvp>cleaverJiggler</rsvp>
      </petrosaBecheck>
      <bondLiefTonics>
        <statismBazigar>carstenSwisserSidest8585</statismBazigar>
      </bondLiefTonics>
      <mascleSpued smitersKuttab="tarringLuba7539" burrel="visibly">
        <recodesAttid>89760861</recodesAttid>
      </mascleSpued>
      <inulaseTegs kithes="nambanMoltLuck" laired="idolizePlutusQuorums74">
        <reddish>523660768</reddish>
      </inulaseTegs>
    </natron>
    <guanizeTestorMester>
      <msourceAlaheeSkiers>veepAlumnolSpann</msourceAlaheeSkiers>
      <reffosAquaeUvitic rotalaDualin="ideatumClatchy" semitaJibbehAhypnia="weaveMimeCoakum">
        <bittBasest>achechGaliPhacops</bittBasest>
      </reffosAquaeUvitic>
      <vertigoIntsvShastri poddiaArent="8670" winkMyelinsWhiting="scoopsMooleysUshers">
        <satang>jingo</satang>
      </vertigoIntsvShastri>
      <loaNofileMuchly>
        <brunoTyphlon>rewearPaters24</brunoTyphlon>
      </loaNofileMuchly>
    </guanizeTestorMester>
    <tektosiOleanaSapling>
      <soldiOct>pretestDictumAvower</soldiOct>
      <wompHidalgo>
        <coveNostoc>46050108</coveNostoc>
      </wompHidalgo>
      <flytingSueded>
        <mimePlewchLearn>3255</mimePlewchLearn>
      </flytingSueded>
      <mammockTautaugGammick welsiumFurbish="toedFedorasOcreae">
        <repolon>woundlyHeathenHumped</repolon>
      </mammockTautaugGammick>
    </tektosiOleanaSapling>
    <panningRuffly redoomPulldoo="killeenAtresy" tuxedo="dhundiaUpway">
      <augendsMoms>fanfoldEngirtTanjong</augendsMoms>
      <suzy melianPawners="earfulsAfrownEarlaps">
        <osweganFailureNowhen>modestPantineOncet</osweganFailureNowhen>
      </suzy>
      <utsukUalis camsTaupesJiff="trashipGourdesNicols">
        <sambhur>tungoYorubanVaunter</sambhur>
      </utsukUalis>
      <mucket>
        <impent>misdrawGuarishWrangle</impent>
      </mucket>
      <shavers>
        <hebeOuranos>corsnedQuezalArchont</hebeOuranos>
      </shavers>
    </panningRuffly>
    <purerNakir>
      <foeture>encadre</foeture>
      <lobbiedStackPeucyl plutoPiaroan="filixUresisSultan" latentsCunjer="gorer">
        <solicitDiminue>pawning1</solicitDiminue>
      </lobbiedStackPeucyl>
      <abaserSheals cronusWendicFacias="chem" renegerPlufferRoiled="gripy">
        <afocalMediumsCoccule>ganoids338</afocalMediumsCoccule>
      </abaserSheals>
      <akulePlain peixereNodi="jumping9" whiskey="ledgeEnchest">
        <pigboat>463</pigboat>
      </akulePlain>
    </purerNakir>
    <larumRang dogsledFag="embeamBrushySetose" nambyWiches="theatreAkingRooker">
      <mibsDevotes>untautWherry</mibsDevotes>
    </larumRang>
    <wizensHypaton perchaSatoris="semotedAppoint">
      <virousCurer>stanze</virousCurer>
      <atenismCrowhop>
        <precide>corned</precide>
      </atenismCrowhop>
      <pokom kelimaDogcart="aperOutdateDeltoid" unreeveFolie="agister">
        <clinksYogurtPugree>testaUnbasedYutu</clinksYogurtPugree>
      </pokom>
      <begulfs>
        <nandowUncalmBaguio>reverbsRafferyKarate9946</nandowUncalmBaguio>
      </begulfs>
      <fraikAir>
        <mopeder>tithedEnarch</mopeder>
      </fraikAir>
      <espinoTunerPhaser lillyAgreed="cullies" detests="696896">
        <froust>puteleeHatingNotary2482</froust>
      </espinoTunerPhaser>
      <pepino ranine="obiter" skootZayatApishly="simurg2">
        <buckedSwagingTungate>dupery43</buckedSwagingTungate>
      </pepino>
    </wizensHypaton>
    <qophsHemmed>
      <embolo>loreal</embolo>
    </qophsHemmed>
    <libyaForedo>
      <onions>lockyerAegisesDouses</onions>
    </libyaForedo>
    <sistra peglessTeicherSubrace="editsCryonic" edgesStambhaPoults="spreesSergingRhymer" ledgesSeccos="rufusUphasp">
      <bister>gingiliItal</bister>
      <lootieAspiree cell="emptive">
        <sichNitro>85175</sichNitro>
      </lootieAspiree>
      <urluch nessus="pryse" unthickPulleryDepute="runletPatart8844">
        <minicabCutler>nippleVogliteCosmos2463</minicabCutler>
      </urluch>
      <amphidePitier>
        <wrapsCivic>ardeb</wrapsCivic>
      </amphidePitier>
    </sistra>
  </spurs>
  <nachaniRevelryGypsite />
  <eboniseHunkyPowhead yaretaBadmen="99182" talcer="solonicChurch">
    <unfrill>
      <cullaYippee>fellas6</cullaYippee>
    </unfrill>
    <uranionPrecureSlidden>
      <sorbian>drawled86</sorbian>
      <pusherKeyslot armload="botulinCpm">
        <swimmyUpslantNinons>vainful</swimmyUpslantNinons>
      </pusherKeyslot>
      <skinkedBoomage>
        <yasInfractEsrogim>15288355</yasInfractEsrogim>
      </skinkedBoomage>
      <thurm isingScope="glebaeCrusted" smytrie="sorbingPlutons">
        <flit>cuculiHiveDeskill</flit>
      </thurm>
      <bastsRhumba hornistTemne="104" emuleIpilLoq="19257">
        <mushaa>4894</mushaa>
      </bastsRhumba>
    </uranionPrecureSlidden>
    <essenicUpblaze>
      <rashti>slaviOatear7096</rashti>
      <candifyAkene reearnTortieSpear="cardedPriedLlautu" guntubZanonia="45115765">
        <betons>germain</betons>
      </candifyAkene>
      <ballupAbaserAmparo rasuresPhaseunSextet="82329">
        <musetTastingReamy>diodia</musetTastingReamy>
      </ballupAbaserAmparo>
      <unboltsLapon thoro="mullein">
        <diswood>recolor</diswood>
      </unboltsLapon>
      <harveyTartar clarine="transMapuche">
        <mambas>refute4</mambas>
      </harveyTartar>
      <cycadsEcbolic>
        <lose>pharaohBridger</lose>
      </cycadsEcbolic>
    </essenicUpblaze>
    <exempliMeasledMuckers>
      <hailingPrimersKippy>recoilsWhewer</hailingPrimersKippy>
      <croiikCubans daddles="11953">
        <gondite>sutile</gondite>
      </croiikCubans>
      <simioidCammas>
        <heavenWailingDivas>sixgun</heavenWailingDivas>
      </simioidCammas>
      <ipomoeaRchauffJert wenchesChozar="temnePoiluDislimn157">
        <spectreKassite>subacidBrining</spectreKassite>
      </ipomoeaRchauffJert>
      <artfulNonjurySengi>
        <altosRelesSesamum>4</altosRelesSesamum>
      </artfulNonjurySengi>
      <woohooBozaSoared visceraDecrySetier="brinSecos" auspicyLifo="epi">
        <sangarsJobmen>flaxNuncio</sangarsJobmen>
      </woohooBozaSoared>
      <tahsils pinocleEmberVirge="asunderWangunMukri" naiasOvalize="kickoffWrap">
        <fleapit>embreadBadian</fleapit>
      </tahsils>
      <kylin toomCoftFibrin="dinkingLesath" kokosMiddest="mikiUvres">
        <rematchXvi>dribberQueghLacatan</rematchXvi>
      </kylin>
      <wispilyBhp souledBoomahTrifold="windleAxelMayance912" mauvineNonyl="elengeRannel51">
        <lawnletMizzy>gofersBellic</lawnletMizzy>
      </wispilyBhp>
    </exempliMeasledMuckers>
    <awny>
      <pktShuhaliComate>theyReccoEsculin</pktShuhaliComate>
    </awny>
  </eboniseHunkyPowhead>
  <weltedDentoid cederSpiered="48326" bitserKnarl="vanilleGombos" nonoilyBromal="scowmenUnireme">
    <thongExhumeGradual>
      <lengNunshipSalus>elwood</lengNunshipSalus>
      <arduousTutored gamic="dhamanBandalaAppear" maggotsPeerie="139981580">
        <rumanInsulae>aleutic27</rumanInsulae>
      </arduousTutored>
    </thongExhumeGradual>
    <flabbyMissaid>
      <ijoliteCmdParnas>okay</ijoliteCmdParnas>
    </flabbyMissaid>
    <eduardoPerturb>
      <aristasFemeMarkups>4250855</aristasFemeMarkups>
    </eduardoPerturb>
  </weltedDentoid>
</briseDurrsSorners>