<?xml version="1.0"?>
<gyassa>
  <asanaFenniciBecurry />
  <excussHalite swageXina="planing" dombaAyahMicros="simpled700" gluiestPanadas="willockInosic">
    <ebonsRicket>
      <heelcap>dornockCrannel1</heelcap>
    </ebonsRicket>
    <pimples>
      <papessAnubingKinged>hulkCribbedMenhirs</papessAnubingKinged>
    </pimples>
    <blunnenMemberKilims>
      <sushi>dhotiUvresPilmy</sushi>
      <hulloasKinchin mohawkWeerishRunning="21479">
        <inlessLeafcupSquin>gripierGaggery</inlessLeafcupSquin>
      </hulloasKinchin>
      <arabitFlocky hirsel="embacleSolvedHurlbat" vitra="niacinTrionalWaubeen">
        <vog>cottiseCejaEastman</vog>
      </arabitFlocky>
      <week>
        <acpt>funning</acpt>
      </week>
      <relievoTribute>
        <shacksKavasDaddled>gleeDonees</shacksKavasDaddled>
      </relievoTribute>
      <chutneyGully cashersBegorra="vyinglyUnflagSettlor">
        <snifty>9</snifty>
      </chutneyGully>
      <ithielTolas>
        <phobist>dtdOvampo</phobist>
      </ithielTolas>
      <clueingFondish>
        <viewingGenomes>gorblinLavageFurthy</viewingGenomes>
      </clueingFondish>
    </blunnenMemberKilims>
    <whettedAtman>
      <paidleEtchersEmyd>quendaBani</paidleEtchersEmyd>
      <agnameSuidianPrague>
        <haunts>eemisThreapUke</haunts>
      </agnameSuidianPrague>
      <diaperGaj crookedBovinesFourche="roemersUnlargeOutjinx5">
        <kathrynXeroxesChiller>sabulumMatchyTaxites34</kathrynXeroxesChiller>
      </diaperGaj>
    </whettedAtman>
    <penguin trustsOghamicLimmock="5919553">
      <beraptSamarra>5835104</beraptSamarra>
    </penguin>
  </excussHalite>
  <lisses pilm="54155">
    <tocomeBidriLaudian>
      <heavyCutty>staccGarronsLoess</heavyCutty>
    </tocomeBidriLaudian>
    <feralinCatoism taunAgisterExacted="athenaMashyViolins">
      <banya>somma</banya>
    </feralinCatoism>
    <amusingSextula pungaIxion="groanedFlambesNimious61" rugineBarker="61742">
      <saltireCacurHilda>shopped</saltireCacurHilda>
      <diazidGigabit haptereAdenoid="wannishTwpBook2554">
        <noughtDrossyPeri>171767859</noughtDrossyPeri>
      </diazidGigabit>
      <halves>
        <electoJardon>aplaceOoglea</electoJardon>
      </halves>
      <spelkUnificVencola>
        <compoedThraw>ovisacsThiamid</compoedThraw>
      </spelkUnificVencola>
      <beadrowKoae escheatStarwNook="hawsesDisjune7564" nitroso="readlDiesel">
        <clotsDote>71648174</clotsDote>
      </beadrowKoae>
      <osirifyHoyden cosshenBahima="roles5612">
        <infamiaDomajig>gyresSidebarItel</infamiaDomajig>
      </osirifyHoyden>
      <meadsCourcheDehair apricotPortioMancala="lourieCoppaFootled">
        <whunSpaned>tappenSullage</whunSpaned>
      </meadsCourcheDehair>
    </amusingSextula>
    <submanQuiteUnpaved seguedBott="taximan" fliskedBretons="voyaged">
      <scruntGlaum>elanus</scruntGlaum>
      <sideageScarletCuffing bug="ravenAgeusiaMyocoel" letchesCasking="exergue">
        <kansa>parvise9</kansa>
      </sideageScarletCuffing>
      <air>
        <jervinOaritis>montantPranktCoroun8</jervinOaritis>
      </air>
      <icerya hawbuckDognapTinder="hearty" dialersKor="gypsite">
        <burma>preedPodding</burma>
      </icerya>
      <thrawedFunkyEthrogs bridges="69">
        <phareWeentySnashes>peel</phareWeentySnashes>
      </thrawedFunkyEthrogs>
      <anhimaPargos crockerBemol="cluingHeezes">
        <hereatEnrollLogily>96</hereatEnrollLogily>
      </anhimaPargos>
      <joes>
        <confess>497813</confess>
      </joes>
    </submanQuiteUnpaved>
    <unboredSert rodding="thermal" gowlan="553083369" hilsaKashgaKhamsin="clum">
      <widdiesFellow>filmsAdular</widdiesFellow>
    </unboredSert>
    <babulsBallotaUdasi>
      <yardingGaize>906683</yardingGaize>
      <caliphs naghtMakateaCriey="600190424" pallors="tarpotBrocard">
        <tarri>pediad</tarri>
      </caliphs>
      <snuffly>
        <bipedalTubsNigh>flubLicania</bipedalTubsNigh>
      </snuffly>
      <unaptly togas="smouch9964">
        <seabedEutonyBedel>lyricsCaninesInfulae</seabedEutonyBedel>
      </unaptly>
      <tettyHailingUnskill>
        <hunchTriaceBegut>734</hunchTriaceBegut>
      </tettyHailingUnskill>
      <drupeAmides slyerFairTovah="31780390" oaric="7136795">
        <tzaddikFackinsKarez>serenoa</tzaddikFackinsKarez>
      </drupeAmides>
      <jumpoffBugloss>
        <aztecaUploom>somever</aztecaUploom>
      </jumpoffBugloss>
      <signateTcheYappers>
        <shadow>monodicEyebrow</shadow>
      </signateTcheYappers>
    </babulsBallotaUdasi>
    <foldsCanal venireDadingLynch="glaucusPommy">
      <squealMiltier>ranquelUnspikeTetanic</squealMiltier>
    </foldsCanal>
    <glows>
      <dosPuttanGraphis>rytinaTabularPeaky</dosPuttanGraphis>
    </glows>
    <ryasTiller>
      <steid>megilp</steid>
    </ryasTiller>
    <longerMissis shoeForblowGlumpy="pardale1556" yoruba="ismailiCupreinSoot">
      <xylateNumbles>jailersSlates</xylateNumbles>
    </longerMissis>
    <gongsCrows>
      <bhar>gershomBackcapFellest</bhar>
      <alfinRudolf proband="3039" woefulBluffer="whutherPendent438">
        <tecaYhwhAbater>beanosSamkhya</tecaYhwhAbater>
      </alfinRudolf>
      <tessel>
        <toolsi>quincyVariosCatpipe</toolsi>
      </tessel>
      <morlingRisqueJamming rammy="poecileChitose" mediadBanyulsUndim="duriansHolards">
        <teenieCamisia>769456611</teenieCamisia>
      </morlingRisqueJamming>
      <durezzaAbatis tumefyGibletsRecage="murices6" claypanLadrone="braces">
        <limpishRomancyJointed>528</limpishRomancyJointed>
      </durezzaAbatis>
      <whingerShantis>
        <spankyCarryonLichted>minasConsume</spankyCarryonLichted>
      </whingerShantis>
    </gongsCrows>
  </lisses>
  <pawersAmorAedile ssortRedeedSpails="7269">
    <leetmanOopod>
      <upwring>vipery</upwring>
      <sozinsNiggingAbhor dentataReendowSirih="airlift6479">
        <chuseStonier>6686</chuseStonier>
      </sozinsNiggingAbhor>
      <blicky tadFollowsPlume="26">
        <tuft>984</tuft>
      </blicky>
      <bonallyQuohogsRuddle>
        <flybookSpecialAbama>peteredDeliesExtruct</flybookSpecialAbama>
      </bonallyQuohogsRuddle>
      <cardiumSoleyne mazesCliche="zeatinsAxisesOppida" eurus="becolorTabid">
        <splatchWervelVeals>warsledOtogyps</splatchWervelVeals>
      </cardiumSoleyne>
      <betaxedBlvdBullpen baffledArrach="jilter" mataraSeadogsGreyfly="reaps59">
        <doline>thakLichens</doline>
      </betaxedBlvdBullpen>
      <growthPorteno mucosalAckeys="handfulFlorin82">
        <isiac>emigresDauwBegrim</isiac>
      </growthPorteno>
      <grasShootsMisedit wei="oilcanIronice4555">
        <blestGrappleHicht>geodalSapiensSaphead</blestGrappleHicht>
      </grasShootsMisedit>
      <pinkieBrattleScaffy indiumCense="hoped2" slipesPoorestCalxes="wheeled">
        <reseePlenumPlaidie>nouilleOviparaMalted</reseePlenumPlaidie>
      </pinkieBrattleScaffy>
      <sylingLichi mythic="hickLeguminCicer">
        <reflown>butene</reflown>
      </sylingLichi>
    </leetmanOopod>
    <giant saccade="282" dozingMappistGadbee="7825639" nonuplePeagsJenna="razer">
      <dharani>jivesRechose6</dharani>
    </giant>
    <askersLatch scrivesRaddlesSprags="646761" wingletHansomArtefac="36183361" bec="uredineTibbie2107">
      <soldat>toroidsFecialDorlot</soldat>
    </askersLatch>
    <bulge aguaraBiseRelatum="condoleJusterGlaum" aricinJunksGink="shirvanFalloffMakutu">
      <onychinDinaricTertius>solanTajesRudous</onychinDinaricTertius>
    </bulge>
  </pawersAmorAedile>
  <outgain carpingNoel="firingTeutonAmmelin" datch="74419">
    <algumsPawnUndeck>
      <ambageTerasWhample>9997710</ambageTerasWhample>
    </algumsPawnUndeck>
  </outgain>
</gyassa>