<?xml version="1.0"?>
<byres>
  <offenseDeitate />
  <paletsGuayule dalaiGluily="99316" coemptVic="chaetalToxylon" ickleAconin="980705244">
    <moschus apyrexyFalda="tolzeyHypnum" simianAreolaeNife="unornDansyAcres">
      <ubertyLovedYawled>2378066</ubertyLovedYawled>
      <dogribTiglons>
        <hydridsSlabbySitu>comradeTrotsHazer</hydridsSlabbySitu>
      </dogribTiglons>
      <qualmsRatchetBairam>
        <chuetaHuzzahOxyopia>178088550</chuetaHuzzahOxyopia>
      </qualmsRatchetBairam>
      <lim typhoseAchiraPhlegma="courtlyPlouked" comaticChogset="gawks">
        <doddKatha>cinched</doddKatha>
      </lim>
      <pumpNitrousGleby octodeEolithsSalvy="gentlesFuhrers" crannogDimera="musardRegreet">
        <bobbers>541</bobbers>
      </pumpNitrousGleby>
      <aready patties="32" millmen="setsAflushIxora">
        <breva>spheres</breva>
      </aready>
      <pokomamUnlearnSeqq wastersHalifax="begsNeurite" agletSplatch="boojumScolb">
        <eozoicGulls>por2488</eozoicGulls>
      </pokomamUnlearnSeqq>
    </moschus>
    <panos>
      <nidiPowheadTriple>34942</nidiPowheadTriple>
      <quaily>
        <agunah>praecoxArtistsHalls</agunah>
      </quaily>
      <hypnaleLinous lienicFarnessToywort="hatlessPorite">
        <jurelsJobsite>noyance</jurelsJobsite>
      </hypnaleLinous>
      <ulidianCalamus>
        <birianiGuazaOca>presume</birianiGuazaOca>
      </ulidianCalamus>
      <brittle>
        <sexingDimmitMatt>utters</sexingDimmitMatt>
      </brittle>
      <sixesFerrisDarer markisFulah="5566" gloyBraeman="willowsBleakyGitonin">
        <spaySewsterUngnaw>bulgers</spaySewsterUngnaw>
      </sixesFerrisDarer>
    </panos>
    <cummerIncases>
      <vespineCalpacTiremen>kang</vespineCalpacTiremen>
    </cummerIncases>
    <amouli guzzlerCocauseBizen="setlineAttCobcab" palsied="tigery">
      <chukkaEmbargo>unde</chukkaEmbargo>
    </amouli>
    <rammish>
      <scalerWackUnderer>langursHoards3</scalerWackUnderer>
      <vettura courilAbodeWhack="shacklePolecat" stadiaBuccatePellile="kakisBadgePewless">
        <cupeled>duluth</cupeled>
      </vettura>
      <keepForfeit>
        <hircinSpiled>betasAfrete</hircinSpiled>
      </keepForfeit>
      <sauryClammerGonitis arshineOrigamiDenyer="datedSimlin">
        <psoae>bifilarTeabox</psoae>
      </sauryClammerGonitis>
      <musrolElateryWardman discampUnlogic="lateranValvar">
        <sprucesFussily>firsRecurlRhibia</sprucesFussily>
      </musrolElateryWardman>
      <chingmaBivvyAhong aglaos="whompsFoxieAcater" sculpBotonn="719">
        <vicingCarom>faroff8</vicingCarom>
      </chingmaBivvyAhong>
      <hewersArdoursCowpock>
        <krishna>saliteLintenRavi</krishna>
      </hewersArdoursCowpock>
      <grisledRadlyDasnt termal="befilchGraysby">
        <winepotSirione>swith</winepotSirione>
      </grisledRadlyDasnt>
      <cypre enforkBestial="77421" gimmickEthionsComite="oxgateMedaletHasnt4">
        <nenesEngle>tennerHexineGrimes</nenesEngle>
      </cypre>
      <somalo>
        <taversLayout>85612022</taversLayout>
      </somalo>
    </rammish>
    <morocPulpilyOverlow megergVimCreeky="gifVies">
      <pyralisBolted>dazingSparch</pyralisBolted>
    </morocPulpilyOverlow>
    <potteenAwaReenter>
      <weevilyKinUpcover>litraWering</weevilyKinUpcover>
      <mislike cardel="guacinTetchyDaddy">
        <peonFlaggy>equusEloiseStibic</peonFlaggy>
      </mislike>
      <lenchYus>
        <serdab>steresFuscAverred</serdab>
      </lenchYus>
      <blabbyUnfrees surmitBredes="forloreUnshapeFaunula" boundsTerbic="425">
        <retagOdacoid>arciteCariedUinal</retagOdacoid>
      </blabbyUnfrees>
      <edgrewKloof chancreDraws="greylagClypeiBays">
        <shemaFlickerYizkor>pagus6</shemaFlickerYizkor>
      </edgrewKloof>
    </potteenAwaReenter>
    <flexors whuskieLede="awinkNodical" thymeyRaddingIrenic="trockedCitola" tripped="hokierRelieve4805">
      <upbrace>convexCowpats</upbrace>
    </flexors>
    <faintDiskedWample>
      <sillarBathe>frowlOpenest5726</sillarBathe>
    </faintDiskedWample>
    <wifeBuckoDargah>
      <licitly>sigilsFaecalParti6679</licitly>
      <abbassi skreelWriters="plank" dublin="kokan">
        <deicate>sphecid</deicate>
      </abbassi>
      <toranMaskerMeanly commiseSortied="libbyHymenia" scolopsUredineAdret="6229">
        <leafs>800</leafs>
      </toranMaskerMeanly>
      <faithedSolsGangwa>
        <dimnessCastoff>sign</dimnessCastoff>
      </faithedSolsGangwa>
      <reapedRondosFlimsy>
        <aftaba>naplesCerillaBoody5</aftaba>
      </reapedRondosFlimsy>
    </wifeBuckoDargah>
  </paletsGuayule>
  <punecaBocoy />
  <penkEntropy louvredLendsSculked="sambalDudderMaker" ooeciumSvabite="52" hadronsBack="dollier" suite="wyethiaCimbric3966">
    <sixfoldWilders dowlBethink="banat" diclinySmudgedSadiron="6787031" liaised="clickDaisy537">
      <pureesFustian>3038376</pureesFustian>
      <anhingaSparked avataraFlenseHeckler="3" ratifia="jackmanKibla">
        <taminy>rondureBellhop</taminy>
      </anhingaSparked>
      <bliest dimpsyTarre="trips">
        <lintieEyemark>apepsy6267</lintieEyemark>
      </bliest>
      <kae exerceSpillLouch="dunlinVerbenaZemeism367" curios="ballies4041">
        <biallylGauntlyMoneth>31642</biallylGauntlyMoneth>
      </kae>
      <boneCornet fifo="9744" askileSelingPescod="983661">
        <isolex>murgaKrepi2</isolex>
      </boneCornet>
    </sixfoldWilders>
    <mammeyRuthenePowered>
      <liferLoudPigyard>cipaye</liferLoudPigyard>
      <peisant clarke="breards">
        <caumDeilPuan>tronerReratedCachexy</caumDeilPuan>
      </peisant>
      <oddishAutism spearFactory="damalic">
        <blimpPalachGaed>22313564</blimpPalachGaed>
      </oddishAutism>
      <belays>
        <nornaOpposed>causey</nornaOpposed>
      </belays>
      <yeaningCoostStela>
        <surtout>slimilyFurther</surtout>
      </yeaningCoostStela>
      <phytoidAkepiroRetoast>
        <howlets>octylsUntamed</howlets>
      </phytoidAkepiroRetoast>
      <peyote gypsumSeax="shushes">
        <thereby>baneArcheryFasten</thereby>
      </peyote>
      <vinasseFioriteAdipous hopesPloys="juvenalFazes">
        <innageCapcaseRosiny>manoirTaiyal</innageCapcaseRosiny>
      </vinasseFioriteAdipous>
    </mammeyRuthenePowered>
    <gulasOyanaDiasyrm actinLootieOnagri="satinyFewer">
      <ganges>strobe</ganges>
    </gulasOyanaDiasyrm>
    <shawTaches>
      <lappets>53</lappets>
    </shawTaches>
    <laughee>
      <cursors>tonightPossetBusts</cursors>
    </laughee>
    <beeswaxHoldsSurreal mendExocarp="peaiismHouting13" skookumDreads="bulgesGamma" scuffer="swatherMurrha">
      <smaltScraye>some36</smaltScraye>
      <trooly wildishOtitis="anaitisCathari3">
        <pimlico>warmanPunger852</pimlico>
      </trooly>
      <coconaBitGabbler>
        <miscuesMuzz>burpedBitnet</miscuesMuzz>
      </coconaBitGabbler>
      <demeterPicul snideryFugally="borid" milleBakshisSemel="tethDubietyErratas">
        <baculusRecallsKeckled>soigneeSpirale</baculusRecallsKeckled>
      </demeterPicul>
      <andrias>
        <defleshUppoint>dogieEdaphonRosed</defleshUppoint>
      </andrias>
      <rundel cuppinAgnizeSuite="educingOutrig">
        <remnantLoseAmmine>drieghGelated</remnantLoseAmmine>
      </rundel>
      <wifelyBough craneyFinnish="7774390" purohitUnlust="4537468">
        <churlsRelevel>kemptsConrad</churlsRelevel>
      </wifelyBough>
      <wastrelAgisms casavaTrashesSmotter="turfageConfr" coch="lothWace68">
        <rubrailParserSctd>hyllusStulm</rubrailParserSctd>
      </wastrelAgisms>
      <rebound pilchFidac="armingFoneAkelas4926" oopsFooting="crusieLoxommaBoccis">
        <sacre>waul</sacre>
      </rebound>
      <pigman claspedSlepezKapa="dhooraInfightSylphic">
        <pryingPriapiLautu>98</pryingPriapiLautu>
      </pigman>
    </beeswaxHoldsSurreal>
    <wrecky>
      <shrinkyMeterUnmad>putonsSorghe</shrinkyMeterUnmad>
      <guatoRhodicSiti chambre="astelEponymSyringa">
        <besaile>86978597</besaile>
      </guatoRhodicSiti>
      <mixible vendor="28600" reseatDzerinCrooken="ogresKiwis">
        <ardella>shrewedNotateInbowed</ardella>
      </mixible>
      <sultanyRusts lobe="wools" decl="heightsPence">
        <cutoffsLetchBaruria>diiambGasohol</cutoffsLetchBaruria>
      </sultanyRusts>
      <minot slots="maclesHamster" grumoseRecapsGutt="950469">
        <demisesLuba>205</demisesLuba>
      </minot>
      <deckingMochudi>
        <woodwaxFlipHypoid>varmint</woodwaxFlipHypoid>
      </deckingMochudi>
      <chelateGpmEktenes>
        <wastVinylsGenii>schist</wastVinylsGenii>
      </chelateGpmEktenes>
      <vulvasWackeGroans>
        <soogan>gulasUsward</soogan>
      </vulvasWackeGroans>
      <impings wasirHerbal="enisle">
        <charilyStearicPiation>6793</charilyStearicPiation>
      </impings>
      <heal>
        <autos>3</autos>
      </heal>
    </wrecky>
    <mimosasGrampaSogdian tussehsShaft="doyleWelded" cathineWarlike="ecbasis5325" amber="hyacine">
      <binodal>moiles</binodal>
    </mimosasGrampaSogdian>
    <secparKiliareDeafly>
      <wakemenSpikingRoub>958072702</wakemenSpikingRoub>
      <hatsUrbanAlkali crosePorus="behedgeTagaur" cajole="wannishEvades">
        <sprees>923</sprees>
      </hatsUrbanAlkali>
      <dudderAridian item="pithyRoi" dongon="erlkingBewareGaining">
        <splices>poulterAxelGlazes</splices>
      </dudderAridian>
    </secparKiliareDeafly>
  </penkEntropy>
  <cornrowBegatsEkistic fiascoZongoraPoz="loueyBesew" />
</byres>