<?xml version="1.0"?>
<enditedEctasisActinal>
  <justineTwa>
    <eslabonMestiza canopyOnlapExcited="stichicMisfireBala61" haughtPompom="yunganTumLupulic">
      <rammerSpect>ursolic</rammerSpect>
    </eslabonMestiza>
    <petitioGeonimJorram>
      <chicanoEmbaysBouche>bustlerBelve8</chicanoEmbaysBouche>
    </petitioGeonimJorram>
    <shikimiCantripLibby>
      <opheliaAuteIndice>eugenyTaken</opheliaAuteIndice>
      <gypeVelika>
        <chadsRapiderPyknics>5928</chadsRapiderPyknics>
      </gypeVelika>
      <sylphicFlywire sawfly="byrledDroolsSemper">
        <beggarFreers>278</beggarFreers>
      </sylphicFlywire>
      <piggishCasking backedPielumDisown="narkedHygiene">
        <lait>basadCanevaUnhit</lait>
      </piggishCasking>
      <slidder auteKiddierBodes="54" darnsTummer="jeepersLoobJwahar40">
        <chitlin>gesten2623</chitlin>
      </slidder>
      <dalle bonging="65394">
        <laulauGayishMobbish>scugAnew</laulauGayishMobbish>
      </dalle>
      <phorbinNanes blinSlidderOutjazz="beerilyCimexAponic" nears="15">
        <wreathFleuret>gazonBuggierOutspue</wreathFleuret>
      </phorbinNanes>
      <greteGude>
        <vexilsAzuliteZoos>233190852</vexilsAzuliteZoos>
      </greteGude>
      <colonicApophisBravura ancone="lunular974">
        <boyard>3096469</boyard>
      </colonicApophisBravura>
      <csmpEloigns>
        <jarMadam>unoldAubainKalium</jarMadam>
      </csmpEloigns>
    </shikimiCantripLibby>
    <suscite shellak="564104307" badland="minkopi" floatySimplum="polyClefLarigo">
      <koasati>3</koasati>
      <sepn>
        <purelyTratler>viewerHoggishPoshest3</purelyTratler>
      </sepn>
    </suscite>
    <snarerUnseel tendonsRsum="foldoutEucalynAlkalic" abutaEnthuseBerms="partiteDharmas">
      <unformPolygam>26</unformPolygam>
    </snarerUnseel>
    <anagogyEssayedProbal parsonsHemipic="preesNefas">
      <warundiOverdue>glycolGustfulPalette</warundiOverdue>
      <bauckieOngoingCrazy olycookLophiid="808">
        <subcleiInkwood>bewitchProtea8999</subcleiInkwood>
      </bauckieOngoingCrazy>
      <lymph ragee="bordun">
        <improofJewely>potsies</improofJewely>
      </lymph>
    </anagogyEssayedProbal>
    <chaplinWersteClunk ascareAdduct="snoutedBakerThiram" lacertTumuli="blupHadj" oonsLetdown="hething">
      <menhirsZenzuicAjhar>grysbok</menhirsZenzuicAjhar>
    </chaplinWersteClunk>
    <staver>
      <penileGaggledSavssat>denimCivie</penileGaggledSavssat>
    </staver>
    <coakConcede dripsManhole="panfulLaic">
      <sumless>fogieEvelessHowdah</sumless>
    </coakConcede>
    <comlMerge>
      <seggedTyphonsGoodies>orbate</seggedTyphonsGoodies>
      <lightedWraist roilDess="swainsGroset">
        <virionsMyxoid>gowl10</virionsMyxoid>
      </lightedWraist>
      <fullestHilaryActify shockGislerHernani="virallyPawnage">
        <clacksParmackBerberi>glossaSpin</clacksParmackBerberi>
      </fullestHilaryActify>
      <choragyGrumphy eyalet="size" caporalCagnPollist="tonged">
        <nattock>789362712</nattock>
      </choragyGrumphy>
      <joggly laggardSawneyWurzels="dowmentOutfame24" balls="cosing">
        <annerreAsaphusBingo>7231041</annerreAsaphusBingo>
      </joggly>
      <pain bravish="alcaicsSelter">
        <bralessDrosserYid>swayerAirbillChalcon</bralessDrosserYid>
      </pain>
      <unnoisyAbseilsForhale>
        <squissLoop>unwadedVouched</squissLoop>
      </unnoisyAbseilsForhale>
      <bhoot>
        <jezebelMirklyBuffe>suerBlitz1162</jezebelMirklyBuffe>
      </bhoot>
      <dhikrDefaced belayerAnas="305386541">
        <toeaTeeteryOghams>rahdari</toeaTeeteryOghams>
      </dhikrDefaced>
      <krubis>
        <waifingYou>cortonRoedFamp</waifingYou>
      </krubis>
    </comlMerge>
  </justineTwa>
  <grind kernosMatted="hadjiTunishHaloids" />
  <goliadIdylize squushMochrasOrdains="askile2" razed="diasyrmHelpful6" kippyLassies="ricketsPrickyDrafty" bellhopUpprops="algiebaLippensTownies" />
  <drattedPulisAsana aramidSickly="depureUnterseVenise1392" maximusKnagLeetmen="prayersSpigotsWimble">
    <pleuric lamprelIsotony="chouse">
      <nidulus>dortour</nidulus>
      <breton pawkily="codgerZunis">
        <droumyRetwistRosins>95</droumyRetwistRosins>
      </breton>
      <veinalPickmaw livyersTicToyota="ridentTankardCoreign" poleyn="bedewsErrants">
        <slawAstoundIssue>aspis</slawAstoundIssue>
      </veinalPickmaw>
      <trailedDecess migrantMananas="2428">
        <maggotPluton>coramSudsmen</maggotPluton>
      </trailedDecess>
    </pleuric>
    <corylus>
      <doomer>rockedCoalifyMewling</doomer>
      <poldersIronmanAdfroze elkuma="cribral">
        <manglerPiglingCraals>4146451</manglerPiglingCraals>
      </poldersIronmanAdfroze>
      <luckiesLushly>
        <jailors>tentedGalette</jailors>
      </luckiesLushly>
    </corylus>
    <supremoFlackerMennon labiate="flubsLockianNabaloi">
      <ravens>aduncDolabraOutmate</ravens>
    </supremoFlackerMennon>
    <teletex>
      <muzzyEquison>spongedBrayersNast</muzzyEquison>
    </teletex>
  </drattedPulisAsana>
  <proteanDetnRld stayers="ewestGrolier" />
</enditedEctasisActinal>