<?xml version="1.0"?>
<masquerEatingAmated>
  <shinesCarn>
    <slitingVitisCavey>
      <lavabosBallots>innedEnureAnjou</lavabosBallots>
      <baptismScepter piuOldersYahgan="409">
        <aziminSubanal>antarSiclike</aziminSubanal>
      </baptismScepter>
      <sepiasTussock kabikisQuimper="textualFuehrer7">
        <bangeFratchLandler>6</bangeFratchLandler>
      </sepiasTussock>
      <spayingLanated copprasLueticsUlla="cahiz" dornick="chammSemeionVerdet3293">
        <winkerDanaideRespue>numberAshamnuScaler</winkerDanaideRespue>
      </spayingLanated>
      <babusBund poteyeArabize="oestridJawlike198" dullLycium="41">
        <parrHarkedWold>benthic</parrHarkedWold>
      </babusBund>
      <repoundBoddaghBobo madeiraProwerStrind="biderIriditeLumping">
        <rastikElsehowZoeas>upwind</rastikElsehowZoeas>
      </repoundBoddaghBobo>
      <retailTestes aborts="scotale17" mactra="insol">
        <encoreHenceTreats>oarPunkie</encoreHenceTreats>
      </retailTestes>
    </slitingVitisCavey>
    <chorine bonairePouffsTalwar="acanthGyppo7354" forepadChowsesKeymen="dotchin470" bijousArest="5203755">
      <saigaBalor>indents</saigaBalor>
      <lowa>
        <healersRedries>coontie</healersRedries>
      </lowa>
      <scrapsMadeiraBulchin bodragMartensLathed="depure5" maintop="tisane">
        <quininAntigen>bblAnasaziChica</quininAntigen>
      </scrapsMadeiraBulchin>
      <aftwardPatapatCajoles tamilicCriantAirhead="burlace6318" ammanSpailsUnyoung="chinkedZionite5">
        <vault>bucerosColliedDonis8</vault>
      </aftwardPatapatCajoles>
      <bergyLilting karel="etuveClerked" stoondWracksPewters="7912025">
        <fdnamesHissZimbi>zanderLimped</fdnamesHissZimbi>
      </bergyLilting>
      <rleHalversWearied dunkingWorkingRedug="681065" frizedDaisied="874919873">
        <latency>recanedBpiUcuuba</latency>
      </rleHalversWearied>
    </chorine>
  </shinesCarn>
  <tubful murrion="fullsTeredos" />
  <jugerum dopantJuchartDeseret="chinas" caids="fenland" vaiHabuUpdress="otitisAgraniaPalatal" sergUncoil="hewnFourbTelesm" />
  <ecesisHeazy inflex="24994602" sandboy="22470">
    <wofflerCaroche reveres="chondriUnwifedReaver" waybird="hatredArietteSwearer">
      <utilHayride>exodosOthakeWarmful</utilHayride>
      <scrapieLeglessBleary slimsCliftsSwabble="winiest" hagden="kethibHutholdCruces">
        <darnixSneadHutting>zenithsShahinUnrainy</darnixSneadHutting>
      </scrapieLeglessBleary>
      <drippedNeurualWlecche>
        <drung>hotheadDevisesEstrif656</drung>
      </drippedNeurualWlecche>
      <panctiaNeurons>
        <ejidalBangeKajar>roquets2</ejidalBangeKajar>
      </panctiaNeurons>
    </wofflerCaroche>
    <vasalTotedTailory>
      <infileTenneEmigree>doli</infileTenneEmigree>
    </vasalTotedTailory>
    <stairySpraithToronja>
      <aftOblastiBatties>jimjams</aftOblastiBatties>
    </stairySpraithToronja>
    <coseGlorAbucco>
      <karatHsuan>nowrozeRugosa4955</karatHsuan>
      <womenValvingPinkies supe="563259784">
        <tapiro>costlyGrendelSlatted9440</tapiro>
      </womenValvingPinkies>
      <wilgersSazeracAdnoun maccusReaksCausals="sunrosePrecony80">
        <yawl>ungrave</yawl>
      </wilgersSazeracAdnoun>
      <unobeseArganOpalize>
        <tassieSurv>607742644</tassieSurv>
      </unobeseArganOpalize>
      <fenianKiddosJoints>
        <hokku>hirable</hokku>
      </fenianKiddosJoints>
      <cowhand entasis="monody">
        <tindery>milling</tindery>
      </cowhand>
    </coseGlorAbucco>
    <alhetVases acremenAgree="plasmAimable1592" hicacoHymnode="redbays">
      <hyaena>couloirYerbalDipware</hyaena>
      <lewd fracasFalisci="senegaCohererBalls">
        <carfulsFerioHasnt>frypanScaurs</carfulsFerioHasnt>
      </lewd>
      <midgety>
        <pollenSnightVelate>locoesAdjure</pollenSnightVelate>
      </midgety>
      <poisons>
        <thirls>11838</thirls>
      </poisons>
      <plasherAbouts tassetMerak="fadgedFlowerDawts">
        <cairny>scenesBoryl</cairny>
      </plasherAbouts>
    </alhetVases>
    <aprMashersSlushes>
      <precedeStrewth>kvarner</precedeStrewth>
    </aprMashersSlushes>
    <ribsPlacit>
      <kikuIbericSaluter>uraniumBlowze</kikuIbericSaluter>
      <baratteGhats>
        <agaliteStibium>idiocy</agaliteStibium>
      </baratteGhats>
      <repayed cawquaw="molimenIndultPreboil">
        <struthSmart>apercusChawer231</struthSmart>
      </repayed>
      <dolman trinolTofore="5880558" baffSpinney="epee">
        <theorboRambledLeipzig>67205696</theorboRambledLeipzig>
      </dolman>
      <galaxMilwell strafesAlloysPhloeum="textusAkebiPontic">
        <legroom>chibaFucusesRoiled</legroom>
      </galaxMilwell>
      <phanarRobertaPalar>
        <cigFordoSupari>fatwoodMise95</cigFordoSupari>
      </phanarRobertaPalar>
      <pitmarkHectorsAntenna coy="patoisRavish48" glanisWeirs="hordeumBegari414">
        <coctileFewerMixups>unfainThamesBacile</coctileFewerMixups>
      </pitmarkHectorsAntenna>
      <giversWastyRaster>
        <canzoneCares>clonedBebleedGanner</canzoneCares>
      </giversWastyRaster>
      <heeder>
        <fitchewCrooned>welting</fitchewCrooned>
      </heeder>
      <roumanCumaru elviraTaheen="eadRedragBuzzers" girosolVisage="jellabDazesSepsis">
        <gannetUntar>fullerStalags</gannetUntar>
      </roumanCumaru>
    </ribsPlacit>
    <cantaraPuru mammies="eclatedOpificeBums">
      <unnoisySibiricTame>splineHejaziTheyd7580</unnoisySibiricTame>
    </cantaraPuru>
  </ecesisHeazy>
  <redcap appd="achaqueUgarono" pivoter="irately" windierYarnerCatheti="malatePurplerBatman" coronad="unta" />
  <cravoStillsScatt netfulDepleteDinman="commers890" inblownPealer="541569">
    <shemaVila>
      <pyxSosoishMarree>17</pyxSosoishMarree>
      <nayNodally>
        <manzasCozing>48</manzasCozing>
      </nayNodally>
      <stailBynamePatand inworksDione="802">
        <nandutiTensiveNickeys>visasYoginOthman</nandutiTensiveNickeys>
      </stailBynamePatand>
    </shemaVila>
    <shoot>
      <usward>excitedTwiggedWirebar</usward>
      <taxisWhistly sannupsPremateTerri="yamunsBisulcTwitter" museSou="recdSea">
        <lummyEquablyDangs>pekinsLues2</lummyEquablyDangs>
      </taxisWhistly>
      <chapesLomataExorate rocklet="2548">
        <gondiTeguriaDural>ventilBozaBoffin</gondiTeguriaDural>
      </chapesLomataExorate>
      <wrongerAstrol pukhtunNovaleMiracle="42101367">
        <woodies>mphpsDilosApheta</woodies>
      </wrongerAstrol>
    </shoot>
  </cravoStillsScatt>
  <capomoSerolin guniteIsawaQuags="pooaSanteeDacitic" cordonsTophe="ropemenKaliphs" deading="766022785" />
  <bustardThoftSheroot wirilyPindariClavuvi="65" spiritTydden="5" correctLoxodonLinter="fluidlyLambert" khasaGox="taffiesAdoreBulgier" />
  <dewing baracaRetoreBowlers="intoedHurdiesShun" nucinKlatschSkopets="patent" />
</masquerEatingAmated>