<?xml version="1.0"?>
<whealySpattleMasking>
  <vims inactAnconas="voluted" fetalSally="vaguely" catenaeBasnet="84" warZakMinnie="8954139">
    <wemmyRimateDeemie>
      <falcadeGets>2</falcadeGets>
    </wemmyRimateDeemie>
  </vims>
  <choiredAnd nonicFow="spanedFeddan" padashaMorg="englyn" omar="snockPagurid" neguses="satsopSacaton">
    <dumbs>
      <captor>comfilyClassy</captor>
    </dumbs>
    <relightUlmousRituale>
      <yucch>bottierUlnasTeiids88</yucch>
    </relightUlmousRituale>
    <palmerCocotteBaggie axles="9" aspringFriseBrushes="726">
      <volans>yardsRotters</volans>
      <aludelVril unfaced="jesuateElberta81" corncobClo="fritzBawls">
        <amentClovery>piloti</amentClovery>
      </aludelVril>
      <outbuyCursal>
        <tropinGing>daimenPyosis</tropinGing>
      </outbuyCursal>
      <mispickSanteeScared marker="reclad" dentalsCotsetDognaps="whr">
        <cyperusBemeet>yodlingNeeze</cyperusBemeet>
      </mispickSanteeScared>
    </palmerCocotteBaggie>
    <oatsOosWaister>
      <moochesPutoffs>bebumpBowly</moochesPutoffs>
    </oatsOosWaister>
    <radiarySacae isazoxySibbedLatches="blusht">
      <abend>gracileRosinol185</abend>
      <aponiaWagwag predineStrigalBahoe="mecumQuerreUmberty">
        <autobus>wallabyHurray</autobus>
      </aponiaWagwag>
      <kerflapFailPinches>
        <unbokelHeptyl>imamicOvid</unbokelHeptyl>
      </kerflapFailPinches>
      <barmanAmens tataupaGantlet="spindleProstas" bywonerAdduce="footersBriefs">
        <eavePalatesVedana>audadsStold</eavePalatesVedana>
      </barmanAmens>
      <dray>
        <peyotlKouStarry>authors5231</peyotlKouStarry>
      </dray>
      <meaned hutchesStyful="acutateOkas40">
        <bineCouponsEmerize>bodikinWaisted</bineCouponsEmerize>
      </meaned>
      <keidHebrew gariba="bearingSporran" hipple="farced">
        <isotopy>overarmUnarch</isotopy>
      </keidHebrew>
    </radiarySacae>
    <eglogueGuggled>
      <rarify>upstairGuttersMonaul</rarify>
    </eglogueGuggled>
    <brechtCricked>
      <winyKebbuckWhole>shachly</winyKebbuckWhole>
    </brechtCricked>
    <bannet>
      <rancorPume>manjeetXylopia</rancorPume>
    </bannet>
    <mugilAggrateChop>
      <meteors>onenessForrueMosque</meteors>
      <harperByee>
        <fictileDiodont>76</fictileDiodont>
      </harperByee>
      <hogcoteAition weevilyDaphninParnas="uleBehungMerton5666" assobre="74">
        <julio>8</julio>
      </hogcoteAition>
      <butlersGonopodBrasen gazella="coil" clansPhantom="ripplet">
        <scove>handgunAlden</scove>
      </butlersGonopodBrasen>
      <protistStanzeBecomma jetonsStoreenAgrapha="ferrisNervureLooting8474" avision="54">
        <neurineAffines>entr37</neurineAffines>
      </protistStanzeBecomma>
    </mugilAggrateChop>
  </choiredAnd>
  <exonymOhmage vineityPlasmid="giher" chironVenuesFuroic="voicersTether" groan="cruth1">
    <chirmedQuellio pecan="unhayedUrethan" stomas="mehtarBowlder31">
      <poons>almondyOutkickCockal</poons>
    </chirmedQuellio>
    <giberPopjoyCermets lemons="360962133" rufousStallsMassy="368">
      <anglianSawwayGripey>71920</anglianSawwayGripey>
      <caballVaus chooseNailsetFewer="bane1379" worsleMargent="goofBubbleFooty">
        <bathmat>bike</bathmat>
      </caballVaus>
      <knavessIndiana smirkyBlagueAberia="tallish3">
        <beshineImpale>unclewMineryRoughy</beshineImpale>
      </knavessIndiana>
      <shawyRullockMinxish creededSandpitShrip="mammodiUppersLobby" blesbok="making">
        <cunila>napeadBagelEndark4228</cunila>
      </shawyRullockMinxish>
      <freewayEdileToey>
        <tecomaAlgesisQuinite>lutingsImmanesNates</tecomaAlgesisQuinite>
      </freewayEdileToey>
      <amido dhangarQuinua="57960441">
        <falces>estadio</falces>
      </amido>
      <fuffBasest soferVagantiReamed="brab" tinselsOolakan="lyanceDadGlowers">
        <dihalidRunnetGassier>nigrineWriteup</dihalidRunnetGassier>
      </fuffBasest>
    </giberPopjoyCermets>
    <prisonQuieten>
      <nauchPechAuburn>cessing</nauchPechAuburn>
    </prisonQuieten>
    <brisaJokerBandage>
      <lupineUnvoidSpruer>detachsThank</lupineUnvoidSpruer>
      <shiny hyracidWasp="diesisFatting">
        <gerbilsDyewareVeep>kaidVainly</gerbilsDyewareVeep>
      </shiny>
      <sisel jagath="virguleAlop">
        <sibs>unbefitAthbashIrrite9743</sibs>
      </sisel>
      <esurine>
        <bombo>prickyOverest</bombo>
      </esurine>
      <lashkarSericon antigayOxcart="301865479" goosesDynes="suaver">
        <oadalMuskies>prauSealine</oadalMuskies>
      </lashkarSericon>
      <ikaryFrapEmbrown fluky="toustChinelaNitos">
        <skepfulGuiltyCrocky>wincherManxmanQuasar</skepfulGuiltyCrocky>
      </ikaryFrapEmbrown>
    </brisaJokerBandage>
    <tolowaImitant>
      <sweltryContenu>fossFusionsEmilia51</sweltryContenu>
      <eyepit circuit="testifyLablabPillar850" boranesLobusAdhere="lunasWrox">
        <uplane>73</uplane>
      </eyepit>
    </tolowaImitant>
  </exonymOhmage>
  <apiculaCrambe telingaSurfeit="stampee8" ampycesChevage="ahemBrusureWeening" unhive="biminiCabbed" />
  <palau englishRoyetPeletre="caproylEtas" unwishClark="ketone" />
  <alumineKarwarCraton braconNorimon="poxes" kismetRabious="coamingBerth" caulks="mimeos" />
  <pinylYeller hypogynHives="468" simial="izumi358">
    <jazzedBishopsEuphemy>
      <tooroo>tillageVialled8</tooroo>
    </jazzedBishopsEuphemy>
    <bestudsSecondeFluming>
      <lendsSilesia>flusker7573</lendsSilesia>
      <paysExaltsSaltest pyrexGcdBrucin="60177">
        <tangieUnidle>rapider</tangieUnidle>
      </paysExaltsSaltest>
      <vibratoTarata createsGustily="wilsome" kremsPisoDefter="degloryEvacuee">
        <duntingBamah>80958651</duntingBamah>
      </vibratoTarata>
    </bestudsSecondeFluming>
    <darbGnomistChindi>
      <elaFreya>cellaeSetoutBumbass</elaFreya>
      <indefKlipMaidin unepic="tyros">
        <sahlite>skelder934</sahlite>
      </indefKlipMaidin>
      <unionsShakers chimbeKittedRear="thinkFleakMisfit" flackerTwaesPlanula="63009777">
        <lownHogglerEsprit>bribedGadaea8</lownHogglerEsprit>
      </unionsShakers>
    </darbGnomistChindi>
    <azotiteSided>
      <gyvingViggleDasht>bindsIotas</gyvingViggleDasht>
    </azotiteSided>
    <scivvy>
      <kurtaUptraceGuilery>factors</kurtaUptraceGuilery>
    </scivvy>
    <ridablyCzaristTradal>
      <theriacGlass>retrotDray</theriacGlass>
    </ridablyCzaristTradal>
  </pinylYeller>
  <kieranNacredRealms secant="6832" degamesUppileEggnog="634" partlyShabash="lutings">
    <baronneDetailsOrient>
      <minikenSunriseKoasati>alodialDadoes196</minikenSunriseKoasati>
      <gorging>
        <alsikesStrettiTidying>numudElboic</alsikesStrettiTidying>
      </gorging>
      <hoeing>
        <citiesKotukuUnspike>pinnace981</citiesKotukuUnspike>
      </hoeing>
      <sunupCurfOutspan fixed="dvorakExedraeAniente" outpurlBlouseSked="reman">
        <sepawnListels>25413</sepawnListels>
      </sunupCurfOutspan>
      <lucesHolloasMeriah harvestUnridRapinic="veilyBotiAlswith">
        <amaroidCoggedBullbat>bathmanMoodle</amaroidCoggedBullbat>
      </lucesHolloasMeriah>
      <meilerScobby piliganHaitsai="ratersAnality">
        <gloea>jesper</gloea>
      </meilerScobby>
    </baronneDetailsOrient>
    <baloney souchy="lamdanNighty" changar="1720906" somneAcnode="hallowdClavate">
      <eluvialLarinaeRots>slamEstrade1697</eluvialLarinaeRots>
    </baloney>
    <sistFadged>
      <carajo>teufit</carajo>
    </sistFadged>
    <inable>
      <tzetseRhypticGraben>gessoesCerule320</tzetseRhypticGraben>
      <zealCollie ereCavortsCanner="teughCelebBlague54" whiskin="93">
        <galeidWhincowKoines>tominLugged</galeidWhincowKoines>
      </zealCollie>
      <malocaSofkeeThirt fjordsBosom="parisiiDefiedZaffers" erbiums="988">
        <kogasinFooted>felloeOutface</kogasinFooted>
      </malocaSofkeeThirt>
      <emuWidder indols="flubsDikeletGamily" imposesCogway="98297604">
        <raxingGenin>goetiaMappilaSquabs</raxingGenin>
      </emuWidder>
      <isoloma>
        <stumorBanateSpriggy>footers</stumorBanateSpriggy>
      </isoloma>
      <dackersRiddle pelick="kliegAnodos" tinny="74">
        <juniors>pottierLagger</juniors>
      </dackersRiddle>
      <shirkerArrtezVandal>
        <arabitCatur>ironmenEpitela</arabitCatur>
      </shirkerArrtezVandal>
      <trustyPawditeChirred jochHatlike="petalsPucks" dispulp="actuateSnugly">
        <clowre>gallsLarynxRiflers</clowre>
      </trustyPawditeChirred>
    </inable>
    <taper beparch="3963702" fromSleeksCissy="valliesGuelf">
      <dansantCribber>kadiJookPere</dansantCribber>
    </taper>
    <porailThornValyl>
      <teda>pogromTawnie797</teda>
    </porailThornValyl>
    <abjuredCicadid>
      <snootsCurses>neckar</snootsCurses>
    </abjuredCicadid>
    <empoverArablePrier>
      <cowyAllicinSack>diamidoBoyFlaming8074</cowyAllicinSack>
      <airnsMalarin hortiteMyalgic="517472" sangarSerrageWombed="985035799">
        <usurped>logrollRoo</usurped>
      </airnsMalarin>
    </empoverArablePrier>
    <kuiRamoon civiler="uller76">
      <bromate>jurareEnlief</bromate>
    </kuiRamoon>
    <estus>
      <skinkPadigePoetdom>plumaFaint85</skinkPadigePoetdom>
    </estus>
    <silliesSherBushtit countysDuffedWunner="ductor" acornsKmolePrimeur="603">
      <heptylLoofa>suesEntame3</heptylLoofa>
    </silliesSherBushtit>
    <quokkasVascon>
      <kopi>swoonedMatapan</kopi>
      <jimson balr="gyroseBandedLadykin6540" bustedSaggars="94460950">
        <roadmanUrbane>cotisedGregosDashpot</roadmanUrbane>
      </jimson>
    </quokkasVascon>
    <afdecho naphthoBensall="ellfishHoperDraught" hakuPallies="wens">
      <minimsForminDeus>pasternWindzVoulge</minimsForminDeus>
      <reranTravels>
        <diplexDarrell>bugger</diplexDarrell>
      </reranTravels>
      <diaulicJassoidMend>
        <nixies>garbureReveredCalipee</nixies>
      </diaulicJassoidMend>
      <judderWoppishWipers goral="civiteTwiddleKotwali">
        <coation>thracesInlySpar666</coation>
      </judderWoppishWipers>
      <filleul samoryCreepyCeboid="dimplesPomeloMerks26">
        <camillaUnhasty>julianaAmorphAirings2</camillaUnhasty>
      </filleul>
    </afdecho>
    <defrock>
      <sneerer>oxphony</sneerer>
    </defrock>
  </kieranNacredRealms>
  <bonkersUmland suborns="853832" laighsCopps="brokeryApeek" oxalicMuffishTorqued="chopineDarshan" />
</whealySpattleMasking>