<?xml version="1.0"?>
<tayra>
  <hurstPicineRiming gibedUsuGlazy="774480" chasidWeanJocote="lamdaMaize" taqua="beeveMyeloic" ylemsFactful="relAlforjaGelt" />
  <seve romainRetemSertum="65272433" shabashUnspeakRamhead="2356" />
  <cumic xylonicCyborgHaler="foamExtaticDiverse">
    <blowzedTuncaHotzone>
      <quicked>717</quicked>
    </blowzedTuncaHotzone>
    <belove amictusMarcatoKlongs="tottery">
      <loadGaggler>avars</loadGaggler>
    </belove>
    <areitoTarmi brucineNincumVacancy="yuzlikLiukiu" rappeeSisel="16">
      <rettornBoiteHaflin>tomolo</rettornBoiteHaflin>
    </areitoTarmi>
    <vaireMyoses meableCocardeParge="franzTempletCered" gharry="turbaryFormalFinless" dearyQuarterMacrura="galopMusangGerman">
      <artel>26596709</artel>
      <gradPungleUnrowdy conidia="onstead" trifledLuggageRokelay="hoppet">
        <univied>820272</univied>
      </gradPungleUnrowdy>
    </vaireMyoses>
    <yowlersLoggerUnwille>
      <byteInvitesEncyst>twinValmy514</byteInvitesEncyst>
      <cocopanPrestSabots>
        <haylageCumenyl>nonformNeurin1</haylageCumenyl>
      </cocopanPrestSabots>
      <carp psidExits="homesSeismicUsself">
        <dink>tudel5</dink>
      </carp>
      <nuanceBredes>
        <darkful>28891</darkful>
      </nuanceBredes>
      <cognizeGhat hoopingCadetsStymy="spotted" stich="86">
        <iowansHamber>589510</iowansHamber>
      </cognizeGhat>
    </yowlersLoggerUnwille>
    <coannexLothIridine>
      <oolakan>idylize</oolakan>
      <recolorCdf thimber="farmedCraven9919" seggar="rignum">
        <dunlopFlowerFlit>machGunter11</dunlopFlowerFlit>
      </recolorCdf>
      <ayensRappist rubificTopog="doubletChimera" zarNobbutPlanum="armpadBurier654">
        <ceramicBanshieErnes>tigre82</ceramicBanshieErnes>
      </ayensRappist>
      <reviveAcnedDewfall>
        <nairEnsignInfeoff>81035221</nairEnsignInfeoff>
      </reviveAcnedDewfall>
      <guajiraNybblesBreezes>
        <benzoxyBrands>batuleStrychLoller</benzoxyBrands>
      </guajiraNybblesBreezes>
    </coannexLothIridine>
    <gammonsUnmold>
      <anaguaWrackerFlashly>33</anaguaWrackerFlashly>
      <seegeDrossesUnspicy dogieCosilyLocular="roosesTchapanAjenjo">
        <yahwism>tisaneSoupyIvies</yahwism>
      </seegeDrossesUnspicy>
      <attila>
        <festiveWastineQueest>curiaraLispedTrines</festiveWastineQueest>
      </attila>
      <widgieCaping hookahGaine="deblai" harminSilurid="nilotArteriaFdname">
        <cormoidUnhusksLend>cossidSuddsSarus</cormoidUnhusksLend>
      </widgieCaping>
      <gyveMeanly>
        <boopisPalterLana>wurrup</boopisPalterLana>
      </gyveMeanly>
      <wourali>
        <rodham>kari</rodham>
      </wourali>
      <lawnlet>
        <grouty>tuftier</grouty>
      </lawnlet>
      <melders matsu="finningEurous">
        <vedetPithsAsonant>baffleWynne</vedetPithsAsonant>
      </melders>
      <lathieWaggledKnotty laharCabaanLynch="kibeiRuckIgnaw">
        <increst>ike</increst>
      </lathieWaggledKnotty>
    </gammonsUnmold>
    <former>
      <android>burundiTonsorCutlips7</android>
    </former>
    <signonsShekels>
      <abettalGalv>gidSolidlyFanega</abettalGalv>
      <antlike pimentPyxies="brotThievedEtamine">
        <maiaccaOutlaw>3</maiaccaOutlaw>
      </antlike>
      <aves>
        <flacked>friezed</flacked>
      </aves>
      <duikersBrains batussiOrologyFixated="coirCabbageIroner">
        <hamilt>viduousLoather</hamilt>
      </duikersBrains>
      <rendoun rinks="caulisCoartIncaic" accompt="cherts">
        <lemograStummer>9613588</lemograStummer>
      </rendoun>
      <ultraEophyteSating ententeFillsAstore="ozonid" mufty="rundiStagese">
        <sildInterj>flaring</sildInterj>
      </ultraEophyteSating>
    </signonsShekels>
    <togae>
      <erbium>meshechFunsterHoo184</erbium>
    </togae>
    <mostOutsold>
      <keypadsDime>5653942</keypadsDime>
      <juicyFidelio>
        <baldricMiter>mises</baldricMiter>
      </juicyFidelio>
      <regivePrologsHaum>
        <fage>sradhaAssilagTheisms</fage>
      </regivePrologsHaum>
      <writersShelta cygnetsJacksGwantus="asiaticGuess3">
        <skeetsSessionGarbill>7624</skeetsSessionGarbill>
      </writersShelta>
      <breciaPutlogEducts boutadeAuhuhuNapu="rancioVahineWeste" reself="yerDentinsIgnatia">
        <bellboyBeefsTup>outpoll</bellboyBeefsTup>
      </breciaPutlogEducts>
      <assent>
        <lungeHumic>prerent</lungeHumic>
      </assent>
    </mostOutsold>
    <estoileRamoonTritely bower="unhaftMiltersDodlet" deburseSorra="scrubsIconvCasbahs">
      <garratJambart>vienna</garratJambart>
      <buganEquates explainTics="punto">
        <dilemiFaquirLacerta>intPomely6904</dilemiFaquirLacerta>
      </buganEquates>
      <buoyageMainan conyrin="maidsCreep5918" amebidArisaid="coalingPeridotCrudes">
        <pornHelenin>panneItalici</pornHelenin>
      </buoyageMainan>
      <seriesAwalt recti="appuiResewnSavants5" haltsGawgaw="735575002">
        <kilpSulfitePlew>vinoseRatafee</kilpSulfitePlew>
      </seriesAwalt>
      <rawinMoshavWatter auanticOrpitLegend="aclinalBrisketIntern" tomoloMouthedEnfant="fit">
        <squeezyChainer>5331</squeezyChainer>
      </rawinMoshavWatter>
      <wifieAmbage cajoledCrusherConcher="taxiesTusherBede" idlesetRefutesSlicker="whiskerSkinkAlmoin">
        <pitrisNaegateTelarly>adwesch</pitrisNaegateTelarly>
      </wifieAmbage>
      <aurung>
        <ecphory>spreaghRouille</ecphory>
      </aurung>
      <boddleFonnish>
        <sunwardThuanJason>672</sunwardThuanJason>
      </boddleFonnish>
      <teindsFir>
        <bagdiWaenessImpregn>pilaryNewsmanPrude</bagdiWaenessImpregn>
      </teindsFir>
      <dialogsSinked>
        <feuars>8159</feuars>
      </dialogsSinked>
    </estoileRamoonTritely>
  </cumic>
  <strati waxand="282805" baileesJouals="51630" sicesTrebletEnsued="dumpierSpirals5" decimusDilos="177">
    <pargoJoachim>
      <balers>realFerrumDaimons</balers>
      <repeals highlowBurlily="garlopa">
        <poleaxe>voucherSuaharo</poleaxe>
      </repeals>
      <jarabe aboard="reefNowhatModem">
        <gutser>agelong</gutser>
      </jarabe>
      <fashion thitherSceniteRocher="anestriZizith" cheekedEvestarAnlace="desiredLeggierAril">
        <whelmsCarnoseAmplify>rhaphaeAngieRescore</whelmsCarnoseAmplify>
      </fashion>
      <coteauFtncmdEchis battureRootcap="purinNutsPresser" dasMakuk="albrunaUnfreed">
        <heartyLivreSpouter>anthemaUndutyAttirer</heartyLivreSpouter>
      </coteauFtncmdEchis>
      <syrma>
        <boxyCodded>nightsGobiYeuked</boxyCodded>
      </syrma>
      <elegist>
        <resweptFreresLatvia>flatcar3</resweptFreresLatvia>
      </elegist>
      <rooinekSindon whatso="gillyArmyAcini">
        <uncramGenysBenjy>indish2656</uncramGenysBenjy>
      </rooinekSindon>
    </pargoJoachim>
    <anthonySteamerSmutty coedsTibert="herberSodless8632" poison="orangFounte">
      <pharynx>jumped</pharynx>
    </anthonySteamerSmutty>
    <tabutAfsharKubong mowieEmpales="5210">
      <sloyd>coosifyButters8578</sloyd>
      <isoflorCedar scray="derailDocibleCaged" amuses="nimshiSkies">
        <triose>nulling9</triose>
      </isoflorCedar>
      <poneTaweryKosha>
        <ideatum>mirksSugannExactor</ideatum>
      </poneTaweryKosha>
      <clonalEphor beltingGowdGateaux="9" samsien="metaled">
        <mastiffSosoish>kaneh13</mastiffSosoish>
      </clonalEphor>
      <pelfAlbines wartimeKaka="ethylinSpiles">
        <torquesDixit>317170</torquesDixit>
      </pelfAlbines>
      <sewarDotePronpl limonin="4913" occurLacetPiffler="menfraEnskiesOutform">
        <droolyJawanApochae>cajonesNylghau4437</droolyJawanApochae>
      </sewarDotePronpl>
      <feastenBeclaspTooter dacus="styxian3">
        <balsamy>valvule</balsamy>
      </feastenBeclaspTooter>
      <agyieusSkull>
        <chastenSpinierInkles>minders</chastenSpinierInkles>
      </agyieusSkull>
      <jemmiedArmoursActon estabHubbly="padesoyRep" newingsCauking="kitschy">
        <pyro>worldlySlab</pyro>
      </jemmiedArmoursActon>
      <popplyParisiiSpitbox arilliHoubaraPanman="lockful">
        <mickleGoodsMintage>4</mickleGoodsMintage>
      </popplyParisiiSpitbox>
    </tabutAfsharKubong>
    <tatamiHumusesSorosil>
      <quittorLibbingAliases>seekersSortiesEpochal</quittorLibbingAliases>
      <bah>
        <pisces>seemingMarekTriduum</pisces>
      </bah>
      <linctus thishowGuimpesUnclose="exarateZiczacDui">
        <ragees>retomb</ragees>
      </linctus>
      <pewmateSect pitchedChelys="5689192">
        <vicesStruntStrepor>uprose5</vicesStruntStrepor>
      </pewmateSect>
      <stupedNuncio isawa="worldedTews">
        <carotid>heurekaTribute</carotid>
      </stupedNuncio>
      <buckled>
        <anybodySkinch>guha</anybodySkinch>
      </buckled>
      <umpired upbraidYattersXyla="soolBeetlerMiscast" foobar="oestrus960">
        <borakHalloaKitenge>77036440</borakHalloaKitenge>
      </umpired>
    </tatamiHumusesSorosil>
    <discumb>
      <bedlike>vervain</bedlike>
      <mintageSorbent zuza="diobols" dori="cephidDungUnhard97">
        <demulce>8699</demulce>
      </mintageSorbent>
      <flusker coziest="evadneCaapeba" midmostAlmonBlender="punctum">
        <zyrian>83248</zyrian>
      </flusker>
      <potlid mysidaeSemifibClack="aulaeUnmelt">
        <abjured>benmost</abjured>
      </potlid>
    </discumb>
    <ruscusGuaricoRouser>
      <tinters>gaen</tinters>
    </ruscusGuaricoRouser>
    <pentritPinnace>
      <dossman>undraw</dossman>
      <broaderEserine puggiPlutusTarzan="argel">
        <gambiaeLoculed>dehull</gambiaeLoculed>
      </broaderEserine>
      <madronaClicky curbash="uvalha" ungraftPiggyStaypak="seines">
        <coptisBursal>65</coptisBursal>
      </madronaClicky>
      <cluniac talthibTranced="cristaAscettaFlam" nagman="rebuked">
        <polar>assoilsYurtHilted</polar>
      </cluniac>
    </pentritPinnace>
    <outwentChigger echis="cheke60" tweilDentoid="braGlaconOutflow">
      <burga>misstay</burga>
      <lingel>
        <hutchMonsoon>68361</hutchMonsoon>
      </lingel>
      <curiaeSeneca>
        <nuncGammers>treadedChemis</nuncGammers>
      </curiaeSeneca>
      <spahee poindSpinnel="ethyneIdic" trankyAlsike="drier">
        <gipserAcrylic>lucileDiaries</gipserAcrylic>
      </spahee>
      <cpmIffiest snockerIronicSestets="8363">
        <slawsOsaka>dormieOverrunUlnae</slawsOsaka>
      </cpmIffiest>
      <unsteelAcineta>
        <gristle>awanyuBawcock</gristle>
      </unsteelAcineta>
    </outwentChigger>
    <rearers>
      <infairKetene>acidlyGobioid</infairKetene>
      <demonsPurloin matapiPirate="doomingSortiedCrimper" pazaree="rebakeDisomic">
        <pegmaVitricImbe>71</pegmaVitricImbe>
      </demonsPurloin>
      <tutee arrangePlumy="rusaFrayedArales" marascaKeenest="hamline7">
        <cakySchepelJova>osmanliCattleNere</cakySchepelJova>
      </tutee>
      <sabirsUnion elephasKongoniChanger="887736541" ceint="kaonEmbroilStooden">
        <veauWaltzesSuez>mommet83</veauWaltzesSuez>
      </sabirsUnion>
      <tongue telary="backupBrethelPurlieu79">
        <twistsSiselCoquito>cooboo38</twistsSiselCoquito>
      </tongue>
      <rayat vinedUpdressCore="typikaOutpeep">
        <aldeia>vulgareFasBravade</aldeia>
      </rayat>
      <pathy crownal="900392">
        <kopecEczema>eaverTeaboyLycaena</kopecEczema>
      </pathy>
      <servistAtroposKlatsch>
        <cobaeaTernery>epularyHarsherRea</cobaeaTernery>
      </servistAtroposKlatsch>
    </rearers>
    <sloshContin>
      <banshie>juvernaGiustoHeave</banshie>
    </sloshContin>
    <roundChimes>
      <ulnadFlagons>adopterHorser</ulnadFlagons>
    </roundChimes>
    <hestiaRaphe>
      <farfalAsaph>grootyRegildsOvated</farfalAsaph>
    </hestiaRaphe>
    <dalliesMogRumpad>
      <bozineWocasRefilm>tribble</bozineWocasRefilm>
    </dalliesMogRumpad>
    <coasterDiscordCruce>
      <elses>vinumGrumphy57</elses>
    </coasterDiscordCruce>
  </strati>
  <ghawaziPterian lehrmanForages="true4" calmerSeculumLaughy="mochrasEntify913" />
</tayra>