<?xml version="1.0"?>
<thinned>
  <heavityVelamenVersing />
  <dearthsRhyme reeditsMutsjeFlited="6488" iwbellsFeveret="warilyPangweMalling">
    <mareCampersAdopt>
      <carnous>1651</carnous>
    </mareCampersAdopt>
    <guessesAssurd tacanaPiscisOkie="eer">
      <roasterSubanalSheria>caffeicDehort</roasterSubanalSheria>
      <awful>
        <deewans>419203175</deewans>
      </awful>
      <libkenGunnungAcreak>
        <punatoo>naggarRupeesEndue</punatoo>
      </libkenGunnungAcreak>
      <ainsell sward="bardesNutriceWabble">
        <liftoffLabrets>kajarBarsacParel</liftoffLabrets>
      </ainsell>
      <channerPrimyAblated>
        <jackal>tecominUpshearOryx</jackal>
      </channerPrimyAblated>
      <wolves dunceLynchMenads="gentil449" ukraineSwollenComaker="agnatesGybingDarks190">
        <resuckSibucaoWavery>fusible</resuckSibucaoWavery>
      </wolves>
      <snavelSextoSkiff finerDoddy="pizazzElianSarawan" polabCoilers="swain">
        <asshead>periaptWattmenRefed1</asshead>
      </snavelSextoSkiff>
      <styraxGoiDignity wandBodily="6681399" rockKaingin="mittScaul">
        <sultone>smoggyForbid</sultone>
      </styraxGoiDignity>
      <accerseLurkTerrace>
        <parochReddestJudo>1151037</parochReddestJudo>
      </accerseLurkTerrace>
    </guessesAssurd>
    <subdeb>
      <unpawnKedges>cattedAikSlugger</unpawnKedges>
    </subdeb>
    <vowel>
      <fascism>walloonBalawuPeisant</fascism>
      <quitsFiguraAbsinth>
        <jawnRugineSavorly>forloin</jawnRugineSavorly>
      </quitsFiguraAbsinth>
      <drownsLucanus>
        <tilterNitroPuisnes>mattockCalcite738</tilterNitroPuisnes>
      </drownsLucanus>
      <snuffs>
        <cuecas>labeled</cuecas>
      </snuffs>
      <acetiteWackilyClinid ouphs="mannessAloins" dattoRow="42">
        <bocciasTabootBeloved>bettas</bocciasTabootBeloved>
      </acetiteWackilyClinid>
      <inhere schmoe="intrusAruntaSadh" kwachasWainmanBonnock="shaughsRidgesQuizzes">
        <walks>muggishYapoksMara</walks>
      </inhere>
      <touchyShtg pentiteFayles="42040" teraMyrickBoggier="88">
        <millySeaward>cubismsCanchasEpoche</millySeaward>
      </touchyShtg>
      <arhat vines="euniceSmugly" blowessDailiesDawting="ernesTarau">
        <dully>cycloneLollops</dully>
      </arhat>
    </vowel>
    <tawsingTurfmanLeos>
      <pungyiBursasCubes>summasCrasherCystin</pungyiBursasCubes>
    </tawsingTurfmanLeos>
    <leaned jarful="ivray">
      <spuedMaroon>attics</spuedMaroon>
      <medina>
        <linkupsUpsway>fagotedLabredt</linkupsUpsway>
      </medina>
      <cumol>
        <manhood>spryerBruneLacunar</manhood>
      </cumol>
      <gershonAssart>
        <faultySedgingBaalim>mudee</faultySedgingBaalim>
      </gershonAssart>
      <tweese>
        <hastatiSapors>closeLusters</hastatiSapors>
      </tweese>
    </leaned>
    <utahite spodiumSpicyAlois="hexadd">
      <judgerVessels>reefingSolayWandle</judgerVessels>
      <ledgingBesauceCateran axillar="voicers">
        <bandgap>zombiHalverHawkish5307</bandgap>
      </ledgingBesauceCateran>
      <funginFormAvgases megohmsHutchedBothros="17">
        <angina>hushTolite</angina>
      </funginFormAvgases>
      <rodinalCullaysFugate>
        <viseing>khutbaPunditsMuonic</viseing>
      </rodinalCullaysFugate>
      <towardFusionIsomere nibbler="gyrose" vogueyThatchy="jiltishTeri">
        <tzarinaMadid>waymen</tzarinaMadid>
      </towardFusionIsomere>
      <megbote>
        <beebeeXeroticCrease>isogons</beebeeXeroticCrease>
      </megbote>
    </utahite>
    <throed>
      <pelvisMiff>shiny42</pelvisMiff>
      <reaveryPsalisCorrump triacidIwbells="diobols7">
        <holourThorpes>3698271</holourThorpes>
      </reaveryPsalisCorrump>
      <cajaputChevronChold exams="tripartPriceyUpsweep">
        <frigate>bumViveur</frigate>
      </cajaputChevronChold>
    </throed>
    <rettornKenEnnerve>
      <leagueUnshop>molpeOer</leagueUnshop>
      <chamferChard ruskinBorishCrapped="uplayTarzan">
        <luxeSwamperDisleal>fopsBhangRubicon</luxeSwamperDisleal>
      </chamferChard>
      <orthalRubbio algediJinsingOunces="9468" regraph="vicarlyMorgen868">
        <soclesChalehs>wakon</soclesChalehs>
      </orthalRubbio>
      <adipsia skeyPolderTews="faciesManfulBarosma8">
        <thilkVellums>628928</thilkVellums>
      </adipsia>
      <nabbukTzental>
        <sarrowPayback>tackersStrut</sarrowPayback>
      </nabbukTzental>
      <hailerOrigRoloway>
        <untameScreamy>rassle</untameScreamy>
      </hailerOrigRoloway>
      <stoterTrachle critThierry="7050">
        <unicef>unroughUnmanedYorkist362</unicef>
      </stoterTrachle>
      <shardyGoitralRegain>
        <pholasGreesAnker>pitasBardish</pholasGreesAnker>
      </shardyGoitralRegain>
      <acinusInfraBrail knells="5746316">
        <gliskRaffleEthmoid>reelingBinesUnfold</gliskRaffleEthmoid>
      </acinusInfraBrail>
      <serimpiSalsoda wharve="fazenda">
        <argyleVinterNeville>ermitThissenLogjams</argyleVinterNeville>
      </serimpiSalsoda>
    </rettornKenEnnerve>
    <chemisTrite>
      <guttur>67936037</guttur>
    </chemisTrite>
    <spagAdighe>
      <riotedThobShure>pegman836</riotedThobShure>
      <corbedIreful inuresSlutSharing="peshitoChai">
        <tamureReseneHetman>grunzieMegohmsVivos6318</tamureReseneHetman>
      </corbedIreful>
      <dislimbMorone coaterEmulantRetools="ligableIndoorNaggle">
        <fagald>narrasEthnicsMarking</fagald>
      </dislimbMorone>
      <sukuMulled parveLatestsVag="bubalsUniate" riffled="unwavedHaplomiEyewash">
        <osculumBlindlyNieve>freeingLamnidBewails</osculumBlindlyNieve>
      </sukuMulled>
      <cyeticWorsesTapling>
        <suavestLimital>401</suavestLimital>
      </cyeticWorsesTapling>
      <tutoyedAdat habnab="outringRelyFemales282">
        <tawEstudyTrucks>844</tawEstudyTrucks>
      </tutoyedAdat>
    </spagAdighe>
    <sabbathQueansDodgers>
      <oliban>braws</oliban>
      <sludgerNippers duskilyAstilbeAlate="pottled" upcurve="5300879">
        <dadding>bilkingSlopers</dadding>
      </sludgerNippers>
      <canglerKwanzaLorenzo regosolBunkerWhiz="outletEpigoni" chwas="owenizeFenks">
        <rousterVai>reversoPallahGlottis</rousterVai>
      </canglerKwanzaLorenzo>
      <infill>
        <figent>offedHwan</figent>
      </infill>
    </sabbathQueansDodgers>
    <schuleMiseaseTabloid>
      <peakMashlin>congrioCanelleTecali</peakMashlin>
    </schuleMiseaseTabloid>
    <sumpsTephra stemson="foilsHaratinCellose" jakeDaymentPagne="costive">
      <whister>haak</whister>
      <vaivodeToggler>
        <glume>69</glume>
      </vaivodeToggler>
      <chawersCatererVelds solaria="micerun">
        <ptericEtheric>9570</ptericEtheric>
      </chawersCatererVelds>
      <casketsGonophs>
        <educe>regretAcmatic71</educe>
      </casketsGonophs>
      <mayingGeladasSkep>
        <selterAhchoo>eolianGotoNant</selterAhchoo>
      </mayingGeladasSkep>
    </sumpsTephra>
  </dearthsRhyme>
  <vitis exodoiDenudes="ambriteEncowlTyphons" initionPausaiGoldie="ngaioUnhewn" musselNicobarSarcler="parodiBarradQuidder">
    <boundedSolaceSowlth six="minds">
      <riviere>utriculWrecksPondok41</riviere>
    </boundedSolaceSowlth>
    <mahoundPlumierBorder>
      <coactor>8</coactor>
    </mahoundPlumierBorder>
    <sue capreolSwigs="2" deduceNapooh="pepla">
      <cevianGipsyfy>hareldFramesBezazz218</cevianGipsyfy>
    </sue>
    <chilverSestetQueechy drugAuntieHun="anomala" strandMidrib="etnaApertumBedews">
      <popish>aunterGrave323</popish>
      <corpn bokardRecite="122">
        <chitlinPrimed>iwound</chitlinPrimed>
      </corpn>
      <ownersBritt>
        <irks>liquor</irks>
      </ownersBritt>
      <surgierStackedBatakan>
        <unsaltyRazee>oorialHurters4525</unsaltyRazee>
      </surgierStackedBatakan>
    </chilverSestetQueechy>
    <babbleStreeks kousinTackler="68688" whestenRimeLassiky="3" inclaveBowery="704626">
      <unfoggyGurries>91</unfoggyGurries>
      <dioxan meteredZonatedBatoka="abradedMat">
        <ackmenMisesNavies>busway</ackmenMisesNavies>
      </dioxan>
      <pockingModica>
        <rebillsCithernVanish>kex</rebillsCithernVanish>
      </pockingModica>
      <rutting trfNaiskoiParley="tergiteTyrian949" plucheaObeyeoFond="stubboy">
        <atrenneGroma>epacris</atrenneGroma>
      </rutting>
      <eposesGrewt anodalSwiperAdores="missive">
        <catchedRoker>lowanceCilicesBabe</catchedRoker>
      </eposesGrewt>
      <gossipsAtuleSorose>
        <gradins>dialers5713</gradins>
      </gossipsAtuleSorose>
      <gipsyry anmiaDousedBayness="glaikit">
        <loukPahi>proteasTopSublet92</loukPahi>
      </gipsyry>
      <motoryPeonageCaddo scutageLowa="detainsUnredWaesuck93">
        <benchesRaspiteKin>shewedDrumble</benchesRaspiteKin>
      </motoryPeonageCaddo>
      <urusesUntread>
        <jibbehBricoleCohitre>nuchals</jibbehBricoleCohitre>
      </urusesUntread>
    </babbleStreeks>
    <rosularPlanaruLearner dulc="merbabyHoagie">
      <atmaOrselleKnitter>tsktsks16</atmaOrselleKnitter>
      <armorIota rulesBikolLambeau="chileClyersWalker">
        <acuanTrainer>zeinCoppleHenter</acuanTrainer>
      </armorIota>
      <gorceSpouts heleninOutlierGrazed="overgetClariceDoby" tingesSneddedTurkic="slounge">
        <lesedMistold>redarn</lesedMistold>
      </gorceSpouts>
      <abrimGayest>
        <apteral>schoutAdwesch</apteral>
      </abrimGayest>
      <tondinoHamGewgaws>
        <yengees>batboysPerineBroader</yengees>
      </tondinoHamGewgaws>
      <chirreGaping stolonPikemen="ungetShyersPosited9342">
        <shieldsApses>lemuel</shieldsApses>
      </chirreGaping>
    </rosularPlanaruLearner>
    <phylar>
      <copain>piecenLigulaRating</copain>
      <balloon>
        <wisemanMisborn>busting</wisemanMisborn>
      </balloon>
      <zodiacsDevideGigged>
        <lollopyLowbell>borage</lollopyLowbell>
      </zodiacsDevideGigged>
      <emboleMegabitTrips>
        <guariba>thesesTippee866</guariba>
      </emboleMegabitTrips>
      <nosiest>
        <kinesisAzumbreBanns>aitchesVast</kinesisAzumbreBanns>
      </nosiest>
      <shohetRuers>
        <tuzzleCertShean>takeoffCavelCompote</tuzzleCertShean>
      </shohetRuers>
      <licornSigners>
        <spruik>3788</spruik>
      </licornSigners>
    </phylar>
    <shirley>
      <sclat>urson</sclat>
      <turfier unhoistBroigneFlaunty="sensateBreakTrilby9391">
        <enrace>halloasFuffitWhops</enrace>
      </turfier>
      <htelIffierUndub unlegalHumdrumSiering="gether">
        <bedogHutchesOcotea>flanqueAinu</bedogHutchesOcotea>
      </htelIffierUndub>
      <diastemElephas curnArendBegulfs="dewaterImpedit" gapedLeet="oakmossSmuggerBassine">
        <hiroDunbird>guaiacsInkling</hiroDunbird>
      </diastemElephas>
      <amoyeseIofToking gadslid="ashyOquassaPatel" ducatusFacia="scuftJunketPardao">
        <braula>thujone</braula>
      </amoyeseIofToking>
    </shirley>
    <senoufo>
      <emaniumRetrims>sounder</emaniumRetrims>
      <coobooUmiackJunctor>
        <takelma>diskeryMenadMucro</takelma>
      </coobooUmiackJunctor>
      <broguesHerdessGazel>
        <stealKeeping>51776301</stealKeeping>
      </broguesHerdessGazel>
      <gutsily>
        <tineaFees>oristicLuxatesRiglet</tineaFees>
      </gutsily>
    </senoufo>
    <subduerAugur>
      <fatSageTomfool>agitant</fatSageTomfool>
      <oolongsWingmenUmbeled cocculeSkrupulCowboys="foretHulkyGhafir" skulks="tirazParvis">
        <thigh>pipitsAtangle1</thigh>
      </oolongsWingmenUmbeled>
    </subduerAugur>
    <flytierRetoss>
      <geneseeTremolo>ataxiasArithScalage</geneseeTremolo>
    </flytierRetoss>
    <outmostGringos>
      <neeseUnendedChivied>460</neeseUnendedChivied>
    </outmostGringos>
    <dooja>
      <roodle>limaceMassasTortula</roodle>
    </dooja>
    <chromoOdored>
      <tegean>6</tegean>
    </chromoOdored>
  </vitis>
  <geikiaExmoorArkose hexitolCowhageDropsy="flingSpryPrism" caravanCivismViewly="529066769" />
  <maduros cactus="miskalsWocas" auletes="entiresCentralHasid" paxilli="5959373" outrock="72" />
  <giggish vitiumWhelmedKnoller="43803928" spooredDisglut="desmineLilasAssail" pulpar="slimsTwibillFloosy" unurbanEatersWeazand="cordies" />
  <solionAlls>
    <morgensSingeyAmulae>
      <oiliest>wakers</oiliest>
      <lasting plack="fungoes23" irksRennaseZori="sextulaHefters">
        <commentGlassy>efface</commentGlassy>
      </lasting>
      <khalifsGoraFard>
        <rockety>atokal</rockety>
      </khalifsGoraFard>
      <vanish hunder="opposalReeksRecurve" purlinsRook="1857333">
        <summaAlimaEmbelif>jehuWicket9</summaAlimaEmbelif>
      </vanish>
      <quirtedLacteanSiryan iseumSinopisPolyose="groinedEmpasmaRevival" unpent="823">
        <wodgeVestletStash>mattoidFarlePangane</wodgeVestletStash>
      </quirtedLacteanSiryan>
    </morgensSingeyAmulae>
    <riggiteWestlan>
      <oversumUlulant>28402</oversumUlulant>
    </riggiteWestlan>
    <ditas puy="fangletSamshu" tatsSendingVvll="abrine">
      <aspcaEozoicThats>misbodeReglue7</aspcaEozoicThats>
      <eartagTuffForril ernsIsazoxy="heroify" alferezGrammyDossing="titianDrablyAnnalia8">
        <foulestSuraDecousu>4</foulestSuraDecousu>
      </eartagTuffForril>
      <tripelNikenoMorphon dawdledMedizer="76774984">
        <unidleOutwalkOrch>27829</unidleOutwalkOrch>
      </tripelNikenoMorphon>
      <halticaRoamersImposer>
        <makars>ashkeyGorcock</makars>
      </halticaRoamersImposer>
      <cheyneyUnction>
        <atwinPickmenBrinier>bronzerFiscsGeelbec</atwinPickmenBrinier>
      </cheyneyUnction>
    </ditas>
    <scoutsOransClough>
      <salamatString>dauntonFlemer</salamatString>
    </scoutsOransClough>
    <doesn>
      <snubsMedias>excisedRatha</snubsMedias>
      <doltish footerGobian="quizzesSnotterBollito" feazeMeuteRetuck="unson13">
        <nabbing>loseCarnous</nabbing>
      </doltish>
      <crumletCymraegTipman>
        <frisianOud>twelves</frisianOud>
      </crumletCymraegTipman>
      <blaubok mammeyFerbams="blowoutToylikeOvis">
        <caters>919924</caters>
      </blaubok>
      <infareRedoomCuspis jointerBullerSchoon="2" mitoses="merkhet">
        <verreIcily>26642502</verreIcily>
      </infareRedoomCuspis>
      <amuyongJerseys filibeg="49667969" azoniumOrgamy="yelkAumagaYare">
        <rankly>cradgeCiwies</rankly>
      </amuyongJerseys>
    </doesn>
    <carriWinfreeDowless domite="thelionViduine9">
      <domiticBespeakToytown>bevenomPrigPrithee8</domiticBespeakToytown>
      <chafersGrendelSaddhus birches="288601">
        <septumHarmersTawkin>4</septumHarmersTawkin>
      </chafersGrendelSaddhus>
      <photism grapta="wittol36">
        <gaumedPachons>krimmerGrewtMinima</gaumedPachons>
      </photism>
      <sillersMeseemsSoaken>
        <airshipFuzils>forworeSkitter</airshipFuzils>
      </sillersMeseemsSoaken>
      <hastierSaltier abetterAnopsiaGeon="vastityColl">
        <anaxoneGunneraOtiose>2</anaxoneGunneraOtiose>
      </hastierSaltier>
      <florinsNawob sorning="uraemia">
        <aliipoeBora>2</aliipoeBora>
      </florinsNawob>
      <grasset upheldDesume="cobiaBensell">
        <oilless>unlawWyle</oilless>
      </grasset>
    </carriWinfreeDowless>
    <requiz>
      <aryanPithierVendee>77405</aryanPithierVendee>
      <disnewDomiteAtony>
        <sookChecked>quodded</sookChecked>
      </disnewDomiteAtony>
      <libyans ventSundogsJugful="518">
        <grovy>jocker</grovy>
      </libyans>
      <favorBasslyMamilla>
        <twicer>30128</twicer>
      </favorBasslyMamilla>
      <squiret hurdles="separteMamoCobwebs377" furrowyDojosBepaint="schnoz">
        <gaucheIodizes>dissaveStrops642</gaucheIodizes>
      </squiret>
      <horningNullah birdyKatun="fellingPuntoSooting">
        <yabbieAndarko>malduckCollops</yabbieAndarko>
      </horningNullah>
      <tergiteGonzalo incuteIngenit="154" goalingTieboyBoggler="cumar">
        <blendesFrae>blebSuzyFables9186</blendesFrae>
      </tergiteGonzalo>
    </requiz>
    <bangash>
      <nostocTheemimTramman>condorChancerDishelm</nostocTheemimTramman>
      <bikinisBahamMowhawk burel="ironizeDeeses" kiho="20">
        <folderHanky>dolefulMaidy231</folderHanky>
      </bikinisBahamMowhawk>
      <sgadMaritaBals>
        <pixyishSabal>compear</pixyishSabal>
      </sgadMaritaBals>
      <nagamiSceneLimbeck>
        <goschenMegaricHolloes>russetyAvadanaSoapsud</goschenMegaricHolloes>
      </nagamiSceneLimbeck>
      <frenneAuldest jinglesInsunk="wentStrolld">
        <tapemenSlobCottony>tapers7</tapemenSlobCottony>
      </frenneAuldest>
      <yeplyOtter salwey="outtoil" gloat="mimbars">
        <grampusEbraickOmnibus>96</grampusEbraickOmnibus>
      </yeplyOtter>
    </bangash>
    <frizzenPostmanAustric maeing="tuumAimoreSuborn" roberd="chacoli" befoulsMaster="towmastFlinter6">
      <cunningNuncles>latrisArmoryAtrenne</cunningNuncles>
      <unworldHsuanPythius labialsArikara="3061">
        <serosePrancesFreet>stalace</serosePrancesFreet>
      </unworldHsuanPythius>
      <looieInbeingGulix morphinIan="pulpers" sured="cardonaTrojanQuoties3">
        <lagenaeZaberma>gondolaUpripSubidar</lagenaeZaberma>
      </looieInbeingGulix>
      <stinge moeckCocoasCharr="fratchTudorExterne">
        <ebraickExcheatTanbur>attalid6</ebraickExcheatTanbur>
      </stinge>
      <kachariBroking>
        <sitrepBudging>mikaelGingelyMawks228</sitrepBudging>
      </kachariBroking>
      <teaslerDeinkAmines laborerLatensLaus="tablaPolesaw" tippingRitus="39">
        <soap>reshavePashim</soap>
      </teaslerDeinkAmines>
    </frizzenPostmanAustric>
    <piewipeAssizedClumse>
      <goadingCertifCooboo>toma</goadingCertifCooboo>
    </piewipeAssizedClumse>
    <richestTeslasAlosa yawning="writePshawsSlumber" gandulDensifyNelumbo="6367">
      <relaced>thankedDiddest</relaced>
    </richestTeslasAlosa>
    <lockingFamesMixe>
      <veriest>cushatThebainBlond</veriest>
      <stoofRedeemsGagor evirate="sonesLinkman5">
        <striaRubricRougeot>jocundPortate</striaRubricRougeot>
      </stoofRedeemsGagor>
    </lockingFamesMixe>
    <malitiaEarnKnotted>
      <pushrod>burdsMaharajSkidoo</pushrod>
    </malitiaEarnKnotted>
    <cycas>
      <cleukNickerAmerind>snyJewfishHarmine7637</cleukNickerAmerind>
    </cycas>
  </solionAlls>
</thinned>