<?xml version="1.0"?>
<tomosisPotiche>
  <skaithyPosse beinGingeliChumulu="dredgesHery" fogbankBusbarLempira="georgeBlereSterns">
    <beclang>
      <granumSukkoth>98218175</granumSukkoth>
    </beclang>
    <zoundsBeclad>
      <busingsPaqueTheming>737</busingsPaqueTheming>
      <trippleDamianaIngulf tayerSkirterSagging="choakThrilly287">
        <tutorsSmiled>tawnies</tutorsSmiled>
      </trippleDamianaIngulf>
      <ousels>
        <vernage>sambalDeafen</vernage>
      </ousels>
      <readiedCozyCohanim nivalDiceras="5953947" wurmianPrimyChontal="giantrySniffleDorcas">
        <evites>moiledGardeWallaby7812</evites>
      </readiedCozyCohanim>
      <merosEngold mockfulCasette="samenZooidal">
        <osperm>9193457</osperm>
      </merosEngold>
      <cuboidsLobelia>
        <unshell>bildersCupper574</unshell>
      </cuboidsLobelia>
      <hemipicGodsent>
        <nankin>schulDelimerCharms997</nankin>
      </hemipicGodsent>
      <gifolaBrevete roweledCloacaPreve="forexShinaStrange" swizzlePound="knavery">
        <broon>angleToddlerJorums</broon>
      </gifolaBrevete>
    </zoundsBeclad>
    <diglotsBurmitePatao curcas="unsingGarua" furculaBravers="977845761" mambuUmpirerInjun="caisson">
      <smocksRedial>theezan</smocksRedial>
    </diglotsBurmitePatao>
    <psychSprouts>
      <rumalAwardee>sasanPuttingGleed</rumalAwardee>
    </psychSprouts>
    <santosAmplyFusels>
      <hokiestDuncery>hillyShoofa</hokiestDuncery>
    </santosAmplyFusels>
    <wastablTussuckNodule>
      <leak>rapidFelon5</leak>
      <mlange otoliteLabaraMooring="90862104">
        <untimid>buttleBheestyUndecyl</untimid>
      </mlange>
      <hunnianRiempieJasmin yakkingSnathesTuneup="boeotia" pittaLycianAsonia="chivvy">
        <maskegJunkingHumbler>abigeatNabbuk</maskegJunkingHumbler>
      </hunnianRiempieJasmin>
      <reserveEmusRamaite godfulOrfrays="4119">
        <peller>sudoral</peller>
      </reserveEmusRamaite>
      <janteeTummalsRowen>
        <natureBejazzTussles>jinn</natureBejazzTussles>
      </janteeTummalsRowen>
      <outwarLee>
        <marhalaHassock>peinedGenal</marhalaHassock>
      </outwarLee>
      <reskinHype nadBeltJuger="roughlyPhoticCoffees">
        <jabsHimward>2226199</jabsHimward>
      </reskinHype>
      <frothedReduce>
        <peyotePikake>spireRatlin8</peyotePikake>
      </frothedReduce>
      <paiocke filareeLangleZocco="568148025" vateria="fondantYuechi">
        <raccoonTermorsTardies>4304</raccoonTermorsTardies>
      </paiocke>
    </wastablTussuckNodule>
    <smelted>
      <milling>thatdLoams</milling>
      <girba>
        <regel>gloryTackify</regel>
      </girba>
      <stowsYeas>
        <gallupDecenyl>updoAphemia</gallupDecenyl>
      </stowsYeas>
      <daboya tuatara="larkers47">
        <granolaHeerGanton>culticSniesSurgent</granolaHeerGanton>
      </daboya>
      <engloryEmeuStube>
        <locosArtistsSchmelz>daywardMellah5</locosArtistsSchmelz>
      </engloryEmeuStube>
      <photomaHelion zapEndgate="thrashBandbox">
        <gytrashVernage>morralMusePenancy7</gytrashVernage>
      </photomaHelion>
      <pipidaeBromoil fuglingRemovesOtozoum="mudden">
        <judaist>folderEstuate</judaist>
      </pipidaeBromoil>
      <halloa monimiaEnemies="jowHousy">
        <epicede>faire</epicede>
      </halloa>
    </smelted>
    <manifyMataxCothish>
      <bronchoPoireLibyan>kinicMididaeLeap</bronchoPoireLibyan>
      <yis eclated="fusilly" loculesBambino="483">
        <villateJobsiteGlower>kiaughGoudyVein</villateJobsiteGlower>
      </yis>
      <elops>
        <myomata>gnsBiacuruReplod4838</myomata>
      </elops>
      <yowledMitt aspenHasan="gappedSyruped" sanggil="spreaghVeena6">
        <naganasTratlerFlared>bardel</naganasTratlerFlared>
      </yowledMitt>
      <bacheArietidEmbrace chaoush="349472161">
        <blupMakran>848903452</blupMakran>
      </bacheArietidEmbrace>
    </manifyMataxCothish>
    <augured>
      <tensors>opinantMetabitDhal3092</tensors>
    </augured>
    <grabBael scolionOutgrow="pollee" dissue="4425165">
      <jubhahsTuffsOxblood>spoiltKuchen541</jubhahsTuffsOxblood>
      <outmanBister sacbuts="jaquimaCodille" isohelPindArisen="325239">
        <ethnizeWarish>90073767</ethnizeWarish>
      </outmanBister>
      <edgrow filbert="anatron">
        <taj>melamFeazing</taj>
      </edgrow>
      <herryHorae scutch="1" kylies="tankert">
        <bugging>gomeArefy</bugging>
      </herryHorae>
    </grabBael>
  </skaithyPosse>
  <numbest yauldSmokey="bersilMasherFurnage" unstonySkates="panfryClagsKnag" abseeJabbedSarah="harpierSures" />
  <hamada transf="40684537" />
  <mankindTegmen duckedStrayLackwit="budgersAmbreic" bradoon="13448548" forcerUshersOrbed="coccid" minkShuttleSnipish="subethHexylKantar">
    <aaronicMidspanPupping>
      <seders>857267642</seders>
    </aaronicMidspanPupping>
    <eposUppings>
      <kempleRouchesWitwall>decanesClift</kempleRouchesWitwall>
    </eposUppings>
    <filariaThraver chambreNavaidMazards="grumly">
      <resiner>ennuiedLaithDiscant</resiner>
    </filariaThraver>
    <grandamBidedAnil kiswaFacund="dingledAlthein211" shmoLutayo="cawquawCupay593" relicti="slither4533">
      <habub>villous</habub>
      <housy advisesLaxate="toryize">
        <maartenLiardsMotored>331435</maartenLiardsMotored>
      </housy>
      <amoraimAffable>
        <humiriaEpimereCaprin>alvia</humiriaEpimereCaprin>
      </amoraimAffable>
      <fluerSoally thingalSpinout="filaoHymenalUpflash">
        <teacherIsatineBraised>badiagaDowableTheory</teacherIsatineBraised>
      </fluerSoally>
    </grandamBidedAnil>
    <acetin>
      <ananaGwag>attarsTheekedFlyboat</ananaGwag>
    </acetin>
    <panochePrimulaMazers>
      <probantDviguHottie>stripedTilers</probantDviguHottie>
      <lampers cathSmithy="apnea" outsangCobourg="torso73">
        <gromilPlaiter>decreed</gromilPlaiter>
      </lampers>
      <chaltaSkeanes boodieMolmen="kenaiInstant" spackleAfghanFarded="newlinsCarle">
        <pindy>jarsfulCeryl5687</pindy>
      </chaltaSkeanes>
      <bumbledMessingMalagma>
        <teazledKnape>podarge</teazledKnape>
      </bumbledMessingMalagma>
      <foozledShouted sledArcking="upcatchAntings586">
        <urf>flaunty</urf>
      </foozledShouted>
    </panochePrimulaMazers>
    <goddedDod>
      <muzoonaBewith>645</muzoonaBewith>
    </goddedDod>
    <afghans codille="69">
      <unwinkMessias>rodeos</unwinkMessias>
    </afghans>
    <bacchaeTikkunPenner cicadDefetHuskers="zizit" jaywalkGisCanula="bishariKumquatMotacil" wanhopeUnroyalAmaut="flourChinkerBitters">
      <inanityJesuits>61900554</inanityJesuits>
      <dilkerOtotoi pulquesMidgyHeadset="stap">
        <chasmaPimpsChica>oxfordAlodiumCrust</chasmaPimpsChica>
      </dilkerOtotoi>
      <babloh furtiveUnrisen="vilhelmChinse" thecae="acediasFlingJibi">
        <moronsAugur>rights574</moronsAugur>
      </babloh>
      <waistsSective humphsNaphthaEleatic="21" tholeSlunkenTaoist="1168">
        <malign>4979294</malign>
      </waistsSective>
      <elutesUnlawedAeon acute="vibgyorLevantsPinus" marrams="dautedSewable">
        <ginnedSerio>132</ginnedSerio>
      </elutesUnlawedAeon>
      <gapySattarIndyl ingenuBoyarAeaean="isonymyChoana">
        <quohogs>halserVinlandFillets</quohogs>
      </gapySattarIndyl>
      <creamedKanae>
        <ohmage>irkSimsim</ohmage>
      </creamedKanae>
      <rehood poudret="febrisPicturyKoila">
        <tellersLearierRybat>huffleTwiglet</tellersLearierRybat>
      </rehood>
      <euchres>
        <rosettaWahineFuegian>alwayTitlesBestrew</rosettaWahineFuegian>
      </euchres>
      <stovingNegligEnfire tons="nuchaleBowyer">
        <sarinda>eqptRainesNatalia</sarinda>
      </stovingNegligEnfire>
    </bacchaeTikkunPenner>
    <kookri>
      <doppedElt>mobsterYawns</doppedElt>
      <oryzaLibras doeglicConditeDeduct="95895829">
        <pluff>brumbie58</pluff>
      </oryzaLibras>
      <lowboyPeriapt linableRudderThru="48693" mutagenSapiumWagwag="anapestDebeak">
        <positSculped>impers</positSculped>
      </lowboyPeriapt>
      <zaremaFae>
        <wursetVanlay>flyboatOpalsJunkies</wursetVanlay>
      </zaremaFae>
      <simoomCumhal bespitSwanked="1" adultsJakoNewings="centuryDsnamesUncover">
        <lararia>codaAnethum8</lararia>
      </simoomCumhal>
      <insouls>
        <trabuPodex>whorryDryest</trabuPodex>
      </insouls>
      <anopias fishpot="sackbut" rheebokJunctly="cluniacPalila">
        <sergtKakar>insofarOrganicPristav</sergtKakar>
      </anopias>
    </kookri>
    <caractReddersGambet hepcat="litotesForefit" labara="glozesPyrenic" readingTetrole="celluleOdderSon">
      <sacsMutagen>asialiaSwedru</sacsMutagen>
    </caractReddersGambet>
  </mankindTegmen>
  <endymalJournal segment="bistiEosate6">
    <arrgtDjellab cloacasMucksyNanpie="hempierDamie" sofaneHobos="sairyAnnot">
      <gouramiTrink>38408</gouramiTrink>
      <foughtyFuzilSlipt abusedJeerersCabre="lazRawnie">
        <lankilyUpskip>sodsEmonyScraper</lankilyUpskip>
      </foughtyFuzilSlipt>
      <corporeBarytes defused="suckedPlie" pratty="scones">
        <strivyClashy>lipemic</strivyClashy>
      </corporeBarytes>
      <nosilyShop trucksOutsee="rollockHinoidPeaks" brawly="874816571">
        <ransesParviseWaverer>6</ransesParviseWaverer>
      </nosilyShop>
      <volador preposeOutwardVichy="bel" exomionTrilletAcoasma="bartree7756">
        <pujunanPamperEngin>despond</pujunanPamperEngin>
      </volador>
      <diaper larkersBookies="81829468">
        <evequePeatyPyoses>adheredTussore</evequePeatyPyoses>
      </diaper>
      <birk>
        <felsite>gara6</felsite>
      </birk>
    </arrgtDjellab>
    <bellmenScathe neogeneShun="138036" unlived="wonnersArctics" lira="slocken9">
      <huttedInorb>27</huttedInorb>
    </bellmenScathe>
    <anopsyNupsonSpick culchesRhombosRotates="akkaPremove">
      <enquireAcesSuckers>122681</enquireAcesSuckers>
    </anopsyNupsonSpick>
    <puntSinon network="rollerPalsiedRefect">
      <coquito>ammiralEwesCoelar</coquito>
    </puntSinon>
  </endymalJournal>
  <pashasZar commasFroWevet="mofette" horol="saccusHumidly">
    <umbranaFluency>
      <kinkled>cymbals</kinkled>
      <wample roucouUropodsMikados="melicPleurum" earacheTelsonsCodein="railersDullyKylie9534">
        <fungate>basokoMutinesCockles</fungate>
      </wample>
      <haboub>
        <rmsAnilino>yucatecBasquesSucces</rmsAnilino>
      </haboub>
      <adrop marrer="renews">
        <ergonWarehou>epistleUpasPersism89</ergonWarehou>
      </adrop>
      <verveSett legropeYesternCroquet="craniadMobbish6879">
        <admitRepoussEscrod>7041</admitRepoussEscrod>
      </verveSett>
      <cogwoodAmaniJasmin goboneeArsenalCachaza="ramnesFranzAcholia">
        <lively>celtdomNestsHanses</lively>
      </cogwoodAmaniJasmin>
    </umbranaFluency>
    <delintHornful unsore="autere473">
      <saracenOctavoCupolas>easel33</saracenOctavoCupolas>
    </delintHornful>
    <moreenBillardFanout>
      <drabsUpbray>innlessAlada9</drabsUpbray>
      <boatlyVaganti>
        <jowarsEgress>riposteCacajao</jowarsEgress>
      </boatlyVaganti>
      <alwiseDryable chawed="zach" sistaniParbakeBarble="egersPltano">
        <paula>tanadarOptLbw</paula>
      </alwiseDryable>
    </moreenBillardFanout>
    <banesCaloryPraised>
      <dowcetDeulMoneron>cystousTenthly</dowcetDeulMoneron>
    </banesCaloryPraised>
    <elaidinRoupetLand>
      <smudgeUnquemeSheaf>barcanPaid</smudgeUnquemeSheaf>
    </elaidinRoupetLand>
    <pingle idiotcyMilsie="spudder38" inwound="644732">
      <gradVoluptExequy>hooded</gradVoluptExequy>
    </pingle>
    <even>
      <crispen>500</crispen>
    </even>
    <baguiosCatwoodUpalong>
      <weiMyarian>smoreAwan</weiMyarian>
    </baguiosCatwoodUpalong>
    <nagor>
      <slug>dahlinTriseme</slug>
      <woubitEntal crucifyDunsBookful="craalsScuseWhift">
        <bimotor>healersArmiesBimodal91</bimotor>
      </woubitEntal>
      <brelanEyecupChapman>
        <aerosatStephen>12166133</aerosatStephen>
      </brelanEyecupChapman>
      <unshady>
        <nagnagMaskedCapuli>aroast2</nagnagMaskedCapuli>
      </unshady>
      <nosismExclave keester="hinneyTapa">
        <giftureMaxima>apishly</giftureMaxima>
      </nosismExclave>
      <parityBadian relaidCamphorIlea="cormelPestersUrban" tumion="4">
        <loessicEduced>commoveDoyleys636</loessicEduced>
      </parityBadian>
      <hurlerTacitlyFakery vivreRebone="798850198" epactalPsalmyPocus="edestanOxyl8225">
        <passayPiotrBeen>silverMyoceleFoxish</passayPiotrBeen>
      </hurlerTacitlyFakery>
      <boast dodgeryCyesesPappy="bravadoRehaleDiota" bickers="7449829">
        <conquerGruesEntrer>hedgingKnautia5</conquerGruesEntrer>
      </boast>
    </nagor>
    <kudizePrehaps>
      <coccidsStookCarolus>gaubArganteCertis</coccidsStookCarolus>
    </kudizePrehaps>
    <smiley>
      <costataScalersMuggily>757442</costataScalersMuggily>
    </smiley>
    <papern>
      <lowdahThillyMalates>706983579</lowdahThillyMalates>
    </papern>
    <tusser bitersSeresAutoman="steep" enoplanCongeesAstint="niccolo" ogreishSouryVandals="loeCoolenRecords">
      <frownNuzzerSyzygia>36</frownNuzzerSyzygia>
    </tusser>
    <formuleManidaeSethead xylenesKokoon="mellPoke" malto="tensorsMonepic" bhindiPlisky="cadewDoncyVoyeuse">
      <perdixWicopyHolist>inkiest</perdixWicopyHolist>
    </formuleManidaeSethead>
  </pashasZar>
  <conches judgersUnfelonEfflux="unsty28" calusarHerns="weederyAgnes" hotkey="fistic" asaprolIrony="areche">
    <samaras jungleGhosted="cristi" trevis="mamboed">
      <mobable>veilerUnspeltRhizota</mobable>
      <ulpanim>
        <foggy>limbersMalineFoozle6164</foggy>
      </ulpanim>
    </samaras>
    <depurge>
      <moitSlovaksAmbrica>butled</moitSlovaksAmbrica>
      <idolonCargosSlipe>
        <purlinsIodatePerakim>3788454</purlinsIodatePerakim>
      </idolonCargosSlipe>
      <thacked rillMoves="canell" dislealUpspurt="suciThroatTimar">
        <quorumsBds>patroonNoa2</quorumsBds>
      </thacked>
      <omegoidFagger pleromaAskariJive="ejoo" dareful="parrotyRedateCodeia">
        <aliptaeTerzet>2087922</aliptaeTerzet>
      </omegoidFagger>
      <randies pigmiesFaquirs="tuscanyMatara375" inertlyQuitenoBoites="kiack">
        <luggiesAbluentPostage>presets</luggiesAbluentPostage>
      </randies>
      <nare kabaya="grouf">
        <anisicTonDeevey>adnexaWuspSalago</anisicTonDeevey>
      </nare>
      <invoice peafowlDimedonFarth="rosetta">
        <hollinSarape>haeminPhycite</hollinSarape>
      </invoice>
      <rivelProveneLatinus>
        <seismic>runnierGironsTeuchit</seismic>
      </rivelProveneLatinus>
    </depurge>
  </conches>
  <splaysIwound>
    <sirpeaIsogrivUnobese mucosal="tastes" bowpinJeansSmocks="mphps77">
      <fifedHueful>doyleyAcromia</fifedHueful>
    </sirpeaIsogrivUnobese>
    <loa>
      <joggedPanowie>cheerAmulaTergum</joggedPanowie>
    </loa>
    <okayingNiuanAscians wairshErdSundogs="5849" microhm="pesadesDoroboGush">
      <unveilOileryGlutted>eelyOatlike7</unveilOileryGlutted>
      <stuggyCoombesGoujon fumbleWeeds="semibay" toe="exit">
        <viking>tonguesHoubaraAplome5</viking>
      </stuggyCoombesGoujon>
      <oont cembaloSmirkly="sprawl" voidsFaecesSkell="dowdierIneye4818">
        <entte>salema</entte>
      </oont>
      <dardanAnisicNipples smokiesStoma="ritzilyHangee44">
        <blash>911355220</blash>
      </dardanAnisicNipples>
      <lehrmenSilkmen archon="finnic" tacit="quartetMommetPostboy206">
        <bawtieGingersSublist>melosa</bawtieGingersSublist>
      </lehrmenSilkmen>
      <auguredFairiesCrater adherer="juecesPlayboyBeelol" derateDefatGlazer="sundarEmpale">
        <somasScaurs>biauralBateaCheerly</somasScaurs>
      </auguredFairiesCrater>
      <redawn leavy="dauphinStragDromond" mysellThirdly="1">
        <giftingPuzzles>dresserRemolds</giftingPuzzles>
      </redawn>
      <allose crambus="tipmen896" unaflowDhooraSibylla="primpsAgouara">
        <defrockIliadic>mirexesIoniser</defrockIliadic>
      </allose>
    </okayingNiuanAscians>
    <sorus tunuTazia="peekedNanaTheming" shlocksAraba="208">
      <drivels>laithStimeSoberer</drivels>
      <varas ragtag="ampMunched">
        <mammerNovelly>aljamaNymphalDakoit</mammerNovelly>
      </varas>
      <nonoralMazdean prisal="pigmiesGeladaOverfew" sinewedThrongs="5">
        <scillasDermalBallata>56734</scillasDermalBallata>
      </nonoralMazdean>
      <befrill repaysOolongEnorn="1382638" urotoxySaugers="terselyKerbs">
        <rhymyUpstirsJacens>3734194</rhymyUpstirsJacens>
      </befrill>
      <drukpa>
        <banburyTorrone>floreal</banburyTorrone>
      </drukpa>
    </sorus>
    <costulaCaters>
      <dreidlOuthits>veri</dreidlOuthits>
    </costulaCaters>
    <dreams>
      <unfarMavin>canchaSwarbie</unfarMavin>
    </dreams>
  </splaysIwound>
  <nervingAbidedGrates wairchDebar="hearerSpurTapuyan" reeMiddyMafic="3035311">
    <mucicBaiting>
      <potterUnflownMosur>sprigsAlakiDishrag</potterUnflownMosur>
    </mucicBaiting>
    <conableBerend ladner="meeterPastMeasles">
      <biconic>tergantQuonset</biconic>
    </conableBerend>
    <outgone>
      <ejectum>292017</ejectum>
      <icicles>
        <getups>hagfishServerLaminar318</getups>
      </icicles>
      <titians>
        <gobiidSemarum>chapahThinner17</gobiidSemarum>
      </titians>
    </outgone>
    <corollaDemivol>
      <radio>yellerTonesFohat</radio>
    </corollaDemivol>
    <mauvineDietyDream>
      <fairlySnipDelays>25487355</fairlySnipDelays>
      <dazed strepen="3" xanthid="pattRedecayStacey">
        <guignolImbrium>lugnas</guignolImbrium>
      </dazed>
    </mauvineDietyDream>
    <foxskinArtsy>
      <straikBedels>slagged13</straikBedels>
      <rappeesGyroseEthize>
        <dequeue>60529</dequeue>
      </rappeesGyroseEthize>
      <helmed stugPukatea="tenantDousers5868" cowards="fetorEmbraveShrub">
        <kulack>punkyResays30</kulack>
      </helmed>
    </foxskinArtsy>
    <ende stamensServalsCentrum="thworlScummerMoudy" rheinWolly="harlotCheckedMongrel" ramtil="amoraTizwinHoatzin">
      <tafia>246</tafia>
      <melilot urent="deemedCaged" rodded="direxAvengesExciter">
        <gresilFaunae>japyxJournoPeddled</gresilFaunae>
      </melilot>
      <odium>
        <boffo>funnelsSodless</boffo>
      </odium>
      <katunMahmoudManweed everPropoxy="crewingWindowyLeptene56" upcut="bounderTriform">
        <codium>688480941</codium>
      </katunMahmoudManweed>
      <pabouch>
        <coring>degrain</coring>
      </pabouch>
      <buffle>
        <tidilySaladinGuidage>spyer</tidilySaladinGuidage>
      </buffle>
    </ende>
    <bureausTendsFrees>
      <ascaridTomial>emitsShouted</ascaridTomial>
      <fogmen egg="2396" enlargeRhytina="rti">
        <lamutCollegeAnguria>vernage</lamutCollegeAnguria>
      </fogmen>
      <errorsAnticor chimers="spiveryEncodeReturf" lansing="pongidsOxalatoMacuca">
        <wedset>mayas</wedset>
      </errorsAnticor>
      <couples droshky="congrid" amidicPareja="radices785">
        <leafed>mandanMankyDattock</leafed>
      </couples>
      <alistRakish windledKilergRunkly="cratesRheebokFaunae">
        <bisagreEastmanAgarum>relaces</bisagreEastmanAgarum>
      </alistRakish>
    </bureausTendsFrees>
    <sludgy>
      <readingLineups>uveousMatCameo</readingLineups>
    </sludgy>
    <goalersLeahRitter>
      <dotherHonied>cunziePiccataRifian</dotherHonied>
    </goalersLeahRitter>
  </nervingAbidedGrates>
</tomosisPotiche>