<?xml version="1.0"?>
<relique>
  <tubaron />
  <letitiaAcronicRugby datums="geastGummersArhar" flunkerLensesHexanal="kahala" unbushElectee="67016794" sizeman="foggers">
    <whimsy nonprosParker="infarctPict">
      <heatfulDivusCameos>subsaltDopedIdles</heatfulDivusCameos>
      <upas buzzesFlaskerOleos="liggatComped" didacts="2840645">
        <packed>sipperTessel2</packed>
      </upas>
      <wardian>
        <gamicBawdry>559204560</gamicBawdry>
      </wardian>
      <ureicOdiumRazers>
        <geoSexhoodFardo>locumCalecheTriens</geoSexhoodFardo>
      </ureicOdiumRazers>
      <walkedWytes everOrc="650171">
        <oneillPutterLimsy>75</oneillPutterLimsy>
      </walkedWytes>
      <areaway kelters="hornets73">
        <serranaPlumistGolf>8955</serranaPlumistGolf>
      </areaway>
    </whimsy>
  </letitiaAcronicRugby>
  <dormant>
    <meio>
      <bialatePilinUmbundu>768607686</bialatePilinUmbundu>
      <giteGrantedMurre osmicDoormen="239">
        <chanceReading>kippySwilled</chanceReading>
      </giteGrantedMurre>
      <clay metopesAthinkManweed="aladaGundog" clrHefterSlatier="sixScarphs">
        <murutKollastSynurae>throatyBorityErwin</murutKollastSynurae>
      </clay>
      <ruffesHowdyFlubbed hoarsRasores="canilleWrithenBubals" nonactMered="stichicRexen2">
        <ains>suddenPunkin</ains>
      </ruffesHowdyFlubbed>
      <trig estoilMethoxy="shave" voltaZanjon="raisersEyingHizz">
        <ciconeDrouthy>heathBurlapsNuba</ciconeDrouthy>
      </trig>
      <stumpyOathSchrund>
        <stubbedAwnsSourtop>petrea4</stubbedAwnsSourtop>
      </stumpyOathSchrund>
      <blipsHerbalArkose levying="growthsAsthmas">
        <ruboutSledgedLymph>6627</ruboutSledgedLymph>
      </blipsHerbalArkose>
      <withScraigh werner="warmersWardensTubby">
        <crushesLastySoke>scapePatchBrr</crushesLastySoke>
      </withScraigh>
      <inkieLyceums>
        <heady>coze5</heady>
      </inkieLyceums>
      <salva mulsifyDissaveAread="slitherDukely">
        <reheelPodgeMerlons>doryman</reheelPodgeMerlons>
      </salva>
    </meio>
    <scottyBolasGuggles>
      <banzaiGaskinsScutal>luffingBulbuleGaudish</banzaiGaskinsScutal>
    </scottyBolasGuggles>
    <distnAlumina>
      <nebbishBobsled>gobletFrows</nebbishBobsled>
      <bowePeepersBootied lierre="8245">
        <oglalaBindisTallero>hammyPirrieConvive</oglalaBindisTallero>
      </bowePeepersBootied>
    </distnAlumina>
    <longee>
      <carseSalueTwigged>bonersMisword</carseSalueTwigged>
      <tigraiRestir bindDiggingEmbread="tactusUpdovePad" raccrocSkirrsGliff="tmesisOveractReree">
        <honchoInsidesUseful>middensChinked</honchoInsidesUseful>
      </tigraiRestir>
      <lipoid>
        <inept>fakeCapuli</inept>
      </lipoid>
    </longee>
    <skersEncodes>
      <luter>calorUnsuit93</luter>
    </skersEncodes>
    <basin boomsBuglersUncoked="flitesJazzesRimbase" handfulWerwolf="nadaEstuary" dovenLilacin="sycoma">
      <paroler>14</paroler>
    </basin>
    <chicane>
      <imageSebilla>silique</imageSebilla>
      <enrankClassicPater cootchGeejeePintano="wus" furaneAnopiaOrphic="fusilsJimmies85">
        <windledCavalla>beastie</windledCavalla>
      </enrankClassicPater>
      <brekkyBlitum cirroseUnpipedLucrum="precopyGorsy">
        <begobMusted>fogonWaivod470</begobMusted>
      </brekkyBlitum>
      <ashiestDoggier>
        <wormils>glozeCienegaPerv</wormils>
      </ashiestDoggier>
      <hengeYawpedQuinton blitzesGiseGradate="gangliaFountGutser" outoven="cadge">
        <peterParkKorzec>chiliRecederDumpage</peterParkKorzec>
      </hengeYawpedQuinton>
      <zodiacLupinin>
        <begetsRoucouRabbi>moneth</begetsRoucouRabbi>
      </zodiacLupinin>
      <avenaAminoid barwoodSolanalCibola="1401982" pahi="17225478">
        <twilledCorked>gelees</twilledCorked>
      </avenaAminoid>
      <dupery martensPlacodeAche="cypriotDeleadsBarged" stallarParboilObes="shiptUpflareBulkage">
        <kentonPalm>989</kentonPalm>
      </dupery>
      <noyadedPlack>
        <dougSeagoerComport>hasidic70</dougSeagoerComport>
      </noyadedPlack>
      <amusedSwarms>
        <cycasinSuresby>39</cycasinSuresby>
      </amusedSwarms>
    </chicane>
  </dormant>
  <uncrossFlashesLudgate starredBisters="steviaReself" poojahUnreelMooched="297235488" yipsCaffled="panged" miri="inductPhrenStrong587" />
  <gool xyloylPlupLoran="2" aluletCitifyNetting="26565" fakeer="knowersLpmTabber" />
  <mirror />
  <geecheeClaims tutlyJoug="becoomDolcan" jenine="berthPalmyraMamaguy" />
  <gnoses megilpSelle="ephebus" svc="chapahZooticThemata" faunchRabal="43" />
</relique>