<?xml version="1.0"?>
<denameAmapa>
  <flurt revampMormyr="digit" />
  <boozeFylfots>
    <palpusBidetsInlands>
      <eneidMeer>857263</eneidMeer>
      <dentateBasher>
        <teak>citronOuroub</teak>
      </dentateBasher>
      <yurtTabbyLieve renovelPunctum="27875" vengerWandle="maoriAgname">
        <boothesSlait>sajou</boothesSlait>
      </yurtTabbyLieve>
      <oromoHarry besantAnseresFeoffee="866" woundyLadTowie="switchy">
        <bebay>1312</bebay>
      </oromoHarry>
      <stromedAdmixt caririGongingJenine="junctor">
        <dirndlsAmbonesWisket>somitesAtleeMyosis</dirndlsAmbonesWisket>
      </stromedAdmixt>
    </palpusBidetsInlands>
    <hampersUitspan>
      <defines>hufferUnpensBiliary</defines>
    </hampersUitspan>
    <moieter subdial="gutiumAgyrate" irena="39">
      <tiffinsSowans>eaningApargia</tiffinsSowans>
      <prowedBourranKarel>
        <henna>ketatin</henna>
      </prowedBourranKarel>
      <animizeTelarLadyfly>
        <arsines>tinnery</arsines>
      </animizeTelarLadyfly>
      <coypu overplyPastesSaga="unrootsMurage">
        <grecingBundlerTalooka>appealFlicksGoanna</grecingBundlerTalooka>
      </coypu>
      <umbelDidleBeseam>
        <goddedYarn>cuteysMuseful10</goddedYarn>
      </umbelDidleBeseam>
      <entotic moyenne="loonAnunder">
        <napalmAutomanDreich>humbly</napalmAutomanDreich>
      </entotic>
      <annealsPredamn praiserSewar="hatbox" azorianVilloteJumped="pyknicsYataganFatting45">
        <dongolaSeven>902</dongolaSeven>
      </annealsPredamn>
      <keerieThysel>
        <laurentIronmanGaiters>accusedWatfivGluily</laurentIronmanGaiters>
      </keerieThysel>
      <termingFiscus foliarBergereLiter="2460423" lairdManchesLive="starker">
        <martialEmprimeUnwoof>jianyun</martialEmprimeUnwoof>
      </termingFiscus>
    </moieter>
    <shtchee>
      <footingLesses>zeesAleftLupoid</footingLesses>
      <flurry byousAraireScrear="zanyishCoffee98">
        <sunbackUnstrip>cantleLaine</sunbackUnstrip>
      </flurry>
      <idletySalicyl zainAchaean="weeting">
        <gilverVernant>3325647</gilverVernant>
      </idletySalicyl>
      <quatuor lingy="pillows">
        <hicaco>reverbsFallowsMide</hicaco>
      </quatuor>
    </shtchee>
    <wakwafiWaxcombTokay>
      <gashyCrissumIdistic>kendnaTreemanTjosite</gashyCrissumIdistic>
      <yaruranAlii>
        <matricReaskPavisse>lunatum</matricReaskPavisse>
      </yaruranAlii>
      <meld>
        <deilKramaPeasy>ginnerUnfrank</deilKramaPeasy>
      </meld>
    </wakwafiWaxcombTokay>
    <rojak>
      <thulir>braysHunk</thulir>
    </rojak>
  </boozeFylfots>
  <phenixSuecismNippon cancan="brabMommiesArmory" gaonate="demurerDeltas" />
  <torcsGirsh />
  <curransPentads mascotThiram="shoggle3" subaridUrunday="cheUpcoastAnnect" tindalo="liquer" azolla="curtailDaurTormen" />
  <malta addrAthlete="83215" mootersReindueTowies="reblow87" spence="969" />
</denameAmapa>