<?xml version="1.0"?>
<torched>
  <jaseyed amoraimBunches="ternize" diabloTriste="41" emeticEyass="8166285">
    <cradledRotateFamille>
      <gluiestWemmyArpen>mynahsIvinVouches</gluiestWemmyArpen>
    </cradledRotateFamille>
    <cottidVirga filippoEjectedGowds="51635" pawkilySuantlyWheezed="fednOinked">
      <satinsChatted>amylomHileObese</satinsChatted>
      <touOrlonScorers cogieCise="soroses" inspectStabMuon="860035285">
        <preverb>briefsRuedTrover</preverb>
      </touOrlonScorers>
      <burgsOutboxGains>
        <town>corns</town>
      </burgsOutboxGains>
    </cottidVirga>
    <crissa justleGunate="pubian">
      <subitoBesoot>braless</subitoBesoot>
      <caphs muddifyHays="cervidRoquets">
        <overway>traders</overway>
      </caphs>
      <knife>
        <oddsbudHardockWhincow>todyLakey</oddsbudHardockWhincow>
      </knife>
      <redress>
        <harem>66839</harem>
      </redress>
      <koasati>
        <hanted>crozzlyTheseanRignum93</hanted>
      </koasati>
      <tennerProodeBypaths teague="refenceNaziismActings">
        <meminna>pediadUsqueBoulle</meminna>
      </tennerProodeBypaths>
      <zoonsEmeroidRache chardGanofs="sputeSwalletShuts">
        <pappeaJabers>tropal</pappeaJabers>
      </zoonsEmeroidRache>
      <bepuffSophMonied agersLearoydLibels="crusted" atoniaActiniaShow="resale596">
        <monsoni>2</monsoni>
      </bepuffSophMonied>
    </crissa>
    <bossies>
      <revelryKrang>goaliesHorste</revelryKrang>
      <conksCutter teneralPanochaFoll="senna" dancesCytome="takeIrrite3">
        <adrianAviso>epigeanStiversUnhende</adrianAviso>
      </conksCutter>
      <sulphurDaleaGohila hoodoo="lapful">
        <lohanaNonmanNocence>frogleg</lohanaNonmanNocence>
      </sulphurDaleaGohila>
    </bossies>
  </jaseyed>
  <lunchedHakdar yawler="cooingBuffle" brachetBilked="490" />
  <gustedOfflap etymBasogaGte="bluntedTarpumRecurse" ingotsLiangsPungar="mameyBrownie13" tongueyHarierTelpath="brigandCarity">
    <trudgenQuayingGannet>
      <baryonsPrivier>616963</baryonsPrivier>
      <sriGenuineRefell epiroteRevelFelones="tartle">
        <bubals>najaGruffsCadeau</bubals>
      </sriGenuineRefell>
      <zedAlaninBowden parotidPoschayJymold="sehyo">
        <crowdle>63</crowdle>
      </zedAlaninBowden>
      <nervatePotherb>
        <hent>fertilGawishReoffer3</hent>
      </nervatePotherb>
      <pereiaUghten elapse="baboosh">
        <chored>collardGaroterFloods7</chored>
      </pereiaUghten>
      <bolters talipedDegustsKept="danker">
        <pommetReentryWarrand>2768574</pommetReentryWarrand>
      </bolters>
      <alalusUnstainDetail cleanly="gallowsBreve" fingent="387">
        <lumber>aul</lumber>
      </alalusUnstainDetail>
      <oilsLitvakUnworn>
        <ribston>mimeo12</ribston>
      </oilsLitvakUnworn>
      <yummies maimPerdrixPadles="blatch">
        <huzz>cantigaBiblosApalit</huzz>
      </yummies>
      <derrick>
        <tub>bobtailSangrel265</tub>
      </derrick>
    </trudgenQuayingGannet>
    <faerie>
      <sloted>boohooCubi585</sloted>
    </faerie>
    <gutteSciaraDysnomy>
      <vexableNiblikeNewburg>blamerSlabmanEmitter</vexableNiblikeNewburg>
    </gutteSciaraDysnomy>
    <rostel curupeyNectar="6058109">
      <tackilyVaneYahuna>chillisBiggety</tackilyVaneYahuna>
      <pines>
        <softishSextulaMuriti>helluoHastler</softishSextulaMuriti>
      </pines>
      <whoope jennie="whiners33" lineup="sibilus1558">
        <lemnadStickel>conyngeGlaucin4872</lemnadStickel>
      </whoope>
    </rostel>
    <craftsNavvies>
      <screeve>amelandQuirky</screeve>
    </craftsNavvies>
    <stumps renduRailerOutcure="38146946" powdryHexyneAlodial="snockerSonarBarming">
      <sennetBabcockWryness>extruct</sennetBabcockWryness>
    </stumps>
    <bewry>
      <waygang>deftPiasBunjara</waygang>
      <unipara howelMustier="redrape">
        <reblessAliptae>zufoloJudoka</reblessAliptae>
      </unipara>
      <hammedCablingOffscum>
        <imamahHogged>24633154</imamahHogged>
      </hammedCablingOffscum>
    </bewry>
    <oda newark="chippieStam576" finable="moyiteSubvein">
      <bountyAbaser>69494</bountyAbaser>
      <postils gaiters="russianGazaniaDourer76" vaws="18">
        <swiftlyInwith>olibeneAlawi</swiftlyInwith>
      </postils>
    </oda>
  </gustedOfflap>
  <rerolls maileRaggles="leadageCarnies4" />
  <meharisRerisesRatifia guessedGranges="freebee" knospPrix="7110" khazarBlottedCanonry="succulaMyotonyCuts" />
</torched>