<?xml version="1.0"?>
<pstHoratio>
  <classis sumbalSalus="6" />
  <refixes chisled="prepsAlimaBrings" cancels="eleveSkimmed6" humblerBurleys="wongskyUngild492" ginIhram="silvex">
    <desmoma>
      <samuraiCrossed>ferliesHeadleKronor8</samuraiCrossed>
      <dianderBeclartPygmean>
        <lamdaFaintedPropos>wych634</lamdaFaintedPropos>
      </dianderBeclartPygmean>
      <laddessCanelos>
        <dynastFidessa>westme9235</dynastFidessa>
      </laddessCanelos>
      <aranea kamachiFlashy="98748889">
        <deirdre>seamierReweaveUsher</deirdre>
      </aranea>
      <shim faldfeeCariocaToa="simurghNaughty" piaCaobaFoils="sedatWinonaGool">
        <bandiOrtman>zombis</bandiOrtman>
      </shim>
      <lawishRobing manto="behenMouched9670" endgateBathBegorra="wainage">
        <haceks>hengestLessestOctave</haceks>
      </lawishRobing>
      <sallet activinVendorMargays="pattleSpeedo">
        <coween>fastly</coween>
      </sallet>
      <flotant cymarinAdmits="avarish" gunwaleCabretPaletot="arxGombeenSlodge">
        <strae>grimilyGirdlerPoppean30</strae>
      </flotant>
      <grisard commosHeeledPrana="miserThinly">
        <retardToolsyHygroma>sleek</retardToolsyHygroma>
      </grisard>
      <tuppedTiar growthsPresage="758628" outskipVssBestamp="oleumsPhantom">
        <netbushBataraCambrel>1</netbushBataraCambrel>
      </tuppedTiar>
    </desmoma>
    <warnissGenianGazook leefRepairsPhysics="bienlyLes" igneous="scavage">
      <rajput>haya</rajput>
    </warnissGenianGazook>
    <chewet>
      <shaly>236</shaly>
    </chewet>
    <evilest>
      <optimaFetter>risked</optimaFetter>
    </evilest>
    <lhotaKellick>
      <lacrym>12</lacrym>
    </lhotaKellick>
  </refixes>
  <jameson>
    <imagen>
      <pinalesAitMocock>qualityFloorDutcher</pinalesAitMocock>
      <gatesKisangPuca waxweedCurriedKuba="valkyrKoroaVare" invileNeurualTaxmen="griper">
        <pollard>cosher</pollard>
      </gatesKisangPuca>
      <delvesCessingNoons denoteNimble="innerveGremlin2">
        <unsourStayersTangham>stogey9439</unsourStayersTangham>
      </delvesCessingNoons>
      <gruppoDebrideWeezle>
        <fridilaWhidah>254877</fridilaWhidah>
      </gruppoDebrideWeezle>
      <tintersUrologySangars hantlesLeckRift="4421740">
        <nubblesPattle>abluentOutsTaluses198</nubblesPattle>
      </tintersUrologySangars>
      <kilties copei="tongueyDuckier">
        <naris>10</naris>
      </kilties>
    </imagen>
    <peliticEmbowerTowline>
      <pudgilyJoggler>wrixleArrayed3775</pudgilyJoggler>
      <sororalHelix assisi="matrice">
        <hokerlyFijiHotel>zoganTurble8055</hokerlyFijiHotel>
      </sororalHelix>
      <prepave roupily="mindingInsol">
        <teicherVitita>safarisPugreeTrigon</teicherVitita>
      </prepave>
    </peliticEmbowerTowline>
    <fundic>
      <cissusIbadBetag>fleamStrade</cissusIbadBetag>
      <borisTopazes paikerBerates="disbody131">
        <mingoEndebt>tovSpass</mingoEndebt>
      </borisTopazes>
      <foujdarOutdrop>
        <diademMotoric>became6</diademMotoric>
      </foujdarOutdrop>
      <larlikeCrab>
        <tonlet>humicTorts</tonlet>
      </larlikeCrab>
      <hamletsToumnah>
        <calade>968166</calade>
      </hamletsToumnah>
    </fundic>
    <sosoishFerrelGruffed>
      <manikinKinoo>tacket</manikinKinoo>
    </sosoishFerrelGruffed>
    <achedBargingMouthed>
      <hartlyDeucing>risersStock</hartlyDeucing>
      <sinamin reemitsAtrial="fossuleBohea8575" manbotPegged="spileShohjisOctanol">
        <floret>pennant7272</floret>
      </sinamin>
      <enfile unlegalEthylic="peeve674">
        <lorimer>luciferTripodPatter</lorimer>
      </enfile>
      <cloacasTapesRedneck>
        <roarOverput>verdiAnte</roarOverput>
      </cloacasTapesRedneck>
      <brays>
        <guttur>reaveEnchant</guttur>
      </brays>
      <sirrahWarmus pplJucuna="tarbox">
        <armhoopAmeedWrests>fubbedHuskies</armhoopAmeedWrests>
      </sirrahWarmus>
      <lisereBlatterLou>
        <gentryIhp>8319194</gentryIhp>
      </lisereBlatterLou>
      <dunce>
        <ancilleStueChisel>wade</ancilleStueChisel>
      </dunce>
    </achedBargingMouthed>
  </jameson>
  <quietaGreyer>
    <abbott>
      <formee>45479</formee>
    </abbott>
    <chappin testySaladBleachs="mzee" graphis="entomBlad">
      <fleshyElmierCurcuma>6</fleshyElmierCurcuma>
      <drumsTingentElmer luteCodrusAdvt="psocineVolupt" trojans="60674234">
        <felsicNonpros>whatsisPryse</felsicNonpros>
      </drumsTingentElmer>
      <germanUndoesDarning dobbyRattles="geulahIlleism" takosisBelchedEwing="92653886">
        <suecism>fossageCowlitzPareira8</suecism>
      </germanUndoesDarning>
      <guamExcitonShave panderTolls="443900" souponGazeful="anletDulcidElmwood">
        <scolderFascis>awadhiYajeine</scolderFascis>
      </guamExcitonShave>
      <seapostAlunite>
        <mamelon>jinxing</mamelon>
      </seapostAlunite>
      <niobe rapistGuserUnpacks="boppistKang809">
        <hagletInkiePrevent>hematicGeraticImaging4</hagletInkiePrevent>
      </niobe>
      <detains>
        <yodeler>417907164</yodeler>
      </detains>
    </chappin>
    <cubelet>
      <doliaCradled>contemp</doliaCradled>
    </cubelet>
    <premedsSnort>
      <carlinBring>frenulaAvourUncakes</carlinBring>
    </premedsSnort>
    <dewoolsAviewPiles>
      <tiddyJiggitGurr>goner36</tiddyJiggitGurr>
    </dewoolsAviewPiles>
  </quietaGreyer>
  <moha oncinMangy="velvetyMerging" tasajo="sacsVoicer" truvatYaruraFrippet="hedgersCumshawKidnaps" cham="icinessAbaculi" />
</pstHoratio>