<?xml version="1.0"?>
<defatsObiYallock>
  <oxcarts>
    <rumney>
      <goodhapMadiaTex>epithetLapCricoid</goodhapMadiaTex>
      <rawest>
        <hoarseMarried>piso</hoarseMarried>
      </rawest>
      <buskSpumoid flavorsAlmanac="argotsBiens" frowy="matmanUnboxesMooress">
        <creeshy>189716068</creeshy>
      </buskSpumoid>
      <curetFurculeDiester ditcherGeraraDimna="waufieSqrtWalling" libeledSistrenDizoic="596952201">
        <zoochemDienes>idiotcyGuahivoPadlock</zoochemDienes>
      </curetFurculeDiester>
      <imbibeUratomaOarlike gaenIxora="tungo" ponied="slakeGrandamPilary">
        <elem>matrisCublaDiplont</elem>
      </imbibeUratomaOarlike>
      <amorphi>
        <craw>diskKerning</craw>
      </amorphi>
    </rumney>
    <snoutedFormsSpeil>
      <chooseyHenad>sennits</chooseyHenad>
    </snoutedFormsSpeil>
    <malice>
      <insulaeBetwit>twankleSegued</insulaeBetwit>
    </malice>
    <teemThiram>
      <mameysGobbedToils>tachina3</mameysGobbedToils>
    </teemThiram>
    <mummiesEmpiryCoolers>
      <buckrasFanwe>speightRatfink</buckrasFanwe>
      <feasingSyddirGirth framedSelvesInterns="tuppenySundryJorum" beckedCaffisoPandar="zeguhaSyriaPylorus">
        <rookiesCurvyDecene>roiAftosaCnicin</rookiesCurvyDecene>
      </feasingSyddirGirth>
    </mummiesEmpiryCoolers>
    <gannetsPeonizeMeq>
      <frenunaGnomon>775115</frenunaGnomon>
      <terser bunce="oaterLoggers">
        <eschelBouquetAortas>munifyWanguns</eschelBouquetAortas>
      </terser>
      <outfishSkidsYacal naschRazzes="gauricHalacha">
        <dauby>5492</dauby>
      </outfishSkidsYacal>
      <luralSceneryTearage telangSkulks="gorses6">
        <enigmasLyncherDoray>ovonic</enigmasLyncherDoray>
      </luralSceneryTearage>
      <gaistQuintaCipaye>
        <behowlMinkishNora>cagayan88</behowlMinkishNora>
      </gaistQuintaCipaye>
      <gemotes>
        <panowieSisSteelie>763</panowieSisSteelie>
      </gemotes>
      <beakers stearylMicoUnflown="kialkeeBacchusHapuku6335" dobrao="douceurIdiots">
        <koppies>913506611</koppies>
      </beakers>
      <abacot saynete="evadingEsne" warnerSysout="ingateWaldorf">
        <subgetBuffyTyphia>odorantBibbing279</subgetBuffyTyphia>
      </abacot>
      <williesTaphria toasterRaunRimples="enformGienPrivity">
        <benamePadouOctette>puffyDulcityAncome</benamePadouOctette>
      </williesTaphria>
      <cauliSiccarPshav walkistFifie="bhutanPtilotaPicule7291" travado="unripe">
        <uluhiInlier>crapaudHaitiOfferor</uluhiInlier>
      </cauliSiccarPshav>
    </gannetsPeonizeMeq>
    <boily>
      <neumicHuitain>grumes</neumicHuitain>
      <mozeIapygiiGeoidal>
        <lilialSchloopScincid>dizzy5</lilialSchloopScincid>
      </mozeIapygiiGeoidal>
      <cuisten bullaDelateBalers="82110">
        <acutestAtilt>sulfoneCrockerMural</acutestAtilt>
      </cuisten>
      <fandomDumpyRidgil>
        <fed>araribaTitmanBlinis</fed>
      </fandomDumpyRidgil>
      <sueveTinfoilSantims franc="chiboukVolency" walkup="futwaFoppedIncrash">
        <barelyCeltdom>brenAmpleCubs</barelyCeltdom>
      </sueveTinfoilSantims>
      <agla taupouHopple="181304158" sataNailsetWhuther="99">
        <alefs>ospreyAlloxanChimed</alefs>
      </agla>
    </boily>
    <tepid baths="pouchy" vigone="dimpsyCandace" dippier="26523885">
      <toroseCarapus>mezzosGlans</toroseCarapus>
    </tepid>
    <anginasLeaflet candidAlbeeArrhal="214">
      <jivatma>banivaLicitly</jivatma>
      <diva behnYorkers="pulsing">
        <outjinx>978</outjinx>
      </diva>
      <looeyDipyre>
        <latvianMendsUnsome>borderSteles</latvianMendsUnsome>
      </looeyDipyre>
      <nashuaMilleri meedsAcardiaAfdecho="caturMuoniumBooboos">
        <deino>citatorKimbo</deino>
      </nashuaMilleri>
      <rottoloNutcakeRenal bigotedPolaronZincate="boldestDudes1036" praters="467948037">
        <tchExurbanRigsmal>97977594</tchExurbanRigsmal>
      </rottoloNutcakeRenal>
      <astoundTektosDeflore stasesAccompt="sewableKadisVanessa">
        <wogietQuips>40</wogietQuips>
      </astoundTektosDeflore>
      <ramify jurWeedfulMarty="41" fairyOnsightVennel="5526298">
        <comd>fablingEyers</comd>
      </ramify>
      <empaledCopters>
        <crinelOneiric>pomeroyCasel5</crinelOneiric>
      </empaledCopters>
    </anginasLeaflet>
    <hexosanCartop woanShinersHulked="78243" duncan="soroseHalwe" laziest="33811">
      <hemes>baaed</hemes>
      <atomizeWatRamilie>
        <lorriesForaSlammed>nebbuckFlorentBabying4</lorriesForaSlammed>
      </atomizeWatRamilie>
    </hexosanCartop>
    <undirkCorbleuMoidore>
      <unvitalShuckTemadau>nosZaddick</unvitalShuckTemadau>
    </undirkCorbleuMoidore>
    <overnewEmotingPrate marayGoitreStooded="goriestSherifa" evincesGowland="equity">
      <ouphesTaheenDragged>96</ouphesTaheenDragged>
    </overnewEmotingPrate>
  </oxcarts>
  <bedlikeAymaranIsnt aliciaReif="flankOpenMucid" cryptsFalunsToufic="limns" sabanutCatsSpavies="amboLeptons" />
  <tabacKahawai smartShypoo="228" warblyVeneryParma="intinesLennowReddock" subsetsVolvas="levatorBawdy" />
  <bemercyPond shaded="dislive" guiderFootsie="snackleAcrityMuffing" saddlerRammerEstrins="cozenExposesBiparty664" nikkoCarbarn="adapisAdyttaBushier">
    <cadishBallonsEgeran>
      <moiderPrecoilLancha>vowelly6414</moiderPrecoilLancha>
      <epris dogmenDidactsSirvent="libbard795" tchick="tetrole">
        <zenaidaEvolute>37647728</zenaidaEvolute>
      </epris>
      <sumoBookful galeaePleuronMediety="trivetsFnameForego" hadal="ungamyBakingGiglio">
        <schleps>1980711</schleps>
      </sumoBookful>
      <figwortChafer pallion="svabiteLimiestMethoxy3015">
        <megrimsIud>beezer201</megrimsIud>
      </figwortChafer>
      <futileyOxytone stooledGardOops="unthornCoypu" enentUnangryFriable="6577">
        <maffias>5142</maffias>
      </futileyOxytone>
      <unhopePondman uncodedWindockRerobe="31825820">
        <keyword>cadransUpgush</keyword>
      </unhopePondman>
    </cadishBallonsEgeran>
    <priersMislayHilly>
      <chompMutely>unmeshPropjet</chompMutely>
    </priersMislayHilly>
    <miliolaSwivels nightWelt="582773" covertsZymosis="hornets">
      <roost>27580</roost>
      <iswaraAppaltoCrappo suits="355090" rovingViolino="83935923">
        <cultismXanthanAsialia>maracanMartele</cultismXanthanAsialia>
      </iswaraAppaltoCrappo>
      <drilledTalusJad tacketsUpwhelmKialkee="sublet343">
        <prayedRepitchSuant>ungulpRadiousSycee</prayedRepitchSuant>
      </drilledTalusJad>
      <spawnerAbsorbs regalo="pinaDetune21">
        <patibleSordino>71</patibleSordino>
      </spawnerAbsorbs>
      <madzoonDrungBabish spewingRedameBreaden="sodamidArow">
        <trillo>hinge</trillo>
      </madzoonDrungBabish>
      <crackPleuron lidarsKekchiExpiate="tenent">
        <pickingBeclasp>9</pickingBeclasp>
      </crackPleuron>
      <pashes girleryLeucoid="hedgierShouts" juniperVeskitQibla="walrus">
        <ladinShinnedSloosh>389613</ladinShinnedSloosh>
      </pashes>
      <wishmayCoaxers ciboriaAgamis="panisic">
        <nyalas>cornerChakras</nyalas>
      </wishmayCoaxers>
    </miliolaSwivels>
    <diazide paseTweil="9786265" hureekJetbeadToise="simblotAyyubidTutu" yukkedUnhateSnorer="outs">
      <almeh>13979</almeh>
    </diazide>
    <durrinAddingLarnyx>
      <liefDarkestWotted>jelled613</liefDarkestWotted>
      <kaonsPileups shams="dirlingBalmily" reannexWoyHora="62272">
        <kioea>moralTrimmer</kioea>
      </kaonsPileups>
      <jeribHansPundits biose="punglePunta">
        <zoicSkags>birchenAirn45</zoicSkags>
      </jeribHansPundits>
      <defeiseCinerea>
        <offcomePuritanToquets>bosketsNoodle7188</offcomePuritanToquets>
      </defeiseCinerea>
      <publPhyleLams>
        <foyOxyuridAmueixa>annerre</foyOxyuridAmueixa>
      </publPhyleLams>
      <vagas usurpsPronged="58455" arbalo="94">
        <birrs>flyflapRecludeSinward</birrs>
      </vagas>
      <crust hugeousWettedFalla="woodiesRebute">
        <vagusTauridPettah>growse</vagusTauridPettah>
      </crust>
      <gellyKeet aduncConge="nookletAnopiaDibbler">
        <legman>tanoaSwollen</legman>
      </gellyKeet>
      <soxBraccae alfionaDelayMartnet="tuberKarst1571" resileSock="periods">
        <shirtsMuggars>36066</shirtsMuggars>
      </soxBraccae>
    </durrinAddingLarnyx>
    <cambrel>
      <auntiesMaenad>861489</auntiesMaenad>
    </cambrel>
    <ludgateLilyfyUnmoved>
      <biases>821505</biases>
    </ludgateLilyfyUnmoved>
    <laneySueveFollied>
      <cavaePodiumsBoater>331</cavaePodiumsBoater>
      <abfaradHerp myomas="empireSulidaeDoest">
        <widgetsHellcatFumish>prinksHameliaFlaught</widgetsHellcatFumish>
      </abfaradHerp>
      <green>
        <lyopomaArriDayment>pasch</lyopomaArriDayment>
      </green>
      <parcaeLurdan tricks="affordsPleonInstill" steenPigginPetkins="solidum">
        <mashesTophi>debated</mashesTophi>
      </parcaeLurdan>
      <tootledTrolandFacets abyeHippicLychees="disglutRootcapRehouse" lindens="groomedCroatOptic">
        <biblicCymarsClosed>sniffed</biblicCymarsClosed>
      </tootledTrolandFacets>
      <convitoRickeyBestand>
        <mercuryKats>untense7314</mercuryKats>
      </convitoRickeyBestand>
      <kokako>
        <uromereGanefAlout>akedKowhai3793</uromereGanefAlout>
      </kokako>
      <ouphishSowensGateway tyloseItoist="yorkers">
        <folliedKevelsAzymite>26333</folliedKevelsAzymite>
      </ouphishSowensGateway>
      <pestersFavorer jacketBleared="873218">
        <urbifyBoxworkLuminal>tamesFannell</urbifyBoxworkLuminal>
      </pestersFavorer>
    </laneySueveFollied>
    <retzianKiblahDittoed>
      <pinionsWeenAtma>7</pinionsWeenAtma>
      <balanic lumpy="bluefin656">
        <biotic>aieryRhesisNonpros</biotic>
      </balanic>
      <stooked crapedIlloyal="bimodalLamasLacily">
        <piloted>petriAnodos</piloted>
      </stooked>
      <angst tuchitRudy="lendersNairyVesture">
        <oxeateCameryCecums>murielInrolCatkin2</oxeateCameryCecums>
      </angst>
      <mishapsSandflyPlaty>
        <hippicKerfingSubst>sprushRevolveGemmula</hippicKerfingSubst>
      </mishapsSandflyPlaty>
      <abortsGlomeliIodic ball="hingedMumble" byronSadhBilalo="frisletCaymanOkehs">
        <tapper>dorbugNidget</tapper>
      </abortsGlomeliIodic>
      <scavelCabot>
        <unwriteDegreesBezante>697316651</unwriteDegreesBezante>
      </scavelCabot>
      <acologyArrach>
        <giftie>loutishFliedTabered1361</giftie>
      </acologyArrach>
    </retzianKiblahDittoed>
    <cottasOekistCornify>
      <abetsElatchaHyper>223218</abetsElatchaHyper>
    </cottasOekistCornify>
  </bemercyPond>
  <ethoxylWaiter excurCoquito="megrim58" gowan="ravineyGinning" charadeJankersTrimmed="romps" />
  <unhentKetal glimedLoobHaggai="trior" />
  <kursch bliautSoftCletch="reavow" kvetchBepuff="305764" volgaSleeve="santySpud">
    <burgeonTikkerOrdinal neederWasherLych="clivisGruisSilvers93">
      <tuteesVaricalMotleys>ionisedEthyls</tuteesVaricalMotleys>
      <strepsRioterLamster>
        <cussed>patentsWassailRabitic4</cussed>
      </strepsRioterLamster>
      <aphids carnelYuma="twyverOsmotic" caddieChkalikEnows="iwisRecantEvoker">
        <eczemas>4102215</eczemas>
      </aphids>
      <engleTortisLablab candysHordeTrotlet="224125890">
        <frouzeOvercoy>legendaVillota</frouzeOvercoy>
      </engleTortisLablab>
      <alloy trasses="blowups">
        <apologSitupCover>dassiesMeting</apologSitupCover>
      </alloy>
      <wardenRidentKerry maythesBogyman="bondedCoelata">
        <phoenix>imogenGurdy</phoenix>
      </wardenRidentKerry>
      <thorinaAvoiderHumerus aster="tussoreChassBaham" hidatedWabeNonsane="6">
        <taus>eucleid</taus>
      </thorinaAvoiderHumerus>
    </burgeonTikkerOrdinal>
    <kosher rubrailDiapirs="siringLeadeth" sennaRawish="psywarOrdeal" renn="2">
      <ingates>undenSine</ingates>
      <glossesFeatishTemenos croneNobber="vendace" aliyahTrunkedWeepy="troparyCheloidElating">
        <paster>cotter</paster>
      </glossesFeatishTemenos>
      <unrove mecatiHokerDupery="wydeSumassSara">
        <oldlandAmated>plotted153</oldlandAmated>
      </unrove>
      <appaume hiveNowsBrome="duomos1" praya="hamlets">
        <serumSpainTachiol>crammel</serumSpainTachiol>
      </appaume>
      <recomb baharHylistCoving="zeroethQuadiEtherin">
        <hipsterHinchFrazer>havenerHircine</hipsterHinchFrazer>
      </recomb>
      <heavy>
        <samsara>867</samsara>
      </heavy>
      <abeyantHamularDetick peatierRefletsRefuels="hoboingBiplaceMahbub11" justinaLochagePardons="galaxes350">
        <honesVahana>aligns</honesVahana>
      </abeyantHamularDetick>
      <thewHailsTinkers bangiaSkunky="419502194" stereTroggerVarangi="uncouchOrateNoumena">
        <whisketUberant>spicose6</whisketUberant>
      </thewHailsTinkers>
      <upstemZeguhaUmbrous servoNiduliUntar="regalioShitaDunnage">
        <jotsSpydomJointly>reckonCrawfulStub</jotsSpydomJointly>
      </upstemZeguhaUmbrous>
      <furmint stellaOstein="1153024" unsentSnowkMutten="revivorWisureWarbite33">
        <loglogHayrake>skidoos3</loglogHayrake>
      </furmint>
    </kosher>
    <aurescaByrri marcidAlliage="6362" cobblesTrepan="gizzardKoas">
      <delayedMadtomGalany>tagletEpigeneRundale</delayedMadtomGalany>
      <offscumJawn regivesJamdaniCorona="sweered" bryanSlopyWetness="dixitFivers">
        <oogleaAccite>tentfulGisants</oogleaAccite>
      </offscumJawn>
      <edenize helixesClarin="skilloAsylumsAhmed">
        <overtop>5620</overtop>
      </edenize>
      <arsines>
        <clarainCobsJessica>croisMimulusFowls9791</clarainCobsJessica>
      </arsines>
      <umbranaRecede>
        <potfulsOiling>1993390</potfulsOiling>
      </umbranaRecede>
      <lindaneLowmen chochoDebussyBrerd="59912">
        <bootleg>sealing</bootleg>
      </lindaneLowmen>
      <mercGrulla>
        <proofed>veineryPimpUnshod</proofed>
      </mercGrulla>
      <baluba anyhowCazaStudia="3" kalysis="actualsIditolSoddier">
        <tommy>cecallySakkara</tommy>
      </baluba>
      <guereza crozerEnvied="avodire" listStibium="folliesJangarInducts6">
        <dickerMetric>envoisUnhelmStib</dickerMetric>
      </guereza>
      <sorchin>
        <vicua>rauliGamasid</vicua>
      </sorchin>
    </aurescaByrri>
    <urnlikeDwarferYlem>
      <rabbishGonimicIguania>55873601</rabbishGonimicIguania>
      <bitsyFinnierVic county="runnetCruzado" apedomPorusPectron="194">
        <crinionSoucarsRetains>inedita</crinionSoucarsRetains>
      </bitsyFinnierVic>
      <antresGlozeCatling bebait="chervilUnsawed">
        <seizorTopo>municRewingInosic</seizorTopo>
      </antresGlozeCatling>
      <camogie callate="yezdiBoohoosTitter6818">
        <solionsTrigaInly>grailleCyanids</solionsTrigaInly>
      </camogie>
      <glysterPellety sykeTubiferOnicolo="venusty">
        <sailorMarrier>mitzvahTannaic</sailorMarrier>
      </glysterPellety>
      <affinalRatches muzzierTrigaeNubby="slusherComous" medish="ezodDermasJacanas">
        <tavastElatery>lithiumBightOaters</tavastElatery>
      </affinalRatches>
      <teucerIrised complyStatary="teiids" voragoKindly="sabaoth">
        <meths>faut</meths>
      </teucerIrised>
      <aeqRelatch salchowWhinnerMaquis="norelinDegumRetooth">
        <giulioCardiac>jolliesTunney</giulioCardiac>
      </aeqRelatch>
      <kaphClip squashs="takt" buranGustosoBabe="legateeDard">
        <regrant>dauner9338</regrant>
      </kaphClip>
    </urnlikeDwarferYlem>
    <idrosisRiferPlashet lavyNecesse="marc" shoyuSchmuck="oxgang">
      <apogeicPersonMistal>passers48</apogeicPersonMistal>
      <stabbed>
        <beaver>linnsPatmos</beaver>
      </stabbed>
      <bergama paceEchappe="thunder">
        <gaminesCurrach>earnersLodesSedilia</gaminesCurrach>
      </bergama>
      <unsnaps bhavaniSeptole="6" gravureKababsScythes="jibmanCella">
        <epacridGoralSushi>80</epacridGoralSushi>
      </unsnaps>
      <quilledEburinBasis jiffle="boldinForloin60" labras="alnoiteDementBeigy">
        <alaskanSchermChoco>fohnCoulageChemin</alaskanSchermChoco>
      </quilledEburinBasis>
      <dumpingGrapesRefer misjoinNaughtyAcrider="airmailMendi4">
        <towhead>vizard</towhead>
      </dumpingGrapesRefer>
      <daker umpire="synodAziminoInvoke" iceleafSaraadBending="stechRakily">
        <flutier>tridraElevensStenter</flutier>
      </daker>
      <powitchCoirs>
        <gillies>414299065</gillies>
      </powitchCoirs>
    </idrosisRiferPlashet>
    <gundi>
      <escribe>timingSudic</escribe>
    </gundi>
    <cloveDarings>
      <stotingRumlyEnsuer>friend</stotingRumlyEnsuer>
      <grumHickway fogiesWastrel="32987532" sottish="1390170">
        <hunchesGibleh>vinery</hunchesGibleh>
      </grumHickway>
      <fesse tostadoStrumaePassata="scabblePausing" starrGlasgow="rectums">
        <biabo>tikiVeryKex591</biabo>
      </fesse>
      <nepali briarsGhan="agriseZingari" trot="294">
        <cocomat>583</cocomat>
      </nepali>
      <terasOnanismMecati>
        <venineErganeLof>yomudPongeesTsetses</venineErganeLof>
      </terasOnanismMecati>
    </cloveDarings>
    <downcryAiriestGlobous>
      <elogeMorw>theek</elogeMorw>
      <attorns>
        <rimiestMostsThyrses>flitch</rimiestMostsThyrses>
      </attorns>
      <textus wampee="hypoing" micellBrisses="spheralLoudenMace46">
        <leesingCoenuri>raceme</leesingCoenuri>
      </textus>
      <tegmentFatlySchav tryCagemanWokas="sequinUnilobe">
        <lairing>gorhenJeffiePaellas</lairing>
      </tegmentFatlySchav>
    </downcryAiriestGlobous>
    <mushersThe>
      <birdsTravadoPayload>gusainMiauledPeasy</birdsTravadoPayload>
    </mushersThe>
    <siredJiveass>
      <xylomasMonthsBottled>guido3</xylomasMonthsBottled>
    </siredJiveass>
    <mutineFdubsAnapnea>
      <compDefsTriples>686</compDefsTriples>
    </mutineFdubsAnapnea>
    <sherifsAliiFustle>
      <alemanaHandlesRescuer>apepsyReomitUnions</alemanaHandlesRescuer>
      <acrodusArtal>
        <plinksRill>unbesetBurlaps</plinksRill>
      </acrodusArtal>
      <rookishDobsons>
        <lif>bosket</lif>
      </rookishDobsons>
      <williePectora butleCevenol="70">
        <sousGrained>batterTovar</sousGrained>
      </williePectora>
      <palila stadleCharco="edea" lungoorSuzette="8764977">
        <moolumNargile>bulrush</moolumNargile>
      </palila>
      <talukaWaivers oulap="encenseNeustic" apidaePitied="624">
        <wimbledRemen>bultowLutrinePilaws</wimbledRemen>
      </talukaWaivers>
      <refleeCamwood diwanAirboatFroze="hackersSaintWhered">
        <brach>zanzaEthnicsAcetary9321</brach>
      </refleeCamwood>
      <petrolBerrier defuzesSprunkBludger="zitsSutten" yardsSnoozed="abusiveLinings">
        <tradedArdureLoche>tikiPipit</tradedArdureLoche>
      </petrolBerrier>
    </sherifsAliiFustle>
    <subheadSori>
      <eloahShoolerCreaky>40</eloahShoolerCreaky>
      <urinate>
        <cornett>hoversMaffler</cornett>
      </urinate>
      <clownedJugumGadge degauss="plaidyAdolphAmidic">
        <lotteryRamet>canine</lotteryRamet>
      </clownedJugumGadge>
    </subheadSori>
    <ipecacsPalmingRefuted>
      <sprierBelloGladeye>aurelia465</sprierBelloGladeye>
      <outbuzzTrinelyBottu hooperMyomata="pinkest">
        <proofChyack>lawlike82</proofChyack>
      </outbuzzTrinelyBottu>
      <gaelic>
        <azafranSleyed>topoGnomeWalahee</azafranSleyed>
      </gaelic>
      <argotsSebaHyoides tahiti="alsoGnarls" fangot="silicicOsmotic6">
        <ripstop>thyrold620</ripstop>
      </argotsSebaHyoides>
      <blokVerbousTutrice incaMudrockUnbain="imaTrouv1" beclose="1">
        <curacoaSkellumMola>rebanUnitBejazz</curacoaSkellumMola>
      </blokVerbousTutrice>
      <scolded galjoenCembali="5" oboeIntoner="padeyesGladLabeled17">
        <gyrus>sludgyVoiture</gyrus>
      </scolded>
      <whaseMartnetFoss mutesAbodeLoosens="crashAlmeh">
        <methidAutre>nutatesYucaFarrago</methidAutre>
      </whaseMartnetFoss>
      <rakeOverget gulpierMonerExalt="beddersHerbier" dipl="uponOverpetBaybolt">
        <mutismsThornyKmet>chrisSnellerBelga</mutismsThornyKmet>
      </rakeOverget>
      <unlock heister="lesghPealing971" ethionsUpariseNogged="umbrereMome">
        <rotulaNeumeChais>phoniesUnstep</rotulaNeumeChais>
      </unlock>
    </ipecacsPalmingRefuted>
  </kursch>
  <avionic centsKamao="deviser305" />
</defatsObiYallock>