<?xml version="1.0"?>
<breadedZarebas>
  <forsungBoomersJipper filing="muscoidGliadinDaturic" dexesMuist="4260190">
    <dobie tussurs="1835" athumiaPunkishTarweed="annexedOverink" dottoreBefallsCahot="qty">
      <teredo>oleates</teredo>
      <bruinRepolonAlur>
        <ostialSasineForane>pileataPomp</ostialSasineForane>
      </bruinRepolonAlur>
    </dobie>
    <centres>
      <beshameBathic>827935</beshameBathic>
    </centres>
  </forsungBoomersJipper>
  <bembexPollackCozing />
  <sowlRillyRetame>
    <zingierFluteyFlashes barraPuffy="analDoper257" owrehipConsarnSarsen="upcastsCypriot" flank="surerSjoukeCroppa">
      <lungyiKikumon>meldedSporranLhd</lungyiKikumon>
    </zingierFluteyFlashes>
    <deposesWynCenser scrooFalcade="zombi849" portentJocuno="teabowlReutterHaes" pascualEdges="cotoBovista">
      <imbuesOverfarEnters>dispPeascodFugue</imbuesOverfarEnters>
      <khaBaleteOreodon webworn="surwanInfancy" hymenalTargumBetrail="unspinUnsight">
        <chico>spasmsFubDourahs</chico>
      </khaBaleteOreodon>
    </deposesWynCenser>
    <kalpak belsChillum="ampleOrarium" deificDactyliEmboss="higglesYeniseiIcemen1" mutuumOttavasInept="sparked50">
      <impressBaiocco>asshole</impressBaiocco>
      <hermitSamburs gasps="tyumDosserBygane" enjewelAnimalScammel="redoom6377">
        <renins>terningBefop</renins>
      </hermitSamburs>
      <pwrEmbrownSarong taverBlimps="geodesy3">
        <hangdogSurfingUruses>3154</hangdogSurfingUruses>
      </pwrEmbrownSarong>
      <zooksAlpinesTamis>
        <neigher>742</neigher>
      </zooksAlpinesTamis>
      <wanrufeWhoopee>
        <kundryToriiSprung>aliterMoorageSoho</kundryToriiSprung>
      </wanrufeWhoopee>
      <heraudLikable pomeria="lolly">
        <dupePandalLutrine>proponeUrari658</dupePandalLutrine>
      </heraudLikable>
      <waffles>
        <engaol>3304497</engaol>
      </waffles>
      <tucketYowesBocks surplusMidlandAnanter="gratesKapukaLindens">
        <effect>45402797</effect>
      </tucketYowesBocks>
    </kalpak>
    <canthiLebban>
      <inculk>278489555</inculk>
      <teetery oilcase="estevinGayalGirder" liggeScammelAustral="chaetaCawney">
        <unblockJicaraSulked>beadmen876</unblockJicaraSulked>
      </teetery>
      <gyassa arnaBagnutRabific="gryllid" screensAmericaGome="knifing">
        <laceAmlikarChewed>yeggmanLaichsAyahuca</laceAmlikarChewed>
      </gyassa>
      <dryestJugatae>
        <hiccupsCornell>186526</hiccupsCornell>
      </dryestJugatae>
      <subcashBuncalSleet unsew="stalksBoxed959">
        <woadyJiri>armures257</woadyJiri>
      </subcashBuncalSleet>
    </canthiLebban>
    <beaume>
      <shluRiffles>62151</shluRiffles>
      <erinys>
        <yakinGantry>ctenoidDowsSollya</yakinGantry>
      </erinys>
      <stomiumKayvan scantlyUnkistTorve="psetta">
        <bedlamp>lageredKenaf</bedlamp>
      </stomiumKayvan>
      <boxtopsDautedEnsuant beggars="20166">
        <trix>40</trix>
      </boxtopsDautedEnsuant>
      <riskers thymeErasmusVacuity="droukedNoons">
        <cuiejoKnackyReseed>pinfoldDipheadAvenged</cuiejoKnackyReseed>
      </riskers>
      <woodwaxSalvo natals="majoratSmook">
        <manul>sussyCozes</manul>
      </woodwaxSalvo>
      <biarchyUnrivet lyridKelep="judcockSchemed" flytedPeseta="9626394">
        <painter>werWebbing63</painter>
      </biarchyUnrivet>
      <resizedSubdean>
        <bedlar>seamarkTomeletHarace</bedlar>
      </resizedSubdean>
      <spurius>
        <gestic>651398</gestic>
      </spurius>
    </beaume>
    <hankle>
      <maioliBolosNidulus>palaisDoriaValval</maioliBolosNidulus>
      <sairlyArab tapetis="funicleUpbuoy" clovenOutvoteWhews="pimelicSpitten">
        <scarab>nonstop</scarab>
      </sairlyArab>
      <sommite>
        <luxates>cole</luxates>
      </sommite>
      <indium wormierRackman="intombsBrummerArverni">
        <moselle>88</moselle>
      </indium>
    </hankle>
    <vivresSpean odorfulKagura="krillsMerrySapinda" culletRoncoDads="8" fiestaTrigla="grein">
      <skirtScop>19404</skirtScop>
      <zoaeaTended garnetDillueGasan="moyite">
        <dasyusEuploid>pandaPlushyFrieda</dasyusEuploid>
      </zoaeaTended>
      <congrioGuanareLimpin>
        <garnetsReavow>36873276</garnetsReavow>
      </congrioGuanareLimpin>
      <ringeye lunchSplaySolanin="694598605">
        <nova>triller</nova>
      </ringeye>
      <solymaMamaloi>
        <remergeTanglerFmt>tow</remergeTanglerFmt>
      </solymaMamaloi>
      <bendeeCasimirLeafit ketteBrowner="6291573">
        <echoic>cardolAtebrinFreeby</echoic>
      </bendeeCasimirLeafit>
      <molmanTrollHotched moreens="forbled3">
        <kassiteNobbut>piqu</kassiteNobbut>
      </molmanTrollHotched>
    </vivresSpean>
    <betting>
      <ananism>shrogSolvusEasies</ananism>
    </betting>
    <berideFingallBeeherd>
      <guttaeSiakJessean>falsism</guttaeSiakJessean>
    </berideFingallBeeherd>
  </sowlRillyRetame>
  <colonyRayonsShindy nouriceTils="rakeageKidney">
    <sopors>
      <crackup>ruerLattin</crackup>
    </sopors>
    <fop nonentBogey="leucinsBatussi" britskaToxiconCommos="forliveViandDotish" koldajiGrs="pulmentTabanidPlotted47">
      <shackly>sangarYouponYest</shackly>
      <tallowyOneiric>
        <floppyHawse>svarajsVastily</floppyHawse>
      </tallowyOneiric>
      <rptPoroma finingsSkilloTarlike="turnkeySeised">
        <seiserMoujik>witterBesayleAzoxine3197</seiserMoujik>
      </rptPoroma>
      <dutiedIph>
        <curbedIgloos>removeStoae</curbedIgloos>
      </dutiedIph>
      <ducatus tunning="quippe" hibitoDayworkGlims="dikast">
        <stimiesCausersTanner>klippen</stimiesCausersTanner>
      </ducatus>
      <demibobShoepac ayyubidAmoraic="spodiumTenuity">
        <haviourMatzohsCuca>ticulBulby4063</haviourMatzohsCuca>
      </demibobShoepac>
      <stelaKerned rutsNepheleWarluck="arkoseObli" codersTitterRathely="rennin7810">
        <hagged>eggs1</hagged>
      </stelaKerned>
    </fop>
    <personaArmida praiseHarmfulThacked="lexicalSepult" ekerite="1854">
      <brasseAntisVizirs>alembicHatrackDoit</brasseAntisVizirs>
      <grazed lannersCorby="chelaeStuddie">
        <mear>gaditeBeld</mear>
      </grazed>
      <kittlyUbertyCheetal>
        <reroofPhtFudges>bedsideTanner</reroofPhtFudges>
      </kittlyUbertyCheetal>
      <cocasSoggilyEarache>
        <drusyNinetedTabla>coolersOnehood</drusyNinetedTabla>
      </cocasSoggilyEarache>
      <becaterTensify tiponi="wilgersLanugosAnopsy" jetsCurterWoolder="zero">
        <boers>hottingUpbye</boers>
      </becaterTensify>
      <havocsLarva nonstop="scavelOrators" mystify="moirai">
        <giftingWarmupsSavorly>gillnet7</giftingWarmupsSavorly>
      </havocsLarva>
      <canelos goldcup="166">
        <licketyCollin>3</licketyCollin>
      </canelos>
      <fogless stifePiscaryFrailer="zooksDozeCask" seedpodTourist="homely">
        <reddish>813559726</reddish>
      </fogless>
    </personaArmida>
    <bodiedGodson siroccoScreamsScfh="larkier" assealAlmeh="aouadManned" frothyElevens="sodomic">
      <logcock>142329339</logcock>
    </bodiedGodson>
    <hominemChiniksCoos tenioRefletEntotic="tussiveSipersFuffit2833" vitalicPeladic="percipiSpirts" polos="cohere4675">
      <yawpsHeveaHolmes>bothiesUnnerve3</yawpsHeveaHolmes>
    </hominemChiniksCoos>
    <tarpons auris="algiersDishorn">
      <mummiaChancel>gamgiaBludged69</mummiaChancel>
    </tarpons>
    <eirack ownerStickyAffile="gudeInglobe">
      <outroveUnplank>skewing</outroveUnplank>
    </eirack>
    <velaryBolshy>
      <chandi>tritureEldingSecret</chandi>
      <blendorReqSickie jocoque="chapelsTragalEpacme" uptownsGaiety="unflameGripers">
        <truttaLewieMayweed>honchoPotamicOuranos</truttaLewieMayweed>
      </blendorReqSickie>
      <misjoinCocked hexaplaMaintop="rikshasPotheryNumber" feezeStaff="sexipedRespell3268">
        <sutterPatariaHefted>honerArchlyShoggie</sutterPatariaHefted>
      </misjoinCocked>
      <musumeeCasted clubbyCreosol="flooredThackCruels" skirlDunkirkOdeon="limpin">
        <ranella>82552027</ranella>
      </musumeeCasted>
      <peached quench="yatigan9905" tankieBennetsRunsy="mexicoSaccade">
        <poachedEntameIring>civitan</poachedEntameIring>
      </peached>
      <pitons>
        <parrahDissoulCouvade>nacry</parrahDissoulCouvade>
      </pitons>
    </velaryBolshy>
    <portageBonzeElohism glamCloot="zeta76" joggers="coffersVital">
      <cooboos>nouselBeliefsCahuy</cooboos>
      <furlongStuck cyclers="tjenkalAmiray">
        <tittupPottingBynin>nimiety</tittupPottingBynin>
      </furlongStuck>
      <aliveBoiled>
        <shohetInnards>upshiftMizzledSlicked</shohetInnards>
      </aliveBoiled>
      <parityLoukoum muslinsBeer="toilingFoibles" meadow="piacabaWhitman54">
        <mentis>316</mentis>
      </parityLoukoum>
      <djibbahBegallBauchle coniferAulu="convect">
        <inklingLathierSwaths>fordoesJob</inklingLathierSwaths>
      </djibbahBegallBauchle>
      <retro strobesFouled="musumeeAsgard">
        <unrived>negrofyUrsidTore</unrived>
      </retro>
      <gulling presto="cleped9">
        <veldtsStaider>quoadBefleck</veldtsStaider>
      </gulling>
      <faradayRenommeScalpel mambasBogsEngrege="brotanyClean" acluIrishPectus="gotraDheri2">
        <outdoor>geloferMorsels</outdoor>
      </faradayRenommeScalpel>
      <sweenyConeIridate earnfulBier="masking">
        <platier>dacronMachineChergui</platier>
      </sweenyConeIridate>
    </portageBonzeElohism>
    <immane>
      <pentace>ravelerLaid</pentace>
    </immane>
    <amatedPsig>
      <gellertPaversSarong>8303252</gellertPaversSarong>
      <oxtail>
        <joes>deemsGelilahCarabao</joes>
      </oxtail>
      <asearchCywyddAimara cymbalsQuestedMiter="united" redubTinges="palgat">
        <boccesAlodian>fleeingCalef</boccesAlodian>
      </asearchCywyddAimara>
      <warb>
        <boothes>bechicTraject</boothes>
      </warb>
      <grumped sleek="sainteUramil" atrailBirsleEndecha="joubarbRiotedRoached">
        <plouk>gaumishAntefixCyclos</plouk>
      </grumped>
      <intoneGippingTubuli dizensHath="isospinPotentPangaea" puppingRurallyMalaga="hazelsNiflingTaenian">
        <coli>logionNursyPenta</coli>
      </intoneGippingTubuli>
      <moolaWarps>
        <xyletic>alcade3800</xyletic>
      </moolaWarps>
      <cottars runiteKnubblyPerish="mymarAmbitus" clinchOutyard="picadorTurbehTypable2581">
        <naschOversum>palazziStores</naschOversum>
      </cottars>
    </amatedPsig>
    <biggiesRadularNelson>
      <scytale>28967</scytale>
    </biggiesRadularNelson>
  </colonyRayonsShindy>
  <desi extantLamus="chuck" surdent="koaliThumber">
    <eyenVersesChider>
      <uncoifBuretsOvule>pyvurilKurtasArtgum</uncoifBuretsOvule>
      <deposeLoessalMammate credaGoolsWastery="cagerMagogMyel">
        <maggleImpune>1</maggleImpune>
      </deposeLoessalMammate>
      <modulaPovertyBerakah zafree="unawned">
        <wappedStraveNamer>cerasWifes</wappedStraveNamer>
      </modulaPovertyBerakah>
      <nervilyDelis obvolveSallAcates="skisRechoseKedging">
        <hemesVigas>amouretBoskerWunner</hemesVigas>
      </nervilyDelis>
      <cabiriKwapaMoray>
        <derekExesion>77113</derekExesion>
      </cabiriKwapaMoray>
      <feuClankum miaulUnson="zagging40" papricaGleeks="18">
        <boningBlype>mazesTestate</boningBlype>
      </feuClankum>
    </eyenVersesChider>
    <trigWearers>
      <sipageWhammedGradins>scotsBergsDiecase</sipageWhammedGradins>
      <unshoeSondePiquero yeltMentors="frumety7008">
        <crispin>oughtntBainingWampum</crispin>
      </unshoeSondePiquero>
      <kashima memsReoccur="bailTopple66">
        <tyrannyMyself>hackingYoureFianced</tyrannyMyself>
      </kashima>
      <putoffsMedille>
        <angerGuffawsCongoes>windigoRetenueTeazer2249</angerGuffawsCongoes>
      </putoffsMedille>
      <trigone pileups="bleaChough" typistKenya="portCrisperAmpulla">
        <wig>subdeb</wig>
      </trigone>
      <syphonGenevas uncramGrushieBale="pulleryGagersTilty">
        <piseCoiledNemine>658152</piseCoiledNemine>
      </syphonGenevas>
      <viduine sprangGargle="81366006">
        <rotamen>balsa</rotamen>
      </viduine>
      <sires>
        <ranterButyryl>hattie</ranterButyryl>
      </sires>
      <goodbyTumefyDevi>
        <unpoiseWhoopee>clarkeYokelry</unpoiseWhoopee>
      </goodbyTumefyDevi>
      <loavesQuilesExarate waxandYouthy="silvas" agones="muddify">
        <navally>gnarrHypedTeaches</navally>
      </loavesQuilesExarate>
    </trigWearers>
    <perneaHoubara>
      <cham>deulDhikrs</cham>
      <yackedPalpedPerky essenicAmilEmbosks="blatterSebasicSothic4">
        <bilaloShoverCommit>alquierZoysiaUkase</bilaloShoverCommit>
      </yackedPalpedPerky>
      <curchefAtonic atonersEdemasMashona="9642345" casketTheorem="brads">
        <bedroom>rowboatIntrine</bedroom>
      </curchefAtonic>
      <hausensOpening>
        <soccageRepeals>unspunCumminsWagsome</soccageRepeals>
      </hausensOpening>
      <dirhams>
        <soonestTeared>rigoleHarijanSniggle</soonestTeared>
      </dirhams>
    </perneaHoubara>
    <flosserUrolith>
      <juamave>91538</juamave>
      <ahsShikari sawlog="prims9390">
        <suggestBabistMesozoa>ablesse</suggestBabistMesozoa>
      </ahsShikari>
      <commie netleaf="rinsersLoiter">
        <axelKailSloped>uvulars</axelKailSloped>
      </commie>
      <quailsTossed>
        <vishalTerraneOutsaw>9014</vishalTerraneOutsaw>
      </quailsTossed>
      <vacuome bodesMandatsHuave="1994196" dipwareSiree="16920">
        <likersExoner>yashmacCambricStyrol</likersExoner>
      </vacuome>
      <iortnHuma semiegg="nogheadTenth">
        <sadderIgnitor>piercerBragite156</sadderIgnitor>
      </iortnHuma>
    </flosserUrolith>
    <kenosSharked>
      <curcumaAlodiesArcanal>forebar</curcumaAlodiesArcanal>
    </kenosSharked>
    <beggarsGonidicSharded>
      <amangImplantMerse>unfetedUndinedCamara916</amangImplantMerse>
      <artisan hae="touchyHordary" thurify="59545">
        <downlieCaballNotal>unshowySoldadoShored3070</downlieCaballNotal>
      </artisan>
      <velleda middyAmbalam="snowySummand">
        <unstops>ledged85</unstops>
      </velleda>
      <shopfulDet boody="airportLakota">
        <faquirTaurusVines>saughenProdded</faquirTaurusVines>
      </shopfulDet>
    </beggarsGonidicSharded>
    <wannessSusu hummingLink="cardiaeLuthierAspring" spadedCreagh="4500" cytinusJinsTopspin="quadra">
      <dewoolDingeys>flyballPlumbicUnwwove649</dewoolDingeys>
      <upsitPomeMarcid forefitClites="uzbekBlae925" stogyPelta="serviceCurua7">
        <mutinedCatwood>seawansQuohogs</mutinedCatwood>
      </upsitPomeMarcid>
      <cogon nisperoGanefYocco="demotic">
        <menacedBateauCanossa>yakkaFinance</menacedBateauCanossa>
      </cogon>
      <fausant hulkily="formatePlenipoOverrun" gledge="430110">
        <benbenNamable>heronry</benbenNamable>
      </fausant>
    </wannessSusu>
    <kiltiesBalersAdossed>
      <abietinTonjon>cyclismHawses47</abietinTonjon>
    </kiltiesBalersAdossed>
    <bikol>
      <shadesAffray>cozyLobipedDitting</shadesAffray>
      <resolveOryssid proso="garnelLatriasGoateed">
        <kusa>175967269</kusa>
      </resolveOryssid>
      <smudgedDeskill rawest="4325" sternalSectary="tropistLuggageIfreal">
        <accountRsumIndabas>9</accountRsumIndabas>
      </smudgedDeskill>
      <beloamBeamageTiklin innage="rojak" crullerUnipod="47333">
        <hymeniaScintil>serinesPhonal</hymeniaScintil>
      </beloamBeamageTiklin>
      <abacus unhentPlasmin="pilings">
        <ricineMgalMiamia>encampsNabob6104</ricineMgalMiamia>
      </abacus>
      <silexes squinsyRippleRinged="373">
        <acidLininPaynize>bestockMiskeepDuck4</acidLininPaynize>
      </silexes>
      <sunkTabla>
        <sheeredPeisesAbamps>walchia</sheeredPeisesAbamps>
      </sunkTabla>
      <xanthylPoss>
        <hubbiesPresideYaupers>ruller84</hubbiesPresideYaupers>
      </xanthylPoss>
      <globuleHoppedDarns spirket="clangerWeeshOctapla">
        <rakuTalliesLardier>2779</rakuTalliesLardier>
      </globuleHoppedDarns>
    </bikol>
    <whinesRubificBloused>
      <perkyMoorageFaitery>scypha</perkyMoorageFaitery>
      <elevatoRegivenSinners tuboidLora="789929" hantNoancePileata="rectoCigaleBrogh">
        <nutseedYeukCrowds>woundHaoriTrowel</nutseedYeukCrowds>
      </elevatoRegivenSinners>
      <york>
        <abeam>pinonsAbhors939</abeam>
      </york>
    </whinesRubificBloused>
    <featsAliquid tapul="dioriteRegrowLiassic" hunkerWhigged="cassianThanahGodsons" hamularGros="jauksDewedXeme">
      <vexer>hinchCohertVisage730</vexer>
      <beseeToryizeKrooni dourahs="sipeUnsnapGeon" pilawsJiber="boycottGameneDuction38">
        <rew>sahh</rew>
      </beseeToryizeKrooni>
      <vicudaDidntCampman quinsePiacaba="177232333" hoes="fourerTwiersYeelin">
        <southsGalli>katunFreend</southsGalli>
      </vicudaDidntCampman>
    </featsAliquid>
    <borough>
      <cypressTestaeSmiters>piotedPartileCoxes</cypressTestaeSmiters>
    </borough>
    <sunket>
      <ephorusCockish>ageableCedar</ephorusCockish>
    </sunket>
    <eurite lygus="marrowy3" sickest="boridesEspec" tewter="megaton">
      <carses>goddess</carses>
      <reekedSkenaiUntripe>
        <makadooTumbly>tooledThermo</makadooTumbly>
      </reekedSkenaiUntripe>
      <vestCarfax lumined="quib">
        <sponson>demivolVinlandCoziest</sponson>
      </vestCarfax>
      <earnedCohue>
        <putainElianicIsotach>gerboChinkle</putainElianicIsotach>
      </earnedCohue>
    </eurite>
  </desi>
  <tunning>
    <typpsSeptierYawny>
      <tepees>shurfFreer</tepees>
      <linousJackye>
        <differs>picinaeCowbarnQasida</differs>
      </linousJackye>
      <lullsNosig>
        <cawkSwarth>15794299</cawkSwarth>
      </lullsNosig>
      <tangeloMocking>
        <chiaCroftDanize>gatsby</chiaCroftDanize>
      </tangeloMocking>
      <iodalCouliePenicil aliteMenacesAlleyed="and" silicasThixle="reloads2911">
        <cumaruVidduyKings>periapt</cumaruVidduyKings>
      </iodalCouliePenicil>
      <chowingCucuyo tycoonsMedino="uraliGiftie296" ploverSweven="hispidTamzine">
        <doggrelMatkahMalign>arrivePandan</doggrelMatkahMalign>
      </chowingCucuyo>
      <sonsy gougingUpflingInstall="moriceSalpaLutes">
        <puertoGajTrillo>5609</puertoGajTrillo>
      </sonsy>
    </typpsSeptierYawny>
    <lgth>
      <cuinageStatorSiltier>681588</cuinageStatorSiltier>
    </lgth>
    <icticFriskGoolah>
      <coupJudicaMaffias>15</coupJudicaMaffias>
      <coneineCacara>
        <guarishBarroom>senhorsParentsHarkee</guarishBarroom>
      </coneineCacara>
      <archesGuary sena="154">
        <pan>soom</pan>
      </archesGuary>
      <whanged alleyed="bifaceLawson6317" oralistDele="jellifyRoundlyBland">
        <clearEnates>cutlingExopt</clearEnates>
      </whanged>
      <coritaItonia>
        <propugnGobblesVisarga>27</propugnGobblesVisarga>
      </coritaItonia>
      <forliveTutmanYarke margotElkPoogye="date" immundSarod="myricyl2819">
        <asarumsGougedHamus>tiddyPectus</asarumsGougedHamus>
      </forliveTutmanYarke>
    </icticFriskGoolah>
  </tunning>
  <retires serootBarchanHexis="158686">
    <alleger polygar="84" maumetsPileate="hdqrsHaulYoungly6867">
      <gothBarwinHombres>augurer</gothBarwinHombres>
      <headilyKluckSwanky>
        <vivandiGarten>monsoon</vivandiGarten>
      </headilyKluckSwanky>
      <wordedIndefRelaxes horseyWilts="maguari">
        <uaraycuLoretin>wooer41</uaraycuLoretin>
      </wordedIndefRelaxes>
      <bury>
        <tempeanOneself>bitonalCrepeAbadia</tempeanOneself>
      </bury>
      <retraitLeapfulFishy lamella="peliomaWorkful60">
        <decl>nikkoRepastRussud</decl>
      </retraitLeapfulFishy>
      <hypoxicBoolianNoddy ripDrawnly="eductsSeqed" dridder="subtree">
        <inklessHurlsRankle>miliaryDotesRearers</inklessHurlsRankle>
      </hypoxicBoolianNoddy>
      <symmoryHadith endow="lieDiauPurls" zirianBaize="empalesBarbes">
        <limnersGryph>moeursHelmScart</limnersGryph>
      </symmoryHadith>
      <tinger>
        <albus>ouze</albus>
      </tinger>
      <fondue firmanQueasy="strobilIdealy">
        <strathMimed>churlsFreed</strathMimed>
      </fondue>
    </alleger>
    <plebbyMoschiDlr>
      <cleeks>taoistsUzara</cleeks>
    </plebbyMoschiDlr>
    <lungePikemenPinda>
      <variac>2400</variac>
      <hawsing leapersSaxonyThegns="clarice">
        <eyewinkMumblerLibbard>splite</eyewinkMumblerLibbard>
      </hawsing>
      <cotefulRefuse>
        <anmiaAleft>40900288</anmiaAleft>
      </cotefulRefuse>
      <euclea lakkeApronsSeines="thulrLateradExulted">
        <peepsStoning>anility</peepsStoning>
      </euclea>
      <lovefulOperons inkling="9">
        <aftersMammeesRabid>adapisEltimeTailer</aftersMammeesRabid>
      </lovefulOperons>
    </lungePikemenPinda>
    <morphic>
      <awearyAwreakPygofer>cashiboMisdoesSwelty</awearyAwreakPygofer>
    </morphic>
    <anounouSerapesAbkhas>
      <redoutePayenyThins>longerGeoformBaruch</redoutePayenyThins>
      <felonesCurches hadrons="63">
        <gaposis>windrow</gaposis>
      </felonesCurches>
      <theirnMowana fickler="janapa" caciLampad="norelinNappier">
        <viqueenRagbag>shilhaAlmery</viqueenRagbag>
      </theirnMowana>
      <boleite jubus="signalsCoarctDot">
        <acheneReekersUnsaid>soths</acheneReekersUnsaid>
      </boleite>
      <cozen eupioneEmotersCustody="storify">
        <tsuga>pigfulTwo</tsuga>
      </cozen>
      <faddish sporal="pinklyItzebu">
        <felsicGarvieLuracan>lickingPrisereChayma97</felsicGarvieLuracan>
      </faddish>
      <artSeesaw joes="8981919">
        <punty>hudsonExurbiaArdor</punty>
      </artSeesaw>
    </anounouSerapesAbkhas>
    <leasersUmbraidKpuesi>
      <locosLiltedLazarus>1</locosLiltedLazarus>
      <callum mensk="desands" wungee="reblotEsquireExhedra64">
        <molochDaurna>zircite</molochDaurna>
      </callum>
      <nailrodNarkedComade geoduckFusateThana="spiles">
        <noelsMisluckThuja>staggie</noelsMisluckThuja>
      </nailrodNarkedComade>
    </leasersUmbraidKpuesi>
    <laxnessJat blsSeghol="sclent" enosistUpjerkGoings="mysel">
      <burbsUnbold>82636643</burbsUnbold>
    </laxnessJat>
  </retires>
  <yakmak>
    <siafu maris="63850" rapinicOctober="outfluxNillsReefier" ekenameKurung="63741276">
      <rhizineCoggieZareba>latimerDawenMaiidae</rhizineCoggieZareba>
      <porkpieCasedKishen erat="unyokedAbbacyKerned" caseineNextBogey="lumbangUnlaysElegize">
        <nagelDomneiWhinge>4363073</nagelDomneiWhinge>
      </porkpieCasedKishen>
      <moldingAgain ramstamEnforthSharer="galerieAmend">
        <raiidaeMuang>clothoReastyProxeny3</raiidaeMuang>
      </moldingAgain>
    </siafu>
  </yakmak>
</breadedZarebas>