<?xml version="1.0"?>
<aequian>
  <baryesBruiterJama neglig="mashpeeQuarles7986" />
  <aogiri dogship="deeper" />
  <feyer>
    <afraidKhalifs>
      <illudeUmbleGaur>khazarSpryGrange</illudeUmbleGaur>
      <fresserPuccoon udder="fogydomSlayingCronus">
        <clicheVocalAmores>cormProctalRucky</clicheVocalAmores>
      </fresserPuccoon>
      <tabanusKitsSnugger ciliium="outwood">
        <ragnarTektos>apeironRaffish</ragnarTektos>
      </tabanusKitsSnugger>
      <skirlsCountyAlgoid overbowSoaked="ornith" watched="toiled3">
        <gowferConable>linley37</gowferConable>
      </skirlsCountyAlgoid>
      <thujylVakilGaitt scarfySlaveMarline="tongasHaji">
        <chip>renamed</chip>
      </thujylVakilGaitt>
      <baumier epigoneIxoraUpbuoy="surelyBoomdasChorizo598" colera="delictsAntiquaPaws">
        <syncomChaharsAblest>dailLadingLocatum</syncomChaharsAblest>
      </baumier>
      <costulaCheesesUncharm conchae="ungrainAstrut">
        <hyrseApodan>flo5</hyrseApodan>
      </costulaCheesesUncharm>
      <pretzelDopped>
        <outvote>sulky</outvote>
      </pretzelDopped>
      <wantwitFullest urazineJohn="upmixTideway">
        <doolRoxInbread>diddle</doolRoxInbread>
      </wantwitFullest>
    </afraidKhalifs>
    <warrin>
      <ills>sniggedUnwound</ills>
      <chekker>
        <aorist>5592684</aorist>
      </chekker>
      <upsoakBemuses smartedEssede="lotos" chotts="reseizeMudsillDeal">
        <reavowSoorahAllseed>slatsToity</reavowSoorahAllseed>
      </upsoakBemuses>
      <hanselFlangedLawing belayerGanof="7" aspatiaPibgorn="2230">
        <jovial>salagoDivort</jovial>
      </hanselFlangedLawing>
      <mastmenNaricaMollusc corePorc="41" appereDamp="foxfeet">
        <keeping>2887</keeping>
      </mastmenNaricaMollusc>
      <sagesseYethCades poilEths="clogger68">
        <biggahVilhelm>9960776</biggahVilhelm>
      </sagesseYethCades>
      <khadiKymricLibral banshie="37554394">
        <getsWashyOrgueil>vivresUnkamedRedue28</getsWashyOrgueil>
      </khadiKymricLibral>
    </warrin>
    <whanged>
      <palmiraBovey>roastsBelaceWering7</palmiraBovey>
    </whanged>
    <uniusCoterie bortschManiApology="hareBejantDob" updaterBraggle="94893315">
      <bakery>kadderMisaverTypist</bakery>
    </uniusCoterie>
  </feyer>
  <unyokedUmbeset lekaneMatteryPrologs="510169306" amblersDewan="604749" />
</aequian>