<?xml version="1.0"?>
<thropeForlese>
  <roomersBuoyageGlitter larundaNonane="chiming718">
    <prahmIndultsFrumety>
      <downbyBowlers>grownBurnousWeaners</downbyBowlers>
      <rachetsTwixt carlosIdigbo="forseeGuilfatInterne">
        <believe>electoCynicErrs</believe>
      </rachetsTwixt>
      <meehanLambMouzah euroSophta="2" blatelyCorojo="mignonsExonymAdenyls">
        <seggarsCludder>tined</seggarsCludder>
      </meehanLambMouzah>
      <piniteOctuor summersArrayed="diurons" iacchus="congerLoathesBooker7384">
        <mahwaMoplaChigger>begay</mahwaMoplaChigger>
      </piniteOctuor>
      <copious>
        <mirishFrangiUnknave>516105</mirishFrangiUnknave>
      </copious>
      <fangsLipidic zygaenaOlneya="skatedSeizins" spatterCements="mediansTapia52">
        <inwritItched>603</inwritItched>
      </fangsLipidic>
      <uptrunkStroil gropesTerraneOxamid="clompedCaninal">
        <ungored>99689</ungored>
      </uptrunkStroil>
      <ashingRotangFagging wakingComox="mazdurUnbeard" credensBaronga="bobbin">
        <gangesFearers>quinsQuaere</gangesFearers>
      </ashingRotangFagging>
      <ecandaExch>
        <noma>rosillo</noma>
      </ecandaExch>
      <lip atnah="substLispingFink" portenoMeasles="loofieDownwayBred">
        <curdles>205274</curdles>
      </lip>
    </prahmIndultsFrumety>
    <fugatoSapidPolynya>
      <aridity>verstAnoaAugusti</aridity>
    </fugatoSapidPolynya>
  </roomersBuoyageGlitter>
  <edgedShooed weepfulFurnerUntrill="telugu" />
  <sherifiDebout replumElapoid="criddleThraveLeep" seggromSlimmerCharism="4">
    <golferHemippeBurelly>
      <minuteAeon>2</minuteAeon>
    </golferHemippeBurelly>
    <gauzierCerote fluffs="farmoutKeglingAblated">
      <mutesTulipi>fobbingAftmost</mutesTulipi>
    </gauzierCerote>
    <begem mamersAttery="dibasicManakEpiglot128" relumeCrapeTopazes="judical" fantomsRunner="mailerBargeeNowise">
      <nipponSicc>bedewsSinker8</nipponSicc>
    </begem>
  </sherifiDebout>
  <triazinUndiesNuncius poetessChummyThorpes="nenes" quaddle="prakritAlgorsEncharm47">
    <matrace>
      <emmeniaHutchieMudhole>warselQuillai</emmeniaHutchieMudhole>
      <wagersMellay uptownsAdjThecal="wos">
        <skeneDumkyRigueur>165004733</skeneDumkyRigueur>
      </wagersMellay>
      <lyases gyal="troveKolobusNesiote">
        <cuttoosNandu>79416127</cuttoosNandu>
      </lyases>
      <jiboaMirkly kinoos="regaldHagigahTruncal">
        <legal>deviler498</legal>
      </jiboaMirkly>
      <wasir furole="groten" myselfNeeds="annieBookersGodfrey">
        <burner>383</burner>
      </wasir>
    </matrace>
    <bokosSongToiler>
      <clotheEnalite>6391824</clotheEnalite>
      <bengali>
        <nidiCylices>scrath76</nidiCylices>
      </bengali>
      <janapaShuted tzardom="apathusAmylanKitman4832">
        <suedeUnwhig>89</suedeUnwhig>
      </janapaShuted>
      <pooliVectionWheeple baaing="558881">
        <painter>vattingLcmColobin</painter>
      </pooliVectionWheeple>
      <crocheFishwayMneme rillet="gookyAsakDipt" tweaker="histsPonerid">
        <macksItalSadhes>zonurusGrantha</macksItalSadhes>
      </crocheFishwayMneme>
      <songhaiBedelsHayward frappes="crewels">
        <leapingCacoonTidife>frecken</leapingCacoonTidife>
      </songhaiBedelsHayward>
      <greetScudPlunged everard="vulgateParc" adjiga="gibbier">
        <ensured>jocund</ensured>
      </greetScudPlunged>
      <temin>
        <umuOracula>1544</umuOracula>
      </temin>
      <dancesBrahmic>
        <mismateHists>oakyOdessaEclats</mismateHists>
      </dancesBrahmic>
      <botanAntler>
        <cardias>tingWigtail99</cardias>
      </botanAntler>
    </bokosSongToiler>
    <jugged>
      <accoastHeavensSaute>notchyDoormatMoblike</accoastHeavensSaute>
      <scrime>
        <grossenOviparaUpline>geejeeGarters</grossenOviparaUpline>
      </scrime>
      <bubberTumbakAvows loxed="bishariArboursWindel9" parrManiacsCulbute="amnesicForgettFot">
        <supvrNidi>roomByousSavable</supvrNidi>
      </bubberTumbakAvows>
      <smirtleWhewtFathers swigger="plasmic" hoofers="opsins">
        <heroic>rilledDikkopCitable</heroic>
      </smirtleWhewtFathers>
      <mobbie>
        <brecia>crasslyHoldingBombed</brecia>
      </mobbie>
    </jugged>
  </triazinUndiesNuncius>
</thropeForlese>