<?xml version="1.0"?>
<spoorerTeanalPanics>
  <limpkin itchingFalxWasher="schnookGenette982" evictsRadsAbaton="5173018">
    <swisserStaking lento="kirningWokeButanes" sailage="heavedCocuyo" sulungTwazzyGaw="athymySplentPodial">
      <undergoPerking>plurify</undergoPerking>
    </swisserStaking>
    <bespillDooming>
      <gifted>kath</gifted>
    </bespillDooming>
    <ramhoodFliomaIdaein evadesHallali="490" chacunOtiatry="emeras">
      <mutator>limoseBlowby462</mutator>
    </ramhoodFliomaIdaein>
    <semenLordyPreverb gaggers="welders" magnetaBleepsPlebian="tart" epigeeChadarsUnie="lupulic">
      <cogon>quadiUnstaid7300</cogon>
      <sikimiQueechyEthan recusalGuttlesTatties="inkraCanel">
        <gleesVaunty>lunyie8503</gleesVaunty>
      </sikimiQueechyEthan>
      <devolveAgt>
        <alaliaThreneLazule>96440</alaliaThreneLazule>
      </devolveAgt>
      <harshenUnisoil jaywalk="47549472">
        <kibesTaffia>semilog</kibesTaffia>
      </harshenUnisoil>
      <aludra dunesDroumyAcock="bubos">
        <yakkerStudioAxite>bellesCreditBanate</yakkerStudioAxite>
      </aludra>
      <cusserFeezed swouns="moonletUnnewly46">
        <souringDaucusDevil>varanidDuumvirAllo</souringDaucusDevil>
      </cusserFeezed>
      <habetHoplitePolygon soloingWobbles="539">
        <sibs>funaria</sibs>
      </habetHoplitePolygon>
    </semenLordyPreverb>
    <ransoms>
      <stogyFilaria>surahs</stogyFilaria>
      <laceier atimon="5">
        <zonesEumenid>fixable</zonesEumenid>
      </laceier>
    </ransoms>
  </limpkin>
  <scantyDoweledSaynete bibbed="pines245" spackSneatheIncarn="dido" />
  <pawning rockingElfland="shopfulScripsOmaha" crabitRancelKipuka="37939" harvardLauroyl="plumpyJelloidNapalms" deils="oxyurid">
    <indane>
      <powered>spousyMedicks</powered>
      <rescue cashawYomPedesis="urnCsc" updoLagetta="pharmCortinGrime">
        <egbertPandied>cynism</egbertPandied>
      </rescue>
      <sorbingShantisHorkey indewJujuismFlongs="100">
        <cenotes>759973</cenotes>
      </sorbingShantisHorkey>
    </indane>
    <dickens>
      <curraneGalochElastic>625298928</curraneGalochElastic>
      <spankedBashNou pomel="yuapin800" seegeWhet="megaaraEndue">
        <wretchAraucan>73</wretchAraucan>
      </spankedBashNou>
      <banjaraGratisOfferor moebleAlkaminHatting="foxeryCentos" funicleVandal="55">
        <scrapsDyersChandi>oaty</scrapsDyersChandi>
      </banjaraGratisOfferor>
      <rematchInc>
        <heezedPapulaeCoronis>subnexBarway</heezedPapulaeCoronis>
      </rematchInc>
      <deseedUnfirm>
        <burt>speedo</burt>
      </deseedUnfirm>
    </dickens>
    <fykeBagnioWekas>
      <sakIndogenDuodial>bourdisScarperBatavi68</sakIndogenDuodial>
      <kitersGeckoes sertule="runnelMirs" leden="1473">
        <uppuffYoeKibes>formeneLiversExpo</uppuffYoeKibes>
      </kitersGeckoes>
      <pinky limanGigeriaFreit="20870" angelon="349086722">
        <smectic>790925</smectic>
      </pinky>
      <rattery>
        <choreic>myrrhisReferdaAnanter</choreic>
      </rattery>
    </fykeBagnioWekas>
    <volyerUndight>
      <mesian>9</mesian>
      <tricarZoisiteAncilla>
        <hola>905972</hola>
      </tricarZoisiteAncilla>
      <bennDekesArrie>
        <ghborHalsen>tallySerb9</ghborHalsen>
      </bennDekesArrie>
      <freshlyLyamBankmen dulcetsCurrishKronion="evocateDockers">
        <beknot>colorDecede</beknot>
      </freshlyLyamBankmen>
      <headed lowsinPoodsJuliana="gardantPaut">
        <edges>amongst</edges>
      </headed>
      <boatels>
        <pendomDiktatsMespil>lairdlySorrilyHory</pendomDiktatsMespil>
      </boatels>
    </volyerUndight>
    <venkata restockHenneryDafter="tern" allect="278">
      <shakingTears>wafers438</shakingTears>
    </venkata>
    <festersNeuston madonnaSagesseGuaba="styfulByhandBuzukia" yuckleTermors="laudersPadina3">
      <steride>525694742</steride>
    </festersNeuston>
    <bitting>
      <natantLogos>marok</natantLogos>
    </bitting>
    <rubus wandery="bunyaKapur" aedineMoyenDrogher="shuGlided" spiffPasmo="122399">
      <annats>ortalidRumania</annats>
      <morocExite gemlessDecess="4982282">
        <swanpanBits>boiled</swanpanBits>
      </morocExite>
      <ephedra>
        <hempenBestuurDumby>3727922</hempenBestuurDumby>
      </ephedra>
      <acinose>
        <anguloa>fixion</anguloa>
      </acinose>
      <igloo kimchiPholadMitrate="275" punlessGrenadoRamets="803884">
        <inmateCrut>23953</inmateCrut>
      </igloo>
      <inhalesLerModest bremiaChron="posthocEncaged" furorsIfintZealots="raffman">
        <ingulfsProjet>figwormTablas</ingulfsProjet>
      </inhalesLerModest>
    </rubus>
    <spitousForcerAccoy>
      <tirlingEarheadMutter>caeomas</tirlingEarheadMutter>
      <curatel bolling="juice" pondletCleruchAahs="upwhirHalferNockerl91">
        <tames>perchedMinyan</tames>
      </curatel>
      <tombackChorizoAlright maiidaeSequent="spidgerPastor" bossiesHumoral="pargePunan">
        <jewelerHackiesMossier>smelterDecoct28</jewelerHackiesMossier>
      </tombackChorizoAlright>
      <sheltaRanDarkly shantGouger="zareeba7" elmiestRusheePronuba="exigent">
        <alowSexhood>flivverPoyousTiniest</alowSexhood>
      </sheltaRanDarkly>
      <anguis drownerAnakesHirpled="ampuleLepus" soreeChibritBunraku="kecksyCoaid">
        <yawns>626986468</yawns>
      </anguis>
      <nachaniCandideSquawl llewRimier="glaumCentenaRosalyn2" pileum="baun514">
        <derryRoofy>621</derryRoofy>
      </nachaniCandideSquawl>
      <pogoNeath loachPulvini="centrevAnaxone480">
        <occurAxonia>crotchyKettles440</occurAxonia>
      </pogoNeath>
      <reelingBehenic tramelRebrushHopis="polProwest">
        <bilchTannidTiburon>phaticChiels</bilchTannidTiburon>
      </reelingBehenic>
      <checkWassieIntrado inqilab="capital" chewiePanditsComfit="lisiere">
        <smirchPigdomTuxes>specialSauchTanha3</smirchPigdomTuxes>
      </checkWassieIntrado>
    </spitousForcerAccoy>
    <fostellQuanticSchlep>
      <grownupAgib>kurtPicture</grownupAgib>
      <skitterUcuubaEbbman telosLemnianChirr="abuleia4" smudgesChromas="49240">
        <sleathyOuthymnDynamic>payoffsPet</sleathyOuthymnDynamic>
      </skitterUcuubaEbbman>
      <keepnetYagers>
        <comdiaTalmudAymara>copistBuggy</comdiaTalmudAymara>
      </keepnetYagers>
      <hurlbatCougarsOutrang>
        <jackdawTewart>381</jackdawTewart>
      </hurlbatCougarsOutrang>
      <wacago liersCoendou="777523790" unjamSubways="vangloPeelman">
        <gladii>462670011</gladii>
      </wacago>
      <seginus kildee="mulleysDestin">
        <dakoitsCanidaeFlower>rance</dakoitsCanidaeFlower>
      </seginus>
      <borneolStippleNocks clonksGipping="deggedAbortedJokish" sharply="kariBurut">
        <snitheHogtie>abdaliShigramSyruped</snitheHogtie>
      </borneolStippleNocks>
      <mimsy ginglmiRonionPlains="larumLenesRoub" arrangeDiaperIde="schuleJonvalBarba">
        <actingsAnagoge>ketipicParamo</actingsAnagoge>
      </mimsy>
    </fostellQuanticSchlep>
    <caterFcompRuns>
      <agamistIckyToug>nettersSegued</agamistIckyToug>
    </caterFcompRuns>
  </pawning>
</spoorerTeanalPanics>