<?xml version="1.0"?>
<teat>
  <jewdomHocked biremesWeblike="omicron" lipemicUplinksOvisac="moyl8674">
    <ocksterEtheriaPurism>
      <talabonSouper>telesesNymphos</talabonSouper>
      <diplexPastryUncaped derustAlpeenChitons="tinea" steroid="foetureStibicReemits">
        <flambeSperm>forgrowIntentDeflow</flambeSperm>
      </diplexPastryUncaped>
      <akroter>
        <heaters>sondeli</heaters>
      </akroter>
      <reynardGatterViroses sacquesGebbie="scuseOutrig420">
        <blastHareemSpoot>sulfato</blastHareemSpoot>
      </reynardGatterViroses>
      <kcal raneeUploom="doggishSkenLealand2838" lufberyShoal="duelersToweredBragger">
        <hutsRuckBegary>bareka</hutsRuckBegary>
      </kcal>
      <uncurbsEphoriLesson afgodBusying="veronalHavancePhiroze">
        <gerundRinds>rimesBeadlet</gerundRinds>
      </uncurbsEphoriLesson>
    </ocksterEtheriaPurism>
    <vaticanXarque tapa="valor4" coigueGarial="kantist" bopOuphsScrips="charkha550">
      <vadimReadSaggars>achiote</vadimReadSaggars>
    </vaticanXarque>
    <likelyArains>
      <consign>vouchorSerious</consign>
      <hurlies>
        <caro>collate</caro>
      </hurlies>
      <palgatAvikom>
        <luciferPrylerDefat>myron</luciferPrylerDefat>
      </palgatAvikom>
      <mansionAguiseYearly mautLeviersBaggier="unowed30" neyandaSpearsNostocs="81499">
        <sluttySlabsAmicron>turkey4</sluttySlabsAmicron>
      </mansionAguiseYearly>
      <innards avadanaHaditEnring="demarchGasesFlounce4687" wettish="6660">
        <flybookToryism>peteredGinger</flybookToryism>
      </innards>
      <bifold distadBagroomTanquam="diversGayest" michaboGracias="rehoodMorisco">
        <arabanBuckyVends>rockmanCresol</arabanBuckyVends>
      </bifold>
      <arpentsMazards prutaSmiler="trellisReb" unrulyIsatinFolium="formeltStim88">
        <plotlibOveruse>190346574</plotlibOveruse>
      </arpentsMazards>
      <mandatsStchiDoomage suttees="506900552">
        <sundersUnhorseMailbag>namareDogsled</sundersUnhorseMailbag>
      </mandatsStchiDoomage>
    </likelyArains>
    <forrad>
      <frothyAdhererSkepsis>bulking</frothyAdhererSkepsis>
      <crampet galleryDamniiSeekers="sanfordUrus">
        <etalonDetains>turkis</etalonDetains>
      </crampet>
    </forrad>
    <draineWhizzedCallet factAlmude="idyllicTwirpsShoeing">
      <keywrdEnounceMoronry>788</keywrdEnounceMoronry>
      <siderDownbye>
        <daurOurangOrlo>barseMovableIndoin</daurOurangOrlo>
      </siderDownbye>
    </draineWhizzedCallet>
    <rump>
      <macingLickerJacamar>fornaxAwaitCallate221</macingLickerJacamar>
    </rump>
    <naceSpokane>
      <higra>7562270</higra>
      <rowletRethink>
        <washoWhekiAdelphi>6473457</washoWhekiAdelphi>
      </rowletRethink>
    </naceSpokane>
  </jewdomHocked>
  <bodwordGaposisDebuted>
    <yettsFlether treadsChillumJuri="engemUtricul">
      <proofyChowsed>difSanctus1</proofyChowsed>
      <latvian pumeMuddersAbohm="reweldsAttest" legworkDamnum="taintorUdishGlaze">
        <eyesResowedIrrite>diwansAdvices35</eyesResowedIrrite>
      </latvian>
      <coulageTorsoDooly>
        <bellmanInunct>reckWealthIcarian</bellmanInunct>
      </coulageTorsoDooly>
    </yettsFlether>
  </bodwordGaposisDebuted>
  <heating oryzaMulmNarks="morphonZealous12">
    <aswashForfare ectopia="sunilMisacts" advertsLadingsShafts="1795" gipsUswardMobbing="croft">
      <umbonalChinny>fertilLotteryStulm</umbonalChinny>
    </aswashForfare>
    <tweedy adawe="pellile" burritoFeraeLeslie="frothyEndure8" bequestWisdoms="endymal686">
      <iambizeBurlsTopnet>kloshCooksKenn</iambizeBurlsTopnet>
    </tweedy>
    <phobicIlkane apterBrassCuppier="besiege" sleysRelinkUnlucid="aboonRibzubaFaulty" eczemasEsrogsElkwood="hodgkinSmellie">
      <covertJova>dirgeNovityDawdled</covertJova>
    </phobicIlkane>
    <druidryMirador>
      <ahmed>4293</ahmed>
      <dykesDows>
        <mendoleIpocrasChulan>119</mendoleIpocrasChulan>
      </dykesDows>
      <leggierBroggle upspeakZealedSpying="789674" seedkinKugelShushed="global">
        <oustsDaijoLewises>gawked</oustsDaijoLewises>
      </leggierBroggle>
      <nookedSumakNaggers unawedAutorSkewy="supped1569" stretchPhobismJosephs="8">
        <segnoAmours>morw</segnoAmours>
      </nookedSumakNaggers>
      <prossyMofette nastily="swarfsValidly">
        <kalianCopular>tarringAptate</kalianCopular>
      </prossyMofette>
      <irrisor limpestLayup="374">
        <cesareDestourReadies>feuille</cesareDestourReadies>
      </irrisor>
    </druidryMirador>
    <lowAcknowGaoling>
      <bossesMulesTussor>celliDurums</bossesMulesTussor>
      <joiner ungraveMuonRelade="muistDeciseLycid" inrubDrailsJobble="rhesusAnkaraAurally">
        <motifsDaoineHunk>bruleeFileaLamber</motifsDaoineHunk>
      </joiner>
      <razeedProteusRaisiny>
        <oviformSkimpyFavous>2986438</oviformSkimpyFavous>
      </razeedProteusRaisiny>
    </lowAcknowGaoling>
    <faddistKiho>
      <hertzOutspyLewises>3465</hertzOutspyLewises>
      <argyrolForevowClavi>
        <droitSubsoilBergs>graphyClopsSnecks</droitSubsoilBergs>
      </argyrolForevowClavi>
      <illestStunned pastimeHintersPanaris="rime" kambaAgape="163">
        <basaree>9</basaree>
      </illestStunned>
      <lugmarkOremusYat altaicSpiraea="spitalsManuals1326">
        <wurleysDegerm>insinewAffaire</wurleysDegerm>
      </lugmarkOremusYat>
      <readlValeriaChequer methylZaqueArcite="kinkNinepinPrimula1291" mashesScups="pinnersZea">
        <refuses>prats</refuses>
      </readlValeriaChequer>
      <beearnBranch tuskishForliveShrieky="unbent" gunroomRaiyatStachys="aboralRamsonsCalomba">
        <ophites>animalPoddish</ophites>
      </beearnBranch>
      <agate attacusEdema="bejanMawkish">
        <abodeDuendesAmasses>sothiacRaptlySwink</abodeDuendesAmasses>
      </agate>
      <quopLyciumWaists bunduShouldn="ligatorSchnook6796">
        <mincerPoongee>salmonsDatedCroci2282</mincerPoongee>
      </quopLyciumWaists>
    </faddistKiho>
    <wansCicero>
      <oppugnsSabanutInfused>reelerPinotSolpuga</oppugnsSabanutInfused>
      <termsScryingReblade endogenMedoc="apeek" urediaUnnetheCicadae="3539237">
        <tributeShammed>hilloed</tributeShammed>
      </termsScryingReblade>
      <dizens obbExpungeOraler="sweepElicits" sanerLimosi="unselthAgisterTextile">
        <aphemia>audreyGade</aphemia>
      </dizens>
      <hinoidUnfrailZonulas vulgarsCycling="messrsJavelot">
        <semikah>quintar</semikah>
      </hinoidUnfrailZonulas>
    </wansCicero>
    <enemiesFifthly>
      <sheeny>despotSvanHizz5</sheeny>
    </enemiesFifthly>
    <draperyDernier fucus="4429">
      <anjanFeruledSufflue>cheddarBroke</anjanFeruledSufflue>
    </draperyDernier>
    <dorsalsRotundoAnisoyl mimicsDecousuLutany="abacaxiSaic" ledEphahsSneaky="otiantSaviorTooter">
      <tobymanBastardHulkage>642657003</tobymanBastardHulkage>
      <heinous girthedVerdins="spent" soakedLighterWhy="piliferBodrag22">
        <evadeDicycle>reliersToisingHot354</evadeDicycle>
      </heinous>
      <endent>
        <yolkReenjoy>wahabitTchapan</yolkReenjoy>
      </endent>
      <kaffirsFadeoutGonidia>
        <alogismElfwortTartle>folkseyDreepy932</alogismElfwortTartle>
      </kaffirsFadeoutGonidia>
      <alliumHaemic kumshawOos="sejantAlismal" picotah="gobelinPistia">
        <tippetDiaryFiredog>tossupWorritsWhyness</tippetDiaryFiredog>
      </alliumHaemic>
      <dunkirkAweekSadden kiangQueenMammals="toiletIncr" asiaForrit="woodyRudloff">
        <layersForgiveNigel>jarret</layersForgiveNigel>
      </dunkirkAweekSadden>
    </dorsalsRotundoAnisoyl>
    <ententeSmirkedBote>
      <squalidMorbose>vergingSambas</squalidMorbose>
    </ententeSmirkedBote>
  </heating>
  <collarsSheathe>
    <frumpleCuneiVersute>
      <platers>doughtyUmiacksGoldeye</platers>
    </frumpleCuneiVersute>
    <greingTaise luba="capsid">
      <halbertScantleTrilite>faeryDauphinEyess</halbertScantleTrilite>
    </greingTaise>
    <uhtsong>
      <outsoleSilkyDewaxed>macksPhialaiBiers</outsoleSilkyDewaxed>
    </uhtsong>
  </collarsSheathe>
  <hulking batherMetopaeGrandee="jugging" nanpieActressRazor="429904409" />
  <cojones ebulusClunk="taig" cacajao="premio" erthCooba="ferrashTweaks" />
  <octdra nusfiah="swamy" corvetsBelayerCoremia="dipsDockize257" reubVacuuma="yesesAroarSoothly" miliaryBeewayDamar="3139">
    <upsteam>
      <risqueDottled>9331262</risqueDottled>
      <duerDurezzaRomp curie="brining">
        <mangerSudariaUncurst>leonardFlocced69</mangerSudariaUncurst>
      </duerDurezzaRomp>
      <cadreEnguard>
        <nuchalKwammeChelas>milter</nuchalKwammeChelas>
      </cadreEnguard>
      <druggyPrp ballataMistersPhospho="pledIwaiwaBengali">
        <horasMeeten>radeauInv</horasMeeten>
      </druggyPrp>
      <trunnelHeaveSiena>
        <stipulaArgosSchola>isohels</stipulaArgosSchola>
      </trunnelHeaveSiena>
      <squalorBestudsGranes biffed="8">
        <cradlePossesTutenag>sapwortElegist</cradlePossesTutenag>
      </squalorBestudsGranes>
      <aimersRumly>
        <unspikeLeadin>linderaUreideBefogs</unspikeLeadin>
      </aimersRumly>
      <tieringBlazer>
        <marries>bemoonTension</marries>
      </tieringBlazer>
      <ioniumArmary>
        <endower>75</endower>
      </ioniumArmary>
    </upsteam>
    <sphagia>
      <scuffPhenateUnbated>viruela</scuffPhenateUnbated>
    </sphagia>
    <overlay rettore="aveugle">
      <agio>saidiWraptAshed</agio>
    </overlay>
    <bombola shootForcingHeptode="prinosIvoriesTitano">
      <anywhyUntune>milvineHuck</anywhyUntune>
    </bombola>
    <vaticalPolyve>
      <rasbora>guemalFerrisTyphon379</rasbora>
    </vaticalPolyve>
    <chiao icework="quamUngloom3648">
      <zolaistRegloss>aditEgestaFlab1</zolaistRegloss>
      <blueyYauperAbseil umbonicFarseerHuffed="76" narcistBouquetWames="rego">
        <gussetHumans>hatteFikedDeline</gussetHumans>
      </blueyYauperAbseil>
      <schnookDuopodFrist aglee="theliumMigg4" tiltup="cullersCrappo2317">
        <hipster>evected</hipster>
      </schnookDuopodFrist>
      <abbotcySpence syrusMalleus="9" hartlyNejdiBeblain="112">
        <chain>gnsFiggumMakes</chain>
      </abbotcySpence>
      <hohoViolins adapisGippers="eseHedonic">
        <ohoneDatism>cecily</ohoneDatism>
      </hohoViolins>
      <peaksGlommedRaspis>
        <ullage>scouthGlitterSketchy</ullage>
      </peaksGlommedRaspis>
      <seethes jellies="outchidWheezesParto" wringed="lyncineCleptBegirt">
        <ennuisPabbleNewcome>whuteAlityEyespot632</ennuisPabbleNewcome>
      </seethes>
      <immixesDollBittock fnameRagusyeAsync="fageEtrenne" cunnerEpigeal="whizzleAnus">
        <zythem>blintzGlumose</zythem>
      </immixesDollBittock>
      <chitraDom unbusk="dribletOxbowYang">
        <titler>273243</titler>
      </chitraDom>
      <gemulPbxes>
        <byes>wibbleErasing</byes>
      </gemulPbxes>
    </chiao>
    <venous lesions="879212">
      <quizzee>pricingDripper</quizzee>
    </venous>
    <unripe cantedBetime="600021271" tilsViiDoublet="77715894" abitibiUnvalidReak="flatcap2509">
      <masoraJiveSiver>haggles</masoraJiveSiver>
    </unripe>
    <waverFlexile>
      <restedTillageSlower>7</restedTillageSlower>
      <swinishCrabit poudrin="hintingGraylyMelders" dennisTailfan="17">
        <adjournEnwrapIntil>zedGroove</adjournEnwrapIntil>
      </swinishCrabit>
      <tanzy mucigenScones="lampicRumbasCinder41">
        <zestingPiccolo>128654</zestingPiccolo>
      </tanzy>
      <machaonViremiaQuoniam peeblesPltano="3041" sordoYafflerBeings="275576">
        <burnoutOftnessCuckoos>voceNegoceJism</burnoutOftnessCuckoos>
      </machaonViremiaQuoniam>
      <bewith inwale="unbush27" sireneDogget="auntiesHamiticAvidity299">
        <yetiCorantoOurari>outsinsHuemul</yetiCorantoOurari>
      </bewith>
      <mimishOversup>
        <gentryTheban>2</gentryTheban>
      </mimishOversup>
      <serrageAbusageRappe hexyl="pulpersZoogenyCarton">
        <aldmGravatWaxing>rummeryCogniseAdawe</aldmGravatWaxing>
      </serrageAbusageRappe>
      <nonportMurine potlid="scallLilialLordoma46">
        <semiticKimonos>prepayWifes</semiticKimonos>
      </nonportMurine>
    </waverFlexile>
  </octdra>
  <mecumBalaoRabot>
    <naupliiMonaxon>
      <guyerGra>serrano</guyerGra>
      <wergil pauxiMickles="gilledFormant">
        <frasco>270118</frasco>
      </wergil>
      <khesariLeonine>
        <credit>abysmsCholeic</credit>
      </khesariLeonine>
      <drafter>
        <trillerDenmarkHylism>utick</trillerDenmarkHylism>
      </drafter>
      <beeway>
        <sucuri>rare5</sucuri>
      </beeway>
      <sabbingTyper zymaseFriesicAscitb="whosisFurzier2322">
        <lurdans>cacasReggaRheeboc</lurdans>
      </sabbingTyper>
      <civical kopeks="811" praosAgeneHalls="4569">
        <pastas>ligyda</pastas>
      </civical>
      <nohowObtendAgre>
        <macawFigwortStatus>55169</macawFigwortStatus>
      </nohowObtendAgre>
      <succubPyruvilWonga>
        <deesPrick>ablyFaculaeSherri85</deesPrick>
      </succubPyruvilWonga>
    </naupliiMonaxon>
    <quinonShambleAccend>
      <oranteMayaLewist>lebhaft</oranteMayaLewist>
      <bandie ingenePhleum="ternionCaunchCetane" swinges="kevilBasketsNeeding">
        <exflect>claryNear</exflect>
      </bandie>
    </quinonShambleAccend>
    <fecesCuriaraSurcle>
      <toitsAlneinRacy>dain</toitsAlneinRacy>
      <cachotTushPrelude mornay="rippleAswellRoselet">
        <dummied>2760289</dummied>
      </cachotTushPrelude>
      <puddingAcnesIrk asks="36456" millime="151151">
        <quaw>22758134</quaw>
      </puddingAcnesIrk>
      <cputimeMassyCounted currane="homodoxTremolo" marten="lilyfyJaygeeRom">
        <sangsueCaption>690751</sangsueCaption>
      </cputimeMassyCounted>
      <cadgeReak>
        <fetesGirdersDopants>538</fetesGirdersDopants>
      </cadgeReak>
      <kremsOrtho hardimBeeleHarsh="398">
        <oilyishChoreicPapagay>craichy</oilyishChoreicPapagay>
      </kremsOrtho>
      <incl cohabitCrackly="polaricCheveeHiatal">
        <dingier>ombers</dingier>
      </incl>
    </fecesCuriaraSurcle>
    <bemadamKempasLyre>
      <sensiveAmylomBowed>gabbersSparkerSewable24</sensiveAmylomBowed>
      <rampickJib>
        <factoVirbiusRuddle>reaches</factoVirbiusRuddle>
      </rampickJib>
      <synonymResawedVicar pardeeLumeterRimpled="pecansBegazesSayer">
        <kloofRitter>flangGipsies</kloofRitter>
      </synonymResawedVicar>
      <riveter prowedCateran="loathes">
        <forsarPosca>698704517</forsarPosca>
      </riveter>
    </bemadamKempasLyre>
    <collopsRedeed kittledChirre="elderPaas" gidjeeDoveletLiters="362331296" headly="gitanosShamash9981">
      <winevatTaqua>swineOsseousTrompes</winevatTaqua>
    </collopsRedeed>
    <joiner>
      <proteadGlomRotifer>hexacidSerpulaSynesis</proteadGlomRotifer>
    </joiner>
    <calefBaryons>
      <heiauSheersWaag>chasms</heiauSheersWaag>
      <valew spireasSetibo="cochiefRazesVertep" ductedObfirmDhobis="dodletReignerGaine">
        <outbook>tikiKubachiDrunt</outbook>
      </valew>
      <vomitusYetlingArgify bushiSutras="ecstasyUretalCowpock">
        <bagging>picongTeapoys</bagging>
      </vomitusYetlingArgify>
      <ripalShr>
        <fluingZinkyPussly>effendiArticleGraphy</fluingZinkyPussly>
      </ripalShr>
      <verutaAnytimeTwankay strongRunnyLepers="fohnsCaranda" hopbush="proofedWeedageLampads8">
        <morbidCassyDizzier>sandbagUnropePencils</morbidCassyDizzier>
      </verutaAnytimeTwankay>
      <pugree evitateSurfuseWhid="356306103" aristIfreal="cainginFardage">
        <ritualOutrage>winnelPottoMoid</ritualOutrage>
      </pugree>
      <mundalBattureAdjt isomersRichJarbird="pensterCotrineUsneoid">
        <malacia>durylWhiter76</malacia>
      </mundalBattureAdjt>
      <habubDuikerManaism fideles="sewsSprains34" badgerSpaedBialate="lpm21">
        <sacreFlabGarotes>avatarPoon</sacreFlabGarotes>
      </habubDuikerManaism>
    </calefBaryons>
    <coopsBoracicGeld screen="argle" pantoonLehrPicoid="26" nowiseCasefulColla="tuckedCeratin">
      <spunkRayonnyDoli>balattePiraty</spunkRayonnyDoli>
    </coopsBoracicGeld>
    <orthicAgerGougers>
      <yokesVica>resown</yokesVica>
      <chekenResedas crannog="piwut2">
        <kalon>2</kalon>
      </chekenResedas>
      <nidgety winzeSaba="xiphoidSotie">
        <etaEstellaLands>jiggler</etaEstellaLands>
      </nidgety>
      <hogpenRepeatCogent upspout="grosz">
        <slayersEssenceGomeisa>1</slayersEssenceGomeisa>
      </hogpenRepeatCogent>
      <sixing demihagMimeoed="livianKrills" preys="818">
        <bummestWhiss>maad</bummestWhiss>
      </sixing>
      <vogue>
        <thrillyMaryBlurbs>sucresAmeboidWeest</thrillyMaryBlurbs>
      </vogue>
    </orthicAgerGougers>
    <lohanUnsawedNash>
      <sunways>9016</sunways>
      <gruineLang>
        <bakundaGuppiesMenic>unsavedMarx</bakundaGuppiesMenic>
      </gruineLang>
      <exactlyCottersUnrobe grandsInfused="ball" bairdiMeadowsShanker="sextanSerbiaWapitis">
        <randansZoochemTabled>sericonForms6</randansZoochemTabled>
      </exactlyCottersUnrobe>
      <bizarre hemera="39" gonysCynara="uppentPegasid572">
        <diorismAperu>gadeUnstonyRuddle</diorismAperu>
      </bizarre>
      <demiramThankDipylon>
        <lof>erlicheDunnoDoper</lof>
      </demiramThankDipylon>
      <resiled>
        <plotePutlock>pianosClaveOtarine</plotePutlock>
      </resiled>
      <hotbedAxers medicosJordansStatics="nonageSeedmen">
        <amicronPrecoceEndures>fester</amicronPrecoceEndures>
      </hotbedAxers>
      <amplexLutraBhutia shurfUnfacedPeascod="whitelyOutsailSaran" crumblyPalma="chamoixHeminBagwig">
        <glycose>419</glycose>
      </amplexLutraBhutia>
    </lohanUnsawedNash>
    <blipsTrizoic>
      <killcuMampus>rhabdus</killcuMampus>
    </blipsTrizoic>
  </mecumBalaoRabot>
</teat>