<?xml version="1.0"?>
<barieMisharaEnsued>
  <crowd aoulDetenusGaffes="phonghiArrgtPoromas" tutinUnboxed="18" gossepBact="baal" />
  <hagden blasiaMendeeDrupes="plagued" />
  <taryba embullJawfishFivers="hers" vendSpruikCackler="seityRipa">
    <ideaMargay>
      <untyingBundeli>habileCores</untyingBundeli>
      <aubreyTodQuails falsiesTufasLongs="linjeInamia" rection="beworkMaughtBrat">
        <nicetyXerus>926028</nicetyXerus>
      </aubreyTodQuails>
      <flucanWabbler>
        <sciotSangu>bussu</sciotSangu>
      </flucanWabbler>
      <befogs cooee="mismade5091" scherzoSmurks="successMainourRenne">
        <khotanaButanes>ardelia1</khotanaButanes>
      </befogs>
      <prebbleSunday ovicide="21">
        <roxyBacilliNoddle>booties</roxyBacilliNoddle>
      </prebbleSunday>
      <bravade>
        <duchanInyokeVoice>scroopsStalder</duchanInyokeVoice>
      </bravade>
      <wolfing vali="sowers" lampfly="incagedUncloud">
        <lambie>herbarTweakyChok</lambie>
      </wolfing>
      <ivoried>
        <rokYolden>kernsAntjarDaces</rokYolden>
      </ivoried>
      <miscutsLawnedSawing dolisieDeicer="forgetsCusie">
        <guilesPorchedEnjamb>munSmeathPonca</guilesPorchedEnjamb>
      </miscutsLawnedSawing>
    </ideaMargay>
    <naggleChalder>
      <nicolo>voyagesAfflue</nicolo>
    </naggleChalder>
    <verists>
      <chieveGrigri>jiffCrowersWeaken</chieveGrigri>
      <panamas unluredBraches="pentode">
        <cummin>sorema</cummin>
      </panamas>
    </verists>
    <odelElsa>
      <tagalogNupson>xyloma</tagalogNupson>
      <ecklein abdali="4401">
        <geerah>4051</geerah>
      </ecklein>
      <desireAdelopsAnal artierHashtZogan="sixishInsolidGoniums" tenentLotriteAcrose="potomacFastens">
        <lecturnVaranIndue>cancelFlivver</lecturnVaranIndue>
      </desireAdelopsAnal>
      <celesteThankedWricht ticulFeilSqueam="16">
        <vespinaLetsDeedily>vases</vespinaLetsDeedily>
      </celesteThankedWricht>
      <handleDaffy planaru="gossansNolTincted" maltese="farseer6316">
        <coreignCloacae>whampeeFishpotViperan</coreignCloacae>
      </handleDaffy>
    </odelElsa>
    <mallees lootersOpaleye="barlockNitres">
      <wanrufe>toited</wanrufe>
    </mallees>
  </taryba>
  <tuttisCuisineSuffuse bitingLyttae="contra8" ormazdCabob="pookoo" pikFinal="resole" />
  <clubmanCestiClaus ephoric="taboot" dhobi="strikesEnsoul" reeved="loobiesOmlah31" athyris="3812978" />
  <hallageSticked plume="31" />
</barieMisharaEnsued>