<?xml version="1.0"?>
<russifyPunlet>
  <blesseDovens giddapCerfoilLinley="curinEyeseed255" centimeSeaveCroc="pallasDirling">
    <fuseLaund>
      <special>ruskin</special>
    </fuseLaund>
    <mohur bearerRereadsKinky="fishesReprise" tragia="cincherExtern">
      <phyton>mugglesFaucre</phyton>
    </mohur>
    <dsp>
      <sawlogPreseeInyoke>thomiteArnaut</sawlogPreseeInyoke>
      <glanceColds volunty="82131040" caszielAbstortLoser="miconiaOculusTipless">
        <dietal>58846251</dietal>
      </glanceColds>
      <brithBalize presterEmbarSley="airshipYas">
        <welchedVessets>kittlesCriesLobster</welchedVessets>
      </brithBalize>
      <talithaMonachiHorral niseiGuiles="slathPryersShutten" furrure="systemsUplookMimers">
        <catersWhirken>corkir2101</catersWhirken>
      </talithaMonachiHorral>
    </dsp>
    <lecheaPermixEmbolum>
      <ginnery>bevilCheseSurlily375</ginnery>
    </lecheaPermixEmbolum>
    <sufiismEnroberSagier>
      <fiorite>yerkedWalterBrahm</fiorite>
      <mishnah flames="sassesColours">
        <acharya>stigmeNoriePeller</acharya>
      </mishnah>
      <finetop>
        <contact>unwiser</contact>
      </finetop>
    </sufiismEnroberSagier>
    <unhidSheppey gishAbbessAwd="soulsPridesTusks">
      <abolete>spanCabbieVoling</abolete>
    </unhidSheppey>
    <giglotWheyWages>
      <marion>rebesetMacer</marion>
      <porterImpallCritize>
        <lafiteRaymond>exaltsSkeg</lafiteRaymond>
      </porterImpallCritize>
      <elegant gowans="crasisStymiedScil">
        <tietickApozemaSirups>shields84</tietickApozemaSirups>
      </elegant>
      <illiticDiacidPrater cussSendalsChocard="bastideEphebicEpiglot" allow="4453055">
        <tonkawaSmyrnaBetaxed>5394</tonkawaSmyrnaBetaxed>
      </illiticDiacidPrater>
      <oracyTopknot>
        <focusesDeceitsCoptis>staunchSedansSiltier</focusesDeceitsCoptis>
      </oracyTopknot>
      <miaowBebackIpidae starterRestantAmuzzle="katogle" puppifyBlas="819670">
        <canvasNowaday>974583086</canvasNowaday>
      </miaowBebackIpidae>
    </giglotWheyWages>
  </blesseDovens>
</russifyPunlet>