<?xml version="1.0"?>
<doketic>
  <refence hentGlensDebauch="obeliskBeflout">
    <tapitImperia>
      <costatePaar>flybookSureshGratin</costatePaar>
    </tapitImperia>
    <ningleSalat>
      <hedericScrodSlocken>relightDialedDemure</hedericScrodSlocken>
      <pedalsUmauaIlion govern="dooleeHardingRotonda" fervidJumbuckCoaeval="gaggleReearnsTitres">
        <pamiri>cotterSporesPricing</pamiri>
      </pedalsUmauaIlion>
    </ningleSalat>
    <exact>
      <rankestMoonlitResuing>solfaTubaSoso</rankestMoonlitResuing>
    </exact>
    <talersPerishHegiras>
      <heirloWisdoms>kittensFossick</heirloWisdoms>
      <swiddenStam liftersSnag="indaneSenatus" pulpitsRetourBeleaf="nunnariTelsonZinco">
        <oratrixCarfourBlams>cadmia</oratrixCarfourBlams>
      </swiddenStam>
      <uredoUninkedEpil evzoneCarpStooge="ballistTraysVoidee">
        <gageite>redrape47</gageite>
      </uredoUninkedEpil>
      <wainful branned="bidesCalashForebar791">
        <figlikeXyst>taffiasPunchesBlin</figlikeXyst>
      </wainful>
      <kuruPinetaSkiable>
        <truffleSlotmanKumys>dayglowAlpine</truffleSlotmanKumys>
      </kuruPinetaSkiable>
      <pedata inhumer="imagoesDorse5" haiariEvilly="salivasWittallManhood">
        <ilk>branchi5</ilk>
      </pedata>
      <boutBryonyRutate>
        <unionsSohoRealms>mesem434</unionsSohoRealms>
      </boutBryonyRutate>
      <ripelyFlong houselAbrosiaThrutch="1241998">
        <plaidieRowable>86892778</plaidieRowable>
      </ripelyFlong>
      <lanoseGeebung qrs="atimy" weftage="champacPeterSnecks2742">
        <stour>donaryHogen</stour>
      </lanoseGeebung>
      <forgetsUnicef typicumLwop="azido">
        <unlay>billetBuntalCrom6247</unlay>
      </forgetsUnicef>
    </talersPerishHegiras>
    <starnelSumple>
      <reistTessera>frithyBhutaniWisen</reistTessera>
      <mitreQasidasDoters>
        <strekeGoggles>418008476</strekeGoggles>
      </mitreQasidasDoters>
      <ratfinkLingcodYince>
        <capouchCutover>faquirSixthet</capouchCutover>
      </ratfinkLingcodYince>
      <drearyLobiBerrier exalte="shesha" ethynesAsserve="keepers">
        <telegu>newcome</telegu>
      </drearyLobiBerrier>
      <stigmeBoyuna atabegFortes="annulus" owrehip="909">
        <slipe>313617817</slipe>
      </stigmeBoyuna>
      <unnegroResiftSmerked>
        <nodulesSlippyTalced>pedder</nodulesSlippyTalced>
      </unnegroResiftSmerked>
      <energicRapt unfullSedovic="84">
        <regrass>dargerCousinsSnappe769</regrass>
      </energicRapt>
    </starnelSumple>
    <ajoureSuriqueBeadrow>
      <haemalBrocked>pud</haemalBrocked>
      <larveUncous yikes="phloemScotize">
        <irena>muscatJoyedWaybird</irena>
      </larveUncous>
      <dogfootThecalJaspoid liberalGauily="sumpmanRamiroDaraf5" alpieuUnfurDuny="192520042">
        <diptoteMoringa>arrow</diptoteMoringa>
      </dogfootThecalJaspoid>
      <beepingMartyrs ulling="pinmanSecondUnseely" whirlyCastroHulster="95">
        <pmsg>rapLushing</pmsg>
      </beepingMartyrs>
      <jereDrovedAsker kinesKaimanFaddy="cogieAwesome" myelonPapeyYestern="35">
        <haenScatUpsuck>spookDepaWhirs</haenScatUpsuck>
      </jereDrovedAsker>
      <legisSpiegel atomize="upslip" sartors="gowk">
        <juniper>35</juniper>
      </legisSpiegel>
      <thungPostie>
        <adownDammed>sluffRoques48</adownDammed>
      </thungPostie>
    </ajoureSuriqueBeadrow>
    <curvle recoals="bustianAlecAudits" aestive="lingyRoasted" cancrum="beet7693">
      <wylingLanchMuid>amilScentedNyanza</wylingLanchMuid>
      <matreedRerobe craiseyThenal="1">
        <evalHaplont>atresic</evalHaplont>
      </matreedRerobe>
      <oenoneGalerusFixup sjoukeUfoBreeds="decartBicetylStemson529" kirkerMasonOpuntia="melis">
        <trogonsRefugedCess>geratedThistly3561</trogonsRefugedCess>
      </oenoneGalerusFixup>
      <rejoinsOoralis bawneenVillousToweled="scotomy" adagios="shovingEileenShapeup">
        <sughsHakoSurtax>6003315</sughsHakoSurtax>
      </rejoinsOoralis>
      <usnicGoslet cupride="venger" tableauAppetitSilting="fent">
        <uhlansTeeming>neatify</uhlansTeeming>
      </usnicGoslet>
      <airtimePornsLifter italiAbimeIdiom="thornen" buttock="bowwows">
        <hopbindRubbing>vimpa</hopbindRubbing>
      </airtimePornsLifter>
      <unbit hemsHoroutaBerthas="baobabRefusePolyol" jihadWindows="casernThatll">
        <laugherTreey>koontiMacros</laugherTreey>
      </unbit>
      <blaasop deadpan="amoebidLucerne" booly="guyedGayestGibbled">
        <bework>dupperCinclus704</bework>
      </blaasop>
      <banyaiLabara arry="mezuzaCaw2260" sacksDemeanRelend="85">
        <epicismMorianCueball>1</epicismMorianCueball>
      </banyaiLabara>
      <spitkidArointHooplas crewetEmeerMyotic="bracon" allaschBersimPontacq="9881359">
        <pateraCircaMagani>bandgapBeanosThrove39</pateraCircaMagani>
      </spitkidArointHooplas>
    </curvle>
    <trotsSeadogsBartsia bromoilSavviesDogy="tetrode">
      <dozier>ornesXebecsGaea</dozier>
      <swapper sextus="wapata" dispels="faddierClouredSnoga">
        <moonack>resowsStaving</moonack>
      </swapper>
    </trotsSeadogsBartsia>
    <linsCambalo>
      <gaminsVatter>teammanBanningRoads425</gaminsVatter>
      <sowarry misdrew="gosterSplash">
        <wabbles>1172</wabbles>
      </sowarry>
    </linsCambalo>
  </refence>
  <replait />
  <braza />
  <xema yawpsUntoothTricia="erebusRewordsRopily524">
    <jarraWerefoxOsar tubuli="fetidFools" mampusWahinesShita="casbahsDeggerCockal">
      <resaleKaftanAnimose>outjinxJellsAndrias5558</resaleKaftanAnimose>
    </jarraWerefoxOsar>
    <atmas>
      <extraWales>4186378</extraWales>
      <thanes servistRefectDanae="bocardoSofer66" talcked="crumbRoublesFosset">
        <peotomyLotahsPinda>abler3</peotomyLotahsPinda>
      </thanes>
      <outtireProviso bathsCaffeicRailmen="nullityFastiiaRacking" honed="durioUnipodsLegwork">
        <bensail>598</bensail>
      </outtireProviso>
      <wringerHamper azons="figbirdMoneralAspen">
        <upcastsFarmyDiode>breaker</upcastsFarmyDiode>
      </wringerHamper>
      <tradShoppesGourdes fends="slanged" endplayAlbruna="gess">
        <surfsMuckilyIntrude>pesterGtt</surfsMuckilyIntrude>
      </tradShoppesGourdes>
      <museumsRapicDowdily>
        <paiocke>overeatSpheresSubgape</paiocke>
      </museumsRapicDowdily>
    </atmas>
    <utsChlored>
      <auge>grumoseLamFeased</auge>
      <legatosIapetus holdingLinemenDewools="hoggler">
        <blockyJugate>pollardReve</blockyJugate>
      </legatosIapetus>
      <rebrace rheo="bauboJaguaCadying">
        <archStemsonGosport>184859362</archStemsonGosport>
      </rebrace>
    </utsChlored>
    <retchGilver>
      <toxodon>3116</toxodon>
      <brotSurely sylvinsArterExsert="comicryPersicNorma914" alasterSpicing="gillion">
        <spiesOarweed>tycoons</spiesOarweed>
      </brotSurely>
    </retchGilver>
  </xema>
  <wauls mobleSiteFins="tipulidMonadVictual619" auxinsMydaus="stomal90">
    <glaikMiliolaDinder nertz="fugacyHoopoeDimness" uraseLysine="beshame81">
      <fiber>8294573</fiber>
      <sloggerMunic>
        <spauldLamaCawk>climberRudera</spauldLamaCawk>
      </sloggerMunic>
      <sithe kenFlapper="739452365">
        <headfulAortalSteem>dissOnside5</headfulAortalSteem>
      </sithe>
      <diminueCoronetBecalm fifthDownilyBinzuru="cadsAleshot" kraals="68852">
        <argon>perique</argon>
      </diminueCoronetBecalm>
      <epenlaLaicismWithing>
        <salacotWorthedBraces>7</salacotWorthedBraces>
      </epenlaLaicismWithing>
      <citydomHaikal casule="315737671">
        <sogaHirstSolaria>38</sogaHirstSolaria>
      </citydomHaikal>
      <wormianPotamic beath="diritySubgum92" prefabsUredemaSturin="cossidFide">
        <oneroseVizirsManzas>romanApodan373</oneroseVizirsManzas>
      </wormianPotamic>
    </glaikMiliolaDinder>
    <tenebraConfuseMirker vertuRented="abanic" ansel="cystid" dbmsEluted="bauchSludOptime">
      <tutorTingle>catjangWitchen445</tutorTingle>
      <dewater muddlerFogmenGainor="ovampo">
        <maystAcisAwshar>copehanGrenierArtie</maystAcisAwshar>
      </dewater>
      <joyleafAlain aiglets="822411">
        <concedeExdie>slabbed</concedeExdie>
      </joyleafAlain>
      <zincySikerBonace>
        <clemmedWantingChants>bettyFivers</clemmedWantingChants>
      </zincySikerBonace>
      <calotin armilQueltIstles="bridoonSazenKoae" phantom="beakSodium">
        <gunebo>bedemanParapetPea9</gunebo>
      </calotin>
      <mullahBoors mktgErk="636">
        <duranceNullumRill>tongued301</duranceNullumRill>
      </mullahBoors>
      <idolishGoddamAxe dawns="unhungCondors" rupertTapiro="uneaseDuomiKitties">
        <machinLiegelyHalebi>meanyDegorgeSaguing</machinLiegelyHalebi>
      </idolishGoddamAxe>
      <taurid trinketAssist="butanes" larinaeInfairLovers="unwaged">
        <fogram>lipinEcurieTummer</fogram>
      </taurid>
      <splinty cereousHamsSeppa="cunjahTurbotsMinyan" hydrae="chivey">
        <dendronTorcel>ferox</dendronTorcel>
      </splinty>
    </tenebraConfuseMirker>
    <irishy>
      <hunyak>smokish</hunyak>
    </irishy>
    <ninthsAlgorabQuerela affiesDebussy="aldimVended" koil="rutsJusPossies">
      <nitriryGravelCabrit>bespotRodeGuimpe</nitriryGravelCabrit>
      <ganda>
        <barry>797</barry>
      </ganda>
    </ninthsAlgorabQuerela>
    <underMisdietGashful>
      <celtismIndiaAriosos>sattie</celtismIndiaAriosos>
      <crumpet akebiaKerne="lassiesStudierRatafia" ressaut="mudarFray">
        <sybil>9477</sybil>
      </crumpet>
      <dimmitCaviar linguaMoss="unlessBenignSolodi" shinneyOthinAtte="paradedCoollyDooms">
        <zeburro>saggersDisrootBludged</zeburro>
      </dimmitCaviar>
      <grintRevoteSealy>
        <kiley>gogoSudateFeculae</kiley>
      </grintRevoteSealy>
      <fumedGipserInkfish pippins="teredos" bilioAndhra="sumbalFoistedHid">
        <stingeUnwetChest>uptoss</stingeUnwetChest>
      </fumedGipserInkfish>
      <sutra>
        <swear>reft</swear>
      </sutra>
      <zendo>
        <tidiedSudserPigs>palamaLovableSie2133</tidiedSudserPigs>
      </zendo>
      <shauweUnshady jottingLenvoyParoler="oathfulTangerIrrite" upcloseBiremesLarvae="grugousMuntzBabul">
        <paseng>hurray</paseng>
      </shauweUnshady>
      <samson>
        <bokark>beslowToxotae</bokark>
      </samson>
    </underMisdietGashful>
    <lappishIstBro>
      <koronaEthDipsas>cribo7949</koronaEthDipsas>
    </lappishIstBro>
    <piecenSwine>
      <engrams>obtuse3533</engrams>
    </piecenSwine>
    <injun>
      <carnetCurium>swank</carnetCurium>
    </injun>
    <dolabraGilden>
      <brazerMarrersNegroid>balkedLamest895</brazerMarrersNegroid>
    </dolabraGilden>
    <outbarkBuoyDabih>
      <thunnusYuechiSpiff>guslaTuilleBusier</thunnusYuechiSpiff>
      <dismalsWinrowPentads>
        <ropesTurkPushtu>249903761</ropesTurkPushtu>
      </dismalsWinrowPentads>
      <pesoChloredReshes>
        <oxidate>ramplorMattery</oxidate>
      </pesoChloredReshes>
    </outbarkBuoyDabih>
    <catvine>
      <theelinHasidim>duxesNatty</theelinHasidim>
      <geinLardedMaidkin>
        <jampanPilous>sheevesBankyBoiette</jampanPilous>
      </geinLardedMaidkin>
      <tarringBeebeeWewenoc twingesOhvMilia="87">
        <debeKerner>videturJunkers3</debeKerner>
      </tarringBeebeeWewenoc>
      <polygonCompts fribbleSarada="nosingsSkiingsKamachi371">
        <ambricaSilk>351198</ambricaSilk>
      </polygonCompts>
      <rackleScalpedMenage boyg="bannack">
        <alwaysAirting>nepeta81</alwaysAirting>
      </rackleScalpedMenage>
      <abacas>
        <palls>20632</palls>
      </abacas>
      <shaheeSperage tongues="decalogSylphy" bonettaAndirin="vampireIllumer">
        <tonn>solatedAmeerMuggurs</tonn>
      </shaheeSperage>
      <apidaeSpelder perduCrammerUphasp="orioleBulgingCatlap">
        <cotuitHols>anonymaSautedGodwits</cotuitHols>
      </apidaeSpelder>
    </catvine>
    <sheolicSycomaBidery>
      <opaionWintledWhimble>stoner</opaionWintledWhimble>
    </sheolicSycomaBidery>
    <fraggedSociol unsnowLipemicLimacea="hokeyRamate6" ephyraeCrofterLyingly="56225">
      <reclimbEyeyWenchel>tapeGloveyDisavow</reclimbEyeyWenchel>
    </fraggedSociol>
    <leukonsAlapaCarols apicalWipes="lampflyShaveeTetty9">
      <sardelAutosFaky>14</sardelAutosFaky>
    </leukonsAlapaCarols>
  </wauls>
  <gorraf>
    <pik>
      <gunning>fourOrthoRelume746</gunning>
      <narwMatchyCruse iodo="resizedWesty" finspot="simulerMusette4878">
        <isogeny>5</isogeny>
      </narwMatchyCruse>
      <meuse bribeesJeraldCastuli="sulkerColfox" outfishBehoove="getting">
        <faitourHerdingReroute>8743</faitourHerdingReroute>
      </meuse>
      <sprewlSandersRegalio refusedHocusedCymlins="nulls" unamoMear="arabia">
        <nulling>jogglyRuseAmbones</nulling>
      </sprewlSandersRegalio>
      <struseGrannam pondful="boaedonEmeersAlada397">
        <swigger>38990768</swigger>
      </struseGrannam>
    </pik>
    <spinney updived="codeineVoucherAxman" moversTyro="durocs">
      <terraba>ooplasm</terraba>
      <clammedWinosClaws>
        <waiving>gaywing</waiving>
      </clammedWinosClaws>
      <scorn dibatag="gauping" benamesFetch="663">
        <turkdomHues>frettSerfageStork</turkdomHues>
      </scorn>
    </spinney>
    <statues>
      <hangulSublidSolvend>fulcralAzoriteAdipsy</hangulSublidSolvend>
      <depeterSwedishQuittor>
        <velated>infoldsHastesGaine</velated>
      </depeterSwedishQuittor>
      <outyardSpavies flatlyGuanosKulah="poudrin">
        <labaaraOuttearWeve>134938475</labaaraOuttearWeve>
      </outyardSpavies>
      <cold tengereThocht="cowrieMiliary" hyphaeFurredNoble="owsenHanding14">
        <ravinsFrees>bandCaririDiamide</ravinsFrees>
      </cold>
    </statues>
    <glummy>
      <edessan>besteerKoelCatalin</edessan>
    </glummy>
    <alexPrecideGreases>
      <fum>618555403</fum>
      <shinesCounty under="fossors960" teopans="unmuddyBubingaTendour7112">
        <salviaLucking>slamp</salviaLucking>
      </shinesCounty>
    </alexPrecideGreases>
    <mistryTweesht gill="ficins">
      <falsism>faitorHuffer</falsism>
    </mistryTweesht>
    <largestKan muong="finerEmblazeEgoity" plout="2006779" okapiBlimyOccurse="wekasMopaniSeaweed">
      <pilawMyotomyMoonjah>shippedWaggly5937</pilawMyotomyMoonjah>
    </largestKan>
  </gorraf>
  <tiou>
    <spreadyKelchynArcanum>
      <elfins>gorged</elfins>
    </spreadyKelchynArcanum>
    <fackMistifySerums monactOctyl="dewoolsWungeeTagalog" tritorEnzym="legerAfocal" irs="junketTutress">
      <ontUnadapt>veadarImpanel</ontUnadapt>
      <marrowyEremite baunPalusBittock="gausJurevis" kitabiOhmicSozines="shayKittyBurier1550">
        <hindooBobbies>moot</hindooBobbies>
      </marrowyEremite>
      <pyruwlHandarm obiismsJagsNubbin="skreelBulbose" epigne="214206126">
        <wirableShily>478</wirableShily>
      </pyruwlHandarm>
      <kaikSaccosBority>
        <platoonDocquetEmunct>98783</platoonDocquetEmunct>
      </kaikSaccosBority>
      <gorstRobinet lah="stoles">
        <kunzite>remapsChorti1724</kunzite>
      </gorstRobinet>
      <abaculiSheriff ioniserSpot="woodie" equipedPelite="ashcanDrivelsTaus">
        <couch>turfskiReeferZonulet</couch>
      </abaculiSheriff>
      <calusa lumbersBlackly="embank">
        <bitake>pudgily</bitake>
      </calusa>
      <asimmerShewing mohismAnorchi="enolsChillerHudson22">
        <isabelArisardClodded>evocateFlotson</isabelArisardClodded>
      </asimmerShewing>
      <beriKussosPoucer engildWittome="romauntTapetis27" silicoTeacherTriglid="patwari4">
        <skelperCouthie>accloy70</skelperCouthie>
      </beriKussosPoucer>
      <ageismSpooredEstrepe estus="phaca" kendyrUnparty="serpariPatteKwannon">
        <claimTsades>67768</claimTsades>
      </ageismSpooredEstrepe>
    </fackMistifySerums>
  </tiou>
  <flock levyingHaitsai="wharpAlphard5862" costing="jerboaUngiltClive" />
  <rigsbyBacilliCarinas salat="triedlyEozoon" kylHechShipboy="peh1" subgapeThermaeImpower="802" />
</doketic>