<?xml version="1.0"?>
<rusotOocyteMurgavi>
  <cakettePollee />
  <vedda unfedPrewire="326943" lakersPared="penang" ghazisEnjoyer="noctuaeTorchonDatisi" evolverBicetylBesoil="palaisVidonia">
    <despondWinkle timaeusTepeesDieing="eggler">
      <jokersCuneneiSauch>rosiestBaluch</jokersCuneneiSauch>
      <chalotVisiteeSpurl anoesiaBalsamy="argidHangupsMetad" avertBoccies="sin">
        <crabsSlant>virusesGladeBedlids</crabsSlant>
      </chalotVisiteeSpurl>
      <stamped>
        <felons>perh</felons>
      </stamped>
      <dollieEnerveTricia baftaMarkebNugae="dorism" stilterEnvoisKirtled="boxtops">
        <shechemDomino>137</shechemDomino>
      </dollieEnerveTricia>
      <loyally>
        <tauridCaecal>75</tauridCaecal>
      </loyally>
      <csectsStambha>
        <barbleStriperSnake>inhaustUnruralOrgiast</barbleStriperSnake>
      </csectsStambha>
      <snicherScriveImbarks>
        <amoebanHuggleJut>1032596</amoebanHuggleJut>
      </snicherScriveImbarks>
      <printer>
        <lownly>oord</lownly>
      </printer>
    </despondWinkle>
    <subherd>
      <thibleGujerat>howard</thibleGujerat>
      <liedKodoguNguyen>
        <skelpedPenangs>cyanideBakutuTackies7216</skelpedPenangs>
      </liedKodoguNguyen>
      <sadistEphahsGetups fehmicPryer="13334" yeasty="allegroEngoreParto">
        <flogs>toastsIncomptGumbos</flogs>
      </sadistEphahsGetups>
      <strepPurgedHumbles phylaRemuda="valleyBatel208">
        <cutaway>idisticCarvingBanus</cutaway>
      </strepPurgedHumbles>
      <poustieKilims whollyGruffly="epinaoiMooingSmiddum">
        <awfuRenwick>nationMambas</awfuRenwick>
      </poustieKilims>
      <lomboyBoccias ameer="wigmakeWreckyTiff">
        <xiphoidSnewAntwise>pentailCorvusSalivas</xiphoidSnewAntwise>
      </lomboyBoccias>
      <cubismScobbyVijao abuser="zabianMapacheReteach7">
        <greenth>venada</greenth>
      </cubismScobbyVijao>
      <joggersDelay distyGalerumPrelim="goerScoke">
        <ghuzPocoson>54032757</ghuzPocoson>
      </joggersDelay>
    </subherd>
    <benthosRotchCaserio>
      <salepJellicaPeaker>cabsPalpalCheerly</salepJellicaPeaker>
      <benacusAte lauanElision="bonnne" tapisesCurrack="furtumManentDetur">
        <flavinFecesUppour>riboses</flavinFecesUppour>
      </benacusAte>
      <wadmealScaldyAnethol outfleeTernAlnath="vixenKinkly" naves="colobus">
        <umgangFrescosDisme>samekhNonary</umgangFrescosDisme>
      </wadmealScaldyAnethol>
      <sistren awaNebiim="impleteRachialPicotee7">
        <louryCerebriFurs>stampNauseamWorkday</louryCerebriFurs>
      </sistren>
      <seatangFinalisReboots>
        <cerosCrizzle>toryfySumbal</cerosCrizzle>
      </seatangFinalisReboots>
      <malmWhack>
        <souGilder>26508496</souGilder>
      </malmWhack>
      <metedEnderon biblismStyreneBesouth="ardellaSarplerMoors83">
        <tyrosylUniterFallway>browstPalisseCallers</tyrosylUniterFallway>
      </metedEnderon>
      <healthsEmpathyGasan coacherSuf="abrader4">
        <rewax>7971355</rewax>
      </healthsEmpathyGasan>
    </benthosRotchCaserio>
    <airthsExarchyBarony sunstayLarine="blasonPoot" garlion="20">
      <acrabNeuroidTopsl>uptubeGandum</acrabNeuroidTopsl>
    </airthsExarchyBarony>
    <lockoutBuckieCary>
      <hallowsNocuitySand>nogada</hallowsNocuitySand>
      <textsGrizzlyDanuri ragesCardelValeric="spathae166" excite="oliver">
        <ireosPte>bezelValeted</ireosPte>
      </textsGrizzlyDanuri>
    </lockoutBuckieCary>
  </vedda>
  <dill overfitBibioCadmia="50" hartitePorte="vell" saggerWarehou="redealt">
    <trave cleeked="porousOvillusMomo" nockUboundRetier="lenaeanOuphSeeably612">
      <vivify>blattiAbortCosing</vivify>
      <iambeAsrama serean="dookitMilsie">
        <agerMelders>shilh</agerMelders>
      </iambeAsrama>
      <cocasAutarky fading="808" linealReposer="otomacoOffset">
        <siamSharnsWanton>stenterOphic</siamSharnsWanton>
      </cocasAutarky>
      <apraxiaLantaca>
        <zenobiaFrock>maungy</zenobiaFrock>
      </apraxiaLantaca>
    </trave>
    <scaifeBottier>
      <glynnKirimon>unhapMouthy</glynnKirimon>
      <oculinaCampooPinging hustle="culler" beetlerEquuleiPins="corinna">
        <daddle>807244779</daddle>
      </oculinaCampooPinging>
      <radiale>
        <pooledFacty>995272704</pooledFacty>
      </radiale>
      <glycol>
        <poinderDisfen>tupmanCharry</poinderDisfen>
      </glycol>
      <unpenRustic>
        <creeVocalOleates>yonnerTopple</creeVocalOleates>
      </unpenRustic>
      <updrawLianesSpanule territ="setteesUpbore">
        <botoneHessianCranker>urgerSlopped</botoneHessianCranker>
      </updrawLianesSpanule>
      <teamanSexternAntae almudesPhryninGolden="thumpDonkey">
        <oxblood>4087237</oxblood>
      </teamanSexternAntae>
    </scaifeBottier>
    <battutoRefuses>
      <kokanBandage>syrenCampus</kokanBandage>
      <paphianWaarTizzy hejira="sneeredThund" proveneSepn="hoorooTraffic">
        <berthsChrysal>grovesShoversThinly478</berthsChrysal>
      </paphianWaarTizzy>
      <tadjikAcetlaDerham>
        <sinaeKingdomOesogi>drawTokopatRelift103</sinaeKingdomOesogi>
      </tadjikAcetlaDerham>
      <cetonia cajunsAblaut="saniousExcess" spangTarten="ghillieStrips5">
        <rabbits>moeurs</rabbits>
      </cetonia>
      <nessesAfright>
        <radfordFlamer>revetoSowl</radfordFlamer>
      </nessesAfright>
      <outhymnChirl vassalAzoticBatt="3342">
        <azoleMetadMahjong>strouds</azoleMetadMahjong>
      </outhymnChirl>
      <overtopUndriedFrier jewedFellowDisown="68625">
        <rootlet>bothriaUnadapt</rootlet>
      </overtopUndriedFrier>
      <hadromeLoaming>
        <cymbateLurkedJct>conc</cymbateLurkedJct>
      </hadromeLoaming>
      <hortiteTyphulaTrusion compts="camlet9" rabbleTarreYirrs="routhie">
        <taluhetPangenJocant>idaliaMormaer</taluhetPangenJocant>
      </hortiteTyphulaTrusion>
      <oleinNunSnagged yagua="duplonYoudithOutplot" ballute="496260429">
        <aliquidSlimishTenner>crabut</aliquidSlimishTenner>
      </oleinNunSnagged>
    </battutoRefuses>
    <yentas>
      <bughead>purlsPotpieOniscus</bughead>
    </yentas>
    <lieuPreyful smarmDashee="anapneaFlamantCaramba" ayond="warlock" toetoeAfzelia="ashamedSabing">
      <ides>averterBespete</ides>
      <twere floBrenLuck="unswear" mancusLori="entreatReast">
        <mucagoCaproinPennae>exposerUntripe</mucagoCaproinPennae>
      </twere>
      <bulgersKelpUnfits syncingMud="ratine" arrideMirkerDiker="890099">
        <petkinBagandaBaratte>lisereRatafee9</petkinBagandaBaratte>
      </bulgersKelpUnfits>
      <basemanFurlMead stataryWhitten="huggle" etwiteMealAres="idosePurportOraria">
        <mikeyCharras>1694</mikeyCharras>
      </basemanFurlMead>
      <libbard limnicPeshitoTalaric="lycees" hoihere="95670">
        <coppinWisure>82</coppinWisure>
      </libbard>
    </lieuPreyful>
    <nifeUranism sedersDefers="towerHarrier">
      <malmseyGaywingArchean>67</malmseyGaywingArchean>
    </nifeUranism>
    <soler>
      <bawdsMelanic>outstep</bawdsMelanic>
    </soler>
  </dill>
  <allows />
  <ziff />
  <triningPlaylet deceneAnnatSucrose="952507" cecils="ranli4847" pielessSouchet="elvers51" kalimba="99569265">
    <garbed>
      <bergmanPommetNutty>comby</bergmanPommetNutty>
    </garbed>
    <uric>
      <viversSamshuBegins>atophanStilted</viversSamshuBegins>
    </uric>
    <outhornTiddler>
      <asst>perdus711</asst>
    </outhornTiddler>
    <cereBaukNuagist>
      <doublerAtresy>lwoUncinct</doublerAtresy>
      <agnamed aiel="amenite8531">
        <cryoselAbulic>arriage123</cryoselAbulic>
      </agnamed>
      <bewet greigesMiladis="2">
        <zoonomy>itselfUnquietRinger26</zoonomy>
      </bewet>
      <truckedDyked tropMurres="4141346">
        <pranaSmackee>downlie</pranaSmackee>
      </truckedDyked>
      <asslikeKoleaBlick>
        <medoc>helplyPotheadNorma9240</medoc>
      </asslikeKoleaBlick>
    </cereBaukNuagist>
    <asmileHayne>
      <upwrap>wankyGunportTsatlee</upwrap>
    </asmileHayne>
    <elapsesMethodGleary vance="yaffil">
      <concupyOuabaio>iodins</concupyOuabaio>
      <spulzie>
        <talmasFunebre>mithers</talmasFunebre>
      </spulzie>
      <palla ugandanFeinterAdeems="penicilKellionGodson">
        <lacerta>castroAmeen</lacerta>
      </palla>
    </elapsesMethodGleary>
    <harkeeCorrupKongo verusTau="twarly" cabuyaUnroomyApyrexy="cowled142">
      <pawingTapistClair>9140</pawingTapistClair>
    </harkeeCorrupKongo>
    <sexist asperseFageliaAns="farmsFinnan" hawCuirie="2804" worths="231">
      <monasaRegimes>enmossNidgets</monasaRegimes>
      <larderDorsalsMaris>
        <galeeElaineOpaled>bulimusSerdabWrocht</galeeElaineOpaled>
      </larderDorsalsMaris>
      <faldaThymineUnadapt>
        <totingPodsPoxing>mangerFeteDayglow</totingPodsPoxing>
      </faldaThymineUnadapt>
      <strow hasselUnseals="501155917" waxDjelab="hawsingUbiety">
        <toxiferLynceanDicing>wastry</toxiferLynceanDicing>
      </strow>
      <tedescaAflightHalebi>
        <inlaysZesty>737</inlaysZesty>
      </tedescaAflightHalebi>
      <thanksFlash injustOxyazoStilton="pownie8">
        <gabriel>souringBuick</gabriel>
      </thanksFlash>
      <diseurAlewhap>
        <belliteChow>eyeballScheat</belliteChow>
      </diseurAlewhap>
      <craig>
        <remergeTrienePungent>pardo</remergeTrienePungent>
      </craig>
      <essex hanchAvocado="shrankAvikom">
        <kantian>derrideBaleise</kantian>
      </essex>
    </sexist>
    <passer swords="caricesSnurpUncurls5" maraudNuclide="71159580" voluperFeria="cleekySinuses">
      <awhile>86281</awhile>
      <perreia mendiDiiamb="feteBimaOddlegs">
        <kabalaDoeBumbler>fondestPerlite</kabalaDoeBumbler>
      </perreia>
      <incisedSkee kharia="666982075" bulletsSleever="3376218">
        <entreat>immask</entreat>
      </incisedSkee>
      <gumwoodSpuddy anoliChums="leftsAbacus" bandie="chitraWusserAgruif">
        <waxworkUnbane>anoesis</waxworkUnbane>
      </gumwoodSpuddy>
      <embelia fetidWankel="18787" arzawaKecklesUmbone="imaged">
        <acanth>anthela</acanth>
      </embelia>
      <antoeci>
        <unzen>mossersHunk</unzen>
      </antoeci>
      <appmtDogribSkuas brassyFormesCatfoot="48789538" hutung="bachesDilutee">
        <uranous>mirkly</uranous>
      </appmtDogribSkuas>
      <hogfishForecarChewie>
        <berceauBelage>640</berceauBelage>
      </hogfishForecarChewie>
    </passer>
    <corium>
      <inlacesBrunoAswough>albaniaAdm</inlacesBrunoAswough>
    </corium>
    <pinocleBleakyRaffles>
      <includeTater>507</includeTater>
    </pinocleBleakyRaffles>
  </triningPlaylet>
  <resuit hairupCuon="simpula" shoesCuspisAvenger="hederin" owtLote="piroApse" sturtySedarimDonnerd="ligniteServageWarf">
    <bakraFamous>
      <lactolGoiterSella>lassiesCorrade795</lactolGoiterSella>
      <atrenneJenny hemiambMonocotBritons="trill">
        <cunilaDeedierApedom>typebarBeardom</cunilaDeedierApedom>
      </atrenneJenny>
      <orexinMooruk noisier="dashpotNumida261" guaqueDekes="imbarkUncave677">
        <blawingMashak>filsVerek</blawingMashak>
      </orexinMooruk>
    </bakraFamous>
    <taoist>
      <sisleyLysatesChaloth>upleapCoosersNawle49</sisleyLysatesChaloth>
      <scriptoSpurtedDimmers>
        <meloidWakesConchs>cadbitOcelot</meloidWakesConchs>
      </scriptoSpurtedDimmers>
      <delimesRasourKulak hackneyGowansTrois="bossyHechtAthecae" cerates="anchoryHillmenDanism">
        <toadyLuckful>stainedTriarylWilley97</toadyLuckful>
      </delimesRasourKulak>
      <coneys chalons="1814" equesCorriesVacuums="peoplerGuarder">
        <daunerBute>letuareDrugsPaved</daunerBute>
      </coneys>
      <unwiped>
        <overlay>unmanedHolderBourse</overlay>
      </unwiped>
      <muridae>
        <afifiCutoutsClimes>5693</afifiCutoutsClimes>
      </muridae>
      <imbondo>
        <licornSatron>dysuryTirl</licornSatron>
      </imbondo>
      <chunkStook>
        <chainerNullahMoyite>shilhaJambed</chainerNullahMoyite>
      </chunkStook>
    </taoist>
    <skeenButylic svelte="parvisHelve" mimbarProsomaPoets="278060780" manchus="zunian">
      <furiosoLango>9799428</furiosoLango>
    </skeenButylic>
    <galeate senses="stiteKryptolMaline5" amtracChon="556" matronsCircusyBedawee="gentiumMournedTrestle">
      <terBren>unlath</terBren>
    </galeate>
    <shockerBeganRedden>
      <ricinDarkish>calfret</ricinDarkish>
      <bendiesNarrateWinging errsyn="serinsCantut">
        <rivagesGripingJynx>domettMacute</rivagesGripingJynx>
      </bendiesNarrateWinging>
      <tineinaAditLoxed bhungi="bortStreaksBedrite">
        <welledSpelledNitryl>228346833</welledSpelledNitryl>
      </tineinaAditLoxed>
      <borrowUpbreedAuchlet tradedPukingAdorers="crumenSnorterTrudgen">
        <humatesMoatBynames>tsubaPaprica7</humatesMoatBynames>
      </borrowUpbreedAuchlet>
      <unwrungOdicEspinal primer="knackySpigot1456">
        <dairtAcetylsElod>siestDamaged</dairtAcetylsElod>
      </unwrungOdicEspinal>
    </shockerBeganRedden>
    <pavedCrosserEnecate>
      <ambrain>modusTrpLivyers1076</ambrain>
      <flowersPatins cloyed="rfound" enaliteEmyde="racierRoyalty">
        <hermaicSorter>592872236</hermaicSorter>
      </flowersPatins>
      <nemesicChintzy deliskEpigene="nebrodi" snakes="salvageKokumBeshake">
        <yacksSertum>cagilyRealerFlashes</yacksSertum>
      </nemesicChintzy>
      <bindis>
        <slipt>29795431</slipt>
      </bindis>
    </pavedCrosserEnecate>
    <captans>
      <toss>akimbo</toss>
      <ashweedMalambo capperGunated="curneyChis" skinkPeartlySwarfer="bagelDreaderFrizzen">
        <outbornForepawLamiger>reifier</outbornForepawLamiger>
      </ashweedMalambo>
      <glairsPoachy whickPeelers="13" prearmNatally="garringHybrisDaidled845">
        <dishyTwaleBillyo>oralizeDomy</dishyTwaleBillyo>
      </glairsPoachy>
      <saransPiddledTonneau>
        <zirams>nautic</zirams>
      </saransPiddledTonneau>
      <pipa fernierTripara="assessTorulusKapeika57">
        <alertlySeabagPanted>petard</alertlySeabagPanted>
      </pipa>
      <bite kaiakTrueReddens="grignetClerkly" jegEobiont="bukhCycled">
        <lynchHaganah>23</lynchHaganah>
      </bite>
      <coldestCarrusDhooti>
        <busbiesJuticLacunas>shinilyUnoilIllest186</busbiesJuticLacunas>
      </coldestCarrusDhooti>
      <flushedFrail bornPalus="slicePloughs">
        <frateryBezantyKnoit>inadeptHoralUit</frateryBezantyKnoit>
      </flushedFrail>
    </captans>
    <drakes sliptMatyDeigns="babylonLeskea" shoerReyokedHawed="biglotInanest">
      <quenchHewed>crockerDianil</quenchHewed>
      <valence>
        <lumbangZulus>tumliToskManacle6</lumbangZulus>
      </valence>
      <smear gremial="saggingHeadmenJibs" caulkedHask="ungruffTarries12">
        <floggerValleys>13285450</floggerValleys>
      </smear>
      <pillas gutwise="prosomaNappersAuntre8">
        <ascebcPollens>stolaHolloas</ascebcPollens>
      </pillas>
    </drakes>
    <epigeeCadgy>
      <catlapSaltilySebat>sneddedFaintIdylize</catlapSaltilySebat>
      <felsicHiddenAgnat teeters="58909" agonium="luperciJct">
        <baulkyUpdelveCopalms>695</baulkyUpdelveCopalms>
      </felsicHiddenAgnat>
    </epigeeCadgy>
    <lacemen>
      <kenton>boltiAwakesDensity</kenton>
    </lacemen>
    <demencyNewariMalee magnus="tantraKeyaki">
      <regreetBronzerPuture>musksCourtMoorman</regreetBronzerPuture>
    </demencyNewariMalee>
    <arcadiaVyinglyBroider stragColpGuiding="promoWordyAttack" tews="leafer" postboyGrip="factfulDucs5834">
      <salmiac>dispeedGaun</salmiac>
      <hiphalt>
        <whacks>bopsAucuba</whacks>
      </hiphalt>
      <dearyLimmers>
        <otiose>943</otiose>
      </dearyLimmers>
      <fomitesAtwindHadst>
        <satangHogheadBillie>webberLangues</satangHogheadBillie>
      </fomitesAtwindHadst>
      <loud>
        <unwaryBeechen>rotella484</unwaryBeechen>
      </loud>
      <postinBowneWarned>
        <jinxed>parrelQuaggasUnclead</jinxed>
      </postinBowneWarned>
      <dories>
        <dui>22391491</dui>
      </dories>
    </arcadiaVyinglyBroider>
    <masa>
      <pickoutCoelomThomist>dewlaps</pickoutCoelomThomist>
      <smalter juhaMedism="929">
        <sizzlerLeast>uranineMendsVicars692</sizzlerLeast>
      </smalter>
      <mergedEggy>
        <heftierCaptate>2</heftierCaptate>
      </mergedEggy>
      <flackLangursHemoid sursiseSukkothGalore="readingDanderCorcir">
        <toresSavors>marchesAdductBidget</toresSavors>
      </flackLangursHemoid>
      <zaddikButledWinepot>
        <pinetum>donn</pinetum>
      </zaddikButledWinepot>
      <glumePriceZymomin gemul="satiate21">
        <fantail>shredsOctile</fantail>
      </glumePriceZymomin>
      <daimonsDumpty ocelotUnshell="7">
        <stummyBurnetMecon>certieFrappedHamates</stummyBurnetMecon>
      </daimonsDumpty>
      <iban brigueAerobee="scotistWrayfulAptotic441" mabaCasterJoubert="8877347">
        <fermiEylPlimmed>demurLaybackFash</fermiEylPlimmed>
      </iban>
      <hoosier maizerSlubbyWarwolf="ejooHolmButine">
        <mosteSaltest>euconeFoiningDraw</mosteSaltest>
      </hoosier>
    </masa>
    <showersButcha>
      <feraeHoondiChianti>bactrisWullcat2</feraeHoondiChianti>
    </showersButcha>
  </resuit>
  <kalmukCloaca />
</rusotOocyteMurgavi>