<?xml version="1.0"?>
<satyr>
  <reperksHoyles papableScherzoTeloi="41281501" stomodeZingyIndn="placetsYacare8" huckleBeaches="panicumKayaksNapu">
    <bilimbiRivery shopharGauffreDisbend="sporousSargus" figuraBlaykVictor="meinieUpgive" sestinaEerockSoutage="kirmew">
      <dhunchiLupisGodless>talarsTasten</dhunchiLupisGodless>
    </bilimbiRivery>
    <blobberJizzenMatador>
      <kafirinMammetsBalada>477573</kafirinMammetsBalada>
      <trefleKirghiz chopdarDunderOshac="indign4663">
        <additur>handset</additur>
      </trefleKirghiz>
      <grilles frogmanGabfestTorque="slated">
        <silted>wasntTests</silted>
      </grilles>
      <aldoseSeronEyeseed>
        <corgiBifocal>inmewStylate</corgiBifocal>
      </aldoseSeronEyeseed>
      <clanVedaismThrou>
        <inspectMullen>730</inspectMullen>
      </clanVedaismThrou>
      <chmnSicily maimonEmbain="sectistSieve">
        <norateWaacToised>rankettSuf</norateWaacToised>
      </chmnSicily>
      <editorsAiraSlant prioralLipase="tipuraCisingPicotah" petrous="bandel">
        <peshwa>matchWashinDanae</peshwa>
      </editorsAiraSlant>
      <lumpsTashAnion kiangsTrintle="palolos">
        <shrubsBunrakuRuggy>528894100</shrubsBunrakuRuggy>
      </lumpsTashAnion>
      <vomicaHeeltapViduous>
        <skeenMisyokeYakima>50643005</skeenMisyokeYakima>
      </vomicaHeeltapViduous>
      <pulleys choreRipal="47817">
        <nounizeOpuntia>ceibasAscript</nounizeOpuntia>
      </pulleys>
    </blobberJizzenMatador>
    <cima cashewsCancriRomanly="alferesHarpinExocone5739" petcockCaninal="petunia">
      <midspan>balliesIdolum5134</midspan>
    </cima>
    <decay stopedAdnexal="482400977" artlikeIncomptLimey="storge7" indusSilybum="dartoidIou">
      <hulloes>ferkOsmerusLately</hulloes>
      <haoriDunyAthyria knapped="googolBionticSharif509" artemonTheca="82385545">
        <seahBraillePretext>moravidRamjet</seahBraillePretext>
      </haoriDunyAthyria>
    </decay>
  </reperksHoyles>
  <homages panurgyNouns="cometNilghai" vitialImpoorMasjid="4689" mexitl="119" prefersCoes="brambly">
    <tanger>
      <idoGratisChrysis>caneTalipot</idoGratisChrysis>
      <midmornOghams fuzeInvious="hiccups" ebraickGisla="silky171">
        <geopony>excamb</geopony>
      </midmornOghams>
      <hoarishDestuff>
        <myatony>rains</myatony>
      </hoarishDestuff>
    </tanger>
    <chiausAracana wardingSpliteRoyal="caiCroakerDefeat46" moonetCretion="phasingPigVernin" jayBewailsPutdown="61744220">
      <tumoursFrieze>apiecesGiddied3123</tumoursFrieze>
      <acrania mommasOutechoPectus="serviteSett8" podosRackersCmdg="bemaim">
        <inningBudders>649919463</inningBudders>
      </acrania>
      <bacisDoltishCleamer>
        <woompCandierMajoon>riotistSieva</woompCandierMajoon>
      </bacisDoltishCleamer>
      <vaagmerChasse efforce="tanagraAmbagesEthanes5956">
        <mesionEmploye>stussExpire</mesionEmploye>
      </vaagmerChasse>
      <lankierExtimaBurlily copeman="4" curtisCaraway="731938354">
        <vamosFlutistGavials>vims9</vamosFlutistGavials>
      </lankierExtimaBurlily>
      <proface unfriedLauter="drossCassoonFlanges" doggleCasate="camoisKerritePookaun">
        <herodiiCypridNoosing>flattop</herodiiCypridNoosing>
      </proface>
      <naggier bellesJusltedCalzone="trifle">
        <agast>hengeOrgamyHasky</agast>
      </naggier>
      <coucherAlularSmarter lotsOboist="bepale" iolitesAstony="scyt">
        <perosesCuriae>hipmiRaccrocKenlore</perosesCuriae>
      </coucherAlularSmarter>
      <micmac riatasTetrazo="haidanGlaikit" pmsg="earflap">
        <gulledObusTineola>bygoneTrifly</gulledObusTineola>
      </micmac>
      <quayman>
        <jagrataShripCururos>rimmingNacrine</jagrataShripCururos>
      </quayman>
    </chiausAracana>
    <flam rachesCarpingOgeed="relitPommetLacis">
      <rovers>thutterComb</rovers>
      <flisk lobaleByssoidNegrita="culpon">
        <plumeryStatusLantern>15297</plumeryStatusLantern>
      </flisk>
      <buggersWaitsPilous coumaraGrindWoven="debateCarayan79" gaetTasses="cassinoBowableSpitful">
        <saban>muslimsBurrockGilders</saban>
      </buggersWaitsPilous>
      <unmakesTrin>
        <sailour>31478673</sailour>
      </unmakesTrin>
      <talonedZilpah nonpros="nippy" prayaDaurna="nashgab4">
        <archeolOromo>broadGloved</archeolOromo>
      </talonedZilpah>
    </flam>
    <gladeOoooBagman zadrugaWaygoer="italicsGhostly" taraiStrobes="rudera">
      <chaucerImaCatcher>82808</chaucerImaCatcher>
    </gladeOoooBagman>
    <nymphUnglue dhurrie="snarlPortrayNoetics">
      <seizureBaculaSwaps>5</seizureBaculaSwaps>
    </nymphUnglue>
    <rehungEtapes winkle="2">
      <acardiaHawknut>eyefulsBerain</acardiaHawknut>
    </rehungEtapes>
    <filed>
      <roxieFulham>simpsonMewler</roxieFulham>
      <rifts>
        <redearsWaco>cyclone</redearsWaco>
      </rifts>
      <chouxBelches kinneryAttaint="sedileDunair449" chunkedWeensy="zebruleTeindsSculped982">
        <alifeKumaraRibbons>crumby</alifeKumaraRibbons>
      </chouxBelches>
      <tondi roaches="spad">
        <sistent>mispaySubwink</sistent>
      </tondi>
      <sneadElicits>
        <cludder>actinicTholes</cludder>
      </sneadElicits>
      <sopsWelshyOpera duraniKibes="394719683" muonicMonomer="upwayHordock521">
        <baccar>copious</baccar>
      </sopsWelshyOpera>
      <bypast veinery="abordModus9226" subgoalNikon="percussCongeryTummy">
        <striolaBurl>deadenJupons</striolaBurl>
      </bypast>
      <locosJaletFulcral>
        <masersPropugnRegosol>alveolaCantle</masersPropugnRegosol>
      </locosJaletFulcral>
      <eagledGibel levulicLousing="hotzoneKirkton" averMestinoEnnia="impactIsleta6102">
        <buruchaTaker>ciaLingtow</buruchaTaker>
      </eagledGibel>
    </filed>
  </homages>
  <trocheeSium adopterUranium="claretIntimae" deked="griths">
    <wigletsTypists>
      <malagaStacher>raffsYampaFrotted7</malagaStacher>
    </wigletsTypists>
    <ressalaEnactTripy>
      <knollHaunceSwear>khamsinMyceliaTrevets2</knollHaunceSwear>
    </ressalaEnactTripy>
    <ramekinChoreicOtiose>
      <danaroSarcleOdax>balaraoMenkib</danaroSarcleOdax>
    </ramekinChoreicOtiose>
    <bestedThrallDareful>
      <dragoonCeramalGuars>instyle</dragoonCeramalGuars>
      <advoke>
        <plainedCrispyLeva>laridae</plainedCrispyLeva>
      </advoke>
      <linie tulareHoliaPandits="markis" dartreRewordsMucigen="goldJahvistLeds">
        <tipcartDonableGramper>dewiestFistingRagbag</tipcartDonableGramper>
      </linie>
      <suranal bloExpects="barffBaddies">
        <joggleOolitesFires>2383</joggleOolitesFires>
      </suranal>
      <trystBabbled aion="hardiesSweller" tieboyGomari="mincersApeak">
        <bronzerCinchedCimbia>konjak59</bronzerCinchedCimbia>
      </trystBabbled>
      <fluate munjChamletOboist="inertNowtTeasle">
        <borts>3467913</borts>
      </fluate>
      <azotineNessusGurry>
        <kipukaLudibry>islaySedatedBegging4092</kipukaLudibry>
      </azotineNessusGurry>
      <fontlet itelFlavory="915">
        <shocker>salishGunnerMalleus</shocker>
      </fontlet>
      <gtcSantos hyphae="dorymanSunsetJoyous">
        <inez>khedahBullierPond</inez>
      </gtcSantos>
      <brumousCanidBriard>
        <noiler>mostraNotcherColds8</noiler>
      </brumousCanidBriard>
    </bestedThrallDareful>
    <dzoDusked>
      <qaids>oocystSanitRegrasp</qaids>
      <danzonRebaleAffiche stew="jimmiesCyanoleAppro">
        <fuerteThynnidHeazy>mavensKlaxons</fuerteThynnidHeazy>
      </danzonRebaleAffiche>
      <conkSherriMessy umpCulmingGlycins="912" proport="chili">
        <quizzyCorkingFalcade>mousme</quizzyCorkingFalcade>
      </conkSherriMessy>
      <untipsy>
        <erytheaGummingJaunced>galjoen</erytheaGummingJaunced>
      </untipsy>
      <dagame spokenQuatralSmear="ennewDefixCrummed" ellopsDruggedPasteup="ksarZincateScavel6736">
        <reveal>gaveled</reveal>
      </dagame>
      <snarks>
        <brangleFumyOuf>levier</brangleFumyOuf>
      </snarks>
      <atom badinerTututni="rebladeAbretDietic4630" compileAonianSancta="caselHypedIcons">
        <durax>oronoko</durax>
      </atom>
    </dzoDusked>
    <retapeWaviesCatties>
      <xyloses>oralogy8</xyloses>
      <netlikeGallons>
        <recdForlieBiliate>caleanBelate</recdForlieBiliate>
      </netlikeGallons>
      <naique miscal="turnupDjuka" cercusDayanimWhitlow="glead">
        <perterMagahi>561327</perterMagahi>
      </naique>
      <hoeJaunNelsons machzor="narica1">
        <boilyClavyBakes>logs751</boilyClavyBakes>
      </hoeJaunNelsons>
      <entotic>
        <houdahsWealths>25493129</houdahsWealths>
      </entotic>
      <monemeKinsenDacus pretestInglesUphand="wertCalvishGrand">
        <sammier>17657514</sammier>
      </monemeKinsenDacus>
    </retapeWaviesCatties>
    <habiru hilsaBabisButtony="aladfar">
      <jitroRoubleAchroma>ludUnlobedDasi</jitroRoubleAchroma>
      <camise crtsNouldJugs="crepine" cagedApereaTreys="limpestMutts">
        <huntAbusersStoats>82490717</huntAbusersStoats>
      </camise>
    </habiru>
    <scrappyZedoaryHymn rusky="cyclosBestir" yustagaTrammanWardian="nabbed1">
      <resultsPupateCord>slockenTroutsSiltier</resultsPupateCord>
      <dcbname>
        <stirp>satableStoicsKills</stirp>
      </dcbname>
      <nanosecXxii stiltedSuntanRedo="sawwortCalced">
        <pouncy>tussle</pouncy>
      </nanosecXxii>
    </scrappyZedoaryHymn>
    <audad peen="lushierDormantLessive6" vendisSlower="99901535">
      <entailDamaGitoxin>gratiaAyen19</entailDamaGitoxin>
      <hopeiteTurnersReqd clogsWiltingFirca="7358" anterinMyops="quippuZygoidMobber7225">
        <wet>spokaneBainingDanger</wet>
      </hopeiteTurnersReqd>
      <gunroomRegimen>
        <larinae>slud</larinae>
      </gunroomRegimen>
      <ripariiSteever>
        <jagsMutuels>takesDiagScuba</jagsMutuels>
      </ripariiSteever>
      <gladsCausatePouched lomta="fargite" grappleSpirketZoilus="emparl1">
        <diveTwelveWanruly>1167</diveTwelveWanruly>
      </gladsCausatePouched>
      <derrideCaffle wackerBasiateLoudest="35">
        <dikeria>buntySethite</dikeria>
      </derrideCaffle>
      <swaddle>
        <seniumSaguingBuskle>649</seniumSaguingBuskle>
      </swaddle>
      <xebecsMoxo sockedJalee="girshAblend" euconeAgnameFouler="ranksDelftSavola">
        <archeusCetiSifflot>2524045</archeusCetiSifflot>
      </xebecsMoxo>
    </audad>
    <garnettReprintCoelho>
      <coshers>shakaAmuchcoTempest</coshers>
      <tethersDuppies flickRadials="cavy8468" gestant="kamachi">
        <kainiteBeckShrugs>wigdomDrolledEnleaf</kainiteBeckShrugs>
      </tethersDuppies>
      <lanated>
        <hovel>debonedUnitiesPuffs</hovel>
      </lanated>
      <khamiEmpasmaVodkas lampic="973" overbid="4250164">
        <debtRoque>hexadsRecants</debtRoque>
      </khamiEmpasmaVodkas>
      <atrenne tortesUnsowed="trilloWauksVirelay">
        <skatistReagree>rafferyMedimn</skatistReagree>
      </atrenne>
      <ectene>
        <misfits>saunasUnload</misfits>
      </ectene>
      <copens solariaKeenly="39210">
        <hookas>fooderFrizzedFashing</hookas>
      </copens>
      <etesianVersta>
        <justinaInvitalChacun>44</justinaInvitalChacun>
      </etesianVersta>
    </garnettReprintCoelho>
    <conga>
      <sunketRulingEmissi>suggilBeginCubage6</sunketRulingEmissi>
      <frayedGradinsVillagy>
        <orchilEtacismLadhood>amerces</orchilEtacismLadhood>
      </frayedGradinsVillagy>
      <catchesBurgle>
        <gargil>6327</gargil>
      </catchesBurgle>
    </conga>
    <scomfit>
      <tootsie>yalb</tootsie>
      <illicitChan swampyHomilyTulsi="reglossPremieMru">
        <viand>monica</viand>
      </illicitChan>
      <alcaydeBanzaisDancery>
        <arollaWantageZaires>gradelyYaffil</arollaWantageZaires>
      </alcaydeBanzaisDancery>
      <tottleDahCasco>
        <hengestHobby>rabiesNaturedCarnify</hengestHobby>
      </tottleDahCasco>
    </scomfit>
  </trocheeSium>
  <bakepanYechInvised shortly="241103204" behaverInviteeUnyoke="empory" radianAdion="oppidanTautaugDustier">
    <ablatorSkeen>
      <soaked>theins52</soaked>
      <jailedDryas opaquedSilicle="tirasse" oafUnlevel="lookerAnadesmRustily">
        <cartistChass>sired</cartistChass>
      </jailedDryas>
      <priests myosin="exacumLivyersImpales" tailzie="abloomBandingSquib">
        <gurusBaconicTypw>palsterBlubbedTongs17</gurusBaconicTypw>
      </priests>
    </ablatorSkeen>
    <magnetWigfulChampy>
      <virialOrfeManiva>plightsWakkenTissual</virialOrfeManiva>
    </magnetWigfulChampy>
    <cardel ablet="tablaWebelos34">
      <passaySyrenAlthorn>vatfulSatanJymold</passaySyrenAlthorn>
    </cardel>
  </bakepanYechInvised>
  <embrawnBurnyBops scrite="oathayGiustoBehoove">
    <gavage>
      <aumilFlailsPrn>kinkilyMank2</aumilFlailsPrn>
      <shistsProverGweeon vario="deedfulGiddied" gorgets="djinsCambia41">
        <remanetChirks>mangier924</remanetChirks>
      </shistsProverGweeon>
      <awakenWhick siumsTty="comradoLodgers" cornbin="enkraalMisharaSyncom">
        <creedalUnstackGonadal>5942872</creedalUnstackGonadal>
      </awakenWhick>
      <excoct reevesBackletGeranyl="folkPappusManiva">
        <uptake>engleim273</uptake>
      </excoct>
      <rhyptic replotMuridae="jerridsPoach3">
        <regenceKaleege>yagerBeliingCogida3980</regenceKaleege>
      </rhyptic>
      <gellert tipplyDizzied="milleriGuimpeTyt3" raddleTactsAlwite="inshell65">
        <saxonsBribersTachs>mimamsaZenithBandala</saxonsBribersTachs>
      </gellert>
    </gavage>
    <mugwump>
      <feuilleWyvernsOddside>unsureTerrene6</feuilleWyvernsOddside>
    </mugwump>
    <anatumFillaCowbind>
      <tacitlyCaroleCovet>heildEtuveeSporal</tacitlyCaroleCovet>
    </anatumFillaCowbind>
    <rootingMonontFdub>
      <ethelAlasCockily>9353</ethelAlasCockily>
      <yorkishAxemen>
        <socages>loamsFailure16</socages>
      </yorkishAxemen>
      <bespeakPunyish ebonsRaggeeConcupy="retsToag" broigneEstatsRisers="dassentIntuentTweil">
        <whidBuccaSulkily>phonic</whidBuccaSulkily>
      </bespeakPunyish>
      <tellachUnruralSagged hagdown="gyralGelilahWobbles">
        <mathsCoypus>66</mathsCoypus>
      </tellachUnruralSagged>
      <knops>
        <oilcampBoothes>amovingCrusKepping</oilcampBoothes>
      </knops>
      <slikWhetherCyanea>
        <trysail>2</trysail>
      </slikWhetherCyanea>
    </rootingMonontFdub>
    <machaon graver="bedcase" plebs="emersonCimicid41" sleeker="9">
      <dipsyWaniand>gathers1</dipsyWaniand>
    </machaon>
    <bepinchFreaksTinkly brierKnave="5689" volvasLouterDobra="lionelPreludeMaximed">
      <dubbaTuskersCuriate>hazeledBatling</dubbaTuskersCuriate>
    </bepinchFreaksTinkly>
    <prancesDoven pretextLoyalUngive="3533290" morgayCasaviCouplet="80">
      <morgueVirgil>47209026</morgueVirgil>
      <luffedSpicalSuk>
        <theolog>dioxinInn</theolog>
      </luffedSpicalSuk>
      <hydeGambolFilace>
        <boosKefirCurite>702</boosKefirCurite>
      </hydeGambolFilace>
      <ismatic>
        <diallylWet>hiving93</diallylWet>
      </ismatic>
      <elemiCabalas bruschaMysore="picotsAriseBoxfish">
        <unsewGellShellak>vadosePyres8258</unsewGellShellak>
      </elemiCabalas>
      <lipuriaClavial essay="citric">
        <enchestFaipuleGymnure>domicilManihot</enchestFaipuleGymnure>
      </lipuriaClavial>
    </prancesDoven>
    <pedary metrezaThebaic="befretUncute9" clerus="centas" inflood="inlineDestineEuskara">
      <tossut>6</tossut>
      <goblinsMauls playaFogy="torasPinal">
        <glaieulGonapodUnlight>quoAffa</glaieulGonapodUnlight>
      </goblinsMauls>
      <gonagraHoists bonser="411630" kungViscoid="collarsGrx">
        <bartramKnacky>hervati</bartramKnacky>
      </gonagraHoists>
    </pedary>
    <himatiEnfonce>
      <waiklyZunianSpathae>2</waiklyZunianSpathae>
    </himatiEnfonce>
  </embrawnBurnyBops>
  <kaik />
  <yanKnots geastTomcatPedant="misrely" deledPegmenExhorts="toytownVillousChukar" dumdumsInjoin="9158785">
    <unrake>
      <likableMochila>styany</likableMochila>
      <unalistFessDouma>
        <moneses>thrimpMilko</moneses>
      </unalistFessDouma>
      <agsamPayedFlexing>
        <confest>20271</confest>
      </agsamPayedFlexing>
      <plumachGelableGorgia cymeletSacrist="curdierLotah" boozifyMoner="flexileExsects1941">
        <lassuIpocrasVanner>gladlyRecarve</lassuIpocrasVanner>
      </plumachGelableGorgia>
      <torroneKicker umberEnamour="fluidalTimesLooch" bagheliBoutons="palazziCannTamales">
        <unspellGossanTariric>barcan</unspellGossanTariric>
      </torroneKicker>
      <wyson myxomasSphagiaCfd="bonaci" jemmilyJeel="auca">
        <exhumesBitable>giddapDirging</exhumesBitable>
      </wyson>
      <endozoaGillnetVisto nostocWaddleRotge="coliesGrislyMulm">
        <mawsBomb>alpHanaperAmalaka</mawsBomb>
      </endozoaGillnetVisto>
      <kateCuadra eggment="arctics8872" plankyScoffRecalk="temse9972">
        <armyKiwanis>logierOsmanieBiprong</armyKiwanis>
      </kateCuadra>
    </unrake>
    <dissaitPungie>
      <rundles>blickyRealism2156</rundles>
    </dissaitPungie>
    <scareyTachistYapman>
      <pixy>wispishQuiteChibrit</pixy>
    </scareyTachistYapman>
    <kabab folate="286" unhoopAnnalia="toeingPfd">
      <xyloid>cryste</xyloid>
      <speils>
        <rowboatMozeSteres>airmark</rowboatMozeSteres>
      </speils>
      <ohoyOrdeal ogleArillus="raiasCaketteBiles" disgown="britzkaAgnailGuajira">
        <binateEulimaUnwild>godsib</binateEulimaUnwild>
      </ohoyOrdeal>
      <raftman>
        <trenchCalfsYees>synapteHimene60</trenchCalfsYees>
      </raftman>
      <idoism glaivedLanch="doperBetty" outjumpKief="15">
        <erring>rumples</erring>
      </idoism>
      <chortleCumayEdacity seeping="alismad811" cooptsNonylCojoin="flinder48">
        <terrier>shittimWainerClubmen</terrier>
      </chortleCumayEdacity>
      <potter>
        <jibbonsMoonie>rakeage34</jibbonsMoonie>
      </potter>
      <squeamyAug sugh="3">
        <aliencyRebutRapids>contemnRubleQueasy</aliencyRebutRapids>
      </squeamyAug>
    </kabab>
    <spirts>
      <brings>cleekyGouter</brings>
    </spirts>
    <sublistChine>
      <dombaMugho>84427977</dombaMugho>
    </sublistChine>
    <rendersParsingOutsole>
      <waltzTam>54</waltzTam>
      <russianFudgyArroyo>
        <linumsGreasedGarance>pomelosCoucal</linumsGreasedGarance>
      </russianFudgyArroyo>
      <leissAmps>
        <mauriceHoaxee>rottanPillarsHuffler</mauriceHoaxee>
      </leissAmps>
    </rendersParsingOutsole>
    <sprayer peroneiForetop="waling" geslingGyro="30" fussilyCtg="mushyWelder">
      <baklavaCloveryFiercly>872736002</baklavaCloveryFiercly>
    </sprayer>
    <visiveThymes>
      <torRilletsSingle>1192563</torRilletsSingle>
    </visiveThymes>
  </yanKnots>
  <eltime carrellEmboite="bipodsFooterEtatist" mesitylNeogeneLopeman="regaloRansel4405">
    <timaniJoistsMayfowl>
      <myelomaSimplySupered>lucibleWivingCoverup</myelomaSimplySupered>
      <recoastThesesEyers furiosa="piddockBosomer" direstMitierTaos="58">
        <finify>pisoteStirs</finify>
      </recoastThesesEyers>
      <verziniManul toneCorsair="sluingRococosAcerin">
        <annulusHardsCunni>dialog</annulusHardsCunni>
      </verziniManul>
      <majlisLochial foliotCotsPardal="vinca" pedrail="513">
        <bandelHarbour>saccliDwayne</bandelHarbour>
      </majlisLochial>
    </timaniJoistsMayfowl>
    <coyosWrest>
      <unsweatBruitJambul>fatties</unsweatBruitJambul>
      <dialyzeRebarScribes barbleAmitaPainful="maulana" compoedExist="pizzleCorser">
        <telia>waspenGrottosSmugism</telia>
      </dialyzeRebarScribes>
      <kittledVaguityBrigue>
        <deviledScalodo>shelter</deviledScalodo>
      </kittledVaguityBrigue>
      <legesTropics coup="196">
        <deltic>ziggingPitlikeSlough</deltic>
      </legesTropics>
      <quayingShakoRabal alaskanSkiechRetrace="lacert" dialingBatisteHaes="bablohRedowaSkibobs379">
        <fistleJetonsPeppier>plateryUnhaste</fistleJetonsPeppier>
      </quayingShakoRabal>
    </coyosWrest>
    <otidine>
      <gillerWowwowsBesoot>wangalaInked</gillerWowwowsBesoot>
      <kickeeListensKytes yecchStifflyLibya="9" larcinAlkoolJiggers="452340022">
        <ivyPlud>zebulunSenvy</ivyPlud>
      </kickeeListensKytes>
      <depayseAdrent pizzaDunks="25739202" updiveKalmiasYakkers="4">
        <imbeds>refusesVel</imbeds>
      </depayseAdrent>
      <ostracaTichel timmerDecksHld="taffyDikkopGerusia718" maybush="175777833">
        <azury>paquet8</azury>
      </ostracaTichel>
      <taxir nuisome="masticAliptaeGlaux" marked="farcifyPlumpenAhmed534">
        <jiminyOuttorn>6791642</jiminyOuttorn>
      </taxir>
      <warrynCouxioWidegab calydon="19">
        <cobras>pickledPrimary</cobras>
      </warrynCouxioWidegab>
    </otidine>
  </eltime>
</satyr>