<?xml version="1.0"?>
<jazzesMasculyHoises>
  <debarkStoney eyeingFocsle="statant" carcoonLuraSilenic="poxes">
    <loaveFaginIndowed naiadesSeesawsSekos="essedeKapokContoid">
      <oximateSuppledSwough>tummelRefedFamulli</oximateSuppledSwough>
      <gunkTutoryTouart pimplaSpiesSocking="chat" suade="inshellMongler">
        <augured>unlacedSatyrsQuids</augured>
      </gunkTutoryTouart>
      <hirslesHurkle>
        <maholiBeanedIntrigo>pahariCocona</maholiBeanedIntrigo>
      </hirslesHurkle>
      <disband werentChurchAncony="639831549">
        <keenedBlowzed>vocalUnilobeWomerah452</keenedBlowzed>
      </disband>
      <aurungBreve>
        <saletJaguar>rallus</saletJaguar>
      </aurungBreve>
    </loaveFaginIndowed>
    <alosaSmocker>
      <waxwormOuthueWiremen>81640</waxwormOuthueWiremen>
      <settledWarrant taluka="tutorerPersistTittery">
        <oleaseTweakyJussory>unpeel</oleaseTweakyJussory>
      </settledWarrant>
      <bassly>
        <dapped>3331</dapped>
      </bassly>
      <claimed aspatiaWyndLubes="rimerRudolph2" butyls="1">
        <needntLoamierSloes>frees3995</needntLoamierSloes>
      </claimed>
      <repours>
        <taxineTelleePintoes>39400652</taxineTelleePintoes>
      </repours>
      <liepotLoryKootcha>
        <splatsAhwalHerpet>nougatFores7940</splatsAhwalHerpet>
      </liepotLoryKootcha>
    </alosaSmocker>
    <attests>
      <alureMalati>dawsAndaqui452</alureMalati>
      <bewailsTordionWelted cateyeKirbiesQuerela="mateyThais" aitUpdive="policesViiiCion5">
        <cosiestBridlerFadedly>redeifyKhamal</cosiestBridlerFadedly>
      </bewailsTordionWelted>
      <zingyProsomaEfform>
        <puttock>mythsMyodes</puttock>
      </zingyProsomaEfform>
      <willyTekiahCyrus gyratesGruineWaggie="phaetJardiniConfuse" belowsCalks="belili">
        <jerichoHurleysXyloyl>wardPulsive</jerichoHurleysXyloyl>
      </willyTekiahCyrus>
      <unhumid moxo="positsPronavy">
        <rotor>summaryCravatsZonure2</rotor>
      </unhumid>
      <datapacPontacq confessLamplitRims="pouceHnyHasn" tanghamWebsterMerry="distentPoales">
        <zingareBordar>maser</zingareBordar>
      </datapacPontacq>
      <plinianSnakey volpane="hymning">
        <adoptee>743291</adoptee>
      </plinianSnakey>
      <ervumApods cymbid="slockerTropistRoquist" dolmenWaneyOutroot="poiser">
        <surreysGroot>inkwoodPlumberIpomea</surreysGroot>
      </ervumApods>
      <stakerCyanidsStylist>
        <skibbetYenderPipers>tornadeRoboticPiranha22</skibbetYenderPipers>
      </stakerCyanidsStylist>
      <adorerBrashy reboot="mobsmenUntreedLuckful">
        <bealBittock>938093839</bealBittock>
      </adorerBrashy>
    </attests>
    <finickyRedias>
      <metreteDually>424795189</metreteDually>
    </finickyRedias>
    <jacklegSativaTennisy>
      <rufferEmbars>46</rufferEmbars>
      <console>
        <agastRadii>snarer</agastRadii>
      </console>
      <vivendi>
        <guignolSapota>8</guignolSapota>
      </vivendi>
      <zirakUnrebel binocs="hure" kvassesAcroa="newest">
        <puxyRumageArbores>tomnoupKeoutForge</puxyRumageArbores>
      </zirakUnrebel>
      <wismuth spaemanSewageFacts="bushletEradeLaminal70">
        <see>riprapGapless9</see>
      </wismuth>
    </jacklegSativaTennisy>
  </debarkStoney>
  <oxysomeGrannom />
  <neuricFucuses crinoidTimes="prutot" deputed="raceway" siccan="ster71" />
</jazzesMasculyHoises>