<?xml version="1.0"?>
<hinnies>
  <pintoCary mutuateChoses="kultursToga">
    <harridEgotismDaphni>
      <whidsIwound>guti2</whidsIwound>
    </harridEgotismDaphni>
    <sheenFalisciSnuggle>
      <dandy>pittism</dandy>
      <crabbedImpiousFuegian bilabe="spraingStrift6040" woold="unknits932">
        <baptismQuaighTotal>73168</baptismQuaighTotal>
      </crabbedImpiousFuegian>
      <suaverKnapperNeatens variers="17874710">
        <bolesDeals>feijoaReedCunei</bolesDeals>
      </suaverKnapperNeatens>
      <dupes ardilla="767273" rals="hexeneMuricidVealing">
        <chosenVanessaWailing>estocs7</chosenVanessaWailing>
      </dupes>
    </sheenFalisciSnuggle>
    <singedSsing>
      <fluors>920</fluors>
      <fittageLarlikeLane>
        <leep>scruntyScologKittler</leep>
      </fittageLarlikeLane>
      <mille censedColdlyDovish="safer" bulbulForceps="vareuseSavacuBedkey32">
        <vibeBlessTongers>scanic</vibeBlessTongers>
      </mille>
      <coinedDidieGandum>
        <duality>strungZonoid</duality>
      </coinedDidieGandum>
      <discsSilencyStyca gipSlutch="9455700" skys="ephebusGasman">
        <epochaCrevice>striped</epochaCrevice>
      </discsSilencyStyca>
      <anesisHarmostDragger>
        <epanody>64</epanody>
      </anesisHarmostDragger>
      <chicoForseen anilidAzorianHipper="76">
        <momismRarely>dupleTurkeerBocoy</momismRarely>
      </chicoForseen>
      <bibbery radioedBipedFaff="kentishPomade74">
        <calcineMoiderJoskin>goitresEnigma</calcineMoiderJoskin>
      </bibbery>
    </singedSsing>
    <stackerSlumpy>
      <shtetlWetched>telexedDart</shtetlWetched>
    </stackerSlumpy>
    <maracas>
      <pottern>abkariPyreneGlee</pottern>
    </maracas>
    <sauldLemuresSativae>
      <chopas>windleAusharOutlip</chopas>
    </sauldLemuresSativae>
    <triaxon>
      <sheltieNonwar>quicaNetful5646</sheltieNonwar>
    </triaxon>
    <crannel>
      <cambialUnglovePolaron>aliensRapinic</cambialUnglovePolaron>
      <gibli caskets="tubtailGlycinTuring">
        <latest>renewKotylosKiller</latest>
      </gibli>
      <bummlerSqueak bagoMerinosMakluk="9" ghizite="mimineBreaksBrowny">
        <knowKobiReen>thoriasRaphael</knowKobiReen>
      </bummlerSqueak>
      <chinkyAltHot ayahucaBilking="abomasaQuakeryAbreed">
        <hexosanUmteen>giltsLathen</hexosanUmteen>
      </chinkyAltHot>
      <dasntMantuasTurco>
        <baryticMoonmen>unslungPiemanNahor63</baryticMoonmen>
      </dasntMantuasTurco>
      <buraTrankyDeloul disna="685">
        <buttal>missingFusty</buttal>
      </buraTrankyDeloul>
      <ananas areoleAristosLinks="holilyBude" hanoverCrownsLemnian="timbresMishmiAuk">
        <gobbledGastlyWitten>bleakerBrogLumbus</gobbledGastlyWitten>
      </ananas>
      <toranCanthus amigoViewersAnuria="boyauTangumInjunct">
        <embdenCedrine>guanacoYodeled1</embdenCedrine>
      </toranCanthus>
    </crannel>
    <hrsBendeesDyeware trims="mineralBarretsBerg">
      <tipisRho>86459</tipisRho>
      <lunateUpsets djibbah="5" abaca="thuliasHeadsaw">
        <gravingEvited>finkelAviate</gravingEvited>
      </lunateUpsets>
    </hrsBendeesDyeware>
    <molochOcularUnharsh>
      <doatsScatterGreener>ablushLustly</doatsScatterGreener>
      <dalteenPpd>
        <movesWiddledGittern>dislove</movesWiddledGittern>
      </dalteenPpd>
      <ditaSmelledBasins naur="dormer">
        <ocoteMarteleEundem>conia</ocoteMarteleEundem>
      </ditaSmelledBasins>
      <trollsShilh>
        <piggieWhewer>bowsmanSavedBeaner7787</piggieWhewer>
      </trollsShilh>
      <suckleSpyholeDurions skiffsYippee="daroo" safesMorw="biogenyOleoGawkish">
        <kenmarkCarfour>mobbyGogo</kenmarkCarfour>
      </suckleSpyholeDurions>
      <slaverRostralWitness>
        <moormen>barredPopgun</moormen>
      </slaverRostralWitness>
      <dansyClub duendeNurledCampout="psaltesGobioid2">
        <tchrCymling>5872</tchrCymling>
      </dansyClub>
      <artifexHacking roasterAbvolts="soraBerean" pipits="miasmicAlumna">
        <gruelSireesBeltine>elains</gruelSireesBeltine>
      </artifexHacking>
    </molochOcularUnharsh>
    <calculiJasyAdorn>
      <skirp>nephronEucgia</skirp>
      <grippes kenn="eweCornrowDiamond58" ossian="shawlsYehToupeed131">
        <stones>563935794</stones>
      </grippes>
      <merestBuilded kiester="cyamusButane">
        <ruby>prenzieVoyance</ruby>
      </merestBuilded>
      <weedilyStenchyBoro peacodShederInutile="floater" butylsBouser="izafatSourlyNougats">
        <kails>altica</kails>
      </weedilyStenchyBoro>
      <degCuratel bulgingPangiUnsunk="19758713">
        <faailkSkulked>outwear</faailkSkulked>
      </degCuratel>
      <bicronsLazyish catchesStomiumHumbo="unvyingCuissenEctal" snobsAcyl="6174">
        <aortalFrissHipbone>2817</aortalFrissHipbone>
      </bicronsLazyish>
      <uncock pind="brackedNegatonDacha7654">
        <curraghCaddieAwaits>nuptialNexus</curraghCaddieAwaits>
      </uncock>
    </calculiJasyAdorn>
  </pintoCary>
  <rank centraTalmaHecht="trojanPipeman">
    <alderCasbahAnopsia>
      <deedDemur>schmuckGamierPresul</deedDemur>
    </alderCasbahAnopsia>
  </rank>
</hinnies>