<?xml version="1.0"?>
<moseysMeno>
  <stuffedGaffsCubit beltingSlung="658" idolismJolesSciot="487183176" kapoksLadyfly="feastlyEcitonKnocker" linenerSmoos="souchet">
    <dotersKryptonBohora retornHomagesSadism="poverty2" kirsenTarsi="sundogsTunket" trochaChooserJason="iritisFaddist">
      <renewed>stengSinker</renewed>
      <tregergCotoxo unpaidPoddigeClovery="trailer">
        <saucers>rohunaWelcome</saucers>
      </tregergCotoxo>
      <noechoLauds>
        <alnoite>protendEndia</alnoite>
      </noechoLauds>
      <noyancePlato bedcap="200597785">
        <hilloaTussorCaingin>cheyney</hilloaTussorCaingin>
      </noyancePlato>
      <doweled>
        <paltaIndentsOnsight>bypathsBarren9</paltaIndentsOnsight>
      </doweled>
      <twister>
        <utiblePrithee>42</utiblePrithee>
      </twister>
      <recountArmletsSpaeing westlanLiteral="grimierIsodont">
        <bythMonkish>robbedMahsir</bythMonkish>
      </recountArmletsSpaeing>
      <foresawFullageLarkier omerDittoed="364928562" fanjetsCurlersPanthea="schrikAsideuBraked">
        <outseaOdling>colonelHolloedUnpile</outseaOdling>
      </foresawFullageLarkier>
      <teapoysLearoydBinit pomaryImineAgendum="farded" brotulaEmitter="7173">
        <skyishGigoloMuscat>leapingMedaledAllan</skyishGigoloMuscat>
      </teapoysLearoydBinit>
      <decoysEyre raper="guggleWires512" calmingPamWuzu="huchen964">
        <rhapis>4</rhapis>
      </decoysEyre>
    </dotersKryptonBohora>
    <marchen>
      <seeks>diwanRaupo</seeks>
      <feusDocitySensate pulajanFetal="concise">
        <beastlyVineryMonkish>gangway</beastlyVineryMonkish>
      </feusDocitySensate>
      <isohelsCusped giliakAnoesia="acoreaSife">
        <tonguey>gomboViduity64</tonguey>
      </isohelsCusped>
      <aland cinterMuconic="ecorcheKytes" curariDarooEagles="winceFootsRugger773">
        <convexo>antingsAcuanBacksaw2109</convexo>
      </aland>
      <bondocDeafenHarden ahmadi="vraic" limesWaarRegna="siftedChider">
        <guildicDrool>yangsMisken</guildicDrool>
      </bondocDeafenHarden>
      <dupionRuenSuiones emulateRatha="basale">
        <rejoinsGyrant>eonsOutpeer</rejoinsGyrant>
      </dupionRuenSuiones>
      <kiltiePrahus genae="zenonicMasora">
        <asokaFluors>cacam</asokaFluors>
      </kiltiePrahus>
    </marchen>
    <campho>
      <mourns>spurts</mourns>
      <lawyersPurgersAtwirl tercineGeminiPatel="spreads">
        <pinyTermers>98159</pinyTermers>
      </lawyersPurgersAtwirl>
      <effundSpattle>
        <manaism>notate</manaism>
      </effundSpattle>
      <podialPoses>
        <pitsSubdued>haughtPateraBulges</pitsSubdued>
      </podialPoses>
      <putoffs pomelIntakes="psychedGlebe" helmedEdictal="skypipeTyphic83">
        <dongingDoable>nasionArefact</dongingDoable>
      </putoffs>
      <bundistAnosia scolion="chadarsGowning" oliveanAquakeDeeps="eggerEmbanksJuicing">
        <retems>theistRowport</retems>
      </bundistAnosia>
      <fogbankQuilts>
        <rboundLatonAlps>heikumUptimeMerula</rboundLatonAlps>
      </fogbankQuilts>
      <legionsLifoUploads>
        <hootingPorkolt>sous39</hootingPorkolt>
      </legionsLifoUploads>
      <rejoinHartals>
        <iwis>79128149</iwis>
      </rejoinHartals>
      <answer veepeesWellishSplicer="prebadeEmceingHyrse7096" thraxFalding="shreeShrivesLoc">
        <crusesFoelessConvell>romeGuitar</crusesFoelessConvell>
      </answer>
    </campho>
    <hummingSulfide brandedAcclaim="trayful" hathor="aspicsTilters">
      <goofahJingoed>taliteWaddedTabinet</goofahJingoed>
      <swinneyScryingSlad spathaeThuja="222129" bothy="paleronPained">
        <outdidOzonic>gangdomColonicOxalyl</outdidOzonic>
      </swinneyScryingSlad>
      <refineSawflyPotions ungiantStammelDedd="unposed" quieterIudSulfur="425">
        <kurmiMisfallBucked>mummsCoreign</kurmiMisfallBucked>
      </refineSawflyPotions>
      <tetraneSkidi bisaltRectifyCredos="722082" ballantDefuzesLuxated="babuinaIntone">
        <steelsGuglet>hooveyRedfin</steelsGuglet>
      </tetraneSkidi>
    </hummingSulfide>
    <frizzyBestink straveChizzel="dewaniOutsinsSanicle" rykingTashlikNignye="tineineTng" pichEpheteTucktoo="douradeMudweedCruth">
      <rankett>witling</rankett>
      <tilOregoniContd cilery="unlunarArianaPilled">
        <steads>dadBrowserAnlaute</steads>
      </tilOregoniContd>
      <callumTabel>
        <rymeEstrifSparser>hoggetBuraoPinkany</rymeEstrifSparser>
      </callumTabel>
    </frizzyBestink>
    <unities>
      <oracler>shovesPreachGravel8007</oracler>
    </unities>
    <splent>
      <moister>unstaidAnnihil</moister>
    </splent>
  </stuffedGaffsCubit>
  <morabit nyet="havent" sparidCochinIcons="carochFripperLipemic" tarsObit="stauterBorer" isomersXviiWomaned="772577822">
    <hypogea>
      <randVernage>7715027</randVernage>
    </hypogea>
    <overgetThickyRoarers>
      <offersSaad>emblissVitrumQuohogs</offersSaad>
      <wadmelsTropinDudaim>
        <slimeNits>paalArrearLianas</slimeNits>
      </wadmelsTropinDudaim>
      <caaba thimber="552">
        <nauticWinnersFigeter>ipseandTara</nauticWinnersFigeter>
      </caaba>
      <curvleOcciputIckers vedic="disomusTriduum" riantPipy="52">
        <inculpKufic>goulashAletap48</inculpKufic>
      </curvleOcciputIckers>
      <gregeGemmate hoaming="2890039" latah="scapus">
        <battledMajagua>73</battledMajagua>
      </gregeGemmate>
      <acariCotingaJaime geodes="teecallCoulageMatara">
        <noggin>6206</noggin>
      </acariCotingaJaime>
      <unriskyBegin>
        <kadine>stechSofaneBeulah</kadine>
      </unriskyBegin>
      <muette judokaKludge="cosedScoriaActors203">
        <ophis>341611028</ophis>
      </muette>
      <cadsPasquinSegue unbusk="audingFictiveCresson" spawnHewDueler="cohitreAgroundTyt">
        <redwingUnfiery>avoiderNohow</redwingUnfiery>
      </cadsPasquinSegue>
    </overgetThickyRoarers>
    <squameLocaled unbonedEngulfs="976348930" slabman="29087835">
      <darienGlaresPrakash>lanchMurchyCupels</darienGlaresPrakash>
      <olsonGyronnyKinesis queak="682508700">
        <eyedotTextmanFrying>saddleIncutRheumic</eyedotTextmanFrying>
      </olsonGyronnyKinesis>
      <alticaBiallylHimself burgher="7440" psyllidQuestArcanal="fovealAnaqua">
        <piast>goudyAuleteMonauli</piast>
      </alticaBiallylHimself>
      <tenetLiege wrist="hexonicTulipiBoiko" civets="unmind">
        <crtsMtgLechwe>hellingAmpulRefall</crtsMtgLechwe>
      </tenetLiege>
      <repuffWinepot melianBiconicRew="artware" oeilletDeicticDrooper="catydidFaltcheSailing439">
        <clumse>804770552</clumse>
      </repuffWinepot>
      <assifyShogi tomboys="beglozeCubtiSangria" wowsersYaffed="22983">
        <reliveUntriedGougers>2</reliveUntriedGougers>
      </assifyShogi>
      <emodinsTurm ritualEncrownRassle="657523145">
        <fanworkLlautu>assoinFucosanSkey</fanworkLlautu>
      </emodinsTurm>
    </squameLocaled>
    <tushThenageSwampy>
      <moyener>orselUpdosFid</moyener>
    </tushThenageSwampy>
    <hajesPulpierStooper>
      <whimseySpattle>trionymPentode9840</whimseySpattle>
    </hajesPulpierStooper>
    <lapdogsMamersPlaice>
      <soakYodh>emeses</soakYodh>
    </lapdogsMamersPlaice>
    <towerReifs>
      <foliosFrowst>bracteaCraft</foliosFrowst>
    </towerReifs>
    <shirks toolach="athymia" tangiBeldCrones="6" hoard="1">
      <geminisCurtailCrape>epularyGyms</geminisCurtailCrape>
      <summutGraved shareef="bravedPensilOutdure">
        <yairdsLathesGossip>boccaAahed</yairdsLathesGossip>
      </summutGraved>
      <icings reshakeBakuBreves="fucking" togtHeazy="chordaBatata">
        <jukes>364</jukes>
      </icings>
      <tenias>
        <tashlik>porgeGloried480</tashlik>
      </tenias>
      <huiaDecentPernea ganosesSnoozeBatling="starkly" floresInfer="vitally">
        <jawanForwearUraei>destineSprainKowhai</jawanForwearUraei>
      </huiaDecentPernea>
    </shirks>
    <dawdled atabek="5291560">
      <italicDruryLah>18085</italicDruryLah>
      <unroyal>
        <tollwayInital>phocean</tollwayInital>
      </unroyal>
      <remansAmovingFating unrunHydrolHipbone="chics" ensuantLech="turquetOgumGrained">
        <coupe>54889796</coupe>
      </remansAmovingFating>
    </dawdled>
    <banquoRegalo>
      <budgiesTiqueur>boordly</budgiesTiqueur>
      <thoued dvornikDowriesPinitol="uplick">
        <dealersUptowerTilyer>candourDogbite</dealersUptowerTilyer>
      </thoued>
      <alexiasPurdy pahutan="dasypusIndiumsJerboa">
        <granate>4382786</granate>
      </alexiasPurdy>
      <fanner dehwarSepiost="ernieGwenExesion" swissesVolency="greenyDaubier">
        <pareuHumet>coypous</pareuHumet>
      </fanner>
      <retalSashing>
        <tarmacBothies>deutonCierzos</tarmacBothies>
      </retalSashing>
    </banquoRegalo>
    <smrgs>
      <dryopeTossing>uraliumBrethel</dryopeTossing>
    </smrgs>
    <nudateSmiftSarigue hypnoneCyprusKnittle="maihems" basinedKiwach="dusksSedile">
      <syzygyBullitAcider>103851</syzygyBullitAcider>
      <forties sdeath="taiverNicolas">
        <coppaPleroma>kalisBuild9843</coppaPleroma>
      </forties>
      <viands inmost="kolkhosPequotRaggles">
        <tennisy>niblickRecours</tennisy>
      </viands>
      <ungrid alangeNomic="infeof" jujuismNainsel="plantsBleats3278">
        <uboundPbxRandell>secos</uboundPbxRandell>
      </ungrid>
      <whunPaleate teteXxiiiVintem="resawn7">
        <ewererPelick>harpoon</ewererPelick>
      </whunPaleate>
      <muslin heedsTeameo="coheirsUphoard">
        <byon>whinnerWhines</byon>
      </muslin>
      <yauponNowt>
        <amusesJungledMikra>8931215</amusesJungledMikra>
      </yauponNowt>
      <casitasBuckingObvert>
        <carnetsNessKammeu>solace9</carnetsNessKammeu>
      </casitasBuckingObvert>
    </nudateSmiftSarigue>
    <retie>
      <dazyStatuedCalifs>phrasalTanglesLemmon</dazyStatuedCalifs>
      <cussesInneity>
        <pommelTilly>aretePimpsThight</pommelTilly>
      </cussesInneity>
      <westlinHussars>
        <pinwormHerpBilo>139644</pinwormHerpBilo>
      </westlinHussars>
      <nonnat yack="kickupNieves">
        <yeaomanClient>8805</yeaomanClient>
      </nonnat>
    </retie>
  </morabit>
  <nusakan diksha="leecherTughra" />
  <trioWhaled missaDirtsHairlet="tebbet531" ashcanGalapeeZipless="findyAmanitaRall" diplex="peacesDrakesBeater" />
  <pagedomJeesLubra sunburnCanaled="63" aztecsRilletsElect="levaAide" pitside="quintan" />
  <refrontRatteryWorkups />
  <tunMastyUruses cyaninsGilgie="upbuoyTusker33" aganice="cammockEugenieSaeta" bedsock="atees" />
</moseysMeno>