<?xml version="1.0"?>
<hankAlypine>
  <caviya olycookConges="toltecRankishOrc">
    <dizain espiesCaranxPlumous="luredZeekoe">
      <brinie>shearsPollent</brinie>
    </dizain>
    <hyppedHolySlayed>
      <unplug>rummesDiscaseCurer</unplug>
    </hyppedHolySlayed>
    <apraxicMountyGlyphic>
      <reformKnosp>relayedTapajo</reformKnosp>
      <acnodalBesaiel laquear="japingCalquedWalchia617" fiend="recookCopsesVoices">
        <mesePurlerRebukes>joyweedDogfallShavery</mesePurlerRebukes>
      </acnodalBesaiel>
      <pembina litoralEspece="wingerYaupsToaster">
        <limace>nuqueSunnudSagely</limace>
      </pembina>
    </apraxicMountyGlyphic>
    <pectus>
      <kakiBreirdNiggers>uncallPindy</kakiBreirdNiggers>
    </pectus>
    <crustyDoggie>
      <touringPrattAndia>purdonMiracle</touringPrattAndia>
      <codasAlumianLoed lobuliHubbub="ethRamusi">
        <quatClip>gilverDwarves</quatClip>
      </codasAlumianLoed>
      <glovers muscule="anacesPyramid">
        <miskalsUnhele>corahBilbyTaurini</miskalsUnhele>
      </glovers>
      <belter thousBuphaga="sylvicCuriet">
        <rickeysAffect>quib39</rickeysAffect>
      </belter>
    </crustyDoggie>
  </caviya>
  <poppleSnipeFatuism>
    <anaboly>
      <jathaForfarPredusk>review</jathaForfarPredusk>
      <wabenaRoverGlaives tigress="daemon">
        <calomboSilenceVanmost>ftnerrBonum</calomboSilenceVanmost>
      </wabenaRoverGlaives>
    </anaboly>
    <doeuvreUnalarm>
      <baharAzuline>expendsTheerUpbotch908</baharAzuline>
      <cimexSuid caysLifey="mandyas">
        <pummelsAcolhua>healthsGourd</pummelsAcolhua>
      </cimexSuid>
      <halalas>
        <peeking>crumletChalehs738</peeking>
      </halalas>
      <sosoish josiahMorsAcratia="billjimUnmazeWote">
        <daddiesComics>9566572</daddiesComics>
      </sosoish>
      <scarid shabblePatdLibkin="annalDarnelPinxit" prattPasseeAquilid="cangleAweel">
        <promptJazzedMongols>993</promptJazzedMongols>
      </scarid>
    </doeuvreUnalarm>
    <fiumaraPodura benjoin="opaledSkaffie64" coitusWmk="hebraic">
      <sexpotsArpanet>runnethCulgeeMani</sexpotsArpanet>
      <kalonAxeKiefs>
        <amandaSerosa>pennaLibers</amandaSerosa>
      </kalonAxeKiefs>
    </fiumaraPodura>
    <hagbutFolioleBemocks>
      <stickum>wawlChurly</stickum>
    </hagbutFolioleBemocks>
    <unroastUntrustDeskmen>
      <modiSpor>inkwoodMoliniaSchisms</modiSpor>
    </unroastUntrustDeskmen>
    <tabstopMengwe>
      <mortisMotacil>muriumUntawed</mortisMotacil>
      <camsPectins fondonStambhaHosen="86" uphove="purerThinkStadias">
        <you>whameVague</you>
      </camsPectins>
      <dewretBriteMarcato wilter="87215">
        <tastersPayongGarbell>688244720</tastersPayongGarbell>
      </dewretBriteMarcato>
      <tasked castrumKnellSkeins="cytoidThymusDaira">
        <drey>burnedTiercelOchavo</drey>
      </tasked>
      <croupal tookenSpiny="promove6">
        <kasbah>3647</kasbah>
      </croupal>
      <lwop>
        <grayly>67549942</grayly>
      </lwop>
      <ukes>
        <refusedNonact>pourerTailsLakings</refusedNonact>
      </ukes>
      <tipsify runny="flustraTicky74" illfare="swail">
        <amtmen>2</amtmen>
      </tipsify>
    </tabstopMengwe>
    <piglet>
      <espinalBlashy>nardineUnultra</espinalBlashy>
      <pulas chiniksBurelyPentads="enduredKiku" choricStanley="wipeoutCogonPapers">
        <exilerCalypsoChurly>9920640</exilerCalypsoChurly>
      </pulas>
      <pariItza paolo="koswite">
        <nealSpasmus>boroughHoning</nealSpasmus>
      </pariItza>
      <tonikanRepast>
        <sulfurCorvoid>829656</sulfurCorvoid>
      </tonikanRepast>
      <meccasBattakCheeker biprism="shohjiKritonTenses">
        <clotTipoffMandola>methoneWichPico</clotTipoffMandola>
      </meccasBattakCheeker>
    </piglet>
  </poppleSnipeFatuism>
  <changarGritterJazzes engramShriven="altarsGavel235" />
  <wealsJot nigglesCitrons="27193" seawaysDamnii="obi" etiolinCyanusRelic="9946">
    <boidaePhrynin>
      <hailedPomps>gaiusCuddles</hailedPomps>
      <alumian>
        <grandeItalicLunger>yataganToluid</grandeItalicLunger>
      </alumian>
      <voltizeTreeful>
        <markaBosky>scrievePhilomeDatary</markaBosky>
      </voltizeTreeful>
      <maconneKenning ruption="reechy">
        <waspishRedweed>974095</waspishRedweed>
      </maconneKenning>
      <frenneFunaria>
        <radientSorbentAliner>dacoityClitter</radientSorbentAliner>
      </frenneFunaria>
    </boidaePhrynin>
    <archilBedeman corriesSivvensTurment="milchTotum" aredTicer="618">
      <yamshikSarpler>tabuingOvoidsDerbend</yamshikSarpler>
    </archilBedeman>
  </wealsJot>
  <vowing hemin="winkingHopvineLocklet" scaeanWinks="5" floozy="patenteEral">
    <beatasZandeKeawe>
      <beelol>judging</beelol>
    </beatasZandeKeawe>
    <weenySnowlSlam trudyOrtyx="mizzlerSteppes" aliiKnubbly="panctiaSharped4757" mysel="thruputVavasor573">
      <bandaTegmineCoshing>compoAgnatesQuorum</bandaTegmineCoshing>
      <unkempt smirkleSeenUsage="4">
        <yanqui>cashersMuntjakBrowman</yanqui>
      </unkempt>
      <myxo quasky="773">
        <olivile>morduDoggleScanmag7980</olivile>
      </myxo>
    </weenySnowlSlam>
    <fdnamesOralistAcroa>
      <unciniMascots>ductorDingeyTunas</unciniMascots>
    </fdnamesOralistAcroa>
    <agurothAttrib phobyRaspedAbir="idcueFirkin" zabism="hunnish5084" shivahsRetanToned="devotaGizzard">
      <killasInbbredParty>retrack2</killasInbbredParty>
    </agurothAttrib>
    <manquSatrapBeinly numudCrayons="mozeBhutaniCochero" warilyFacie="dickerAcephal">
      <mutantsGeckosFreckle>mamushiGripperHealed</mutantsGeckosFreckle>
    </manquSatrapBeinly>
    <skivvyPlaided>
      <spinaFatuousSprenge>imviaCockpit</spinaFatuousSprenge>
      <teaboxBiblosRoomie>
        <reclaspCuruleCuminal>obeche</reclaspCuruleCuminal>
      </teaboxBiblosRoomie>
    </skivvyPlaided>
    <mavie>
      <ozonic>58447286</ozonic>
    </mavie>
  </vowing>
  <corolProlia lbf="8629492" tagtail="cuca" oldsGalapeeHugely="holmic" chickeeFlourClayey="scatomaStewpot">
    <alwaysTylocinTurtlet gorlin="arenoidJammerHavaiki" relishy="10" aurirAdadCloot="cocao">
      <coulombLidiaTinlet>bleezy</coulombLidiaTinlet>
    </alwaysTylocinTurtlet>
    <overcryGasparFardel>
      <jessedMoxo>miskeepCuya</jessedMoxo>
    </overcryGasparFardel>
  </corolProlia>
</hankAlypine>