<?xml version="1.0"?>
<meowingHieros>
  <nanigo tzardomHernialPipil="377743913" gigot="paulistWoomTaglet" roanSizingsRegraph="7" fellerArmsizeDuenas="osmerusEuros">
    <djukaMatalanOuthut>
      <incudesWhist>sofaneWesty897</incudesWhist>
      <vafrousOarlop rheotanOrraAricine="torporsLecyth">
        <growlConfixGyps>minions</growlConfixGyps>
      </vafrousOarlop>
      <lentilDrivelsKendo ferity="70821">
        <hurlpit>joreeJosip</hurlpit>
      </lentilDrivelsKendo>
      <sproilGila brashesReplanStroyed="smirkedJigsAuxetic">
        <hareBelched>degames717</hareBelched>
      </sproilGila>
      <dyedDecade>
        <emboxFiorinJanice>spittleSkopets1</emboxFiorinJanice>
      </dyedDecade>
    </djukaMatalanOuthut>
  </nanigo>
</meowingHieros>