<?xml version="1.0"?>
<texasesSmallsGley>
  <facebowGonagia biremeClangerEndives="droversVentoseShuvra">
    <atesTalcousHostle doggedMirdhaTumoral="1872">
      <suffari>titiGigot</suffari>
    </atesTalcousHostle>
    <topwise threatsPathwayWampums="iswaraSignum">
      <deicingMattery>charrBargain</deicingMattery>
      <wienieChaffedWolve tizeurAnanta="margie">
        <pavone>dubsUroodal</pavone>
      </wienieChaffedWolve>
      <bailli brio="gambesCooeyed" koombarEpees="wash">
        <troche>streit</troche>
      </bailli>
    </topwise>
    <avaramIwwort>
      <snellerAseetheSexifid>styliteBuncherFantods</snellerAseetheSexifid>
      <robaloMachogo reree="6310129">
        <treedRazeeDirham>enodate</treedRazeeDirham>
      </robaloMachogo>
      <tsunamiBesort>
        <devoterSkaffieGteau>acktonRelotDuller728</devoterSkaffieGteau>
      </tsunamiBesort>
      <matokeXyphoid>
        <bheesty>onding</bheesty>
      </matokeXyphoid>
      <isize guapena="239300130" torulin="imbuTrysail">
        <gazeboEllsComping>chumps</gazeboEllsComping>
      </isize>
      <argyria visibly="urgesBennGowd" cahuyYeelin="leafage">
        <chablis>traysBrothelBoyism</chablis>
      </argyria>
    </avaramIwwort>
    <susciteKogiaTinwork>
      <hermitSanton>reanvil3345</hermitSanton>
    </susciteKogiaTinwork>
    <nobbled>
      <accoastVouches>vomitsSlumgum</accoastVouches>
    </nobbled>
    <washmenBourd>
      <meconic>revivedEncarpa</meconic>
    </washmenBourd>
    <crinidWigged>
      <gustfulSuckage>befamePanamas</gustfulSuckage>
    </crinidWigged>
    <nastier>
      <scap>pebbly</scap>
    </nastier>
    <unglazePiproidBiotins pinyl="nephewAciurgyBejant">
      <loutish>mangueTartest</loutish>
    </unglazePiproidBiotins>
  </facebowGonagia>
  <prosaicSwarbie viscum="poultsFishierEclegma" />
  <concedeAbn />
  <huaveBearingEstrous washyGuaxima="1158649">
    <martesFudgingXinca dativesGoeduck="undrawLibelerMyrt">
      <unthridTipplesAnlace>triaminGorgetsLout45</unthridTipplesAnlace>
      <graipPlayers obrien="daimioAleft">
        <pulvilUnthornTagaur>85</pulvilUnthornTagaur>
      </graipPlayers>
    </martesFudgingXinca>
    <chokierAface>
      <yird>solders</yird>
    </chokierAface>
    <pinolin>
      <challie>mididaeWigher4175</challie>
    </pinolin>
    <brogans>
      <bede>sharryPipidae8</bede>
    </brogans>
    <judos>
      <doltsBondoc>cissy</doltsBondoc>
    </judos>
    <escape>
      <abloomDuctureJazzier>skootCheek</abloomDuctureJazzier>
    </escape>
  </huaveBearingEstrous>
</texasesSmallsGley>