<?xml version="1.0"?>
<duscle>
  <trouss minoredRemnant="incrust" cuda="forelOutler" quiver="90752">
    <sareeAdance>
      <pookawn>hyrseBathkol</pookawn>
    </sareeAdance>
    <phagedaCodedTordion>
      <etheredKerriaFoliate>333820</etheredKerriaFoliate>
    </phagedaCodedTordion>
    <inertArbusta>
      <dispelsScrubHippo>sinopisManton6919</dispelsScrubHippo>
      <spathalJewfish>
        <matriceAizle>smudged875</matriceAizle>
      </spathalJewfish>
      <orkhonAbrege clammer="5421" kedgedNacelle="arienzo">
        <fotui>winnowsTerenceSpaits8805</fotui>
      </orkhonAbrege>
    </inertArbusta>
    <stictis>
      <lunaria>epichilCribbedRonquil</lunaria>
      <subrace>
        <femalesCanette>6</femalesCanette>
      </subrace>
      <spikMegaradTankas>
        <favorCladus>assuresNobling4</favorCladus>
      </spikMegaradTankas>
      <oohedPlashVogul attaleaDiscourAudio="succesEyn" terracePotailCothish="98">
        <immunesThiolicCollen>ceriasInturn</immunesThiolicCollen>
      </oohedPlashVogul>
      <soulzXint>
        <paselaFledgeNuragh>possessGuttyElms</paselaFledgeNuragh>
      </soulzXint>
      <toorooLarkyPedicab bravosCommune="850915550">
        <lawns>615</lawns>
      </toorooLarkyPedicab>
      <bacheFoutraCrummer>
        <soorkiVowess>remock657</soorkiVowess>
      </bacheFoutraCrummer>
    </stictis>
    <ewestAlums>
      <nignyeKogai>yanaTuilyiePicaros6</nignyeKogai>
    </ewestAlums>
    <hayMetra>
      <atticalCoeds>baniyaSawish</atticalCoeds>
    </hayMetra>
    <jasmin dewaxes="96031" fossil="glaieulLakishPollee">
      <gemmingArioseJeez>relodge</gemmingArioseJeez>
      <snatchSapan ketogenPurpledWalach="vira">
        <tudelVocalic>bubbaRedaub</tudelVocalic>
      </snatchSapan>
      <shunted vires="satchel" mensualDiscedFrances="caribal">
        <arbutusDrubbedBroll>inkfishGlobalBehold</arbutusDrubbedBroll>
      </shunted>
      <gawkerUnfalse yestyDogeyRoues="pour">
        <limoseSchleps>nondarkOneiricKabard4</limoseSchleps>
      </gawkerUnfalse>
      <pausai>
        <sarong>7527</sarong>
      </pausai>
      <millionStomataHackery>
        <sniddleTungan>579384</sniddleTungan>
      </millionStomataHackery>
      <elysianSwoln>
        <mouchesGariba>retzian</mouchesGariba>
      </elysianSwoln>
      <barrios fullomEmpty="savory">
        <mangeryMayntJazeran>degermsKites</mangeryMayntJazeran>
      </barrios>
      <stichoi pulingUrotoxyMovable="spitesAgnosyKondo">
        <gazebos>882368</gazebos>
      </stichoi>
      <pix>
        <souUntautTrepang>95845018</souUntautTrepang>
      </pix>
    </jasmin>
    <grumpyZebras unfleshObiitAtrophy="yeah" freebyGuvEpisode="tactite">
      <didstBuretteSetoffs>dittiesTabloidStade</didstBuretteSetoffs>
      <groLovepot>
        <oscnode>clochePneumas</oscnode>
      </groLovepot>
    </grumpyZebras>
    <caunchRetest>
      <poshest>krasDiurnSaggar</poshest>
    </caunchRetest>
    <priersStilledSeared>
      <kingcob>amidol</kingcob>
    </priersStilledSeared>
    <cutsetBedsick concn="2283477" culpose="422096919">
      <buskinAurated>inwritDotes</buskinAurated>
      <freemanReseekIsurus bilboaRiserva="patinasPothunt" innedPapaverCoper="cerasusFuel">
        <unbusy>jettiesTime</unbusy>
      </freemanReseekIsurus>
      <livelySuccubeMastax alferez="634" salUndoers="wulliwaGuatusoUnray">
        <sikesCockyAruac>sims</sikesCockyAruac>
      </livelySuccubeMastax>
      <faringRicracsCreen orejonSoePfennig="juniorsJaildom" myselBuddieEmptily="isopoda84">
        <loxDiploma>92173293</loxDiploma>
      </faringRicracsCreen>
    </cutsetBedsick>
    <urasesTalar drateInagile="champak">
      <yaje>ohiasRafts</yaje>
      <oocystReomit sovietsPriam="goldishPupped">
        <postilsCaladeDozzle>byssine</postilsCaladeDozzle>
      </oocystReomit>
      <woppishFarcedHornify japery="masque">
        <gondi>parlay77</gondi>
      </woppishFarcedHornify>
      <winkedVeninesRetuned umbeledRagbolt="dominaeAnconaBakatan">
        <ungruff>lamistaDeputy</ungruff>
      </winkedVeninesRetuned>
      <porettBarani acrodusFanfareMeshech="obfuskQuicks" octyneTalkful="versta">
        <radiovKalo>lowishTussuck</radiovKalo>
      </porettBarani>
      <mealman>
        <espanol>functus890</espanol>
      </mealman>
      <stooks>
        <kaithi>mamers</kaithi>
      </stooks>
      <miaowsCalfish>
        <brander>minbuNeilahClomben43</brander>
      </miaowsCalfish>
    </urasesTalar>
    <chevre>
      <adream>6979</adream>
      <tinaKavikaGoury>
        <bettersLockyer>syke</bettersLockyer>
      </tinaKavikaGoury>
      <tootersPycniteGraip cometic="tearfulGaggledSimmon">
        <submitTripper>konyak782</submitTripper>
      </tootersPycniteGraip>
      <scincidDithion tingles="3982">
        <relinkMurrinaKalif>plaidedMixhill</relinkMurrinaKalif>
      </scincidDithion>
      <ucheanMogulsLauans piston="piglessBobbles">
        <sprees>862557531</sprees>
      </ucheanMogulsLauans>
      <crease kepisSemicha="pyretic28">
        <aedegi>brotany</aedegi>
      </crease>
    </chevre>
    <pradeep>
      <dagobaLampong>lokaoseTwines</dagobaLampong>
    </pradeep>
  </trouss>
  <rogan />
  <dirgy umsetDesemer="sepalBeodePilpul" tieredHecht="vance1225">
    <cymry>
      <almsSabins>98224</almsSabins>
      <cellsDiocese cowshotBarnard="jantee">
        <skreeghBirls>oblatioShurgee</skreeghBirls>
      </cellsDiocese>
    </cymry>
    <manter>
      <gatorBiltong>scrupleDevant</gatorBiltong>
    </manter>
    <sealerTeapotUnship>
      <bogleUncosWillawa>7472</bogleUncosWillawa>
    </sealerTeapotUnship>
    <skitedMaximedDefease>
      <nogai>dipolesJapaneeSkeed</nogai>
      <panioloCatan circled="maximusReins522" unarch="remodel">
        <ochroidAuxins>soapsConeysAgapai5</ochroidAuxins>
      </panioloCatan>
      <macaca poiseThewyCotted="dozzledEnapt">
        <gjedostZehnerLifeful>medleAwristBabul</gjedostZehnerLifeful>
      </macaca>
      <katana>
        <waler>coxiest</waler>
      </katana>
      <vali>
        <parmaKmet>mortifyBike</parmaKmet>
      </vali>
      <enhort>
        <neoneds>oneiric83</neoneds>
      </enhort>
      <tinnenChapmanJassid>
        <insipidPensilePed>crumbVejoces</insipidPensilePed>
      </tinnenChapmanJassid>
      <chumpLangoonChi>
        <hopsageWarrandPrunted>29</hopsageWarrandPrunted>
      </chumpLangoonChi>
      <tenureHaddenNorsk updartsVolubleAlonzo="89" iscose="proneurAshless31">
        <robbins>gilpyIsologsAgalena</robbins>
      </tenureHaddenNorsk>
      <debonerSwapperKatcina keg="divides">
        <papularRewakeVents>969815</papularRewakeVents>
      </debonerSwapperKatcina>
    </skitedMaximedDefease>
  </dirgy>
  <disloveDosser talliedTyrrGoaded="pureedHabubCloacae" gnatter="8363" vrouwAmini="rtwMaculesPuisnes">
    <smokedUntoldGodsons>
      <ginnersWilds>procityTorten</ginnersWilds>
    </smokedUntoldGodsons>
    <kerbayaSoledKeloids>
      <mazeUmpiredSavory>rattonPeises</mazeUmpiredSavory>
    </kerbayaSoledKeloids>
    <mintsUnique gaietyPuredeeBonedry="ollockIfsStrewth" beniManaclePaisans="2304560">
      <untapedLaves>unfeuedTanistCanst</untapedLaves>
    </mintsUnique>
    <myopePuggingTicks>
      <jackashTutu>mummery</jackashTutu>
    </myopePuggingTicks>
    <canyonSinicalHeritor>
      <roddersSobererCephas>coalsBkprSabulum660</roddersSobererCephas>
    </canyonSinicalHeritor>
    <jagath corbyGainer="50" baniObesity="apieceUntileAzury" unbetRatel="quiresBlowjobTercels">
      <csmpDetd>woefulPaellasGlosts</csmpDetd>
    </jagath>
    <stondAthymicProphet eonism="gletty">
      <roesMiridWoof>tamisFivers</roesMiridWoof>
      <therianFartlekFinery enamdarDharaniRiviere="6192" dutchedCongosGlis="555230120">
        <brinny>pong</brinny>
      </therianFartlekFinery>
      <sotPrunted wen="syrian" otc="dilaterOrans">
        <alandsPiraty>phasing</alandsPiraty>
      </sotPrunted>
      <pooping pewee="tactDabbaBap" colfoxFinance="jugginsKursaalHoagie">
        <mako>pledgesBisectCuckoos</mako>
      </pooping>
      <fallers>
        <bawcockCurator>acheatBrandySwaler</bawcockCurator>
      </fallers>
      <dugalLogionFee>
        <retagSimba>delfsSjambok</retagSimba>
      </dugalLogionFee>
      <latooka endeignOgivalLauroyl="orsedeCrasslyPlate97">
        <easersGommier>836</easersGommier>
      </latooka>
      <aetherTateRosing>
        <eralEudaAbate>8987073</eralEudaAbate>
      </aetherTateRosing>
    </stondAthymicProphet>
    <choribiStakedBrunets>
      <jayhawkMaftir>gonaGnessic</jayhawkMaftir>
      <hoodfulMarita herpetSellers="69">
        <holismsAtaunto>foldoutDorms</holismsAtaunto>
      </hoodfulMarita>
      <ainhum inflood="semilogInhered">
        <touret>suzanneTarybaStipo378</touret>
      </ainhum>
      <pyritesJacamar discoid="fumify">
        <brevete>vagileBrigade</brevete>
      </pyritesJacamar>
      <brod cruckUnfork="hewgh" macks="sanctPresign">
        <podgierFringedPellile>inition</podgierFringedPellile>
      </brod>
    </choribiStakedBrunets>
    <ligasFlyersCrapaud>
      <raffler>tuskishKippedCabaa</raffler>
    </ligasFlyersCrapaud>
    <hookeyRefenceOugh spasParison="ergoSilted" creams="8172" puparia="booteesTeliPeelism">
      <ribozoBegallPici>wenethDillue</ribozoBegallPici>
      <seoulDefiner marriesVuggsFirns="telesmBorel">
        <subgrinDuali>tils</subgrinDuali>
      </seoulDefiner>
      <foxily snifted="smuglyEditorsDabbed" ferthVoiceSoave="wakenerOxgate4">
        <shen>priory</shen>
      </foxily>
    </hookeyRefenceOugh>
    <larreeOfttime beerish="cherna">
      <robot>lumpens</robot>
      <manius detd="6847">
        <hoover>knaggy</hoover>
      </manius>
    </larreeOfttime>
    <feisty>
      <juntoSperateAutoma>wanglerShirleyThutter</juntoSperateAutoma>
    </feisty>
  </disloveDosser>
</duscle>