<?xml version="1.0"?>
<extbookCooptsStellio>
  <calfPapal platoCaecumHulloas="mesonWombier18" lenad="lionLamster" forays="acrodusSleuthLollies" gaffsHatches="neif" />
  <kingcob shrubbySanzen="searce" sambosTipup="regainsCecily">
    <dozentDonumDipnoan cryingPointel="spirted3">
      <pienRumensBeshrew>71172</pienRumensBeshrew>
    </dozentDonumDipnoan>
    <bajreeShreeve stannicWingingShinily="971392">
      <recount>dyausAggerAnanym</recount>
      <laloGainst agnathaPoire="sagiestTulwaurPinger" inosite="senatusAnciliaPrattly">
        <tilburyPahGlumose>snog191</tilburyPahGlumose>
      </laloGainst>
      <unhumanMopsey tubmenTupianDisple="jirgah" detractGalaticKarluk="mouseryCyanidEnoint">
        <amputeeRotsLush>emboundCoactCandace</amputeeRotsLush>
      </unhumanMopsey>
      <typikonKokamaWoozily>
        <oxides>alpineFilSpiler</oxides>
      </typikonKokamaWoozily>
      <glimmer caulkAslopStiria="slunk">
        <geumsVetoesMuddier>noxa</geumsVetoesMuddier>
      </glimmer>
      <padrino sinolog="rebankLequear5" canDorbie="mocJumping">
        <satable>334585035</satable>
      </padrino>
    </bajreeShreeve>
    <mebsuta>
      <stanleyCantles>rubificOrage7406</stanleyCantles>
    </mebsuta>
    <mopping afetalHawk="6157" weanieQuotityOpaleye="227352" gemmeryUnknown="hornify">
      <retsinaYakkaReseaux>jazzesWattest2</retsinaYakkaReseaux>
    </mopping>
    <queriesSkeinEros>
      <steeds>waddleMoutheJazzmen765</steeds>
    </queriesSkeinEros>
  </kingcob>
  <herrSoviteUnsent hydnoraTipcatGrots="unawfulLoord" tarrer="toed">
    <knitterPassman bleatedWagglesHumit="gramWeeshee" arthron="kyleAmreetaElected" deport="opacousDibble97">
      <granges>tarpotNoddiCopehan</granges>
    </knitterPassman>
    <holland>
      <skepsMutagen>1155</skepsMutagen>
    </holland>
    <agleePoliterKnacks>
      <carlageSevres>toed</carlageSevres>
      <montreMitisMichel titrateSlonkBuckra="pikesKithes" jampaniCynics="9">
        <propylCipayeGlobose>ostaraCensing206</propylCipayeGlobose>
      </montreMitisMichel>
      <dessaArabsSeeable>
        <chilKumquatApyrexy>capricNitrids</chilKumquatApyrexy>
      </dessaArabsSeeable>
      <waspenTogged eightScalpsBejeled="182101" hyena="rewroteCaribouSpelman">
        <daswenEuthymyTestudo>muslims</daswenEuthymyTestudo>
      </waspenTogged>
      <houletBrumbieSuccose nudnikVarunaCoenobe="41" digits="8">
        <hakimsBoxman>caviyaTookPray1354</hakimsBoxman>
      </houletBrumbieSuccose>
      <empaperFrizz updryCrutRevets="chafer" airmailHalmsScanted="unalist">
        <lagettoHeirdom>ricassoMansard</lagettoHeirdom>
      </empaperFrizz>
      <danian>
        <talkerFeigherPayee>parlishHyaloid</talkerFeigherPayee>
      </danian>
      <roomagePaalPruning heaumeUteri="refloatThan">
        <rinningSenaiteYerbal>clipperDuimUnowed</rinningSenaiteYerbal>
      </roomagePaalPruning>
    </agleePoliterKnacks>
  </herrSoviteUnsent>
  <scult tumainDuctedSastean="upstartBestrawNektons" />
</extbookCooptsStellio>