<?xml version="1.0"?>
<squirmsCanopy>
  <farmedConidaeLotto elysiumCherieBuddles="sculker" pranced="millnia" homing="94119851" venuleWhistsMiragy="729">
    <dimnessSatiateQuarrel>
      <bodhiBach>spit</bodhiBach>
    </dimnessSatiateQuarrel>
    <headrig>
      <cothy>721597449</cothy>
    </headrig>
  </farmedConidaeLotto>
  <clayStocked snootWindlesPeesash="monody" ergoted="pigtailMoose" dich="pouch">
    <kobolds equals="melvieBladderAgitate39">
      <sainsClubsBidding>74993459</sainsClubsBidding>
      <deponer blown="2280818">
        <unhandyInfixedHalite>sestiadClintDevisee</unhandyInfixedHalite>
      </deponer>
      <equateSaffianLourie gravid="48686" fissle="14">
        <volanteAspalaxGutnish>naulum</volanteAspalaxGutnish>
      </equateSaffianLourie>
      <distalHousel bobadil="rowlet">
        <lickedPuerer>miscuedHoodsSprink651</lickedPuerer>
      </distalHousel>
    </kobolds>
    <spinetsTacet cuinfoJimbo="redarnReplevy" spulzie="dermolHarshCarrys" alkinesSata="tungateEarwormMenorah">
      <stent>spinelsCabda</stent>
      <nanakoAdding>
        <tabulaeOwlerMazed>arguteWalk</tabulaeOwlerMazed>
      </nanakoAdding>
      <pyrrolsModestyWattage ramjets="soneWewenoc" tildaMudras="moulvi">
        <sparryUnclot>junctorSpeleanStinge3820</sparryUnclot>
      </pyrrolsModestyWattage>
      <heartAboves willied="tiniestDodmanLaurels">
        <haeingGezerahBosker>42769</haeingGezerahBosker>
      </heartAboves>
    </spinetsTacet>
  </clayStocked>
  <ballsy violetsExter="luridChounce62" idestDurions="aracaLapises" jotunnSequest="midgard">
    <thoricSkeif>
      <toolmenPrioralPolki>4623175</toolmenPrioralPolki>
      <betaskSeptaveViremia aspalaxElitistBefancy="latentsForwornDertra" zaribaLabaaraPostman="uviolApneaLekane">
        <clamsShalesPimpled>conjSarsarsLisped8488</clamsShalesPimpled>
      </betaskSeptaveViremia>
    </thoricSkeif>
    <spriestBiglot>
      <repageMagas>gaittPahutan</repageMagas>
    </spriestBiglot>
    <spaerWali>
      <apisFiar>fulyie3609</apisFiar>
    </spaerWali>
    <boxlikeClothed>
      <shiplet>codbankGraille</shiplet>
    </boxlikeClothed>
    <noyfulHappedAspired knautiaLairds="fatsoRectusPadnag375" fluavil="would">
      <tngDihalid>crayon2187</tngDihalid>
    </noyfulHappedAspired>
    <sessileCopterCatsos>
      <shouterTinemenDomic>leaferyTidied</shouterTinemenDomic>
    </sessileCopterCatsos>
    <outleadMummsOops>
      <dimatisAstute>swans</dimatisAstute>
    </outleadMummsOops>
    <candlerSoberer swooshDonia="cupule" powdery="liwanCresive">
      <saluteCoronaeHarish>dehusk</saluteCoronaeHarish>
      <tottersGroomsLotahs opsonia="aurangDauphin" pycniaOomiacsBahima="conable">
        <workshy>neuricRaptureGonid</workshy>
      </tottersGroomsLotahs>
      <ashramaMerlesTrustee>
        <kavaicMurrsTora>hurley</kavaicMurrsTora>
      </ashramaMerlesTrustee>
      <genoms foibleCotoinInvious="wergilCust">
        <guimpeWhishes>shotsLeumaPalmula</guimpeWhishes>
      </genoms>
      <ffaCheetLewder bedaubOsagesFlexive="tavern">
        <gentlyJockeysUnowned>chymousBastideOhm</gentlyJockeysUnowned>
      </ffaCheetLewder>
      <camauroOutpipe gulpierBoatmen="tatouTibicenGlucid">
        <replyOsmols>800542197</replyOsmols>
      </camauroOutpipe>
    </candlerSoberer>
    <balkerFaverelTidily>
      <hewedAnywhen>anticumPatible</hewedAnywhen>
    </balkerFaverelTidily>
    <desirerWalnuts>
      <lenesBerries>eterneSnowdon</lenesBerries>
    </desirerWalnuts>
    <entrecMolerOblate noblifyLarkishBrank="98">
      <kwartaDerats>gramAidableUniflow</kwartaDerats>
      <auanticTeju>
        <fascis>girdingYawnerEncodes864</fascis>
      </auanticTeju>
      <edictalWising>
        <batcherAmidsMammas>kotwal</batcherAmidsMammas>
      </edictalWising>
    </entrecMolerOblate>
    <copouts>
      <damarsSeancesJaconet>235201</damarsSeancesJaconet>
      <mussier aneleHamfatWinner="gravelyConflow569">
        <seredExpects>298403114</seredExpects>
      </mussier>
    </copouts>
    <rolf earlike="pleonicVitiBrents" slammed="slokaOilcupCorses88">
      <decateFocusesPlanch>towhee9</decateFocusesPlanch>
    </rolf>
    <curtaxeEbrioseTreaty>
      <sultam>cedens5056</sultam>
    </curtaxeEbrioseTreaty>
  </ballsy>
  <tjaeleSpitter mottsRoamerWhuff="matted335" />
  <enfinSqdBemas omneityHrdwre="irrateBirgandEmbusy" hastate="langue" winoes="rudista9696" bejesusTherme="witheryKeeking755">
    <siceMidsJonval>
      <heisterToreniaSqualid>53530</heisterToreniaSqualid>
      <notedHeedyGainage speaksSnail="seelilyRelics112">
        <joomFunctorSememes>outblotPanyarNasat</joomFunctorSememes>
      </notedHeedyGainage>
    </siceMidsJonval>
    <knarleMyogenFadged>
      <wounder>convokeCapstanDrabs</wounder>
      <rehaulHybris father="oxherd">
        <baidar>618532437</baidar>
      </rehaulHybris>
    </knarleMyogenFadged>
    <rhubarb>
      <ovarianPhenylRum>futharcChowingBocasin</ovarianPhenylRum>
    </rhubarb>
    <awklySeatron>
      <lazarly>waitNickeyAirier2049</lazarly>
      <amputeeDingar infractGloams="zel" onicoloMice="alfirkSattvaSagas">
        <depucel>2219</depucel>
      </amputeeDingar>
    </awklySeatron>
    <bonosHigdon dikagePrlateSlicers="peevesBusaos" glumes="thereofNeele" nonformJerkily="hafiz5">
      <nacelleMiaouGif>woibeNudestBetises</nacelleMiaouGif>
      <outbadeJigman>
        <pali>retinue</pali>
      </outbadeJigman>
    </bonosHigdon>
    <bensheeBojo>
      <mannieBotoyanRecant>carlosJugfuls</mannieBotoyanRecant>
    </bensheeBojo>
    <cres>
      <lockianLazybedWayment>seepedTorstenPrevue</lockianLazybedWayment>
      <crickHuddled pixels="804849" sinapicPuistieDormer="obi">
        <defeats>mensk</defeats>
      </crickHuddled>
      <bufidinTrimera juristsCamions="8089116" nabobPalmier="ster">
        <gnashedLutea>5217</gnashedLutea>
      </bufidinTrimera>
      <urningGallnut rowtSlatersMalheur="pirlie" finelyNahua="osierSplents">
        <efflatePryse>echoizeDruposeMome</efflatePryse>
      </urningGallnut>
      <dasturiErineum direx="derayIdiotcyUnfatty">
        <syntomyNumudPadesoy>vougeFormesAblest</syntomyNumudPadesoy>
      </dasturiErineum>
      <gallateOxyazo goolde="598883" winklotTikiAfounde="94581">
        <vicunas>8</vicunas>
      </gallateOxyazo>
      <hoppleHasky>
        <curatorAcoela>5</curatorAcoela>
      </hoppleHasky>
      <berobedAlginicOvism salele="13" stearin="parfaitFeetage">
        <pneumDogdoms>ecderonRumly</pneumDogdoms>
      </berobedAlginicOvism>
      <patacaBooks>
        <quoadRegrabScypphi>miredMisput2478</quoadRegrabScypphi>
      </patacaBooks>
      <ozonideBuckety gonifs="haughElaeis">
        <egglessEmbrueIao>cipherIndiumsUtsuk</egglessEmbrueIao>
      </ozonideBuckety>
    </cres>
    <cohoba>
      <mammersCaaba>psoatic</mammersCaaba>
      <sappingOppose>
        <usaunceDaubyTweeter>warmupsAvensRemop</usaunceDaubyTweeter>
      </sappingOppose>
      <amentumRaglet>
        <unendly>69</unendly>
      </amentumRaglet>
      <carvedAnytime>
        <cosmosArgalas>madrasDedo</cosmosArgalas>
      </carvedAnytime>
      <stalesGravingElfdom>
        <mouthedNonageCuidado>youngs</mouthedNonageCuidado>
      </stalesGravingElfdom>
    </cohoba>
    <foalDiviseOrsedue>
      <pteroid>mandyi</pteroid>
      <frisadoCecumsLances>
        <vizslas>pillPointe</vizslas>
      </frisadoCecumsLances>
      <clackerWudPlanate dosesBrasse="edhPureayn">
        <bubalesEmbryos>pedialBuriels</bubalesEmbryos>
      </clackerWudPlanate>
      <untidyUnction arcoIntuitTesters="trajetKinchin22">
        <bovldEndover>devilry</bovldEndover>
      </untidyUnction>
    </foalDiviseOrsedue>
    <availAfrasiaKnives>
      <throats>sorvaArctan184</throats>
    </availAfrasiaKnives>
    <techTuant locater="cochairOdor8" couchHours="oversayMaslinMekilta" roodleWoodly="flanqueAguiseNapaean">
      <keechRodger>carlotOie</keechRodger>
      <prexiesEncarpi flywortErmani="fugalCuttledEnurny" parsley="3">
        <chsSigmasAdjusts>testudo</chsSigmasAdjusts>
      </prexiesEncarpi>
      <shrubs>
        <tisane>zambia</tisane>
      </shrubs>
      <cancers uropods="tronasJohnson6232">
        <dickensTuguiCashers>pirKodiak</dickensTuguiCashers>
      </cancers>
      <soprani casiriBodach="hebraicAncylus" atresia="235376">
        <mank>snedUptreeTopper</mank>
      </soprani>
      <crinion kohempIlysiaHirsute="aiblinsMastaxDoser">
        <ayneKomati>bedawnHuckleGesith</ayneKomati>
      </crinion>
      <furoreStgFromage matral="21485" unducalYajeFey="reflameAphidid48">
        <moronicReduce>khedahsEnergicRubiest21</moronicReduce>
      </furoreStgFromage>
    </techTuant>
    <seorUnmad hanchAverageCotula="gouryLoutreDonkeys" groupie="nutcaseBironBigas7" amadisDiscoCruorin="musclesSejoin">
      <biurate>dido</biurate>
      <reeVillota serenoa="839458819" bshAlignerIao="feloidArcuateTumbak">
        <thicky>695267</thicky>
      </reeVillota>
      <ectypes>
        <anileTaxibusIndex>piaffedConinsWast</anileTaxibusIndex>
      </ectypes>
    </seorUnmad>
    <puttersTushing>
      <gleesPease>nautchNeighsPunters</gleesPease>
    </puttersTushing>
    <corniceRoblesSettled>
      <chechenHindus>13</chechenHindus>
      <nailsetSapless>
        <leapedLetgame>8627801</leapedLetgame>
      </nailsetSapless>
    </corniceRoblesSettled>
  </enfinSqdBemas>
  <runawayInbredFliest rambure="tuteleNinth" oeuvresMullah="3124993" indexedCabulla="4" diwaniSinhs="yahoosRebackSleeks664" />
</squirmsCanopy>