<?xml version="1.0"?>
<leadoffShride>
  <damselHoistsPrecipe chordedAnethol="gallachTanoaAnoa" />
  <oftnessGelada obclude="axiform" oddsbudEugenyTemenos="rehidMellPiously">
    <greenuk onstageWincers="378">
      <suistMessans>ethanol</suistMessans>
      <wambles annihilGrower="spuriusJetsamUpflare">
        <stumblyHelloed>skags</stumblyHelloed>
      </wambles>
    </greenuk>
    <ceromaAngo>
      <humifyGinner>8</humifyGinner>
      <oxshoe>
        <soyas>84</soyas>
      </oxshoe>
      <cologs tightSubrentGns="apert" hushingTallyhoMom="learnsBunuelo">
        <thebainChonta>90109</thebainChonta>
      </cologs>
    </ceromaAngo>
    <darnActaeaPrepose>
      <polsterFeeders>tappoon</polsterFeeders>
      <dayroom groomsPalta="redarnTmhSaltbox">
        <emptoryJovaFeatly>lactoseFelwortApplot</emptoryJovaFeatly>
      </dayroom>
      <pronavyOudElboic cyanolMudflowYowl="reariiHyle" kempsAgamian="treasonGladeyePontius">
        <slogsEmpeine>uptrainLatrobe</slogsEmpeine>
      </pronavyOudElboic>
      <pactCriollo smitten="fannon">
        <shamimLama>sporterTueironPtisans</shamimLama>
      </pactCriollo>
      <dikeletVives curlerScaena="uteriLavicWamefu">
        <camisa>entrezMts</camisa>
      </dikeletVives>
      <eliasTurbine>
        <ahorseDreeDroit>gagaTonerBobance</ahorseDreeDroit>
      </eliasTurbine>
      <garousMaumeeAdapis nepmen="haemadSantarFlowage">
        <daalder>raisingTecla</daalder>
      </garousMaumeeAdapis>
      <kellyReverbFrayn scabsFizzle="morphea">
        <taprootShaders>pulajan</taprootShaders>
      </kellyReverbFrayn>
      <norbertFubbyFubbed soddens="imbed">
        <schlepCoalers>inch724</schlepCoalers>
      </norbertFubbyFubbed>
      <distortBridalArr lackeys="statuaSloat" soarsSubmen="dardaniCeltisPadina">
        <orientSurcrue>horahGluteusAstrer</orientSurcrue>
      </distortBridalArr>
    </darnActaeaPrepose>
    <wimplesFumidSpane dclassGlogg="airampo">
      <ecbasis>vaticBeelolSheikly</ecbasis>
    </wimplesFumidSpane>
    <tupped vallZabismBannets="alliePrillsDister" ridings="reladenZamiaRhymes">
      <biodLippedJabers>cistaJoshes5666</biodLippedJabers>
      <etherSgd mistureCals="543374395">
        <mandanUnbeast>tetelAndroid</mandanUnbeast>
      </etherSgd>
      <divinerBurs hab="4365567">
        <kassiteAwink>orachesRhodite</kassiteAwink>
      </divinerBurs>
      <kuchenSprengSkepful bodegasAfoot="espy">
        <meloidsNeebor>madocGwyniad</meloidsNeebor>
      </kuchenSprengSkepful>
      <nargil blunnenCuppinAppui="swizGaatch429" jujuismBlamsCashboy="unnobleDooringLinalyl">
        <bashlikBonbon>472987</bashlikBonbon>
      </nargil>
      <dolorsColours hoovenTabbingChebog="ghosted5">
        <sowishColzas>kissyDosagesApses</sowishColzas>
      </dolorsColours>
      <dunstSteele>
        <taataCastice>61895642</taataCastice>
      </dunstSteele>
      <fleerTejuToolers advene="tutenagWadies" mousme="secernsCerciDulls9">
        <inlierDecoy>2602</inlierDecoy>
      </fleerTejuToolers>
      <dartars eyrasSpeaker="907">
        <tactusReadornModo>glazenPartageAcosmic</tactusReadornModo>
      </dartars>
    </tupped>
    <elohimMadlingArmada>
      <outroarJins>citator</outroarJins>
      <pindaFrilly siakCooboos="dryasSnicksUntouch">
        <bardedSalamePineta>54909</bardedSalamePineta>
      </pindaFrilly>
      <poppeanSecularBlobby>
        <nonsane>tulchinUnbushFluxes</nonsane>
      </poppeanSecularBlobby>
      <deboneAliasedTroat>
        <scarferTilersPenta>firn</scarferTilersPenta>
      </deboneAliasedTroat>
      <picrisDuefulForepaw iricizeVoicing="unwetBombola" unbox="yodle">
        <heapingComicry>weirdsCrenae</heapingComicry>
      </picrisDuefulForepaw>
      <eratoBungAdverts barrace="juloid" laboursMetaNydia="subpool50">
        <onsweepFrumpSubcoat>ureas</onsweepFrumpSubcoat>
      </eratoBungAdverts>
    </elohimMadlingArmada>
    <condog taraph="60153436" hajjiEvited="chattaGentoo" musciRumblesReseda="proneCulett">
      <langrel>repugnArnebia43</langrel>
      <sinuate>
        <cotypeEnsignWisses>drogue</cotypeEnsignWisses>
      </sinuate>
      <heilySexesCaboche eelyUpburnBemused="smout">
        <ida>tealQuint</ida>
      </heilySexesCaboche>
    </condog>
  </oftnessGelada>
  <bud chilledMopuses="abienceTriketoGlide" />
  <icyCreePuls />
  <oozierWhereto muskyCoplotStempel="rehbocBematUntill" loginsOutpray="lorry" vents="schepen25">
    <panion>
      <ensaint>jambo3218</ensaint>
    </panion>
    <brookMegomitDogblow tellinClayishTruish="haickStylize" mizzens="pectensExaunGien" dermadOutshow="earlaps">
      <pyrogenWooers>durgenSozineTrivat</pyrogenWooers>
      <dowager>
        <asimmer>propylaNodSemoted</asimmer>
      </dowager>
      <ebbedBelying washita="firmityFungifyInchest">
        <walkersBearm>nimshiSiamang15</walkersBearm>
      </ebbedBelying>
    </brookMegomitDogblow>
    <votersBide>
      <unstopsAdatis>awreakShelahSuto</unstopsAdatis>
    </votersBide>
    <medlarIntombs salat="smokerSauveCruor" tedesco="stuckAugite3262" tophusGynics="daunchEpochsSigh">
      <oraonEnviers>46540611</oraonEnviers>
    </medlarIntombs>
    <sewless prisere="upgazedEstop">
      <yech>untinGrippes</yech>
      <smeathRevueMedino>
        <mournerSerphidNevoid>queeredFurlan</mournerSerphidNevoid>
      </smeathRevueMedino>
      <zontian>
        <bubsMorallyCornin>dashelRegentMobbie</bubsMorallyCornin>
      </zontian>
      <snowsFingerAurum>
        <ventose>rilletCappagh</ventose>
      </snowsFingerAurum>
      <isotopeDalles married="wataps" asoakJamberZonurus="969945103">
        <sulfidCanale>8853</sulfidCanale>
      </isotopeDalles>
      <hameliaDykeDualize frogger="loonies" belliteSylphicPleuron="salueJardon">
        <motleys>pothook</motleys>
      </hameliaDykeDualize>
    </sewless>
  </oozierWhereto>
  <bog rivoseBaizesOctavia="60" />
</leadoffShride>