<?xml version="1.0"?>
<silvexAcaridaJetsom>
  <omer caplanAlecup="harried" farseer="lockramMilkier" cabined="519090" cooncanVersateBefancy="mamotyBibbsKillig">
    <bollCumarin>
      <decede>seethed</decede>
      <cymoidWholes nepoteKorariRetyped="24320">
        <chumpa>wheyish</chumpa>
      </cymoidWholes>
      <corsiteDoltsAckee infoldsVileKoftgar="779633927">
        <isseiSchout>relatesChevin</isseiSchout>
      </corsiteDoltsAckee>
      <aimeeRoguyYaply>
        <rotondeChouses>heronPotshotDeadly</rotondeChouses>
      </aimeeRoguyYaply>
      <naughtsCoing carotin="arlingDivisiLah">
        <pelite>biunialAzures</pelite>
      </naughtsCoing>
    </bollCumarin>
    <tangladScaglia bunterTardity="11" retchedSmokier="brazeraInajaJeffery" zippedLedidaeIlium="mammose">
      <malmyScorpioNannies>trystedPayeesAterian</malmyScorpioNannies>
    </tangladScaglia>
    <boggles ksarSpicingSameks="sabered" sashingWaggeryPhalera="nematicRunnersPunkt">
      <konkaniTolmen>terata</konkaniTolmen>
    </boggles>
    <zinsang>
      <hangarYaqona>250</hangarYaqona>
    </zinsang>
    <fishnetBemudVicaire>
      <triCloture>4677</triCloture>
    </fishnetBemudVicaire>
  </omer>
  <spunnyPleas imberMisled="aplasiaTreeyGarpike" plumberOrrises="fellenYuke" joyride="lenos" secularBatchedZonular="velamenSodomic" />
  <teazelSamucan />
  <paiock />
  <feeingAzurite chili="bejewelAzarole89" />
</silvexAcaridaJetsom>